date,temp_avg,temp_max,temp_min,humidity,rainfall,wind_speed,sunshine_hours,ground_temp,pm10,pm25,o3,no2,co,so2,temp_range,temp_change,humidity_change,humidity_std3,rainfall_7d,rh_over_60,temp_over_20,rh60_days_7,rh60_days_28,rh75,rh95,rh75_days_7,rh75_days_28,rh95_days_7,rh95_days_28,rh75_consecutive_days,rh95_consecutive_days,wood_mold_condition,wood_mold_days_7,wood_mold_days_28,rh70_metal,rh70_days_7,rh70_days_28,rh70_consecutive_days,metal_so2_humidity,pm_total,pm_load_3d,pm_load_7d,so2_ma7,no2_ma7,o3_ma7,month,season,year,display_season
2019-02-01,-0.3,5.1,-5.2,44.3,0.0,4.0,8.5,0.3,34.0,14.0,0.032,0.01,0.5,0.004,10.3,0.0,0.0,0.0,0.0,0,0,0.0,0.0,0,0,0.0,0.0,0.0,0.0,0,0,0,0.0,0.0,0,0.0,0.0,0,0.0,48.0,48.0,48.0,0.004,0.01,0.032,2,겨울,2019,4. 겨울 (12~2월)
2019-02-02,2.5,9.1,-2.5,51.8,0.0,2.0,8.7,2.2,52.0,30.0,0.027,0.023,0.6,0.004,11.6,2.8,7.5,5.303300858899107,0.0,0,0,0.0,0.0,0,0,0.0,0.0,0.0,0.0,0,0,0,0.0,0.0,0,0.0,0.0,0,0.0,82.0,130.0,130.0,0.004,0.0165,0.0295,2,겨울,2019,4. 겨울 (12~2월)
2019-02-03,5.3,8.6,1.3,87.5,4.5,1.5,0.0,4.5,43.0,37.0,0.015,0.022,0.8,0.003,7.3,2.8,35.7,23.083110708914433,4.5,1,0,1.0,1.0,1,0,1.0,1.0,0.0,0.0,1,0,0,0.0,0.0,1,1.0,1.0,1,0.003,80.0,210.0,210.0,0.0036666666666666666,0.018333333333333333,0.024666666666666667,2,겨울,2019,4. 겨울 (12~2월)
2019-02-04,3.4,8.8,-2.7,32.9,0.0,3.5,8.6,2.9,82.0,29.0,0.034,0.012,0.6,0.003,11.5,1.9,54.6,27.727423248473702,4.5,0,0,1.0,1.0,0,0,1.0,1.0,0.0,0.0,0,0,0,0.0,0.0,0,1.0,1.0,0,0.0,111.0,273.0,321.0,0.0035,0.01675,0.027,2,겨울,2019,4. 겨울 (12~2월)
2019-02-05,1.6,12.1,-7.0,46.6,0.0,0.7,8.6,2.4,84.0,29.0,0.018,0.025,0.7,0.004,19.1,1.7999999999999998,13.700000000000003,28.40674802460382,4.5,0,0,1.0,1.0,0,0,1.0,1.0,0.0,0.0,0,0,0,0.0,0.0,0,1.0,1.0,0,0.0,113.0,304.0,434.0,0.0036000000000000003,0.0184,0.0252,2,겨울,2019,4. 겨울 (12~2월)
2019-02-06,4.9,14.8,-4.0,44.9,0.0,0.8,8.1,4.2,74.0,33.0,0.019,0.026,0.8,0.004,18.8,3.3000000000000003,1.7000000000000028,7.46748507419551,4.5,0,0,1.0,1.0,0,0,1.0,1.0,0.0,0.0,0,0,0,0.0,0.0,0,1.0,1.0,0,0.0,107.0,331.0,541.0,0.0036666666666666666,0.019666666666666666,0.024166666666666666,2,겨울,2019,4. 겨울 (12~2월)
2019-02-07,3.0,8.9,-2.2,43.6,0.0,2.7,5.0,2.8,62.0,35.0,0.024,0.02,0.8,0.004,11.100000000000001,1.9000000000000004,1.2999999999999972,1.5044378795193962,4.5,0,0,1.0,1.0,0,0,1.0,1.0,0.0,0.0,0,0,0,0.0,0.0,0,1.0,1.0,0,0.0,97.0,317.0,638.0,0.0037142857142857147,0.019714285714285715,0.02414285714285714,2,겨울,2019,4. 겨울 (12~2월)
2019-02-08,-0.5,6.1,-4.6,33.8,0.0,1.7,7.5,2.4,27.0,14.0,0.028,0.02,0.6,0.003,10.7,3.5,9.800000000000004,6.068223243531234,4.5,0,0,1.0,1.0,0,0,1.0,1.0,0.0,0.0,0,0,0,0.0,0.0,0,1.0,1.0,0,0.0,41.0,245.0,631.0,0.0035714285714285718,0.02114285714285714,0.023571428571428573,2,겨울,2019,4. 겨울 (12~2월)
2019-02-09,0.0,4.0,-2.4,23.3,0.0,3.1,8.6,2.2,32.0,14.0,0.03,0.016,0.6,0.003,6.4,0.5,10.499999999999996,10.152011294976607,4.5,0,0,1.0,1.0,0,0,1.0,1.0,0.0,0.0,0,0,0,0.0,0.0,0,1.0,1.0,0,0.0,46.0,184.0,595.0,0.003428571428571429,0.020142857142857146,0.024,2,겨울,2019,4. 겨울 (12~2월)
2019-02-10,0.9,5.8,-4.7,34.1,0.0,1.4,2.8,2.3,33.0,18.0,0.028,0.017,0.7,0.004,10.5,0.9,10.8,6.1506097258726475,0.0,0,0,0.0,1.0,0,0,0.0,1.0,0.0,0.0,0,0,0,0.0,0.0,0,0.0,1.0,0,0.0,51.0,138.0,566.0,0.0035714285714285718,0.01942857142857143,0.025857142857142856,2,겨울,2019,4. 겨울 (12~2월)
2019-02-11,0.6,5.6,-3.3,27.8,0.0,3.4,9.9,2.7,31.0,15.0,0.034,0.015,0.6,0.004,8.899999999999999,0.30000000000000004,6.300000000000001,5.424942396007463,0.0,0,0,0.0,1.0,0,0,0.0,1.0,0.0,0.0,0,0,0,0.0,0.0,0,0.0,1.0,0,0.0,46.0,143.0,501.0,0.0037142857142857142,0.019857142857142858,0.02585714285714286,2,겨울,2019,4. 겨울 (12~2월)
2019-02-12,1.0,7.3,-6.2,37.3,0.0,1.5,8.3,2.3,51.0,34.0,0.031,0.024,0.8,0.005,13.5,0.4,9.499999999999996,4.833563212924038,0.0,0,0,0.0,1.0,0,0,0.0,1.0,0.0,0.0,0,0,0,0.0,0.0,0,0.0,1.0,0,0.0,85.0,182.0,473.0,0.003857142857142857,0.019714285714285715,0.027714285714285716,2,겨울,2019,4. 겨울 (12~2월)
2019-02-13,2.2,7.4,-3.0,29.9,0.0,2.5,9.3,3.3,69.0,49.0,0.035,0.019,0.8,0.004,10.4,1.2000000000000002,7.399999999999999,4.990323970779106,0.0,0,0,0.0,1.0,0,0,0.0,1.0,0.0,0.0,0,0,0,0.0,0.0,0,0.0,1.0,0,0.0,118.0,249.0,484.0,0.003857142857142857,0.018714285714285715,0.030000000000000002,2,겨울,2019,4. 겨울 (12~2월)
2019-02-14,1.6,6.2,-1.6,52.3,0.0,1.3,1.2,2.7,40.0,26.0,0.03,0.018,0.6,0.004,7.800000000000001,0.6000000000000001,22.4,11.412858245563756,0.0,0,0,0.0,1.0,0,0,0.0,1.0,0.0,0.0,0,0,0,0.0,0.0,0,0.0,1.0,0,0.0,66.0,269.0,453.0,0.003857142857142857,0.01842857142857143,0.030857142857142857,2,겨울,2019,4. 겨울 (12~2월)
2019-02-15,3.8,10.8,-1.3,55.1,0.0,2.1,4.4,4.7,47.0,33.0,0.025,0.02,0.7,0.004,12.100000000000001,2.1999999999999997,2.8000000000000043,13.81207201448547,0.0,0,0,0.0,1.0,0,0,0.0,1.0,0.0,0.0,0,0,0,0.0,0.0,0,0.0,1.0,0,0.0,80.0,264.0,492.0,0.004,0.01842857142857143,0.030428571428571426,2,겨울,2019,4. 겨울 (12~2월)
2019-02-16,1.1,5.0,-1.8,46.4,0.0,3.5,7.6,3.5,51.0,38.0,0.041,0.01,0.8,0.004,6.8,2.6999999999999997,8.700000000000003,4.441095960833618,0.0,0,0,0.0,1.0,0,0,0.0,1.0,0.0,0.0,0,0,0,0.0,0.0,0,0.0,1.0,0,0.0,89.0,235.0,535.0,0.0041428571428571434,0.01757142857142857,0.032,2,겨울,2019,4. 겨울 (12~2월)
2019-02-17,1.5,8.2,-4.2,33.3,0.0,3.4,10.3,2.9,40.0,31.0,0.043,0.01,0.6,0.004,12.399999999999999,0.3999999999999999,13.100000000000001,10.9737565734498,0.0,0,0,0.0,1.0,0,0,0.0,1.0,0.0,0.0,0,0,0,0.0,0.0,0,0.0,1.0,0,0.0,71.0,240.0,555.0,0.0041428571428571434,0.01657142857142857,0.03414285714285714,2,겨울,2019,4. 겨울 (12~2월)
2019-02-18,4.4,10.4,-3.8,27.0,0.0,1.2,4.9,3.8,38.0,24.0,0.02,0.031,0.6,0.006,14.2,2.9000000000000004,6.299999999999997,9.896632423876952,0.0,0,0,0.0,1.0,0,0,0.0,1.0,0.0,0.0,0,0,0,0.0,0.0,0,0.0,1.0,0,0.0,62.0,222.0,571.0,0.004428571428571428,0.018857142857142857,0.03214285714285715,2,겨울,2019,4. 겨울 (12~2월)
2019-02-19,3.6,5.7,2.0,86.0,20.5,1.7,0.0,3.8,30.0,25.0,0.014,0.026,0.7,0.003,3.7,0.8000000000000003,59.0,32.39850819610886,20.5,1,0,1.0,2.0,1,0,1.0,2.0,0.0,0.0,1,0,0,0.0,0.0,1,1.0,2.0,1,0.003,55.0,188.0,541.0,0.004142857142857143,0.019142857142857145,0.029714285714285714,2,겨울,2019,4. 겨울 (12~2월)
2019-02-20,3.5,8.2,-0.8,58.9,0.0,3.0,6.8,4.2,50.0,42.0,0.037,0.014,0.6,0.003,9.0,0.10000000000000009,27.1,29.532524443399677,20.5,0,0,1.0,2.0,0,0,1.0,2.0,0.0,0.0,0,0,0,0.0,0.0,0,1.0,2.0,0,0.0,92.0,209.0,515.0,0.004,0.01842857142857143,0.03,2,겨울,2019,4. 겨울 (12~2월)
2019-02-21,2.7,11.1,-4.3,66.6,0.0,0.8,8.3,4.3,78.0,62.0,0.022,0.027,0.9,0.004,15.399999999999999,0.7999999999999998,7.699999999999996,13.96459809661558,20.5,1,0,2.0,3.0,0,0,1.0,2.0,0.0,0.0,0,0,0,0.0,0.0,0,1.0,2.0,0,0.0,140.0,287.0,589.0,0.004,0.019714285714285715,0.028857142857142856,2,겨울,2019,4. 겨울 (12~2월)
2019-02-22,4.2,13.3,-2.3,62.8,0.0,0.7,5.8,4.2,67.0,53.0,0.022,0.027,0.9,0.004,15.600000000000001,1.5,3.799999999999997,3.8501082235870294,20.5,1,0,3.0,4.0,0,0,1.0,2.0,0.0,0.0,0,0,0,0.0,0.0,0,1.0,2.0,0,0.0,120.0,352.0,629.0,0.004,0.020714285714285713,0.02842857142857143,2,겨울,2019,4. 겨울 (12~2월)
2019-02-23,3.8,12.7,-2.6,67.9,0.0,1.3,7.8,3.6,56.0,37.0,0.023,0.023,0.7,0.004,15.299999999999999,0.40000000000000036,5.1000000000000085,2.650157228039994,20.5,1,0,4.0,5.0,0,0,1.0,2.0,0.0,0.0,0,0,0,0.0,0.0,0,1.0,2.0,0,0.0,93.0,353.0,633.0,0.004,0.02257142857142857,0.025857142857142856,2,겨울,2019,4. 겨울 (12~2월)
2019-02-24,5.3,15.9,-3.9,56.4,0.0,1.4,10.3,5.9,42.0,30.0,0.031,0.019,0.6,0.004,19.8,1.5,11.500000000000007,5.762233363317777,20.5,0,0,4.0,5.0,0,0,1.0,2.0,0.0,0.0,0,0,0,0.0,0.0,0,1.0,2.0,0,0.0,72.0,285.0,634.0,0.004,0.023857142857142858,0.024142857142857143,2,겨울,2019,4. 겨울 (12~2월)
2019-02-25,8.5,16.3,1.4,49.5,0.0,1.8,9.3,8.5,63.0,44.0,0.05,0.02,0.7,0.005,14.9,3.2,6.899999999999999,9.295339333952919,20.5,0,0,4.0,5.0,0,0,1.0,2.0,0.0,0.0,0,0,0,0.0,0.0,0,1.0,2.0,0,0.0,107.0,272.0,679.0,0.0038571428571428576,0.022285714285714287,0.028428571428571425,2,겨울,2019,4. 겨울 (12~2월)
2019-02-26,6.3,15.0,-1.6,59.5,0.0,1.1,9.9,8.4,62.0,39.0,0.031,0.023,0.7,0.004,16.6,2.2,10.0,5.118919156749016,0.0,0,0,3.0,5.0,0,0,0.0,2.0,0.0,0.0,0,0,0,0.0,0.0,0,0.0,2.0,0,0.0,101.0,280.0,725.0,0.003999999999999999,0.021857142857142856,0.030857142857142857,2,겨울,2019,4. 겨울 (12~2월)
2019-02-27,8.8,15.2,4.1,60.5,0.0,1.0,3.6,9.8,53.0,32.0,0.035,0.021,0.6,0.003,11.1,2.500000000000001,1.0,6.082762530298121,0.0,1,0,4.0,6.0,0,0,0.0,2.0,0.0,0.0,0,0,0,0.0,0.0,0,0.0,2.0,0,0.0,85.0,293.0,718.0,0.004,0.022857142857142857,0.030571428571428572,2,겨울,2019,4. 겨울 (12~2월)
2019-02-28,8.6,15.5,1.9,65.9,0.3,1.3,7.6,10.8,64.0,46.0,0.038,0.02,0.6,0.004,13.6,0.20000000000000107,5.400000000000006,3.44286702231329,0.3,1,0,4.0,7.0,0,0,0.0,2.0,0.0,0.0,0,0,0,0.0,0.0,0,0.0,2.0,0,0.0,110.0,296.0,688.0,0.004,0.021857142857142856,0.032857142857142856,2,겨울,2019,4. 겨울 (12~2월)
2019-03-01,6.1,15.8,-2.6,57.3,0.0,1.1,10.0,8.7,94.0,65.0,0.037,0.022,0.8,0.004,18.400000000000002,2.5,8.600000000000009,4.346646216720699,0.3,0,0,3.0,7.0,0,0,0.0,2.0,0.0,0.0,0,0,0,0.0,0.0,0,0.0,2.0,0,0.0,159.0,354.0,727.0,0.004,0.02114285714285714,0.035,3,봄,2019,1. 봄 (3~5월)
2019-03-02,6.7,15.2,-2.5,60.9,0.0,1.2,7.8,8.4,91.0,63.0,0.04,0.022,0.8,0.004,17.7,0.6000000000000005,3.6000000000000014,4.318950489798693,0.3,1,0,3.0,8.0,0,0,0.0,2.0,0.0,0.0,0,0,0,0.0,0.0,0,0.0,2.0,0,0.0,154.0,423.0,788.0,0.004,0.020999999999999998,0.03742857142857143,3,봄,2019,1. 봄 (3~5월)
2019-03-03,8.9,15.5,1.7,55.1,0.0,1.2,5.8,9.6,46.0,28.0,0.037,0.018,0.7,0.005,13.8,2.2,5.799999999999997,2.928025500799504,0.3,0,0,3.0,7.0,0,0,0.0,1.0,0.0,0.0,0,0,0,0.0,0.0,0,0.0,1.0,0,0.0,74.0,387.0,790.0,0.004142857142857143,0.02085714285714286,0.03828571428571429,3,봄,2019,1. 봄 (3~5월)
2019-03-04,9.3,17.6,2.8,54.8,0.0,1.2,8.3,12.4,33.0,17.0,0.039,0.019,0.5,0.003,14.8,0.40000000000000036,0.30000000000000426,3.4385074281339207,0.3,0,0,3.0,7.0,0,0,0.0,1.0,0.0,0.0,0,0,0,0.0,0.0,0,0.0,1.0,0,0.0,50.0,278.0,733.0,0.0038571428571428576,0.020714285714285713,0.03671428571428571,3,봄,2019,1. 봄 (3~5월)
2019-03-05,8.3,16.9,-1.3,54.0,0.0,1.0,5.5,8.8,92.0,62.0,0.032,0.031,0.8,0.005,18.2,1.0,0.7999999999999972,0.568624070306594,0.3,0,0,3.0,7.0,0,0,0.0,1.0,0.0,0.0,0,0,0,0.0,0.0,0,0.0,1.0,0,0.0,154.0,278.0,786.0,0.003999999999999999,0.021857142857142856,0.03685714285714286,3,봄,2019,1. 봄 (3~5월)
2019-03-06,10.4,15.7,6.7,49.8,0.0,0.9,4.1,11.7,115.0,86.0,0.04,0.028,0.8,0.004,9.0,2.0999999999999996,4.200000000000003,2.6857649437975715,0.3,0,0,2.0,7.0,0,0,0.0,1.0,0.0,0.0,0,0,0,0.0,0.0,0,0.0,1.0,0,0.0,201.0,405.0,902.0,0.004142857142857143,0.022857142857142857,0.037571428571428575,3,봄,2019,1. 봄 (3~5월)
2019-03-07,7.7,14.3,2.4,56.5,0.0,1.7,5.2,10.6,73.0,53.0,0.047,0.016,0.6,0.003,11.9,2.7,6.700000000000003,3.385754470325929,0.0,0,0,1.0,7.0,0,0,0.0,1.0,0.0,0.0,0,0,0,0.0,0.0,0,0.0,1.0,0,0.0,126.0,481.0,918.0,0.004,0.02228571428571428,0.03885714285714286,3,봄,2019,1. 봄 (3~5월)
2019-03-08,6.4,16.9,-2.0,53.5,0.0,1.0,10.4,9.8,51.0,34.0,0.024,0.026,0.7,0.004,18.9,1.2999999999999998,3.0,3.356088993654966,0.0,0,0,1.0,7.0,0,0,0.0,1.0,0.0,0.0,0,0,0,0.0,0.0,0,0.0,1.0,0,0.0,85.0,412.0,844.0,0.004,0.022857142857142857,0.037,3,봄,2019,1. 봄 (3~5월)
2019-03-09,8.5,18.0,-2.4,42.3,0.0,1.2,10.0,10.5,50.0,34.0,0.027,0.028,0.7,0.004,20.4,2.0999999999999996,11.200000000000003,7.484205591332451,0.0,0,0,0.0,7.0,0,0,0.0,1.0,0.0,0.0,0,0,0,0.0,0.0,0,0.0,1.0,0,0.0,84.0,295.0,774.0,0.004,0.023714285714285716,0.03514285714285715,3,봄,2019,1. 봄 (3~5월)
2019-03-10,8.0,10.2,6.0,72.4,6.0,1.3,0.0,8.3,35.0,25.0,0.035,0.016,0.6,0.004,4.199999999999999,0.5,30.10000000000001,15.2132617585228,6.0,1,0,1.0,8.0,0,0,0.0,1.0,0.0,0.0,0,0,0,0.0,0.0,1,1.0,2.0,1,0.004,60.0,229.0,760.0,0.003857142857142857,0.02342857142857143,0.03485714285714286,3,봄,2019,1. 봄 (3~5월)
2019-03-11,7.8,15.3,-0.6,65.5,0.0,1.6,5.5,7.8,33.0,22.0,0.034,0.017,0.6,0.003,15.9,0.20000000000000018,6.900000000000006,15.768428372330971,6.0,1,0,2.0,9.0,0,0,0.0,1.0,0.0,0.0,0,0,0,0.0,0.0,0,1.0,2.0,0,0.0,55.0,199.0,765.0,0.003857142857142857,0.023142857142857142,0.03414285714285714,3,봄,2019,1. 봄 (3~5월)
2019-03-12,8.2,15.6,1.3,53.4,1.0,3.8,7.5,9.7,45.0,27.0,0.05,0.01,0.6,0.003,14.299999999999999,0.39999999999999947,12.100000000000001,9.617865321022771,7.0,0,0,2.0,9.0,0,0,0.0,1.0,0.0,0.0,0,0,0,0.0,0.0,0,1.0,2.0,0,0.0,72.0,187.0,683.0,0.0035714285714285713,0.02014285714285714,0.03671428571428571,3,봄,2019,1. 봄 (3~5월)
2019-03-13,4.6,10.4,0.1,30.8,0.0,4.2,9.8,5.6,37.0,8.0,0.041,0.009,0.5,0.004,10.3,3.5999999999999996,22.599999999999998,17.612779451296113,7.0,0,0,2.0,9.0,0,0,0.0,1.0,0.0,0.0,0,0,0,0.0,0.0,0,1.0,2.0,0,0.0,45.0,172.0,527.0,0.0035714285714285713,0.01742857142857143,0.03685714285714286,3,봄,2019,1. 봄 (3~5월)
2019-03-14,5.0,13.6,-3.4,33.6,0.0,1.5,10.3,8.0,35.0,12.0,0.031,0.021,0.6,0.004,17.0,0.40000000000000036,2.8000000000000007,12.319632029136736,7.0,0,0,2.0,9.0,0,0,0.0,1.0,0.0,0.0,0,0,0,0.0,0.0,0,1.0,2.0,0,0.0,47.0,164.0,448.0,0.0037142857142857142,0.018142857142857145,0.03457142857142857,3,봄,2019,1. 봄 (3~5월)
2019-03-15,5.7,13.8,-0.7,57.0,0.2,2.0,5.4,7.8,39.0,22.0,0.033,0.019,0.6,0.004,14.5,0.7000000000000002,23.4,14.386567809360638,7.2,0,0,2.0,9.0,0,0,0.0,1.0,0.0,0.0,0,0,0,0.0,0.0,0,1.0,2.0,0,0.0,61.0,153.0,424.0,0.0037142857142857142,0.017142857142857144,0.03585714285714286,3,봄,2019,1. 봄 (3~5월)
2019-03-16,6.6,13.7,1.7,50.1,0.0,2.1,8.6,9.2,31.0,19.0,0.042,0.012,0.5,0.003,12.0,0.8999999999999995,6.899999999999999,12.023726543796585,7.2,0,0,2.0,9.0,0,0,0.0,1.0,0.0,0.0,0,0,0,0.0,0.0,0,1.0,2.0,0,0.0,50.0,158.0,390.0,0.0035714285714285718,0.014857142857142857,0.038,3,봄,2019,1. 봄 (3~5월)
2019-03-17,7.6,14.8,1.4,42.4,0.0,2.6,11.0,11.0,37.0,18.0,0.044,0.012,0.5,0.004,13.4,1.0,7.700000000000003,7.303652054508893,1.2,0,0,1.0,9.0,0,0,0.0,1.0,0.0,0.0,0,0,0,0.0,0.0,0,0.0,2.0,0,0.0,55.0,166.0,385.0,0.0035714285714285718,0.014285714285714285,0.03928571428571429,3,봄,2019,1. 봄 (3~5월)
2019-03-18,8.3,17.1,-2.6,48.6,0.0,1.5,7.9,10.3,44.0,24.0,0.029,0.023,0.6,0.005,19.700000000000003,0.7000000000000011,6.200000000000003,4.082074635933532,1.2,0,0,0.0,9.0,0,0,0.0,1.0,0.0,0.0,0,0,0,0.0,0.0,0,0.0,2.0,0,0.0,68.0,173.0,398.0,0.003857142857142857,0.015142857142857142,0.038571428571428576,3,봄,2019,1. 봄 (3~5월)
2019-03-19,12.4,21.6,0.6,40.6,0.0,1.7,10.6,13.4,61.0,34.0,0.042,0.024,0.7,0.005,21.0,4.1,8.0,4.196824196143053,0.2,0,0,0.0,8.0,0,0,0.0,0.0,0.0,0.0,0,0,0,0.0,0.0,0,0.0,1.0,0,0.0,95.0,218.0,421.0,0.0041428571428571434,0.017142857142857144,0.03742857142857143,3,봄,2019,1. 봄 (3~5월)
2019-03-20,11.8,19.4,3.6,59.9,5.5,1.3,0.0,10.8,84.0,51.0,0.037,0.029,0.7,0.005,15.799999999999999,0.5999999999999996,19.299999999999997,9.696906723280291,5.7,0,0,0.0,8.0,0,0,0.0,0.0,0.0,0.0,0,0,0,0.0,0.0,0,0.0,1.0,0,0.0,135.0,298.0,511.0,0.004285714285714286,0.02,0.03685714285714286,3,봄,2019,1. 봄 (3~5월)
2019-03-21,13.6,17.9,6.4,59.4,0.5,4.0,8.1,14.0,21.0,13.0,0.048,0.01,0.6,0.003,11.499999999999998,1.799999999999999,0.5,11.001363551851131,6.2,0,0,0.0,7.0,0,0,0.0,0.0,0.0,0.0,0,0,0,0.0,0.0,0,0.0,1.0,0,0.0,34.0,264.0,498.0,0.0041428571428571434,0.01842857142857143,0.03928571428571429,3,봄,2019,1. 봄 (3~5월)
2019-03-22,7.5,14.0,3.3,38.5,0.0,2.6,9.3,11.3,45.0,31.0,0.044,0.011,0.5,0.003,10.7,6.1,20.9,12.213517101965287,6.0,0,0,0.0,6.0,0,0,0.0,0.0,0.0,0.0,0,0,0,0.0,0.0,0,0.0,1.0,0,0.0,76.0,245.0,513.0,0.004,0.017285714285714286,0.040857142857142856,3,봄,2019,1. 봄 (3~5월)
2019-03-23,5.9,13.8,2.0,45.0,0.5,2.9,7.9,10.5,30.0,13.0,0.044,0.009,0.5,0.004,11.8,1.5999999999999996,6.5,10.695949389059944,6.5,0,0,0.0,5.0,0,0,0.0,0.0,0.0,0.0,0,0,0,0.0,0.0,0,0.0,1.0,0,0.0,43.0,153.0,506.0,0.0041428571428571434,0.016857142857142855,0.04114285714285715,3,봄,2019,1. 봄 (3~5월)
2019-03-24,6.5,13.9,-3.1,35.1,0.0,2.4,11.1,10.6,29.0,12.0,0.045,0.009,0.5,0.004,17.0,0.5999999999999996,9.899999999999999,5.0302418762253955,6.5,0,0,0.0,5.0,0,0,0.0,0.0,0.0,0.0,0,0,0,0.0,0.0,0,0.0,1.0,0,0.0,41.0,160.0,492.0,0.0041428571428571434,0.016428571428571428,0.04128571428571428,3,봄,2019,1. 봄 (3~5월)
2019-03-25,9.2,16.4,0.7,37.1,0.0,2.1,9.3,10.7,61.0,35.0,0.049,0.019,0.6,0.005,15.7,2.6999999999999993,2.0,5.234819321937631,6.5,0,0,0.0,5.0,0,0,0.0,0.0,0.0,0.0,0,0,0,0.0,0.0,0,0.0,1.0,0,0.0,96.0,180.0,520.0,0.0041428571428571434,0.015857142857142854,0.04414285714285714,3,봄,2019,1. 봄 (3~5월)
2019-03-26,11.0,20.9,2.9,40.8,0.0,2.5,10.5,12.7,71.0,45.0,0.043,0.022,0.6,0.004,18.0,1.8000000000000007,3.6999999999999957,2.8919428302322148,6.5,0,0,0.0,5.0,0,0,0.0,0.0,0.0,0.0,0,0,0,0.0,0.0,0,0.0,1.0,0,0.0,116.0,253.0,541.0,0.004,0.015571428571428571,0.04428571428571428,3,봄,2019,1. 봄 (3~5월)
2019-03-27,13.2,23.7,0.2,36.6,0.0,2.2,10.1,13.6,58.0,27.0,0.047,0.022,0.6,0.005,23.5,2.1999999999999993,4.199999999999996,2.294195574342244,1.0,0,0,0.0,4.0,0,0,0.0,0.0,0.0,0.0,0,0,0,0.0,0.0,0,0.0,1.0,0,0.0,85.0,297.0,491.0,0.004,0.014571428571428569,0.045714285714285714,3,봄,2019,1. 봄 (3~5월)
2019-03-28,10.3,14.6,6.0,65.9,0.0,2.3,5.3,13.3,43.0,20.0,0.045,0.013,0.5,0.004,8.6,2.8999999999999986,29.300000000000004,15.84371589411184,0.5,1,0,1.0,4.0,0,0,0.0,0.0,0.0,0.0,0,0,0,0.0,0.0,0,0.0,1.0,0,0.0,63.0,264.0,520.0,0.0041428571428571434,0.015,0.045285714285714276,3,봄,2019,1. 봄 (3~5월)
2019-03-29,11.6,19.5,4.4,58.3,0.0,1.5,7.0,14.4,49.0,25.0,0.041,0.015,0.5,0.004,15.1,1.299999999999999,7.6000000000000085,15.204933409916633,0.5,0,0,1.0,4.0,0,0,0.0,0.0,0.0,0.0,0,0,0,0.0,0.0,0,0.0,1.0,0,0.0,74.0,222.0,518.0,0.004285714285714286,0.015571428571428571,0.04485714285714286,3,봄,2019,1. 봄 (3~5월)
2019-03-30,9.2,14.2,5.0,57.6,6.5,3.4,6.6,11.1,38.0,22.0,0.052,0.008,0.4,0.003,9.2,2.4000000000000004,0.6999999999999957,4.60325971459349,6.5,0,0,1.0,3.0,0,0,0.0,0.0,0.0,0.0,0,0,0,0.0,0.0,0,0.0,1.0,0,0.0,60.0,197.0,535.0,0.0041428571428571434,0.015428571428571429,0.046,3,봄,2019,1. 봄 (3~5월)
2019-03-31,7.0,12.2,3.6,38.3,0.0,3.6,8.8,11.2,38.0,20.0,0.05,0.007,0.4,0.003,8.6,2.1999999999999993,19.300000000000004,11.350330391666972,6.5,0,0,1.0,3.0,0,0,0.0,0.0,0.0,0.0,0,0,0,0.0,0.0,0,0.0,1.0,0,0.0,58.0,192.0,552.0,0.004,0.015142857142857142,0.046714285714285715,3,봄,2019,1. 봄 (3~5월)
2019-04-01,6.0,12.4,1.3,34.6,0.0,3.3,10.9,9.6,31.0,16.0,0.044,0.012,0.4,0.004,11.1,1.0,3.6999999999999957,12.350303639991955,6.5,0,0,1.0,3.0,0,0,0.0,0.0,0.0,0.0,0,0,0,0.0,0.0,0,0.0,1.0,0,0.0,47.0,165.0,503.0,0.003857142857142857,0.014142857142857141,0.04599999999999999,4,봄,2019,1. 봄 (3~5월)
2019-04-02,7.1,15.2,-2.9,39.0,0.0,2.1,11.2,12.0,33.0,17.0,0.039,0.019,0.5,0.004,18.099999999999998,1.0999999999999996,4.399999999999999,2.364318083506999,6.5,0,0,1.0,3.0,0,0,0.0,0.0,0.0,0.0,0,0,0,0.0,0.0,0,0.0,1.0,0,0.0,50.0,155.0,437.0,0.003857142857142857,0.013714285714285715,0.04542857142857143,4,봄,2019,1. 봄 (3~5월)
2019-04-03,8.5,16.5,-2.3,32.3,0.0,2.1,11.7,13.0,36.0,18.0,0.044,0.018,0.5,0.004,18.8,1.4000000000000004,6.700000000000003,3.404408906109565,6.5,0,0,1.0,3.0,0,0,0.0,0.0,0.0,0.0,0,0,0,0.0,0.0,0,0.0,1.0,0,0.0,54.0,151.0,406.0,0.0037142857142857142,0.013142857142857142,0.045,4,봄,2019,1. 봄 (3~5월)
2019-04-04,12.9,21.6,5.0,18.5,0.0,3.5,11.6,15.1,41.0,20.0,0.064,0.011,0.4,0.005,16.6,4.4,13.799999999999997,10.452910280554944,6.5,0,0,0.0,3.0,0,0,0.0,0.0,0.0,0.0,0,0,0,0.0,0.0,0,0.0,1.0,0,0.0,61.0,165.0,404.0,0.003857142857142857,0.012857142857142857,0.047714285714285716,4,봄,2019,1. 봄 (3~5월)
2019-04-05,14.5,22.8,4.5,25.0,0.0,2.9,10.9,15.5,76.0,27.0,0.058,0.015,0.5,0.004,18.3,1.5999999999999996,6.5,6.903863652573898,6.5,0,0,0.0,3.0,0,0,0.0,0.0,0.0,0.0,0,0,0,0.0,0.0,0,0.0,1.0,0,0.0,103.0,218.0,433.0,0.003857142857142857,0.012857142857142857,0.05014285714285714,4,봄,2019,1. 봄 (3~5월)
2019-04-06,15.0,23.9,7.7,26.0,0.0,1.7,11.3,16.9,72.0,16.0,0.047,0.018,0.6,0.005,16.2,0.5,1.0,4.072263907623245,0.0,0,0,0.0,3.0,0,0,0.0,0.0,0.0,0.0,0,0,0,0.0,0.0,0,0.0,1.0,0,0.0,88.0,252.0,461.0,0.0041428571428571434,0.014285714285714287,0.049428571428571426,4,봄,2019,1. 봄 (3~5월)
2019-04-07,12.1,17.8,7.6,56.9,0.0,1.7,1.1,14.0,61.0,19.0,0.043,0.015,0.6,0.005,10.200000000000001,2.9000000000000004,30.9,18.135692248528354,0.0,0,0,0.0,2.0,0,0,0.0,0.0,0.0,0.0,0,0,0,0.0,0.0,0,0.0,0.0,0,0.0,80.0,271.0,483.0,0.004428571428571428,0.015428571428571427,0.04842857142857143,4,봄,2019,1. 봄 (3~5월)
2019-04-08,11.3,22.1,1.8,47.4,0.0,2.3,11.3,15.7,51.0,14.0,0.037,0.013,0.4,0.003,20.3,0.7999999999999989,9.5,15.827297094997986,0.0,0,0,0.0,1.0,0,0,0.0,0.0,0.0,0.0,0,0,0,0.0,0.0,0,0.0,0.0,0,0.0,65.0,233.0,501.0,0.004285714285714286,0.015571428571428571,0.04742857142857143,4,봄,2019,1. 봄 (3~5월)
2019-04-09,8.2,16.6,1.6,59.3,15.0,2.8,4.9,10.9,23.0,9.0,0.04,0.012,0.3,0.002,15.000000000000002,3.1000000000000014,11.899999999999999,6.293117934166814,15.0,0,0,0.0,1.0,0,0,0.0,0.0,0.0,0.0,0,0,0,0.0,0.0,0,0.0,0.0,0,0.0,32.0,177.0,483.0,0.004,0.01457142857142857,0.04757142857142856,4,봄,2019,1. 봄 (3~5월)
2019-04-10,8.3,11.1,4.8,74.1,9.5,2.0,0.0,9.3,8.0,4.0,0.04,0.01,0.2,0.002,6.3,0.10000000000000142,14.799999999999997,13.37622268554662,24.5,1,0,1.0,2.0,0,0,0.0,0.0,0.0,0.0,0,0,0,0.0,0.0,1,1.0,1.0,1,0.002,12.0,109.0,441.0,0.0037142857142857147,0.013428571428571427,0.047,4,봄,2019,1. 봄 (3~5월)
2019-04-11,10.2,15.3,5.4,61.9,0.0,1.4,6.1,12.8,13.0,6.0,0.032,0.012,0.3,0.002,9.9,1.8999999999999986,12.199999999999996,7.901898506055289,24.5,1,0,2.0,3.0,0,0,0.0,0.0,0.0,0.0,0,0,0,0.0,0.0,0,1.0,1.0,0,0.0,19.0,63.0,399.0,0.0032857142857142855,0.013571428571428571,0.04242857142857143,4,봄,2019,1. 봄 (3~5월)
2019-04-12,11.4,19.9,4.4,51.0,0.0,1.4,9.9,14.0,27.0,13.0,0.036,0.016,0.4,0.003,15.499999999999998,1.200000000000001,10.899999999999999,11.556095072875273,24.5,0,0,2.0,3.0,0,0,0.0,0.0,0.0,0.0,0,0,0,0.0,0.0,0,1.0,1.0,0,0.0,40.0,71.0,336.0,0.0031428571428571426,0.013714285714285715,0.03928571428571429,4,봄,2019,1. 봄 (3~5월)
2019-04-13,12.1,20.2,2.2,46.5,0.0,1.5,10.7,14.9,40.0,26.0,0.041,0.017,0.4,0.003,18.0,0.6999999999999993,4.5,7.918543637142646,24.5,0,0,2.0,3.0,0,0,0.0,0.0,0.0,0.0,0,0,0,0.0,0.0,0,1.0,1.0,0,0.0,66.0,125.0,314.0,0.002857142857142857,0.013571428571428571,0.03842857142857143,4,봄,2019,1. 봄 (3~5월)
2019-04-14,11.5,17.2,6.1,45.3,0.0,2.4,3.1,11.3,37.0,20.0,0.046,0.012,0.3,0.002,11.1,0.5999999999999996,1.2000000000000028,3.0049958402631742,24.5,0,0,2.0,3.0,0,0,0.0,0.0,0.0,0.0,0,0,0,0.0,0.0,0,1.0,1.0,0,0.0,57.0,163.0,291.0,0.002428571428571429,0.013142857142857142,0.03885714285714286,4,봄,2019,1. 봄 (3~5월)
2019-04-15,13.4,22.7,1.1,30.5,0.0,2.2,11.9,15.7,54.0,15.0,0.049,0.013,0.3,0.003,21.599999999999998,1.9000000000000004,14.799999999999997,8.91141589947032,24.5,0,0,2.0,3.0,0,0,0.0,0.0,0.0,0.0,0,0,0,0.0,0.0,0,1.0,1.0,0,0.0,69.0,192.0,295.0,0.002428571428571429,0.013142857142857142,0.04057142857142858,4,봄,2019,1. 봄 (3~5월)
2019-04-16,16.2,25.6,3.7,30.1,0.0,1.4,10.1,17.5,56.0,18.0,0.039,0.022,0.3,0.003,21.900000000000002,2.799999999999999,0.3999999999999986,8.662563131083036,9.5,0,0,2.0,3.0,0,0,0.0,0.0,0.0,0.0,0,0,0,0.0,0.0,0,1.0,1.0,0,0.0,74.0,200.0,337.0,0.0025714285714285713,0.014571428571428572,0.040428571428571425,4,봄,2019,1. 봄 (3~5월)
2019-04-17,16.7,25.4,8.6,37.4,0.0,1.3,7.5,18.4,51.0,19.0,0.042,0.019,0.3,0.005,16.799999999999997,0.5,7.299999999999997,4.1040630274561485,0.0,0,0,1.0,3.0,0,0,0.0,0.0,0.0,0.0,0,0,0,0.0,0.0,0,0.0,1.0,0,0.0,70.0,213.0,395.0,0.003,0.015857142857142858,0.04071428571428572,4,봄,2019,1. 봄 (3~5월)
2019-04-18,18.0,27.4,6.8,45.9,0.0,1.9,10.4,19.3,47.0,22.0,0.046,0.017,0.3,0.003,20.599999999999998,1.3000000000000007,8.5,7.9075912893876295,0.0,0,0,0.0,3.0,0,0,0.0,0.0,0.0,0.0,0,0,0,0.0,0.0,0,0.0,1.0,0,0.0,69.0,213.0,445.0,0.0031428571428571426,0.016571428571428574,0.04271428571428571,4,봄,2019,1. 봄 (3~5월)
2019-04-19,11.9,16.9,10.3,55.8,0.0,2.7,0.0,13.5,43.0,14.0,0.044,0.01,0.3,0.002,6.599999999999998,6.1,9.899999999999999,9.208872533232956,0.0,0,0,0.0,3.0,0,0,0.0,0.0,0.0,0.0,0,0,0,0.0,0.0,0,0.0,1.0,0,0.0,57.0,196.0,462.0,0.003,0.015714285714285715,0.04385714285714286,4,봄,2019,1. 봄 (3~5월)
2019-04-20,16.2,25.1,6.6,51.0,0.0,1.7,11.6,20.0,45.0,20.0,0.048,0.012,0.3,0.003,18.5,4.299999999999999,4.799999999999997,4.950757517794523,0.0,0,0,0.0,3.0,0,0,0.0,0.0,0.0,0.0,0,0,0,0.0,0.0,0,0.0,1.0,0,0.0,65.0,191.0,461.0,0.003,0.015,0.044857142857142866,4,봄,2019,1. 봄 (3~5월)
2019-04-21,18.3,25.3,13.2,54.0,0.0,1.8,3.7,19.1,51.0,28.0,0.052,0.012,0.4,0.004,12.100000000000001,2.1000000000000014,3.0,2.4248711305962196,0.0,0,0,0.0,3.0,0,0,0.0,0.0,0.0,0.0,0,0,0,0.0,0.0,0,0.0,1.0,0,0.0,79.0,201.0,483.0,0.0032857142857142855,0.015,0.045714285714285714,4,봄,2019,1. 봄 (3~5월)
2019-04-22,15.8,22.7,9.2,63.4,0.0,2.4,11.4,20.8,47.0,26.0,0.04,0.014,0.5,0.005,13.5,2.5,9.399999999999999,6.469415223444258,0.0,1,0,1.0,4.0,0,0,0.0,0.0,0.0,0.0,0,0,0,0.0,0.0,0,0.0,1.0,0,0.0,73.0,217.0,487.0,0.0035714285714285718,0.015142857142857142,0.04442857142857143,4,봄,2019,1. 봄 (3~5월)
2019-04-23,16.1,23.3,8.4,69.9,3.0,1.1,0.9,17.0,50.0,26.0,0.032,0.017,0.4,0.003,14.9,0.3000000000000007,6.500000000000007,7.993956050250235,3.0,1,0,2.0,5.0,0,0,0.0,0.0,0.0,0.0,0,0,0,0.0,0.0,0,0.0,1.0,0,0.0,76.0,228.0,489.0,0.0035714285714285718,0.014428571428571428,0.043428571428571434,4,봄,2019,1. 봄 (3~5월)
2019-04-24,18.4,22.3,15.0,82.5,4.0,1.4,0.8,18.5,29.0,22.0,0.031,0.013,0.4,0.003,7.300000000000001,2.299999999999997,12.599999999999994,9.710990337413184,7.0,1,0,3.0,6.0,1,0,1.0,1.0,0.0,0.0,1,0,0,0.0,0.0,1,1.0,2.0,1,0.003,51.0,200.0,470.0,0.0032857142857142855,0.013571428571428571,0.04185714285714286,4,봄,2019,1. 봄 (3~5월)
2019-04-25,13.9,16.9,10.7,64.9,0.0,2.6,0.8,15.2,62.0,19.0,0.047,0.006,0.3,0.002,6.199999999999999,4.499999999999998,17.599999999999994,9.069362344362043,7.0,1,0,4.0,6.0,0,0,1.0,1.0,0.0,0.0,0,0,0,0.0,0.0,0,1.0,2.0,0,0.0,81.0,208.0,482.0,0.003142857142857143,0.012,0.041999999999999996,4,봄,2019,1. 봄 (3~5월)
2019-04-26,10.1,11.9,8.3,89.1,9.0,1.3,0.0,12.0,15.0,9.0,0.037,0.009,0.3,0.002,3.5999999999999996,3.8000000000000007,24.19999999999999,12.509729546770071,16.0,1,0,5.0,7.0,1,0,2.0,2.0,0.0,0.0,1,0,0,0.0,0.0,1,2.0,3.0,1,0.002,24.0,156.0,449.0,0.0031428571428571426,0.011857142857142856,0.041,4,봄,2019,1. 봄 (3~5월)
2019-04-27,11.6,18.6,4.0,57.3,0.0,1.5,10.0,15.0,17.0,8.0,0.035,0.01,0.3,0.003,14.600000000000001,1.5,31.799999999999997,16.60642445962803,16.0,0,0,5.0,7.0,0,0,2.0,2.0,0.0,0.0,0,0,0,0.0,0.0,0,2.0,3.0,0,0.0,25.0,130.0,409.0,0.0031428571428571426,0.011571428571428571,0.039142857142857146,4,봄,2019,1. 봄 (3~5월)
2019-04-28,12.6,20.6,7.9,60.6,0.0,1.3,5.3,15.3,29.0,17.0,0.031,0.012,0.3,0.003,12.700000000000001,1.0,3.3000000000000043,17.48513654507733,16.0,1,0,6.0,8.0,0,0,2.0,2.0,0.0,0.0,0,0,0,0.0,0.0,0,2.0,3.0,0,0.0,46.0,95.0,376.0,0.003,0.011571428571428571,0.03614285714285714,4,봄,2019,1. 봄 (3~5월)
2019-04-29,10.6,12.5,5.8,90.3,38.5,0.7,0.0,11.2,29.0,21.0,0.015,0.019,0.4,0.003,6.7,2.0,29.699999999999996,18.174982806044106,54.5,1,0,6.0,9.0,1,0,3.0,3.0,0.0,0.0,1,0,0,0.0,0.0,1,3.0,4.0,1,0.003,50.0,121.0,353.0,0.0027142857142857142,0.012285714285714287,0.03257142857142857,4,봄,2019,1. 봄 (3~5월)
2019-04-30,14.1,19.0,10.6,86.8,0.5,0.7,1.1,14.8,24.0,15.0,0.022,0.014,0.3,0.002,8.4,3.5,3.5,16.231553632765156,52.0,1,0,6.0,10.0,1,0,4.0,4.0,0.0,0.0,2,0,0,0.0,0.0,1,4.0,5.0,2,0.002,39.0,135.0,316.0,0.0025714285714285717,0.011857142857142858,0.031142857142857142,4,봄,2019,1. 봄 (3~5월)
2019-05-01,16.5,24.7,10.1,86.8,0.0,1.8,8.6,17.6,65.0,29.0,0.042,0.011,0.3,0.003,14.6,2.4000000000000004,0.0,2.0207259421632062,48.0,1,0,6.0,11.0,1,0,4.0,5.0,0.0,0.0,3,0,0,0.0,0.0,1,4.0,6.0,3,0.003,94.0,183.0,359.0,0.0025714285714285717,0.011571428571428571,0.03271428571428572,5,봄,2019,1. 봄 (3~5월)
2019-05-02,17.2,26.4,7.8,47.1,0.0,1.8,11.8,20.8,79.0,27.0,0.043,0.013,0.3,0.003,18.599999999999998,0.6999999999999993,39.699999999999996,22.92080568682814,48.0,0,0,5.0,11.0,0,0,4.0,5.0,0.0,0.0,0,0,0,0.0,0.0,0,4.0,6.0,0,0.0,106.0,239.0,384.0,0.0027142857142857142,0.01257142857142857,0.03214285714285714,5,봄,2019,1. 봄 (3~5월)
2019-05-03,17.0,28.0,6.1,49.1,0.0,1.5,12.4,21.4,55.0,24.0,0.035,0.02,0.4,0.004,21.9,0.1999999999999993,2.0,22.36582214004215,39.0,0,0,4.0,11.0,0,0,3.0,5.0,0.0,0.0,0,0,0,0.0,0.0,0,3.0,6.0,0,0.0,79.0,279.0,439.0,0.003,0.014142857142857143,0.031857142857142855,5,봄,2019,1. 봄 (3~5월)
2019-05-04,18.5,29.6,7.5,56.6,0.0,1.3,11.3,21.7,72.0,40.0,0.05,0.018,0.6,0.007,22.1,1.5,7.5,5.0083264004388655,39.0,0,0,4.0,11.0,0,0,3.0,5.0,0.0,0.0,0,0,0,0.0,0.0,0,3.0,6.0,0,0.0,112.0,297.0,526.0,0.0035714285714285718,0.015285714285714286,0.034,5,봄,2019,1. 봄 (3~5월)
2019-05-05,20.5,30.2,11.1,44.8,0.0,1.5,9.6,22.1,77.0,47.0,0.057,0.014,0.5,0.005,19.1,2.0,11.800000000000004,5.971878543082816,39.0,0,1,3.0,11.0,0,0,3.0,5.0,0.0,0.0,0,0,0,0.0,0.0,0,3.0,6.0,0,0.0,124.0,315.0,604.0,0.003857142857142857,0.015571428571428571,0.037714285714285714,5,봄,2019,1. 봄 (3~5월)
2019-05-06,13.4,21.4,8.3,57.6,0.0,2.3,8.9,18.8,52.0,25.0,0.046,0.011,0.3,0.003,13.099999999999998,7.1,12.800000000000004,7.118988692223049,0.5,0,0,2.0,11.0,0,0,2.0,5.0,0.0,0.0,0,0,0,0.0,0.0,0,2.0,6.0,0,0.0,77.0,313.0,631.0,0.003857142857142857,0.014428571428571428,0.04214285714285714,5,봄,2019,1. 봄 (3~5월)
2019-05-07,13.8,23.2,4.1,48.9,0.0,1.7,12.5,20.3,39.0,15.0,0.035,0.013,0.3,0.003,19.1,0.40000000000000036,8.700000000000003,6.536308846232174,0.0,0,0,1.0,11.0,0,0,1.0,5.0,0.0,0.0,0,0,0,0.0,0.0,0,1.0,6.0,0,0.0,54.0,255.0,646.0,0.004000000000000001,0.014285714285714285,0.044000000000000004,5,봄,2019,1. 봄 (3~5월)
2019-05-08,16.5,25.4,5.0,34.1,0.0,2.0,10.1,19.6,51.0,22.0,0.045,0.017,0.3,0.003,20.4,2.6999999999999993,14.799999999999997,11.881217670480288,0.0,0,0,0.0,10.0,0,0,0.0,5.0,0.0,0.0,0,0,0,0.0,0.0,0,0.0,5.0,0,0.0,73.0,204.0,625.0,0.004,0.015142857142857142,0.04442857142857143,5,봄,2019,1. 봄 (3~5월)
2019-05-09,19.0,26.0,13.8,24.9,0.0,2.9,11.6,21.1,57.0,22.0,0.073,0.01,0.3,0.004,12.2,2.5,9.200000000000003,12.10839928864808,0.0,0,0,0.0,9.0,0,0,0.0,5.0,0.0,0.0,0,0,0,0.0,0.0,0,0.0,5.0,0,0.0,79.0,206.0,598.0,0.0041428571428571434,0.014714285714285716,0.04871428571428572,5,봄,2019,1. 봄 (3~5월)
2019-05-10,18.4,29.8,7.3,37.5,0.0,1.4,12.6,23.2,58.0,32.0,0.063,0.02,0.4,0.004,22.5,0.6000000000000014,12.600000000000001,6.518691075157146,0.0,0,0,0.0,9.0,0,0,0.0,5.0,0.0,0.0,0,0,0,0.0,0.0,0,0.0,5.0,0,0.0,90.0,242.0,609.0,0.0041428571428571434,0.014714285714285716,0.052714285714285714,5,봄,2019,1. 봄 (3~5월)
2019-05-11,19.5,30.4,8.6,41.1,0.0,1.4,12.3,24.0,57.0,37.0,0.067,0.019,0.4,0.005,21.799999999999997,1.1000000000000014,3.6000000000000014,8.506468127254696,0.0,0,0,0.0,9.0,0,0,0.0,5.0,0.0,0.0,0,0,0,0.0,0.0,0,0.0,5.0,0,0.0,94.0,263.0,591.0,0.0038571428571428576,0.014857142857142857,0.055142857142857146,5,봄,2019,1. 봄 (3~5월)
2019-05-12,16.9,24.7,9.8,57.8,0.0,2.4,11.5,21.5,50.0,30.0,0.067,0.01,0.4,0.003,14.899999999999999,2.6000000000000014,16.699999999999996,10.831589603254582,0.0,0,0,0.0,9.0,0,0,0.0,5.0,0.0,0.0,0,0,0,0.0,0.0,0,0.0,5.0,0,0.0,80.0,264.0,547.0,0.0035714285714285718,0.014285714285714287,0.05657142857142857,5,봄,2019,1. 봄 (3~5월)
2019-05-13,18.0,26.1,8.3,62.4,0.0,1.8,10.1,22.4,56.0,40.0,0.051,0.016,0.6,0.006,17.8,1.1000000000000014,4.600000000000001,11.208181535527178,0.0,1,0,1.0,10.0,0,0,0.0,5.0,0.0,0.0,0,0,0,0.0,0.0,0,0.0,5.0,0,0.0,96.0,270.0,566.0,0.004,0.015000000000000001,0.05728571428571429,5,봄,2019,1. 봄 (3~5월)
2019-05-14,21.7,29.4,15.7,57.8,0.0,1.4,9.9,27.0,54.0,41.0,0.049,0.016,0.4,0.004,13.7,3.6999999999999993,4.600000000000001,2.655811238272055,0.0,0,1,1.0,10.0,0,0,0.0,5.0,0.0,0.0,0,0,0,0.0,0.0,0,0.0,5.0,0,0.0,95.0,271.0,607.0,0.0041428571428571434,0.01542857142857143,0.05928571428571428,5,봄,2019,1. 봄 (3~5월)
2019-05-15,21.6,29.4,13.9,59.8,0.0,1.4,9.0,26.1,51.0,37.0,0.046,0.017,0.3,0.004,15.499999999999998,0.09999999999999787,2.0,2.3065125189338938,0.0,0,1,1.0,10.0,0,0,0.0,5.0,0.0,0.0,0,0,0,0.0,0.0,0,0.0,5.0,0,0.0,88.0,279.0,622.0,0.004285714285714286,0.01542857142857143,0.05942857142857143,5,봄,2019,1. 봄 (3~5월)
2019-05-16,21.9,31.3,14.0,50.0,0.0,1.2,10.0,26.9,47.0,33.0,0.048,0.017,0.3,0.004,17.3,0.29999999999999716,9.799999999999997,5.178159261101604,0.0,0,1,1.0,10.0,0,0,0.0,5.0,0.0,0.0,0,0,0,0.0,0.0,0,0.0,5.0,0,0.0,80.0,263.0,623.0,0.004285714285714286,0.016428571428571428,0.05585714285714286,5,봄,2019,1. 봄 (3~5월)
2019-05-17,21.5,28.9,11.8,47.5,0.0,1.8,7.8,25.0,35.0,21.0,0.047,0.015,0.3,0.005,17.099999999999998,0.3999999999999986,2.5,6.501025560119914,0.0,0,1,1.0,10.0,0,0,0.0,5.0,0.0,0.0,0,0,0,0.0,0.0,0,0.0,5.0,0,0.0,56.0,224.0,589.0,0.004428571428571428,0.015714285714285715,0.05357142857142857,5,봄,2019,1. 봄 (3~5월)
2019-05-18,17.7,20.9,16.5,85.8,12.0,2.1,0.0,18.5,23.0,17.0,0.037,0.011,0.4,0.004,4.399999999999999,3.8000000000000007,38.3,21.427319011019527,12.0,1,0,2.0,11.0,1,0,1.0,6.0,0.0,0.0,1,0,0,0.0,0.0,1,1.0,6.0,1,0.004,40.0,176.0,535.0,0.004285714285714286,0.014571428571428572,0.04928571428571428,5,봄,2019,1. 봄 (3~5월)
2019-05-19,19.6,23.9,16.4,80.0,1.0,2.2,0.9,19.9,25.0,17.0,0.039,0.009,0.3,0.004,7.5,1.9000000000000021,5.799999999999997,20.64291646061667,13.0,1,0,3.0,12.0,1,0,2.0,7.0,0.0,0.0,2,0,0,0.0,0.0,1,2.0,7.0,2,0.004,42.0,138.0,497.0,0.004428571428571428,0.014428571428571428,0.04528571428571428,5,봄,2019,1. 봄 (3~5월)
2019-05-20,18.8,23.6,13.6,59.4,1.0,2.7,5.2,19.5,30.0,12.0,0.039,0.008,0.2,0.003,10.000000000000002,0.8000000000000007,20.6,13.87419667344138,14.0,0,0,2.0,11.0,0,0,2.0,7.0,0.0,0.0,0,0,0,0.0,0.0,0,2.0,7.0,0,0.0,42.0,124.0,443.0,0.004,0.013285714285714286,0.04357142857142857,5,봄,2019,1. 봄 (3~5월)
2019-05-21,17.8,26.3,9.9,36.3,0.0,2.6,13.0,22.2,33.0,8.0,0.05,0.009,0.3,0.004,16.4,1.0,23.1,21.861915134162686,14.0,0,0,2.0,10.0,0,0,2.0,7.0,0.0,0.0,0,0,0,0.0,0.0,0,2.0,7.0,0,0.0,41.0,125.0,389.0,0.004,0.012285714285714287,0.04371428571428571,5,봄,2019,1. 봄 (3~5월)
2019-05-22,19.6,30.1,7.1,39.4,0.0,1.8,12.9,25.1,41.0,18.0,0.047,0.017,0.3,0.004,23.0,1.8000000000000007,3.1000000000000014,12.538075344060232,14.0,0,0,2.0,9.0,0,0,2.0,6.0,0.0,0.0,0,0,0,0.0,0.0,0,2.0,6.0,0,0.0,59.0,142.0,360.0,0.004,0.012285714285714287,0.043857142857142865,5,봄,2019,1. 봄 (3~5월)
2019-05-23,21.2,31.5,10.5,43.9,0.0,1.8,12.4,26.5,50.0,26.0,0.057,0.017,0.4,0.004,21.0,1.5999999999999979,4.5,3.821430796616744,14.0,0,1,2.0,8.0,0,0,2.0,6.0,0.0,0.0,0,0,0,0.0,0.0,0,2.0,6.0,0,0.0,76.0,176.0,356.0,0.004,0.012285714285714287,0.045142857142857144,5,봄,2019,1. 봄 (3~5월)
2019-05-24,24.0,35.6,10.6,46.1,0.0,1.4,12.8,28.8,65.0,38.0,0.068,0.021,0.4,0.004,25.0,2.8000000000000007,2.200000000000003,3.415162270424499,14.0,0,1,2.0,7.0,0,0,2.0,5.0,0.0,0.0,0,0,0,0.0,0.0,0,2.0,5.0,0,0.0,103.0,238.0,403.0,0.003857142857142857,0.013142857142857145,0.04814285714285714,5,봄,2019,1. 봄 (3~5월)
2019-05-25,24.9,32.9,16.0,40.0,0.0,2.1,9.1,28.3,60.0,37.0,0.06,0.017,0.4,0.003,16.9,0.8999999999999986,6.100000000000001,3.0892285984256698,2.0,0,1,1.0,7.0,0,0,1.0,5.0,0.0,0.0,0,0,0,0.0,0.0,0,1.0,5.0,0,0.0,97.0,276.0,460.0,0.0037142857142857147,0.014,0.05142857142857143,5,봄,2019,1. 봄 (3~5월)
2019-05-26,24.2,33.3,15.3,38.8,0.0,1.9,10.6,29.7,45.0,25.0,0.058,0.011,0.3,0.004,17.999999999999996,0.6999999999999993,1.2000000000000028,3.9145029484381504,1.0,0,1,0.0,6.0,0,0,0.0,5.0,0.0,0.0,0,0,0,0.0,0.0,0,0.0,5.0,0,0.0,70.0,270.0,488.0,0.0037142857142857147,0.014285714285714287,0.054142857142857145,5,봄,2019,1. 봄 (3~5월)
2019-05-27,20.9,23.0,17.7,74.0,8.0,2.0,0.0,20.0,17.0,14.0,0.048,0.008,0.2,0.004,5.300000000000001,3.3000000000000007,35.2,19.985327951608184,8.0,1,1,1.0,6.0,0,0,0.0,4.0,0.0,0.0,0,0,0,0.0,0.0,1,1.0,5.0,1,0.004,31.0,198.0,477.0,0.0038571428571428576,0.014285714285714287,0.05542857142857143,5,봄,2019,1. 봄 (3~5월)
2019-05-28,19.3,24.9,14.6,43.0,0.0,3.0,10.8,20.7,20.0,8.0,0.049,0.007,0.2,0.003,10.299999999999999,1.5999999999999979,31.0,19.225330512980303,8.0,0,0,1.0,5.0,0,0,0.0,3.0,0.0,0.0,0,0,0,0.0,0.0,0,1.0,4.0,0,0.0,28.0,129.0,464.0,0.0037142857142857147,0.014,0.055285714285714285,5,봄,2019,1. 봄 (3~5월)
2019-05-29,21.8,30.7,9.8,34.3,0.0,2.4,13.0,25.9,33.0,14.0,0.059,0.012,0.3,0.004,20.9,2.5,8.700000000000003,20.867758224910776,8.0,0,1,1.0,4.0,0,0,0.0,2.0,0.0,0.0,0,0,0,0.0,0.0,0,1.0,3.0,0,0.0,47.0,106.0,452.0,0.0037142857142857147,0.013285714285714286,0.056999999999999995,5,봄,2019,1. 봄 (3~5월)
2019-05-30,23.6,31.6,13.7,27.5,0.0,2.5,9.6,28.8,34.0,16.0,0.067,0.011,0.3,0.004,17.900000000000002,1.8000000000000007,6.799999999999997,7.7693843599947225,8.0,0,1,1.0,4.0,0,0,0.0,2.0,0.0,0.0,0,0,0,0.0,0.0,0,1.0,3.0,0,0.0,50.0,125.0,426.0,0.0037142857142857147,0.012428571428571428,0.05842857142857143,5,봄,2019,1. 봄 (3~5월)
2019-05-31,20.3,26.5,14.8,47.5,1.0,2.3,8.0,24.4,23.0,15.0,0.068,0.008,0.3,0.003,11.7,3.3000000000000007,20.0,10.16923464835632,9.0,0,1,1.0,4.0,0,0,0.0,2.0,0.0,0.0,0,0,0,0.0,0.0,0,1.0,3.0,0,0.0,38.0,135.0,361.0,0.0035714285714285718,0.01057142857142857,0.05842857142857143,5,봄,2019,1. 봄 (3~5월)
2019-06-01,20.6,27.9,12.5,48.3,0.0,1.8,11.9,25.6,32.0,20.0,0.056,0.01,0.3,0.003,15.399999999999999,0.3000000000000007,0.7999999999999972,11.784735890124885,9.0,0,1,1.0,4.0,0,0,0.0,2.0,0.0,0.0,0,0,0,0.0,0.0,0,1.0,3.0,0,0.0,52.0,140.0,316.0,0.0035714285714285713,0.00957142857142857,0.05785714285714285,6,여름,2019,2. 여름 (6~8월)
2019-06-02,21.8,30.8,11.8,47.0,0.0,1.4,12.6,28.7,30.0,20.0,0.051,0.012,0.3,0.003,19.0,1.1999999999999993,1.2999999999999972,0.6557438524286452,9.0,0,1,1.0,4.0,0,0,0.0,2.0,0.0,0.0,0,0,0,0.0,0.0,0,1.0,3.0,0,0.0,50.0,140.0,296.0,0.003428571428571429,0.009714285714285715,0.05685714285714285,6,여름,2019,2. 여름 (6~8월)
2019-06-03,24.0,33.2,13.0,48.0,0.0,1.3,12.8,30.1,53.0,35.0,0.071,0.016,0.4,0.005,20.200000000000003,2.1999999999999993,1.0,0.6806859285539142,1.0,0,1,0.0,4.0,0,0,0.0,2.0,0.0,0.0,0,0,0,0.0,0.0,0,0.0,3.0,0,0.0,88.0,190.0,353.0,0.0035714285714285718,0.010857142857142857,0.060142857142857144,6,여름,2019,2. 여름 (6~8월)
2019-06-04,25.8,35.5,15.5,48.4,0.0,1.4,12.2,32.2,64.0,43.0,0.071,0.015,0.4,0.005,20.0,1.8000000000000007,0.3999999999999986,0.7211102550913915,1.0,0,1,0.0,4.0,0,0,0.0,2.0,0.0,0.0,0,0,0,0.0,0.0,0,0.0,3.0,0,0.0,107.0,245.0,432.0,0.003857142857142857,0.011999999999999999,0.06328571428571429,6,여름,2019,2. 여름 (6~8월)
2019-06-05,25.3,34.3,17.9,47.1,0.0,2.0,13.0,32.3,49.0,31.0,0.062,0.015,0.4,0.006,16.4,0.5,1.2999999999999972,0.6658328118464156,1.0,0,1,0.0,4.0,0,0,0.0,2.0,0.0,0.0,0,0,0,0.0,0.0,0,0.0,3.0,0,0.0,80.0,275.0,465.0,0.004142857142857143,0.012428571428571428,0.06371428571428571,6,여름,2019,2. 여름 (6~8월)
2019-06-06,24.2,32.6,17.2,58.0,8.5,1.4,3.7,26.9,54.0,39.0,0.052,0.013,0.4,0.006,15.400000000000002,1.1000000000000014,10.899999999999999,5.953430383680612,9.5,0,1,0.0,4.0,0,0,0.0,2.0,0.0,0.0,0,0,0,0.0,0.0,0,0.0,3.0,0,0.0,93.0,280.0,508.0,0.004428571428571428,0.012714285714285714,0.06157142857142857,6,여름,2019,2. 여름 (6~8월)
2019-06-07,19.0,21.6,17.6,89.8,21.5,1.5,0.1,19.8,9.0,7.0,0.057,0.009,0.3,0.003,4.0,5.199999999999999,31.799999999999997,22.186106763768446,30.0,1,0,1.0,5.0,1,0,1.0,3.0,0.0,0.0,1,0,0,0.0,0.0,1,1.0,4.0,1,0.003,16.0,189.0,486.0,0.004428571428571428,0.012857142857142857,0.06,6,여름,2019,2. 여름 (6~8월)
2019-06-08,19.9,25.3,16.3,73.4,0.0,1.9,11.0,23.7,30.0,19.0,0.041,0.01,0.4,0.004,9.0,0.8999999999999986,16.39999999999999,15.902620329157468,30.0,1,0,2.0,6.0,0,0,1.0,3.0,0.0,0.0,0,0,0,0.0,0.0,1,2.0,5.0,2,0.004,49.0,158.0,483.0,0.004571428571428572,0.012857142857142857,0.05785714285714285,6,여름,2019,2. 여름 (6~8월)
2019-06-09,18.1,21.9,14.1,68.9,0.0,2.3,6.5,22.0,25.0,16.0,0.041,0.006,0.3,0.004,7.799999999999999,1.7999999999999972,4.5,11.000151514108,30.0,1,0,3.0,7.0,0,0,1.0,3.0,0.0,0.0,0,0,0,0.0,0.0,0,2.0,5.0,0,0.0,41.0,106.0,474.0,0.004714285714285714,0.011999999999999999,0.05642857142857143,6,여름,2019,2. 여름 (6~8월)
2019-06-10,18.3,23.2,14.4,63.1,0.0,2.0,5.9,23.6,12.0,6.0,0.039,0.007,0.2,0.003,8.799999999999999,0.1999999999999993,5.800000000000004,5.163655036244425,30.0,1,0,4.0,7.0,0,0,1.0,3.0,0.0,0.0,0,0,0,0.0,0.0,0,2.0,5.0,0,0.0,18.0,108.0,404.0,0.004428571428571428,0.010714285714285714,0.05185714285714286,6,여름,2019,2. 여름 (6~8월)
2019-06-11,18.9,24.2,13.8,62.6,0.0,1.9,11.8,26.1,13.0,7.0,0.042,0.007,0.2,0.003,10.399999999999999,0.5999999999999979,0.5,3.5019042438839465,30.0,1,0,5.0,8.0,0,0,1.0,3.0,0.0,0.0,0,0,0,0.0,0.0,0,2.0,5.0,0,0.0,20.0,79.0,317.0,0.0041428571428571434,0.009571428571428573,0.04771428571428571,6,여름,2019,2. 여름 (6~8월)
2019-06-12,20.0,26.5,16.2,60.5,0.0,1.9,10.6,26.6,21.0,11.0,0.039,0.009,0.3,0.005,10.3,1.1000000000000014,2.1000000000000014,1.379613472437993,30.0,1,0,6.0,9.0,0,0,1.0,3.0,0.0,0.0,0,0,0,0.0,0.0,0,2.0,5.0,0,0.0,32.0,70.0,269.0,0.003999999999999999,0.008714285714285714,0.04442857142857143,6,여름,2019,2. 여름 (6~8월)
2019-06-13,21.6,30.0,12.5,57.0,0.0,1.5,12.2,28.7,25.0,18.0,0.044,0.013,0.3,0.005,17.5,1.6000000000000014,3.5,2.8290163190290083,21.5,0,1,6.0,9.0,0,0,1.0,3.0,0.0,0.0,0,0,0,0.0,0.0,0,2.0,5.0,0,0.0,43.0,95.0,219.0,0.003857142857142857,0.008714285714285714,0.04328571428571428,6,여름,2019,2. 여름 (6~8월)
2019-06-14,18.9,23.0,15.1,75.1,0.5,0.9,0.0,20.5,47.0,34.0,0.02,0.024,0.4,0.004,7.9,2.700000000000003,18.099999999999994,9.600520819205538,0.5,1,0,6.0,10.0,1,0,1.0,4.0,0.0,0.0,1,0,0,0.0,0.0,1,2.0,6.0,1,0.004,81.0,156.0,284.0,0.004,0.010857142857142857,0.038,6,여름,2019,2. 여름 (6~8월)
2019-06-15,20.6,29.4,16.2,74.8,13.0,1.4,6.3,25.0,30.0,23.0,0.04,0.009,0.3,0.003,13.2,1.7000000000000028,0.29999999999999716,10.364522822268869,13.5,1,1,6.0,10.0,0,0,1.0,3.0,0.0,0.0,0,0,0,0.0,0.0,1,2.0,6.0,2,0.003,53.0,177.0,288.0,0.0038571428571428576,0.010714285714285714,0.03785714285714286,6,여름,2019,2. 여름 (6~8월)
2019-06-16,19.7,26.9,14.8,74.0,0.0,2.1,8.8,23.3,17.0,11.0,0.037,0.007,0.3,0.003,12.099999999999998,0.9000000000000021,0.7999999999999972,0.5686240703067311,13.5,1,0,6.0,10.0,0,0,1.0,2.0,0.0,0.0,0,0,0,0.0,0.0,1,3.0,6.0,3,0.003,28.0,162.0,275.0,0.0037142857142857147,0.010857142857142857,0.03728571428571429,6,여름,2019,2. 여름 (6~8월)
2019-06-17,23.5,30.2,16.7,56.0,0.0,1.6,9.6,27.7,25.0,16.0,0.047,0.01,0.3,0.004,13.5,3.8000000000000007,18.0,10.630772941481359,13.5,0,1,5.0,10.0,0,0,1.0,2.0,0.0,0.0,0,0,0,0.0,0.0,0,3.0,6.0,0,0.0,41.0,122.0,298.0,0.003857142857142857,0.011285714285714284,0.03842857142857143,6,여름,2019,2. 여름 (6~8월)
2019-06-18,23.2,30.4,16.7,63.6,0.1,2.0,5.8,26.3,35.0,24.0,0.048,0.012,0.3,0.003,13.7,0.3000000000000007,7.600000000000001,9.0362233999239,13.6,1,1,5.0,11.0,0,0,1.0,2.0,0.0,0.0,0,0,0,0.0,0.0,0,3.0,6.0,0,0.0,59.0,128.0,337.0,0.003857142857142857,0.011999999999999999,0.03928571428571429,6,여름,2019,2. 여름 (6~8월)
2019-06-19,24.1,29.9,18.0,62.3,0.0,1.8,10.2,28.4,40.0,33.0,0.061,0.011,0.4,0.003,11.899999999999999,0.9000000000000021,1.3000000000000043,4.064890322423499,13.6,1,1,5.0,12.0,0,0,1.0,2.0,0.0,0.0,0,0,0,0.0,0.0,0,3.0,6.0,0,0.0,73.0,173.0,378.0,0.0035714285714285713,0.012285714285714285,0.04242857142857143,6,여름,2019,2. 여름 (6~8월)
2019-06-20,26.8,33.3,19.0,53.9,0.0,1.9,11.0,31.6,45.0,36.0,0.079,0.01,0.4,0.004,14.299999999999997,2.6999999999999993,8.399999999999999,5.265295180076066,13.6,0,1,5.0,12.0,0,0,1.0,2.0,0.0,0.0,0,0,0,0.0,0.0,0,3.0,6.0,0,0.0,81.0,213.0,416.0,0.003428571428571429,0.011857142857142856,0.04742857142857143,6,여름,2019,2. 여름 (6~8월)
2019-06-21,24.2,32.8,18.4,64.9,9.0,2.6,10.3,31.0,44.0,33.0,0.069,0.009,0.4,0.004,14.399999999999999,2.6000000000000014,11.000000000000007,5.749202843293342,22.1,1,1,5.0,13.0,0,0,0.0,2.0,0.0,0.0,0,0,0,0.0,0.0,0,2.0,6.0,0,0.0,77.0,231.0,412.0,0.003428571428571429,0.009714285714285715,0.05442857142857143,6,여름,2019,2. 여름 (6~8월)
2019-06-22,20.9,25.8,17.1,63.8,0.0,2.1,9.1,25.2,13.0,7.0,0.045,0.007,0.3,0.003,8.7,3.3000000000000007,1.1000000000000085,6.0583276020146215,9.1,1,1,5.0,14.0,0,0,0.0,2.0,0.0,0.0,0,0,0,0.0,0.0,0,1.0,6.0,0,0.0,20.0,178.0,379.0,0.003428571428571429,0.009428571428571429,0.055142857142857146,6,여름,2019,2. 여름 (6~8월)
2019-06-23,20.1,26.1,13.5,67.3,0.0,1.6,8.6,25.3,12.0,6.0,0.039,0.007,0.3,0.003,12.600000000000001,0.7999999999999972,3.5,1.7897858344875028,9.1,1,1,5.0,15.0,0,0,0.0,2.0,0.0,0.0,0,0,0,0.0,0.0,0,0.0,6.0,0,0.0,18.0,115.0,369.0,0.003428571428571429,0.009428571428571429,0.05542857142857143,6,여름,2019,2. 여름 (6~8월)
2019-06-24,21.8,28.6,15.4,66.4,0.0,1.9,11.5,28.1,16.0,11.0,0.037,0.012,0.4,0.005,13.200000000000001,1.6999999999999993,0.8999999999999915,1.817507450695078,9.1,1,1,6.0,15.0,0,0,0.0,2.0,0.0,0.0,0,0,0,0.0,0.0,0,0.0,5.0,0,0.0,27.0,65.0,355.0,0.0035714285714285718,0.009714285714285715,0.054,6,여름,2019,2. 여름 (6~8월)
2019-06-25,23.8,31.7,15.9,65.4,0.0,1.9,12.4,30.5,33.0,23.0,0.047,0.016,0.5,0.006,15.799999999999999,2.0,1.0,0.950438495291566,9.0,1,1,6.0,16.0,0,0,0.0,2.0,0.0,0.0,0,0,0,0.0,0.0,0,0.0,5.0,0,0.0,56.0,101.0,352.0,0.004,0.010285714285714287,0.05385714285714286,6,여름,2019,2. 여름 (6~8월)
2019-06-26,19.9,24.0,16.6,87.5,77.0,1.1,1.2,21.3,36.0,31.0,0.023,0.022,0.4,0.005,7.399999999999999,3.900000000000002,22.099999999999994,12.48078523170711,86.0,1,0,6.0,17.0,1,0,1.0,3.0,0.0,0.0,1,0,0,0.0,0.0,1,1.0,6.0,1,0.005,67.0,150.0,346.0,0.004285714285714286,0.011857142857142858,0.04842857142857143,6,여름,2019,2. 여름 (6~8월)
2019-06-27,24.2,30.0,21.5,83.4,67.0,1.3,2.0,24.0,12.0,8.0,0.028,0.01,0.3,0.003,8.5,4.300000000000001,4.099999999999994,11.755991380284835,153.0,1,1,7.0,18.0,1,0,2.0,4.0,0.0,0.0,2,0,1,1.0,1.0,1,2.0,7.0,2,0.003,20.0,143.0,285.0,0.0041428571428571434,0.011857142857142856,0.04114285714285714,6,여름,2019,2. 여름 (6~8월)
2019-06-28,22.1,24.3,20.9,85.3,4.0,2.5,0.8,22.7,26.0,19.0,0.031,0.014,0.5,0.005,3.400000000000002,2.099999999999998,1.8999999999999915,2.0518284528677144,148.0,1,1,7.0,19.0,1,0,3.0,5.0,0.0,0.0,3,0,1,2.0,2.0,1,3.0,8.0,3,0.005,45.0,132.0,253.0,0.004285714285714286,0.01257142857142857,0.03571428571428571,6,여름,2019,2. 여름 (6~8월)
2019-06-29,21.3,22.5,20.6,90.4,41.5,1.1,0.0,22.0,33.0,29.0,0.025,0.014,0.4,0.004,1.8999999999999986,0.8000000000000007,5.1000000000000085,3.619852667351363,189.5,1,1,7.0,20.0,1,0,4.0,6.0,0.0,0.0,4,0,1,3.0,3.0,1,4.0,9.0,4,0.004,62.0,127.0,295.0,0.004428571428571429,0.013571428571428571,0.032857142857142856,6,여름,2019,2. 여름 (6~8월)
2019-06-30,25.3,31.4,21.0,74.5,0.0,1.7,7.0,25.4,24.0,21.0,0.042,0.009,0.4,0.004,10.399999999999999,4.0,15.900000000000006,8.11849739791778,189.5,1,1,7.0,21.0,0,0,4.0,6.0,0.0,0.0,0,0,0,3.0,3.0,1,5.0,10.0,5,0.004,45.0,152.0,322.0,0.004571428571428572,0.013857142857142858,0.03328571428571429,6,여름,2019,2. 여름 (6~8월)
2019-07-01,23.4,27.3,19.4,77.4,0.0,1.1,0.2,23.6,40.0,32.0,0.03,0.014,0.5,0.004,7.900000000000002,1.9000000000000021,2.9000000000000057,8.467782078757773,189.5,1,1,7.0,22.0,1,0,5.0,7.0,0.0,0.0,1,0,1,4.0,4.0,1,6.0,11.0,6,0.004,72.0,179.0,367.0,0.004428571428571429,0.014142857142857143,0.032285714285714286,7,여름,2019,2. 여름 (6~8월)
2019-07-02,24.3,31.3,17.1,64.8,0.0,1.7,12.6,26.2,29.0,21.0,0.041,0.012,0.4,0.004,14.2,0.9000000000000021,12.600000000000009,6.598737252939537,189.5,1,1,7.0,23.0,0,0,5.0,7.0,0.0,0.0,0,0,0,4.0,4.0,0,6.0,11.0,0,0.0,50.0,167.0,361.0,0.0041428571428571434,0.01357142857142857,0.03142857142857143,7,여름,2019,2. 여름 (6~8월)
2019-07-03,23.8,30.3,17.8,69.1,0.0,1.1,6.0,25.6,37.0,29.0,0.045,0.014,0.5,0.005,12.5,0.5,4.299999999999997,6.404946005497018,112.5,1,1,7.0,24.0,0,0,4.0,7.0,0.0,0.0,0,0,0,4.0,4.0,0,5.0,11.0,0,0.0,66.0,188.0,360.0,0.004142857142857143,0.012428571428571428,0.03457142857142857,7,여름,2019,2. 여름 (6~8월)
2019-07-04,24.7,32.7,17.5,65.6,0.0,1.5,10.5,27.5,46.0,35.0,0.047,0.015,0.6,0.005,15.200000000000003,0.8999999999999986,3.5,2.2869193252056785,45.5,1,1,7.0,25.0,0,0,3.0,7.0,0.0,0.0,0,0,0,3.0,4.0,0,4.0,11.0,0,0.0,81.0,197.0,421.0,0.004428571428571428,0.013142857142857142,0.03728571428571429,7,여름,2019,2. 여름 (6~8월)
2019-07-05,25.1,32.2,18.4,62.4,0.0,1.8,11.7,30.4,43.0,33.0,0.053,0.016,0.6,0.006,13.800000000000004,0.40000000000000213,3.1999999999999957,3.3511192160231,41.5,1,1,7.0,25.0,0,0,2.0,6.0,0.0,0.0,0,0,0,2.0,4.0,0,3.0,10.0,0,0.0,76.0,223.0,452.0,0.004571428571428572,0.013428571428571429,0.04042857142857143,7,여름,2019,2. 여름 (6~8월)
2019-07-06,23.3,29.2,16.4,64.8,0.0,2.6,13.0,29.6,27.0,19.0,0.043,0.007,0.3,0.004,12.8,1.8000000000000007,2.3999999999999986,1.6653327995727394,0.0,1,1,7.0,25.0,0,0,1.0,6.0,0.0,0.0,0,0,0,1.0,4.0,0,2.0,9.0,0,0.0,46.0,203.0,436.0,0.004571428571428572,0.012428571428571428,0.043,7,여름,2019,2. 여름 (6~8월)
2019-07-07,22.5,27.1,19.7,65.9,0.2,2.5,6.8,26.8,17.0,12.0,0.045,0.006,0.3,0.003,7.400000000000002,0.8000000000000007,1.1000000000000085,1.789785834487684,0.2,1,1,7.0,25.0,0,0,1.0,6.0,0.0,0.0,0,0,0,1.0,4.0,0,1.0,9.0,0,0.0,29.0,151.0,420.0,0.004428571428571428,0.012,0.04342857142857143,7,여름,2019,2. 여름 (6~8월)
2019-07-08,21.7,26.1,18.4,71.5,0.0,2.0,5.6,27.6,12.0,8.0,0.036,0.008,0.2,0.003,7.700000000000003,0.8000000000000007,5.599999999999994,3.5930488446441937,0.2,1,1,7.0,25.0,0,0,0.0,6.0,0.0,0.0,0,0,0,0.0,4.0,1,1.0,10.0,1,0.003,20.0,95.0,368.0,0.004285714285714286,0.011142857142857144,0.04428571428571428,7,여름,2019,2. 여름 (6~8월)
2019-07-09,21.1,25.7,17.3,73.5,0.0,1.7,0.5,23.0,13.0,9.0,0.029,0.009,0.3,0.003,8.399999999999999,0.5999999999999979,2.0,3.939543120718255,0.2,1,1,7.0,25.0,0,0,0.0,6.0,0.0,0.0,0,0,0,0.0,4.0,1,2.0,11.0,2,0.003,22.0,71.0,340.0,0.004142857142857143,0.010714285714285716,0.04257142857142857,7,여름,2019,2. 여름 (6~8월)
2019-07-10,22.0,23.1,20.1,79.1,17.5,2.6,0.0,22.3,12.0,8.0,0.034,0.007,0.2,0.003,3.0,0.8999999999999986,5.599999999999994,3.93954312071816,17.7,1,1,7.0,25.0,1,0,1.0,7.0,0.0,0.0,1,0,1,1.0,5.0,1,3.0,12.0,3,0.003,20.0,62.0,294.0,0.0038571428571428576,0.009714285714285715,0.041,7,여름,2019,2. 여름 (6~8월)
2019-07-11,24.0,27.6,21.2,79.8,1.0,1.9,1.0,24.0,10.0,5.0,0.032,0.009,0.3,0.003,6.400000000000002,2.0,0.7000000000000028,3.4530180036209757,18.7,1,1,7.0,26.0,1,0,2.0,8.0,0.0,0.0,2,0,1,2.0,6.0,1,4.0,13.0,4,0.003,15.0,57.0,228.0,0.0035714285714285718,0.008857142857142857,0.03885714285714286,7,여름,2019,2. 여름 (6~8월)
2019-07-12,24.5,29.7,21.1,69.0,0.0,2.0,5.2,24.8,17.0,10.0,0.036,0.011,0.3,0.003,8.599999999999998,0.5,10.799999999999997,6.043453758682269,18.7,1,1,7.0,26.0,0,0,2.0,7.0,0.0,0.0,0,0,0,2.0,6.0,0,4.0,12.0,0,0.0,27.0,62.0,179.0,0.0031428571428571426,0.008142857142857143,0.03642857142857143,7,여름,2019,2. 여름 (6~8월)
2019-07-13,24.0,29.2,19.5,73.1,0.0,0.8,3.8,24.0,30.0,20.0,0.032,0.013,0.3,0.004,9.7,0.5,4.099999999999994,5.451910979952923,18.7,1,1,7.0,26.0,0,0,2.0,7.0,0.0,0.0,0,0,0,2.0,6.0,1,5.0,12.0,1,0.004,50.0,92.0,183.0,0.0031428571428571426,0.009,0.03485714285714286,7,여름,2019,2. 여름 (6~8월)
2019-07-14,24.1,29.0,20.0,72.1,0.0,1.9,9.3,29.1,32.0,25.0,0.04,0.008,0.4,0.004,9.0,0.10000000000000142,1.0,2.1377558326428194,18.5,1,1,7.0,26.0,0,0,2.0,7.0,0.0,0.0,0,0,0,2.0,6.0,1,6.0,12.0,2,0.004,57.0,134.0,211.0,0.0032857142857142855,0.009285714285714286,0.03414285714285714,7,여름,2019,2. 여름 (6~8월)
2019-07-15,23.1,26.4,20.9,79.5,1.0,1.3,0.3,24.8,31.0,23.0,0.033,0.012,0.5,0.005,5.5,1.0,7.400000000000006,4.014971979976664,19.5,1,1,7.0,27.0,1,0,3.0,8.0,0.0,0.0,1,0,1,3.0,7.0,1,6.0,13.0,3,0.005,54.0,161.0,245.0,0.0035714285714285718,0.009857142857142856,0.03371428571428571,7,여름,2019,2. 여름 (6~8월)
2019-07-16,24.0,28.9,20.8,77.0,1.0,1.8,7.9,27.5,26.0,19.0,0.03,0.011,0.4,0.005,8.099999999999998,0.8999999999999986,2.5,3.7643060449434076,20.5,1,1,7.0,27.0,1,0,4.0,9.0,0.0,0.0,2,0,1,4.0,8.0,1,6.0,14.0,4,0.005,45.0,156.0,268.0,0.003857142857142857,0.010142857142857143,0.033857142857142856,7,여름,2019,2. 여름 (6~8월)
2019-07-17,24.1,29.1,18.7,74.9,0.0,1.5,7.2,28.4,21.0,15.0,0.027,0.013,0.4,0.005,10.400000000000002,0.10000000000000142,2.0999999999999943,2.3028967265881923,3.0,1,1,7.0,27.0,0,0,3.0,9.0,0.0,0.0,0,0,0,3.0,8.0,1,6.0,15.0,5,0.005,36.0,135.0,284.0,0.004142857142857143,0.010999999999999998,0.032857142857142856,7,여름,2019,2. 여름 (6~8월)
2019-07-18,24.3,28.6,21.6,80.9,5.5,0.9,1.7,25.8,28.0,22.0,0.029,0.016,0.3,0.004,7.0,0.1999999999999993,6.0,3.044667469527207,7.5,1,1,7.0,28.0,1,0,3.0,10.0,0.0,0.0,1,0,1,3.0,9.0,1,6.0,16.0,6,0.004,50.0,131.0,319.0,0.004285714285714286,0.011999999999999999,0.03242857142857143,7,여름,2019,2. 여름 (6~8월)
2019-07-19,24.5,27.8,21.7,86.3,2.5,1.2,0.0,24.3,21.0,15.0,0.011,0.012,0.3,0.004,6.100000000000001,0.1999999999999993,5.3999999999999915,5.702630971753005,10.0,1,1,7.0,28.0,1,0,4.0,11.0,0.0,0.0,2,0,1,4.0,10.0,1,7.0,17.0,7,0.004,36.0,122.0,328.0,0.004428571428571428,0.012142857142857144,0.028857142857142856,7,여름,2019,2. 여름 (6~8월)
2019-07-20,24.9,27.2,23.8,88.0,60.5,3.4,0.1,24.9,5.0,3.0,0.016,0.006,0.3,0.004,3.3999999999999986,0.3999999999999986,1.7000000000000028,3.7072002014093157,70.5,1,1,7.0,28.0,1,0,5.0,12.0,0.0,0.0,3,0,1,5.0,11.0,1,7.0,18.0,8,0.004,8.0,94.0,286.0,0.004428571428571428,0.011142857142857144,0.026571428571428572,7,여름,2019,2. 여름 (6~8월)
2019-07-21,25.6,28.5,23.5,83.4,11.5,1.6,0.0,24.8,10.0,6.0,0.034,0.006,0.3,0.004,5.0,0.7000000000000028,4.599999999999994,2.325940669921701,82.0,1,1,7.0,28.0,1,0,6.0,13.0,0.0,0.0,4,0,1,6.0,12.0,1,7.0,19.0,9,0.004,16.0,60.0,245.0,0.004428571428571428,0.010857142857142857,0.025714285714285717,7,여름,2019,2. 여름 (6~8월)
2019-07-22,28.2,34.0,23.1,72.0,0.0,1.9,9.6,28.5,34.0,27.0,0.038,0.011,0.4,0.004,10.899999999999999,2.599999999999998,11.400000000000006,8.237313477908307,81.0,1,1,7.0,28.0,0,0,5.0,13.0,0.0,0.0,0,0,0,5.0,12.0,1,7.0,20.0,10,0.004,61.0,85.0,252.0,0.004285714285714286,0.010714285714285714,0.026428571428571433,7,여름,2019,2. 여름 (6~8월)
2019-07-23,30.0,35.3,24.3,68.0,0.0,1.9,9.3,31.4,27.0,21.0,0.035,0.01,0.4,0.005,10.999999999999996,1.8000000000000007,4.0,7.990828075570818,80.0,1,1,7.0,28.0,0,0,4.0,13.0,0.0,0.0,0,0,0,4.0,12.0,0,6.0,20.0,0,0.0,48.0,125.0,255.0,0.004285714285714286,0.010571428571428574,0.027142857142857146,7,여름,2019,2. 여름 (6~8월)
2019-07-24,28.2,31.6,25.5,70.3,0.0,2.0,1.3,28.7,21.0,15.0,0.029,0.01,0.4,0.005,6.100000000000001,1.8000000000000007,2.299999999999997,2.0074859899879676,80.0,1,1,7.0,28.0,0,0,4.0,12.0,0.0,0.0,0,0,0,4.0,12.0,1,6.0,20.0,1,0.005,36.0,145.0,255.0,0.004285714285714286,0.010142857142857144,0.02742857142857143,7,여름,2019,2. 여름 (6~8월)
2019-07-25,26.7,29.5,23.9,84.1,5.0,1.2,0.0,25.8,30.0,24.0,0.023,0.013,0.5,0.005,5.600000000000001,1.5,13.799999999999997,8.707659463560272,79.5,1,1,7.0,28.0,1,0,4.0,12.0,0.0,0.0,1,0,1,4.0,12.0,1,6.0,20.0,2,0.005,54.0,138.0,259.0,0.004428571428571429,0.009714285714285715,0.026571428571428572,7,여름,2019,2. 여름 (6~8월)
2019-07-26,29.0,32.6,26.5,71.5,0.0,1.7,4.2,28.7,20.0,15.0,0.035,0.007,0.4,0.005,6.100000000000001,2.3000000000000007,12.599999999999994,7.644605941446381,77.0,1,1,7.0,28.0,0,0,3.0,11.0,0.0,0.0,0,0,0,3.0,11.0,1,6.0,20.0,3,0.005,35.0,125.0,258.0,0.004571428571428572,0.009,0.030000000000000002,7,여름,2019,2. 여름 (6~8월)
2019-07-27,28.4,31.8,25.0,76.5,0.0,1.2,0.5,28.1,23.0,19.0,0.028,0.01,0.4,0.005,6.800000000000001,0.6000000000000014,5.0,6.34455146825451,16.5,1,1,7.0,28.0,1,0,3.0,11.0,0.0,0.0,1,0,1,3.0,11.0,1,6.0,20.0,4,0.005,42.0,131.0,292.0,0.004714285714285714,0.009571428571428573,0.031714285714285716,7,여름,2019,2. 여름 (6~8월)
2019-07-28,29.2,33.3,26.1,68.5,0.0,1.9,3.7,29.3,10.0,7.0,0.024,0.005,0.3,0.005,7.199999999999996,0.8000000000000007,8.0,4.041451884327069,5.0,1,1,7.0,28.0,0,0,2.0,11.0,0.0,0.0,0,0,0,2.0,11.0,0,5.0,19.0,0,0.0,17.0,94.0,293.0,0.004857142857142858,0.009428571428571429,0.030285714285714284,7,여름,2019,2. 여름 (6~8월)
2019-07-29,28.9,34.3,23.6,68.6,0.0,1.5,8.4,29.9,14.0,9.0,0.026,0.008,0.4,0.005,10.699999999999996,0.3000000000000007,0.09999999999999432,4.590206967011134,5.0,1,1,7.0,28.0,0,0,2.0,10.0,0.0,0.0,0,0,0,2.0,10.0,0,4.0,18.0,0,0.0,23.0,82.0,255.0,0.005,0.009,0.028571428571428574,7,여름,2019,2. 여름 (6~8월)
2019-07-30,29.9,34.7,23.9,65.1,0.0,2.1,10.5,32.3,15.0,9.0,0.025,0.008,0.3,0.005,10.800000000000004,1.0,3.5,1.9924858845165667,5.0,1,1,7.0,28.0,0,0,2.0,10.0,0.0,0.0,0,0,0,2.0,10.0,0,4.0,18.0,0,0.0,24.0,64.0,231.0,0.005,0.008714285714285714,0.027142857142857142,7,여름,2019,2. 여름 (6~8월)
2019-07-31,30.7,36.0,26.2,63.1,0.0,2.2,11.4,33.0,13.0,8.0,0.03,0.007,0.3,0.003,9.8,0.8000000000000007,1.999999999999993,2.7838821814146266,5.0,1,1,7.0,28.0,0,0,2.0,10.0,0.0,0.0,0,0,0,2.0,10.0,0,3.0,18.0,0,0.0,21.0,68.0,216.0,0.004714285714285714,0.008285714285714287,0.027285714285714285,7,여름,2019,2. 여름 (6~8월)
2019-08-01,30.3,36.1,26.5,64.8,0.0,1.8,11.4,35.7,16.0,11.0,0.029,0.01,0.3,0.003,9.600000000000001,0.3999999999999986,1.6999999999999957,1.0785793124899545,0.0,1,1,7.0,28.0,0,0,1.0,10.0,0.0,0.0,0,0,0,1.0,10.0,0,2.0,18.0,0,0.0,27.0,72.0,189.0,0.004428571428571428,0.007857142857142858,0.028142857142857143,8,여름,2019,2. 여름 (6~8월)
2019-08-02,30.5,37.2,24.6,64.1,0.0,1.5,11.4,35.6,20.0,12.0,0.034,0.011,0.4,0.003,12.600000000000001,0.1999999999999993,0.7000000000000028,0.8544003745305819,0.0,1,1,7.0,28.0,0,0,1.0,10.0,0.0,0.0,0,0,0,1.0,10.0,0,1.0,18.0,0,0.0,32.0,80.0,186.0,0.0041428571428571434,0.00842857142857143,0.028,8,여름,2019,2. 여름 (6~8월)
2019-08-03,28.8,35.7,23.8,69.6,0.0,1.7,10.4,35.0,27.0,20.0,0.049,0.011,0.5,0.005,11.900000000000002,1.6999999999999993,5.5,2.993882651897216,0.0,1,1,7.0,28.0,0,0,0.0,10.0,0.0,0.0,0,0,0,0.0,10.0,0,0.0,18.0,0,0.0,47.0,106.0,191.0,0.0041428571428571434,0.008571428571428572,0.031000000000000003,8,여름,2019,2. 여름 (6~8월)
2019-08-04,29.6,36.7,23.2,66.4,0.0,1.4,10.3,35.2,34.0,27.0,0.038,0.012,0.6,0.006,13.500000000000004,0.8000000000000007,3.1999999999999886,2.7622454633862126,0.0,1,1,7.0,28.0,0,0,0.0,10.0,0.0,0.0,0,0,0,0.0,10.0,0,0.0,18.0,0,0.0,61.0,140.0,235.0,0.004285714285714286,0.009571428571428573,0.033,8,여름,2019,2. 여름 (6~8월)
2019-08-05,28.8,36.5,23.3,64.6,0.0,1.6,11.7,35.6,29.0,21.0,0.033,0.009,0.5,0.003,13.2,0.8000000000000007,1.8000000000000114,2.532455988429223,0.0,1,1,7.0,28.0,0,0,0.0,10.0,0.0,0.0,0,0,0,0.0,10.0,0,0.0,17.0,0,0.0,50.0,158.0,262.0,0.004,0.009714285714285713,0.034,8,여름,2019,2. 여름 (6~8월)
2019-08-06,25.5,30.6,21.8,78.9,21.5,2.2,1.8,28.8,17.0,8.0,0.024,0.007,0.4,0.002,8.8,3.3000000000000007,14.300000000000011,7.788666980512821,21.5,1,1,7.0,28.0,1,0,1.0,11.0,0.0,0.0,1,0,1,1.0,11.0,1,1.0,17.0,1,0.002,25.0,136.0,263.0,0.0035714285714285713,0.009571428571428573,0.033857142857142856,8,여름,2019,2. 여름 (6~8월)
2019-08-07,27.8,34.1,24.0,77.5,9.5,1.8,3.2,28.3,22.0,18.0,0.038,0.009,0.4,0.003,10.100000000000001,2.3000000000000007,1.4000000000000057,7.883104295474614,31.0,1,1,7.0,28.0,1,0,2.0,11.0,0.0,0.0,2,0,1,2.0,11.0,1,2.0,17.0,2,0.003,40.0,115.0,282.0,0.0035714285714285718,0.009857142857142856,0.034999999999999996,8,여름,2019,2. 여름 (6~8월)
2019-08-08,28.1,35.4,23.3,78.5,8.0,1.1,6.6,29.0,39.0,24.0,0.023,0.013,0.5,0.002,12.099999999999998,0.3000000000000007,1.0,0.7211102550903546,39.0,1,1,7.0,28.0,1,0,3.0,11.0,0.0,0.0,3,0,1,3.0,11.0,1,3.0,17.0,3,0.002,63.0,128.0,318.0,0.003428571428571429,0.010285714285714285,0.03414285714285714,8,여름,2019,2. 여름 (6~8월)
2019-08-09,29.3,36.1,24.1,74.1,0.0,1.1,9.2,30.5,28.0,15.0,0.034,0.011,0.5,0.003,12.0,1.1999999999999993,4.400000000000006,2.306512518933418,39.0,1,1,7.0,28.0,0,0,3.0,11.0,0.0,0.0,0,0,0,3.0,11.0,1,4.0,18.0,4,0.003,43.0,146.0,329.0,0.003428571428571429,0.010285714285714285,0.03414285714285714,8,여름,2019,2. 여름 (6~8월)
2019-08-10,28.0,32.2,24.0,73.1,0.0,2.3,11.6,30.2,29.0,17.0,0.028,0.011,0.4,0.004,8.200000000000003,1.3000000000000007,1.0,2.8728615235214527,39.0,1,1,7.0,28.0,0,0,3.0,11.0,0.0,0.0,0,0,0,3.0,11.0,1,5.0,18.0,5,0.004,46.0,152.0,328.0,0.0032857142857142855,0.010285714285714285,0.031142857142857146,8,여름,2019,2. 여름 (6~8월)
2019-08-11,29.0,33.1,25.8,68.5,0.0,2.8,10.9,32.8,21.0,12.0,0.035,0.006,0.3,0.003,7.300000000000001,1.0,4.599999999999994,2.986636904613085,39.0,1,1,7.0,28.0,0,0,3.0,11.0,0.0,0.0,0,0,0,3.0,11.0,0,5.0,17.0,0,0.0,33.0,122.0,300.0,0.0028571428571428576,0.009428571428571429,0.03071428571428572,8,여름,2019,2. 여름 (6~8월)
2019-08-12,30.0,35.5,25.4,66.9,0.0,1.9,10.8,35.7,22.0,10.0,0.027,0.008,0.4,0.003,10.100000000000001,1.0,1.5999999999999943,3.218695387885752,39.0,1,1,7.0,28.0,0,0,3.0,10.0,0.0,0.0,0,0,0,3.0,10.0,0,5.0,16.0,0,0.0,32.0,111.0,282.0,0.002857142857142857,0.009285714285714286,0.02985714285714286,8,여름,2019,2. 여름 (6~8월)
2019-08-13,29.0,34.5,23.6,69.5,0.0,1.9,11.8,34.5,18.0,7.0,0.023,0.009,0.4,0.003,10.899999999999999,1.0,2.5999999999999943,1.3114877048593119,17.5,1,1,7.0,28.0,0,0,2.0,9.0,0.0,0.0,0,0,0,2.0,9.0,0,4.0,15.0,0,0.0,25.0,90.0,282.0,0.003,0.00957142857142857,0.029714285714285714,8,여름,2019,2. 여름 (6~8월)
2019-08-14,28.7,32.3,25.8,70.5,0.7,2.6,3.6,30.8,19.0,8.0,0.023,0.008,0.4,0.002,6.4999999999999964,0.3000000000000007,1.0,1.8583146486347293,8.7,1,1,7.0,28.0,0,0,1.0,9.0,0.0,0.0,0,0,0,1.0,9.0,1,4.0,15.0,1,0.002,27.0,84.0,269.0,0.0028571428571428576,0.009428571428571429,0.027571428571428573,8,여름,2019,2. 여름 (6~8월)
2019-08-15,27.1,29.4,25.5,82.6,15.0,2.0,0.1,27.1,6.0,2.0,0.021,0.005,0.4,0.002,3.8999999999999986,1.5999999999999979,12.099999999999994,7.2917761896534214,15.7,1,1,7.0,28.0,1,0,1.0,9.0,0.0,0.0,1,0,1,1.0,9.0,1,4.0,15.0,2,0.002,8.0,60.0,214.0,0.002857142857142857,0.008285714285714285,0.027285714285714285,8,여름,2019,2. 여름 (6~8월)
2019-08-16,28.2,32.6,25.2,68.9,0.0,2.4,4.0,28.7,11.0,4.0,0.032,0.008,0.4,0.002,7.400000000000002,1.0999999999999979,13.699999999999989,7.490660852020771,15.7,1,1,7.0,28.0,0,0,1.0,8.0,0.0,0.0,0,0,0,1.0,8.0,0,3.0,14.0,0,0.0,15.0,50.0,186.0,0.0027142857142857147,0.007857142857142858,0.027,8,여름,2019,2. 여름 (6~8월)
2019-08-17,28.3,34.6,21.3,60.6,0.0,1.7,11.7,30.7,27.0,15.0,0.056,0.009,0.5,0.003,13.3,0.10000000000000142,8.300000000000004,11.109905490146927,15.7,1,1,7.0,28.0,0,0,1.0,7.0,0.0,0.0,0,0,0,1.0,7.0,0,2.0,13.0,0,0.0,42.0,65.0,182.0,0.0025714285714285717,0.007571428571428571,0.031,8,여름,2019,2. 여름 (6~8월)
2019-08-18,28.0,34.3,23.4,59.1,0.0,1.6,9.8,32.1,35.0,24.0,0.063,0.008,0.5,0.004,10.899999999999999,0.3000000000000007,1.5,5.2785730394995065,15.7,0,1,6.0,27.0,0,0,1.0,6.0,0.0,0.0,0,0,0,1.0,6.0,0,2.0,12.0,0,0.0,59.0,116.0,208.0,0.0027142857142857142,0.007857142857142858,0.034999999999999996,8,여름,2019,2. 여름 (6~8월)
2019-08-19,26.1,31.0,22.4,73.6,0.0,1.7,4.2,28.2,37.0,24.0,0.05,0.01,0.5,0.003,8.600000000000001,1.8999999999999986,14.499999999999993,7.9739158092702995,15.7,1,1,6.0,27.0,0,0,1.0,6.0,0.0,0.0,0,0,0,1.0,6.0,1,3.0,12.0,1,0.003,61.0,162.0,237.0,0.0027142857142857147,0.008142857142857143,0.03828571428571429,8,여름,2019,2. 여름 (6~8월)
2019-08-20,26.0,30.3,22.3,67.9,0.0,2.0,8.7,31.2,25.0,13.0,0.044,0.008,0.4,0.002,8.0,0.10000000000000142,5.699999999999989,7.305021104235811,15.7,1,1,6.0,27.0,0,0,1.0,6.0,0.0,0.0,0,0,0,1.0,6.0,0,3.0,12.0,0,0.0,38.0,158.0,250.0,0.0025714285714285713,0.007999999999999998,0.041285714285714294,8,여름,2019,2. 여름 (6~8월)
2019-08-21,25.7,28.8,23.6,80.1,14.0,1.1,0.6,28.1,20.0,10.0,0.031,0.011,0.5,0.002,5.199999999999999,0.3000000000000007,12.199999999999989,6.104370019365617,29.0,1,1,6.0,27.0,1,0,2.0,7.0,0.0,0.0,1,0,1,2.0,7.0,1,3.0,12.0,1,0.002,30.0,129.0,253.0,0.0025714285714285717,0.008428571428571428,0.04242857142857143,8,여름,2019,2. 여름 (6~8월)
2019-08-22,25.7,30.3,23.5,85.6,85.0,1.2,2.5,26.3,10.0,6.0,0.024,0.011,0.4,0.002,6.800000000000001,0.0,5.5,9.058881461490115,99.0,1,1,6.0,27.0,1,0,2.0,7.0,0.0,0.0,2,0,1,2.0,7.0,1,3.0,12.0,2,0.002,16.0,84.0,261.0,0.0025714285714285713,0.009285714285714286,0.042857142857142864,8,여름,2019,2. 여름 (6~8월)
2019-08-23,25.3,30.7,20.7,69.3,0.0,1.6,6.6,25.8,38.0,25.0,0.043,0.012,0.6,0.003,10.0,0.3999999999999986,16.299999999999997,8.292365967160961,99.0,1,1,6.0,27.0,0,0,2.0,7.0,0.0,0.0,0,0,0,2.0,7.0,0,3.0,11.0,0,0.0,63.0,109.0,309.0,0.0027142857142857142,0.009857142857142858,0.04442857142857143,8,여름,2019,2. 여름 (6~8월)
2019-08-24,23.0,28.2,18.3,75.5,0.0,1.4,3.6,24.6,37.0,20.0,0.03,0.012,0.5,0.003,9.899999999999999,2.3000000000000007,6.200000000000003,8.227393268830426,99.0,1,1,6.0,27.0,1,0,3.0,7.0,0.0,0.0,1,0,1,3.0,7.0,1,4.0,11.0,1,0.003,57.0,136.0,324.0,0.0027142857142857147,0.010285714285714285,0.04071428571428571,8,여름,2019,2. 여름 (6~8월)
2019-08-25,23.4,30.8,17.9,73.4,0.0,1.2,8.0,26.5,26.0,15.0,0.033,0.01,0.5,0.004,12.900000000000002,0.3999999999999986,2.0999999999999943,3.153305144341425,99.0,1,1,7.0,27.0,0,0,3.0,7.0,0.0,0.0,0,0,0,3.0,7.0,1,5.0,12.0,2,0.004,41.0,161.0,306.0,0.0027142857142857147,0.010571428571428574,0.03642857142857143,8,여름,2019,2. 여름 (6~8월)
2019-08-26,24.3,31.6,17.5,71.1,0.0,1.3,9.6,27.7,29.0,20.0,0.043,0.012,0.5,0.004,14.100000000000001,0.9000000000000021,2.3000000000000114,2.200757445365125,99.0,1,1,7.0,27.0,0,0,3.0,7.0,0.0,0.0,0,0,0,3.0,7.0,1,5.0,13.0,3,0.004,49.0,147.0,294.0,0.0028571428571428567,0.010857142857142857,0.03542857142857143,8,여름,2019,2. 여름 (6~8월)
2019-08-27,22.5,23.9,20.7,88.5,17.0,1.0,0.0,23.8,26.0,19.0,0.033,0.011,0.5,0.003,3.1999999999999993,1.8000000000000007,17.400000000000006,9.452160246913362,116.0,1,1,7.0,27.0,1,0,4.0,8.0,0.0,0.0,1,0,1,4.0,8.0,1,6.0,14.0,4,0.003,45.0,135.0,301.0,0.003,0.011285714285714286,0.033857142857142856,8,여름,2019,2. 여름 (6~8월)
2019-08-28,23.2,27.2,21.1,85.4,3.5,1.0,0.3,24.1,25.0,15.0,0.027,0.015,0.5,0.003,6.099999999999998,0.6999999999999993,3.0999999999999943,9.281343293582484,105.5,1,1,7.0,27.0,1,0,4.0,9.0,0.0,0.0,2,0,1,4.0,9.0,1,6.0,15.0,5,0.003,40.0,134.0,311.0,0.003142857142857143,0.011857142857142858,0.03328571428571429,8,여름,2019,2. 여름 (6~8월)
2019-08-29,22.6,25.4,20.0,85.0,0.2,1.0,0.0,22.8,38.0,23.0,0.018,0.016,0.5,0.004,5.399999999999999,0.5999999999999979,0.4000000000000057,1.9157244060653018,20.7,1,1,7.0,27.0,1,0,4.0,10.0,0.0,0.0,3,0,1,4.0,10.0,1,6.0,16.0,6,0.004,61.0,146.0,356.0,0.003428571428571429,0.01257142857142857,0.03242857142857143,8,여름,2019,2. 여름 (6~8월)
2019-08-30,23.3,30.0,17.7,69.5,0.0,1.9,10.6,24.9,29.0,15.0,0.032,0.011,0.5,0.003,12.3,0.6999999999999993,15.5,9.066605391949563,20.7,1,1,7.0,27.0,0,0,4.0,10.0,0.0,0.0,0,0,0,4.0,10.0,0,6.0,16.0,0,0.0,44.0,145.0,337.0,0.003428571428571429,0.012428571428571428,0.030857142857142857,8,여름,2019,2. 여름 (6~8월)
2019-08-31,22.8,29.4,15.9,69.5,0.0,1.5,11.4,25.6,25.0,14.0,0.031,0.013,0.4,0.003,13.499999999999998,0.5,0.0,8.948929172439017,20.7,1,1,7.0,27.0,0,0,3.0,10.0,0.0,0.0,0,0,0,3.0,10.0,0,5.0,16.0,0,0.0,39.0,144.0,319.0,0.003428571428571429,0.01257142857142857,0.031,8,여름,2019,2. 여름 (6~8월)
2019-09-01,21.7,27.1,17.7,80.0,1.5,0.7,0.7,22.8,29.0,18.0,0.024,0.012,0.5,0.003,9.400000000000002,1.1000000000000014,10.5,6.06217782649107,22.2,1,1,7.0,27.0,1,0,4.0,11.0,0.0,0.0,1,0,1,4.0,11.0,1,5.0,17.0,1,0.003,47.0,130.0,325.0,0.0032857142857142863,0.012857142857142857,0.029714285714285714,9,가을,2019,3. 가을 (9~11월)
2019-09-02,20.7,22.7,19.7,89.0,5.5,0.6,0.0,22.4,30.0,20.0,0.021,0.015,0.5,0.004,3.0,1.0,9.0,9.759610647971568,27.7,1,1,7.0,27.0,1,0,5.0,12.0,0.0,0.0,2,0,1,5.0,12.0,1,5.0,18.0,2,0.004,50.0,136.0,326.0,0.0032857142857142863,0.013285714285714286,0.026571428571428572,9,가을,2019,3. 가을 (9~11월)
2019-09-03,21.9,25.0,19.9,91.3,33.0,0.8,0.0,22.8,22.0,15.0,0.02,0.017,0.7,0.004,5.100000000000001,1.1999999999999993,2.299999999999997,5.971878543082848,43.7,1,1,7.0,27.0,1,0,5.0,12.0,0.0,0.0,3,0,1,5.0,12.0,1,5.0,18.0,3,0.004,37.0,134.0,318.0,0.003428571428571429,0.014142857142857143,0.024714285714285716,9,가을,2019,3. 가을 (9~11월)
2019-09-04,24.1,27.4,21.9,87.3,1.0,1.1,0.0,24.5,24.0,12.0,0.02,0.013,0.5,0.003,5.5,2.200000000000003,4.0,2.0074859899884694,41.2,1,1,7.0,27.0,1,0,5.0,12.0,0.0,0.0,4,0,1,5.0,12.0,1,5.0,18.0,4,0.003,36.0,123.0,314.0,0.003428571428571429,0.013857142857142858,0.023714285714285716,9,가을,2019,3. 가을 (9~11월)
2019-09-05,25.6,32.1,21.7,84.5,2.0,0.8,4.8,26.4,29.0,16.0,0.017,0.012,0.4,0.003,10.400000000000002,1.5,2.799999999999997,3.4176014981270137,43.0,1,1,7.0,27.0,1,0,5.0,12.0,0.0,0.0,5,0,1,5.0,12.0,1,5.0,18.0,5,0.003,45.0,118.0,298.0,0.0032857142857142855,0.013285714285714286,0.023571428571428573,9,가을,2019,3. 가을 (9~11월)
2019-09-06,26.4,30.0,22.4,80.4,0.0,1.7,2.3,26.5,27.0,13.0,0.016,0.01,0.4,0.004,7.600000000000001,0.7999999999999972,4.099999999999994,3.4703506066870804,43.0,1,1,7.0,27.0,1,0,6.0,13.0,0.0,0.0,6,0,1,6.0,13.0,1,6.0,18.0,6,0.004,40.0,121.0,294.0,0.003428571428571429,0.013142857142857142,0.021285714285714286,9,가을,2019,3. 가을 (9~11월)
2019-09-07,26.8,30.1,24.0,75.6,3.5,3.1,1.7,25.7,11.0,3.0,0.021,0.005,0.3,0.003,6.100000000000001,0.40000000000000213,4.800000000000011,4.454585652261446,46.5,1,1,7.0,27.0,1,0,7.0,14.0,0.0,0.0,7,0,1,7.0,14.0,1,7.0,18.0,7,0.003,14.0,99.0,269.0,0.003428571428571429,0.012,0.019857142857142858,9,가을,2019,3. 가을 (9~11월)
2019-09-08,25.6,31.7,21.4,78.5,0.0,0.9,3.3,26.4,24.0,8.0,0.023,0.008,0.4,0.003,10.3,1.1999999999999993,2.9000000000000057,2.4172987679088305,45.0,1,1,7.0,27.0,1,0,7.0,15.0,0.0,0.0,8,0,1,7.0,15.0,1,7.0,19.0,8,0.003,32.0,86.0,254.0,0.003428571428571429,0.011428571428571427,0.019714285714285715,9,가을,2019,3. 가을 (9~11월)
2019-09-09,26.5,31.8,23.5,77.1,0.0,1.2,3.3,26.5,27.0,9.0,0.025,0.013,0.6,0.005,8.3,0.8999999999999986,1.4000000000000057,1.4502873278538824,39.5,1,1,7.0,27.0,1,0,7.0,16.0,0.0,0.0,9,0,1,7.0,16.0,1,7.0,20.0,9,0.005,36.0,82.0,240.0,0.0035714285714285718,0.011142857142857144,0.02028571428571429,9,가을,2019,3. 가을 (9~11월)
2019-09-10,26.8,32.0,23.1,73.3,0.0,1.3,5.1,27.1,37.0,18.0,0.037,0.012,0.5,0.004,8.899999999999999,0.3000000000000007,3.799999999999997,2.6907248094147875,6.5,1,1,7.0,27.0,0,0,6.0,16.0,0.0,0.0,0,0,0,6.0,16.0,1,7.0,21.0,10,0.004,55.0,123.0,258.0,0.0035714285714285718,0.010428571428571428,0.022714285714285715,9,가을,2019,3. 가을 (9~11월)
2019-09-11,24.8,30.3,22.2,74.6,0.0,2.5,6.5,26.7,29.0,16.0,0.043,0.008,0.5,0.004,8.100000000000001,2.0,1.2999999999999972,1.931320791582872,5.5,1,1,7.0,27.0,0,0,5.0,16.0,0.0,0.0,0,0,0,5.0,16.0,1,7.0,21.0,11,0.004,45.0,136.0,267.0,0.0037142857142857147,0.009714285714285715,0.026,9,가을,2019,3. 가을 (9~11월)
2019-09-12,20.8,23.2,18.7,77.9,4.5,1.7,0.0,21.8,20.0,9.0,0.03,0.007,0.4,0.003,4.5,4.0,3.3000000000000114,2.371356854911055,8.0,1,1,7.0,27.0,1,0,5.0,16.0,0.0,0.0,1,0,1,5.0,16.0,1,7.0,21.0,12,0.003,29.0,129.0,251.0,0.0037142857142857147,0.009,0.027857142857142858,9,가을,2019,3. 가을 (9~11월)
2019-09-13,20.5,25.9,16.0,76.1,0.0,1.6,8.9,22.1,20.0,8.0,0.024,0.006,0.3,0.003,9.899999999999999,0.3000000000000007,1.8000000000000114,1.652271164185911,8.0,1,1,7.0,27.0,1,0,5.0,17.0,0.0,0.0,2,0,1,5.0,17.0,1,7.0,22.0,13,0.003,28.0,102.0,239.0,0.0035714285714285718,0.00842857142857143,0.028999999999999998,9,가을,2019,3. 가을 (9~11월)
2019-09-14,22.2,29.4,13.6,73.4,0.0,1.1,6.2,24.5,18.0,9.0,0.023,0.007,0.4,0.003,15.799999999999999,1.6999999999999993,2.6999999999999886,2.2649503305812853,4.5,1,1,7.0,27.0,0,0,4.0,17.0,0.0,0.0,0,0,0,4.0,17.0,1,7.0,23.0,14,0.003,27.0,84.0,252.0,0.0035714285714285713,0.008714285714285714,0.029285714285714283,9,가을,2019,3. 가을 (9~11월)
2019-09-15,23.0,27.8,17.5,75.3,0.0,1.8,6.1,26.1,16.0,6.0,0.029,0.007,0.3,0.003,10.3,0.8000000000000007,1.8999999999999915,1.3868429375144293,4.5,1,1,7.0,28.0,1,0,4.0,18.0,0.0,0.0,1,0,1,4.0,18.0,1,7.0,24.0,15,0.003,22.0,77.0,242.0,0.0035714285714285718,0.008571428571428572,0.03014285714285714,9,가을,2019,3. 가을 (9~11월)
2019-09-16,20.7,27.6,15.6,70.6,0.0,1.4,10.8,25.2,14.0,5.0,0.026,0.008,0.4,0.003,12.000000000000002,2.3000000000000007,4.700000000000003,2.364318083507466,4.5,1,1,7.0,28.0,0,0,3.0,18.0,0.0,0.0,0,0,0,3.0,18.0,1,7.0,24.0,16,0.003,19.0,68.0,225.0,0.0032857142857142863,0.007857142857142858,0.030285714285714287,9,가을,2019,3. 가을 (9~11월)
2019-09-17,19.8,26.9,13.4,69.5,0.0,1.7,11.2,24.2,19.0,7.0,0.027,0.01,0.4,0.003,13.499999999999998,0.8999999999999986,1.0999999999999943,3.080584360149947,4.5,1,0,7.0,28.0,0,0,3.0,18.0,0.0,0.0,0,0,0,3.0,18.0,0,6.0,24.0,0,0.0,26.0,67.0,196.0,0.003142857142857143,0.007571428571428571,0.02885714285714286,9,가을,2019,3. 가을 (9~11월)
2019-09-18,20.9,30.2,14.3,67.3,0.0,1.5,9.8,24.9,26.0,8.0,0.032,0.009,0.4,0.003,15.899999999999999,1.0999999999999979,2.200000000000003,1.6802777548173045,4.5,1,1,7.0,28.0,0,0,3.0,17.0,0.0,0.0,0,0,0,3.0,17.0,0,5.0,23.0,0,0.0,34.0,79.0,185.0,0.003,0.007714285714285714,0.027285714285714285,9,가을,2019,3. 가을 (9~11월)
2019-09-19,19.7,25.1,15.3,64.8,0.0,1.8,10.8,24.7,27.0,8.0,0.029,0.01,0.4,0.004,9.8,1.1999999999999993,2.5,2.351595203261095,0.0,1,0,7.0,28.0,0,0,2.0,16.0,0.0,0.0,0,0,0,2.0,16.0,0,4.0,22.0,0,0.0,35.0,95.0,191.0,0.0031428571428571426,0.008142857142857143,0.027142857142857142,9,가을,2019,3. 가을 (9~11월)
2019-09-20,19.5,23.5,14.0,70.6,0.0,1.9,1.7,21.6,19.0,5.0,0.027,0.009,0.3,0.003,9.5,0.1999999999999993,5.799999999999997,2.9091808698212422,0.0,1,0,7.0,28.0,0,0,1.0,16.0,0.0,0.0,0,0,0,1.0,16.0,1,4.0,23.0,1,0.003,24.0,93.0,187.0,0.0031428571428571426,0.008571428571428572,0.027571428571428573,9,가을,2019,3. 가을 (9~11월)
2019-09-21,18.8,21.8,16.7,86.9,56.0,2.1,0.0,19.2,12.0,5.0,0.04,0.008,0.4,0.003,5.100000000000001,0.6999999999999993,16.30000000000001,11.458184847522771,56.0,1,0,7.0,28.0,1,0,2.0,16.0,0.0,0.0,1,0,0,1.0,15.0,1,4.0,23.0,2,0.003,17.0,76.0,177.0,0.003142857142857143,0.008714285714285714,0.030000000000000002,9,가을,2019,3. 가을 (9~11월)
2019-09-22,18.8,19.7,17.1,80.9,48.5,4.4,0.0,17.8,3.0,2.0,0.056,0.004,0.3,0.003,2.599999999999998,0.0,6.0,8.243987708223102,104.5,1,0,7.0,28.0,1,0,2.0,17.0,0.0,0.0,2,0,0,0.0,15.0,1,4.0,23.0,3,0.003,5.0,46.0,160.0,0.003142857142857143,0.008285714285714287,0.033857142857142856,9,가을,2019,3. 가을 (9~11월)
2019-09-23,18.5,21.9,16.3,76.0,0.5,1.6,0.1,19.0,12.0,5.0,0.033,0.009,0.4,0.003,5.599999999999998,0.3000000000000007,4.900000000000006,5.459242926755821,105.0,1,0,7.0,28.0,1,0,3.0,18.0,0.0,0.0,3,0,0,0.0,15.0,1,4.0,23.0,4,0.003,17.0,39.0,158.0,0.0031428571428571426,0.00842857142857143,0.03485714285714286,9,가을,2019,3. 가을 (9~11월)
2019-09-24,18.0,26.7,12.3,73.1,0.0,1.1,9.3,20.9,21.0,11.0,0.023,0.012,0.4,0.003,14.399999999999999,0.5,2.9000000000000057,3.94250343479037,105.0,1,0,7.0,28.0,0,0,3.0,17.0,0.0,0.0,0,0,0,0.0,14.0,1,5.0,23.0,5,0.003,32.0,54.0,164.0,0.0031428571428571426,0.008714285714285714,0.03428571428571429,9,가을,2019,3. 가을 (9~11월)
2019-09-25,17.9,25.4,10.1,73.4,0.0,1.1,7.1,19.0,27.0,13.0,0.021,0.015,0.6,0.006,15.299999999999999,0.10000000000000142,0.30000000000001137,1.594783161854317,105.0,1,0,7.0,28.0,0,0,3.0,16.0,0.0,0.0,0,0,0,0.0,13.0,1,6.0,23.0,6,0.006,40.0,89.0,170.0,0.0035714285714285718,0.009571428571428573,0.03271428571428572,9,가을,2019,3. 가을 (9~11월)
2019-09-26,20.4,26.7,15.5,77.4,0.0,1.5,6.9,21.6,23.0,10.0,0.027,0.011,0.4,0.004,11.2,2.5,4.0,2.4006943440042545,105.0,1,1,7.0,28.0,1,0,4.0,16.0,0.0,0.0,1,0,1,1.0,13.0,1,7.0,23.0,7,0.004,33.0,105.0,168.0,0.0035714285714285718,0.009714285714285713,0.032428571428571425,9,가을,2019,3. 가을 (9~11월)
2019-09-27,21.7,26.6,17.1,78.9,0.5,1.3,4.6,22.7,24.0,10.0,0.03,0.01,0.4,0.004,9.5,1.3000000000000007,1.5,2.8431203515387447,105.5,1,1,7.0,28.0,1,0,5.0,17.0,0.0,0.0,2,0,1,2.0,14.0,1,7.0,24.0,8,0.004,34.0,107.0,178.0,0.0037142857142857142,0.009857142857142858,0.032857142857142856,9,가을,2019,3. 가을 (9~11월)
2019-09-28,22.8,26.5,20.6,85.5,0.5,0.7,1.2,23.5,31.0,19.0,0.02,0.012,0.5,0.003,5.899999999999999,1.1000000000000014,6.599999999999994,4.309292285283049,50.0,1,1,7.0,28.0,1,0,5.0,18.0,0.0,0.0,3,0,1,3.0,15.0,1,7.0,25.0,9,0.003,50.0,117.0,211.0,0.0037142857142857142,0.010428571428571428,0.030000000000000002,9,가을,2019,3. 가을 (9~11월)
2019-09-29,23.8,30.5,18.4,75.5,0.0,1.0,9.1,25.0,32.0,21.0,0.026,0.01,0.5,0.003,12.100000000000001,1.0,10.0,5.0846173241782315,1.5,1,1,7.0,28.0,1,0,5.0,18.0,0.0,0.0,4,0,1,4.0,15.0,1,7.0,25.0,10,0.003,53.0,137.0,259.0,0.0037142857142857147,0.011285714285714286,0.025714285714285714,9,가을,2019,3. 가을 (9~11월)
2019-09-30,23.2,30.9,16.0,76.1,0.0,0.7,7.1,24.4,38.0,26.0,0.029,0.013,0.4,0.004,14.899999999999999,0.6000000000000014,0.5999999999999943,5.608327142146177,1.0,1,1,7.0,28.0,1,0,5.0,18.0,0.0,0.0,5,0,1,5.0,15.0,1,7.0,25.0,11,0.004,64.0,167.0,306.0,0.0038571428571428576,0.011857142857142856,0.02514285714285714,9,가을,2019,3. 가을 (9~11월)
2019-10-01,23.0,25.8,21.3,86.4,0.4,0.7,0.0,23.1,58.0,46.0,0.013,0.018,0.5,0.005,4.5,0.1999999999999993,10.300000000000011,6.127261487266033,1.4,1,1,7.0,28.0,1,0,6.0,18.0,0.0,0.0,6,0,1,6.0,15.0,1,7.0,25.0,12,0.005,104.0,221.0,378.0,0.004142857142857143,0.012714285714285714,0.023714285714285716,10,가을,2019,3. 가을 (9~11월)
2019-10-02,21.7,23.1,20.9,93.0,121.5,1.3,0.0,21.6,17.0,12.0,0.015,0.012,0.3,0.004,2.200000000000003,1.3000000000000007,6.599999999999994,8.517237423797296,122.9,1,1,7.0,28.0,1,0,7.0,18.0,0.0,0.0,7,0,1,7.0,15.0,1,7.0,25.0,13,0.004,29.0,197.0,367.0,0.003857142857142857,0.012285714285714285,0.022857142857142857,10,가을,2019,3. 가을 (9~11월)
2019-10-03,22.6,26.7,18.3,81.1,6.0,2.3,3.0,22.2,7.0,4.0,0.026,0.007,0.3,0.003,8.399999999999999,0.9000000000000021,11.900000000000006,5.9618229874203,128.9,1,1,7.0,28.0,1,0,7.0,18.0,0.0,0.0,8,0,1,7.0,15.0,1,7.0,25.0,14,0.003,11.0,144.0,345.0,0.0037142857142857147,0.011714285714285715,0.022714285714285715,10,가을,2019,3. 가을 (9~11월)
2019-10-04,20.7,28.1,15.7,81.6,0.0,1.2,7.1,21.3,26.0,10.0,0.023,0.01,0.4,0.004,12.400000000000002,1.9000000000000021,0.5,6.730775091572535,128.4,1,1,7.0,28.0,1,0,7.0,18.0,0.0,0.0,9,0,1,7.0,15.0,1,7.0,25.0,15,0.004,36.0,76.0,347.0,0.0037142857142857147,0.011714285714285714,0.021714285714285717,10,가을,2019,3. 가을 (9~11월)
2019-10-05,21.0,25.8,17.7,73.4,0.0,1.7,2.6,21.8,38.0,20.0,0.034,0.007,0.4,0.003,8.100000000000001,0.3000000000000007,8.199999999999989,4.596737973824539,127.9,1,1,7.0,28.0,0,0,6.0,17.0,0.0,0.0,0,0,0,6.0,14.0,1,7.0,25.0,16,0.003,58.0,105.0,355.0,0.0037142857142857147,0.011,0.023714285714285712,10,가을,2019,3. 가을 (9~11월)
2019-10-06,16.6,21.2,11.9,65.5,0.0,2.2,6.7,18.0,17.0,5.0,0.036,0.006,0.3,0.003,9.299999999999999,4.399999999999999,7.900000000000006,8.050465825031564,127.9,1,0,7.0,28.0,0,0,5.0,16.0,0.0,0.0,0,0,0,5.0,13.0,0,6.0,24.0,0,0.0,22.0,116.0,324.0,0.0037142857142857142,0.01042857142857143,0.02514285714285714,10,가을,2019,3. 가을 (9~11월)
2019-10-07,15.4,18.8,12.1,87.9,6.5,0.9,0.0,17.4,17.0,8.0,0.016,0.012,0.4,0.004,6.700000000000001,1.200000000000001,22.400000000000006,11.360897851842562,134.4,1,0,7.0,28.0,1,0,5.0,16.0,0.0,0.0,1,0,0,4.0,12.0,1,6.0,24.0,1,0.004,25.0,105.0,285.0,0.0037142857142857142,0.010285714285714287,0.023285714285714288,10,가을,2019,3. 가을 (9~11월)
2019-10-08,17.5,23.5,13.0,58.3,0.0,3.2,9.0,18.0,14.0,10.0,0.042,0.008,0.4,0.004,10.5,2.0999999999999996,29.60000000000001,15.436752680966782,134.0,0,0,6.0,27.0,0,0,4.0,16.0,0.0,0.0,0,0,0,3.0,12.0,0,5.0,23.0,0,0.0,24.0,71.0,205.0,0.0035714285714285718,0.008857142857142857,0.02742857142857143,10,가을,2019,3. 가을 (9~11월)
2019-10-09,13.5,22.2,6.0,61.8,0.0,1.4,10.4,15.6,14.0,10.0,0.022,0.014,0.4,0.004,16.2,4.0,3.5,16.174156340697817,12.5,1,0,6.0,27.0,0,0,3.0,16.0,0.0,0.0,0,0,0,2.0,12.0,0,4.0,22.0,0,0.0,24.0,73.0,200.0,0.0035714285714285718,0.009142857142857144,0.02842857142857143,10,가을,2019,3. 가을 (9~11월)
2019-10-10,15.1,24.1,6.0,69.3,0.0,0.9,9.8,17.9,33.0,14.0,0.019,0.015,0.4,0.004,18.1,1.5999999999999996,7.5,5.6199051000293725,6.5,1,0,6.0,27.0,0,0,2.0,15.0,0.0,0.0,0,0,0,1.0,11.0,0,3.0,21.0,0,0.0,47.0,95.0,236.0,0.0037142857142857142,0.010285714285714287,0.02742857142857143,10,가을,2019,3. 가을 (9~11월)
2019-10-11,18.6,25.4,12.9,65.1,0.0,1.5,10.4,20.5,25.0,10.0,0.027,0.013,0.4,0.003,12.499999999999998,3.5000000000000018,4.200000000000003,3.75898922584283,6.5,1,0,6.0,27.0,0,0,1.0,14.0,0.0,0.0,0,0,0,0.0,10.0,0,2.0,20.0,0,0.0,35.0,106.0,235.0,0.0035714285714285713,0.010714285714285714,0.027999999999999997,10,가을,2019,3. 가을 (9~11월)
2019-10-12,18.9,23.5,13.1,53.5,0.0,3.1,10.2,24.3,31.0,9.0,0.043,0.006,0.4,0.002,10.4,0.29999999999999716,11.599999999999994,8.183723683833431,6.5,0,0,5.0,26.0,0,0,1.0,14.0,0.0,0.0,0,0,0,0.0,10.0,0,1.0,19.0,0,0.0,40.0,122.0,217.0,0.003428571428571429,0.01057142857142857,0.029285714285714283,10,가을,2019,3. 가을 (9~11월)
2019-10-13,14.6,21.1,8.7,69.3,0.0,1.8,10.1,22.3,24.0,5.0,0.03,0.008,0.4,0.002,12.400000000000002,4.299999999999999,15.799999999999997,8.183723683833431,6.5,1,0,5.0,26.0,0,0,1.0,13.0,0.0,0.0,0,0,0,0.0,9.0,0,1.0,18.0,0,0.0,29.0,104.0,224.0,0.0032857142857142855,0.010857142857142857,0.02842857142857143,10,가을,2019,3. 가을 (9~11월)
2019-10-14,15.1,23.2,7.0,72.1,0.0,1.3,9.5,19.0,31.0,12.0,0.025,0.012,0.4,0.003,16.2,0.5,2.799999999999997,10.028625695145664,0.0,1,0,5.0,26.0,0,0,0.0,13.0,0.0,0.0,0,0,0,0.0,9.0,1,1.0,18.0,1,0.003,43.0,112.0,242.0,0.0031428571428571426,0.010857142857142859,0.029714285714285714,10,가을,2019,3. 가을 (9~11월)
2019-10-15,13.6,18.2,7.9,73.4,1.0,2.0,3.5,18.8,23.0,8.0,0.028,0.01,0.3,0.002,10.299999999999999,1.5,1.3000000000000114,2.095232683976076,1.0,1,0,6.0,26.0,0,0,0.0,13.0,0.0,0.0,0,0,0,0.0,9.0,1,2.0,19.0,2,0.002,31.0,103.0,249.0,0.002857142857142857,0.011142857142857144,0.027714285714285712,10,가을,2019,3. 가을 (9~11월)
2019-10-16,11.7,21.1,5.3,78.8,0.0,0.8,7.5,19.3,27.0,12.0,0.018,0.013,0.4,0.003,15.8,1.9000000000000004,5.3999999999999915,3.5529330606323524,1.0,1,0,6.0,26.0,1,0,1.0,14.0,0.0,0.0,1,0,0,0.0,9.0,1,3.0,20.0,3,0.003,39.0,113.0,264.0,0.0027142857142857142,0.011,0.027142857142857142,10,가을,2019,3. 가을 (9~11월)
2019-10-17,13.0,20.3,7.2,78.3,0.0,1.2,1.9,15.3,31.0,16.0,0.018,0.013,0.4,0.003,13.100000000000001,1.3000000000000007,0.5,2.9838453936713973,1.0,1,0,6.0,26.0,1,0,2.0,15.0,0.0,0.0,2,0,0,0.0,9.0,1,4.0,21.0,4,0.003,47.0,117.0,264.0,0.0025714285714285717,0.010714285714285714,0.027,10,가을,2019,3. 가을 (9~11월)
2019-10-18,14.5,17.7,10.9,87.8,4.0,1.2,0.0,14.5,19.0,7.0,0.022,0.014,0.4,0.003,6.799999999999999,1.5,9.5,5.346338310781813,5.0,1,0,6.0,26.0,1,0,3.0,16.0,0.0,0.0,3,0,0,0.0,9.0,1,5.0,21.0,5,0.003,26.0,112.0,255.0,0.0025714285714285717,0.010857142857142857,0.026285714285714284,10,가을,2019,3. 가을 (9~11월)
2019-10-19,16.7,23.7,11.9,80.8,3.0,1.0,6.4,20.6,19.0,10.0,0.028,0.009,0.3,0.003,11.799999999999999,2.1999999999999993,7.0,4.92442890089804,8.0,1,0,7.0,26.0,1,0,4.0,16.0,0.0,0.0,4,0,0,0.0,9.0,1,6.0,21.0,6,0.003,29.0,102.0,244.0,0.0027142857142857142,0.011285714285714286,0.02414285714285714,10,가을,2019,3. 가을 (9~11월)
2019-10-20,15.0,23.6,10.0,79.9,0.0,0.7,6.8,20.5,21.0,9.0,0.021,0.011,0.4,0.003,13.600000000000001,1.6999999999999993,0.8999999999999915,4.324735059322495,8.0,1,0,7.0,26.0,1,0,5.0,16.0,0.0,0.0,5,0,0,0.0,9.0,1,7.0,21.0,7,0.003,30.0,85.0,245.0,0.002857142857142857,0.011714285714285715,0.022857142857142857,10,가을,2019,3. 가을 (9~11월)
2019-10-21,14.4,22.4,10.2,79.3,0.0,1.3,6.7,20.5,24.0,12.0,0.022,0.011,0.4,0.003,12.2,0.5999999999999996,0.6000000000000085,0.7549834435272587,8.0,1,0,7.0,26.0,1,0,6.0,16.0,0.0,0.0,6,0,0,0.0,9.0,1,7.0,21.0,8,0.003,36.0,95.0,238.0,0.0028571428571428576,0.01157142857142857,0.02242857142857143,10,가을,2019,3. 가을 (9~11월)
2019-10-22,15.2,23.4,8.9,75.9,0.0,1.2,8.2,19.4,23.0,7.0,0.021,0.015,0.4,0.003,14.499999999999998,0.7999999999999989,3.3999999999999915,2.157158624981912,7.0,1,0,7.0,26.0,1,0,7.0,17.0,0.0,0.0,7,0,0,0.0,9.0,1,7.0,21.0,9,0.003,30.0,96.0,237.0,0.003,0.012285714285714285,0.02142857142857143,10,가을,2019,3. 가을 (9~11월)
2019-10-23,15.9,20.7,10.1,75.6,0.0,1.7,1.5,16.5,31.0,10.0,0.032,0.011,0.4,0.003,10.6,0.7000000000000011,0.30000000000001137,2.055075018906626,7.0,1,0,7.0,26.0,1,0,7.0,18.0,0.0,0.0,8,0,0,0.0,9.0,1,7.0,21.0,10,0.003,41.0,107.0,239.0,0.003,0.011999999999999999,0.02342857142857143,10,가을,2019,3. 가을 (9~11월)
2019-10-24,17.5,20.5,14.3,74.1,0.0,1.8,0.0,16.6,24.0,10.0,0.035,0.01,0.4,0.003,6.199999999999999,1.5999999999999996,1.5,0.9643650760998117,7.0,1,0,7.0,26.0,0,0,6.0,17.0,0.0,0.0,0,0,0,0.0,8.0,1,7.0,21.0,11,0.003,34.0,105.0,226.0,0.003,0.011571428571428571,0.025857142857142856,10,가을,2019,3. 가을 (9~11월)
2019-10-25,18.0,25.1,13.9,71.1,0.0,1.5,5.4,20.2,22.0,7.0,0.036,0.01,0.4,0.003,11.200000000000001,0.5,3.0,2.2912878474781833,3.0,1,0,7.0,26.0,0,0,5.0,16.0,0.0,0.0,0,0,0,0.0,7.0,1,7.0,21.0,12,0.003,29.0,104.0,229.0,0.003,0.011,0.027857142857142858,10,가을,2019,3. 가을 (9~11월)
2019-10-26,14.5,19.5,10.4,57.4,0.0,2.5,8.6,17.3,31.0,12.0,0.035,0.01,0.5,0.003,9.1,3.5,13.699999999999996,8.902995750495174,0.0,0,0,6.0,25.0,0,0,4.0,15.0,0.0,0.0,0,0,0,0.0,6.0,0,6.0,20.0,0,0.0,43.0,106.0,243.0,0.003,0.011142857142857144,0.02885714285714286,10,가을,2019,3. 가을 (9~11월)
2019-10-27,10.9,18.2,4.2,56.4,0.0,2.3,9.7,14.6,27.0,10.0,0.033,0.011,0.5,0.003,14.0,3.5999999999999996,1.0,8.213606597185896,0.0,0,0,5.0,24.0,0,0,3.0,14.0,0.0,0.0,0,0,0,0.0,5.0,0,5.0,19.0,0,0.0,37.0,109.0,250.0,0.003,0.011142857142857144,0.030571428571428572,10,가을,2019,3. 가을 (9~11월)
2019-10-28,9.8,19.3,1.0,69.8,0.0,0.9,9.6,12.6,41.0,20.0,0.018,0.02,0.6,0.004,18.3,1.0999999999999996,13.399999999999999,7.46458304260877,0.0,1,0,5.0,24.0,0,0,2.0,13.0,0.0,0.0,0,0,0,0.0,4.0,0,4.0,18.0,0,0.0,61.0,141.0,275.0,0.003142857142857143,0.012428571428571428,0.03,10,가을,2019,3. 가을 (9~11월)
2019-10-29,12.3,20.0,5.0,64.1,0.0,1.5,6.2,13.6,97.0,28.0,0.025,0.015,0.5,0.003,15.0,2.5,5.700000000000003,6.7248296137029,0.0,1,0,5.0,24.0,0,0,1.0,12.0,0.0,0.0,0,0,0,0.0,3.0,0,3.0,17.0,0,0.0,125.0,223.0,370.0,0.0031428571428571426,0.012428571428571428,0.030571428571428576,10,가을,2019,3. 가을 (9~11월)
2019-10-30,12.5,19.3,5.9,54.8,0.0,2.1,9.6,15.0,40.0,11.0,0.03,0.014,0.4,0.003,13.4,0.1999999999999993,9.299999999999997,7.571657678474523,0.0,0,0,4.0,23.0,0,0,0.0,11.0,0.0,0.0,0,0,0,0.0,2.0,0,2.0,16.0,0,0.0,51.0,237.0,380.0,0.0031428571428571426,0.012857142857142857,0.030285714285714287,10,가을,2019,3. 가을 (9~11월)
2019-10-31,14.5,22.0,6.8,59.5,0.0,2.1,9.3,14.1,50.0,19.0,0.033,0.02,0.5,0.004,15.2,2.0,4.700000000000003,4.6500896048717015,0.0,0,0,3.0,22.0,0,0,0.0,10.0,0.0,0.0,0,0,0,0.0,1.0,0,1.0,15.0,0,0.0,69.0,245.0,415.0,0.0032857142857142855,0.014285714285714287,0.030000000000000002,10,가을,2019,3. 가을 (9~11월)
2019-11-01,14.7,23.3,9.1,67.6,0.0,1.4,8.5,15.0,111.0,42.0,0.035,0.025,0.7,0.004,14.200000000000001,0.1999999999999993,8.099999999999994,6.47482303490495,0.0,1,0,3.0,22.0,0,0,0.0,9.0,0.0,0.0,0,0,0,0.0,0.0,0,0.0,14.0,0,0.0,153.0,273.0,539.0,0.003428571428571429,0.016428571428571428,0.02985714285714286,11,가을,2019,3. 가을 (9~11월)
2019-11-02,13.4,21.4,6.8,76.5,0.0,0.6,5.6,14.7,67.0,28.0,0.019,0.02,0.6,0.003,14.599999999999998,1.299999999999999,8.900000000000006,8.503136676152817,0.0,1,0,4.0,22.0,1,0,1.0,10.0,0.0,0.0,1,0,0,0.0,0.0,1,1.0,14.0,1,0.003,95.0,317.0,591.0,0.003428571428571429,0.017857142857142856,0.027571428571428573,11,가을,2019,3. 가을 (9~11월)
2019-11-03,14.0,22.2,8.0,78.9,6.5,1.0,6.0,16.0,61.0,32.0,0.025,0.013,0.6,0.004,14.2,0.5999999999999996,2.4000000000000057,5.953430383680885,6.5,1,0,5.0,22.0,1,0,2.0,11.0,0.0,0.0,2,0,0,0.0,0.0,1,2.0,15.0,2,0.004,93.0,341.0,647.0,0.0035714285714285718,0.018142857142857145,0.02642857142857143,11,가을,2019,3. 가을 (9~11월)
2019-11-04,12.5,18.1,5.5,69.0,0.0,1.2,3.1,13.5,23.0,5.0,0.025,0.013,0.4,0.003,12.600000000000001,1.5,9.900000000000006,5.1643005334702705,6.5,1,0,5.0,22.0,0,0,2.0,10.0,0.0,0.0,0,0,0,0.0,0.0,0,2.0,14.0,0,0.0,28.0,216.0,614.0,0.003428571428571429,0.017142857142857144,0.02742857142857143,11,가을,2019,3. 가을 (9~11월)
2019-11-05,10.7,20.1,2.6,70.4,0.0,1.4,8.7,11.0,33.0,14.0,0.021,0.016,0.5,0.004,17.5,1.8000000000000007,1.4000000000000057,5.357549190939343,6.5,1,0,5.0,23.0,0,0,2.0,10.0,0.0,0.0,0,0,0,0.0,0.0,1,3.0,15.0,1,0.004,47.0,168.0,536.0,0.0035714285714285718,0.017285714285714286,0.026857142857142857,11,가을,2019,3. 가을 (9~11월)
2019-11-06,10.7,20.1,3.3,71.4,0.0,0.6,8.5,11.5,58.0,32.0,0.019,0.025,0.6,0.004,16.8,0.0,1.0,1.2055427546690298,6.5,1,0,6.0,23.0,0,0,2.0,10.0,0.0,0.0,0,0,0,0.0,0.0,1,4.0,16.0,2,0.004,90.0,165.0,575.0,0.0037142857142857142,0.018857142857142857,0.025285714285714283,11,가을,2019,3. 가을 (9~11월)
2019-11-07,11.5,18.9,4.9,59.3,0.0,2.1,6.2,11.5,48.0,22.0,0.031,0.019,0.5,0.004,13.999999999999998,0.8000000000000007,12.100000000000009,6.715901527965941,6.5,0,0,6.0,22.0,0,0,2.0,10.0,0.0,0.0,0,0,0,0.0,0.0,0,4.0,16.0,0,0.0,70.0,207.0,576.0,0.0037142857142857142,0.018714285714285715,0.025,11,가을,2019,3. 가을 (9~11월)
2019-11-08,7.8,17.2,1.3,56.1,0.0,1.3,8.6,9.5,53.0,24.0,0.021,0.022,0.5,0.004,15.899999999999999,3.7,3.1999999999999957,8.06990293208881,6.5,0,0,5.0,21.0,0,0,2.0,10.0,0.0,0.0,0,0,0,0.0,0.0,0,4.0,16.0,0,0.0,77.0,237.0,500.0,0.0037142857142857142,0.018285714285714287,0.023000000000000003,11,가을,2019,3. 가을 (9~11월)
2019-11-09,6.9,18.1,-1.2,60.3,0.0,1.2,8.7,8.5,52.0,29.0,0.016,0.023,0.5,0.003,19.3,0.8999999999999995,4.199999999999996,2.193931022921145,6.5,1,0,5.0,22.0,0,0,1.0,10.0,0.0,0.0,0,0,0,0.0,0.0,0,3.0,16.0,0,0.0,81.0,228.0,486.0,0.0037142857142857142,0.018714285714285715,0.022571428571428572,11,가을,2019,3. 가을 (9~11월)
2019-11-10,7.4,15.2,-0.1,72.9,7.0,0.8,2.2,9.0,49.0,27.0,0.012,0.022,0.5,0.004,15.299999999999999,0.5,12.600000000000009,8.742997197757882,7.0,1,0,5.0,22.0,0,0,0.0,10.0,0.0,0.0,0,0,0,0.0,0.0,1,3.0,17.0,1,0.004,76.0,234.0,469.0,0.0037142857142857142,0.019999999999999997,0.020714285714285716,11,가을,2019,3. 가을 (9~11월)
2019-11-11,12.7,17.7,8.8,67.9,0.0,2.5,5.7,10.9,25.0,11.0,0.038,0.012,0.6,0.003,8.899999999999999,5.299999999999999,5.0,6.344551468254879,7.0,1,0,5.0,22.0,0,0,0.0,10.0,0.0,0.0,0,0,0,0.0,0.0,0,3.0,16.0,0,0.0,36.0,193.0,477.0,0.0037142857142857147,0.019857142857142858,0.022571428571428572,11,가을,2019,3. 가을 (9~11월)
2019-11-12,9.2,18.2,3.7,75.8,0.0,0.8,8.2,9.8,50.0,24.0,0.02,0.022,0.6,0.004,14.5,3.5,7.8999999999999915,3.9962482405377586,7.0,1,0,5.0,22.0,1,0,1.0,11.0,0.0,0.0,1,0,0,0.0,0.0,1,3.0,16.0,1,0.004,74.0,186.0,504.0,0.0037142857142857147,0.020714285714285713,0.02242857142857143,11,가을,2019,3. 가을 (9~11월)
2019-11-13,8.6,14.1,1.7,70.6,0.0,1.6,0.0,8.7,47.0,26.0,0.01,0.024,0.6,0.004,12.4,0.5999999999999996,5.200000000000003,4.015387071420957,7.0,1,0,5.0,22.0,0,0,1.0,10.0,0.0,0.0,0,0,0,0.0,0.0,1,3.0,16.0,2,0.004,73.0,183.0,487.0,0.0037142857142857147,0.020571428571428574,0.02114285714285714,11,가을,2019,3. 가을 (9~11월)
2019-11-14,4.0,10.1,-2.8,37.3,0.0,3.4,8.1,4.6,32.0,10.0,0.026,0.012,0.4,0.003,12.899999999999999,4.6,33.3,20.889311461446887,7.0,0,0,5.0,21.0,0,0,1.0,9.0,0.0,0.0,0,0,0,0.0,0.0,0,3.0,15.0,0,0.0,42.0,189.0,459.0,0.0035714285714285718,0.01957142857142857,0.02042857142857143,11,가을,2019,3. 가을 (9~11월)
2019-11-15,5.4,16.4,-5.0,62.4,0.0,0.7,7.9,5.6,46.0,18.0,0.014,0.025,0.5,0.004,21.4,1.4000000000000004,25.1,17.35002401535332,7.0,1,0,6.0,21.0,0,0,1.0,8.0,0.0,0.0,0,0,0,0.0,0.0,0,3.0,14.0,0,0.0,64.0,179.0,446.0,0.0035714285714285718,0.019999999999999997,0.01942857142857143,11,가을,2019,3. 가을 (9~11월)
2019-11-16,10.4,19.3,2.5,74.5,0.0,0.6,6.5,9.6,59.0,27.0,0.016,0.023,0.6,0.004,16.8,5.0,12.100000000000001,18.974807860248198,7.0,1,0,6.0,21.0,0,0,1.0,7.0,0.0,0.0,0,0,0,0.0,0.0,1,4.0,14.0,1,0.004,86.0,192.0,451.0,0.0037142857142857147,0.02,0.01942857142857143,11,가을,2019,3. 가을 (9~11월)
2019-11-17,11.0,15.3,4.6,85.8,0.0,1.0,0.0,9.8,64.0,34.0,0.009,0.023,0.8,0.005,10.700000000000001,0.5999999999999996,11.299999999999997,11.70227898032406,0.0,1,0,6.0,21.0,1,0,2.0,7.0,0.0,0.0,1,0,0,0.0,0.0,1,4.0,14.0,2,0.005,98.0,248.0,473.0,0.0038571428571428576,0.02014285714285714,0.019,11,가을,2019,3. 가을 (9~11월)
2019-11-18,10.7,20.1,4.4,60.5,12.5,4.4,2.5,10.5,63.0,13.0,0.034,0.008,0.5,0.003,15.700000000000001,0.3000000000000007,25.299999999999997,12.67398911156235,12.5,1,0,6.0,21.0,0,0,2.0,6.0,0.0,0.0,0,0,0,0.0,0.0,0,4.0,13.0,0,0.0,76.0,260.0,513.0,0.003857142857142857,0.019571428571428573,0.01842857142857143,11,가을,2019,3. 가을 (9~11월)
2019-11-19,4.6,8.7,1.6,53.3,0.0,3.5,7.2,4.3,34.0,8.0,0.031,0.008,0.3,0.004,7.1,6.1,7.200000000000003,17.06936827575453,12.5,0,0,5.0,20.0,0,0,1.0,5.0,0.0,0.0,0,0,0,0.0,0.0,0,3.0,12.0,0,0.0,42.0,216.0,481.0,0.003857142857142857,0.01757142857142857,0.02,11,가을,2019,3. 가을 (9~11월)
2019-11-20,2.9,10.3,-2.3,47.0,0.0,2.0,7.8,2.4,28.0,9.0,0.023,0.016,0.4,0.004,12.600000000000001,1.6999999999999997,6.299999999999997,6.754998149518887,12.5,0,0,4.0,19.0,0,0,1.0,4.0,0.0,0.0,0,0,0,0.0,0.0,0,2.0,11.0,0,0.0,37.0,155.0,445.0,0.003857142857142857,0.016428571428571428,0.021857142857142856,11,가을,2019,3. 가을 (9~11월)
2019-11-21,4.8,14.4,-5.2,59.3,0.0,0.7,7.7,4.7,32.0,14.0,0.011,0.024,0.5,0.005,19.6,1.9,12.299999999999997,6.150609725873008,12.5,0,0,4.0,18.0,0,0,1.0,4.0,0.0,0.0,0,0,0,0.0,0.0,0,2.0,10.0,0,0.0,46.0,125.0,449.0,0.004142857142857143,0.018142857142857145,0.019714285714285712,11,가을,2019,3. 가을 (9~11월)
2019-11-22,8.4,18.2,0.8,76.3,0.0,1.0,7.6,7.7,35.0,15.0,0.013,0.022,0.5,0.004,17.4,3.6000000000000005,17.0,14.712692932748102,12.5,1,0,4.0,18.0,1,0,2.0,5.0,0.0,0.0,1,0,0,0.0,0.0,1,3.0,10.0,1,0.004,50.0,133.0,435.0,0.004142857142857143,0.017714285714285714,0.01957142857142857,11,가을,2019,3. 가을 (9~11월)
2019-11-23,10.3,19.1,3.5,77.8,0.0,0.5,7.8,9.3,39.0,19.0,0.011,0.02,0.6,0.005,15.600000000000001,1.9000000000000004,1.5,10.275375094532292,12.5,1,0,4.0,19.0,1,0,3.0,6.0,0.0,0.0,2,0,0,0.0,0.0,1,3.0,11.0,2,0.005,58.0,154.0,407.0,0.004285714285714286,0.017285714285714286,0.018857142857142857,11,가을,2019,3. 가을 (9~11월)
2019-11-24,13.1,21.0,7.4,75.5,0.0,1.3,4.3,11.9,42.0,22.0,0.014,0.02,0.5,0.005,13.6,2.799999999999999,2.299999999999997,1.1676186592092894,12.5,1,0,4.0,20.0,1,0,3.0,7.0,0.0,0.0,3,0,0,0.0,0.0,1,3.0,12.0,3,0.005,64.0,172.0,373.0,0.004285714285714286,0.016857142857142855,0.019571428571428573,11,가을,2019,3. 가을 (9~11월)
2019-11-25,8.9,13.5,6.8,67.6,0.0,2.6,0.2,9.1,19.0,7.0,0.028,0.009,0.2,0.003,6.7,4.199999999999999,7.900000000000006,5.350077881053141,0.0,1,0,4.0,20.0,0,0,3.0,7.0,0.0,0.0,0,0,0,0.0,0.0,0,3.0,12.0,0,0.0,26.0,148.0,323.0,0.004285714285714286,0.017,0.018714285714285715,11,가을,2019,3. 가을 (9~11월)
2019-11-26,8.6,13.7,3.3,70.8,0.0,1.3,4.9,8.5,21.0,7.0,0.023,0.016,0.2,0.004,10.399999999999999,0.3000000000000007,3.200000000000003,3.9736632972612322,0.0,1,0,5.0,20.0,0,0,3.0,7.0,0.0,0.0,0,0,0,0.0,0.0,1,4.0,13.0,1,0.004,28.0,118.0,309.0,0.004285714285714286,0.018142857142857145,0.01757142857142857,11,가을,2019,3. 가을 (9~11월)
2019-11-27,6.0,11.3,1.0,63.6,0.0,1.4,0.5,6.6,34.0,16.0,0.014,0.019,0.3,0.004,10.3,2.5999999999999996,7.199999999999996,3.607399802258519,0.0,1,0,6.0,21.0,0,0,3.0,7.0,0.0,0.0,0,0,0,0.0,0.0,0,4.0,13.0,0,0.0,50.0,104.0,322.0,0.004285714285714286,0.018571428571428572,0.016285714285714285,11,가을,2019,3. 가을 (9~11월)
2019-11-28,4.9,10.4,0.4,76.9,0.0,1.2,0.6,6.4,33.0,17.0,0.012,0.02,0.3,0.004,10.0,1.0999999999999996,13.300000000000004,6.657577136867018,0.0,1,0,7.0,22.0,1,0,4.0,8.0,0.0,0.0,1,0,0,0.0,0.0,1,5.0,14.0,1,0.004,50.0,128.0,326.0,0.0041428571428571434,0.018,0.016428571428571428,11,가을,2019,3. 가을 (9~11월)
2019-11-29,3.3,11.7,-1.6,62.4,0.0,1.4,7.7,4.1,30.0,14.0,0.013,0.021,0.3,0.004,13.299999999999999,1.6000000000000005,14.500000000000007,8.047566920090498,0.0,1,0,7.0,22.0,0,0,3.0,8.0,0.0,0.0,0,0,0,0.0,0.0,0,4.0,14.0,0,0.0,44.0,144.0,320.0,0.0041428571428571434,0.017857142857142856,0.016428571428571428,11,가을,2019,3. 가을 (9~11월)
2019-11-30,5.2,13.3,-0.8,69.3,0.0,0.6,2.5,6.2,48.0,25.0,0.007,0.028,0.4,0.005,14.100000000000001,1.9000000000000004,6.899999999999999,7.252815545244107,0.0,1,0,7.0,22.0,0,0,2.0,7.0,0.0,0.0,0,0,0,0.0,0.0,0,3.0,13.0,0,0.0,73.0,167.0,335.0,0.0041428571428571434,0.019,0.015857142857142858,11,가을,2019,3. 가을 (9~11월)
2019-12-01,6.8,9.9,4.3,78.4,23.0,1.3,0.0,7.2,39.0,25.0,0.013,0.021,0.3,0.004,5.6000000000000005,1.5999999999999996,9.100000000000009,8.025168741735872,23.0,1,0,7.0,22.0,1,0,2.0,7.0,0.0,0.0,1,0,0,0.0,0.0,1,3.0,13.0,1,0.004,64.0,181.0,335.0,0.004,0.019142857142857145,0.015714285714285715,12,겨울,2019,4. 겨울 (12~2월)
2019-12-02,4.3,7.9,0.5,53.5,0.5,4.5,6.5,4.0,25.0,11.0,0.033,0.008,0.2,0.004,7.4,2.5,24.900000000000006,12.599338606979929,23.5,0,0,6.0,21.0,0,0,2.0,7.0,0.0,0.0,0,0,0,0.0,0.0,0,3.0,13.0,0,0.0,36.0,173.0,345.0,0.0041428571428571434,0.019,0.016428571428571428,12,겨울,2019,4. 겨울 (12~2월)
2019-12-03,3.5,9.2,-3.2,57.6,0.0,2.5,7.1,3.2,23.0,9.0,0.027,0.013,0.2,0.004,12.399999999999999,0.7999999999999998,4.100000000000001,13.350780251855525,23.5,0,0,5.0,20.0,0,0,2.0,7.0,0.0,0.0,0,0,0,0.0,0.0,0,2.0,12.0,0,0.0,32.0,132.0,349.0,0.0041428571428571434,0.018571428571428572,0.016999999999999998,12,겨울,2019,4. 겨울 (12~2월)
2019-12-04,3.4,10.2,-1.7,59.4,0.0,1.9,5.9,3.7,31.0,14.0,0.02,0.019,0.3,0.004,11.899999999999999,0.10000000000000009,1.7999999999999972,3.023794525647579,23.5,0,0,4.0,19.0,0,0,2.0,7.0,0.0,0.0,0,0,0,0.0,0.0,0,2.0,11.0,0,0.0,45.0,113.0,344.0,0.0041428571428571434,0.018571428571428572,0.017857142857142856,12,겨울,2019,4. 겨울 (12~2월)
2019-12-05,1.6,6.1,-3.5,39.5,0.0,3.3,7.7,1.5,26.0,9.0,0.031,0.013,0.4,0.004,9.6,1.7999999999999998,19.9,11.00651322323909,23.5,0,0,3.0,19.0,0,0,1.0,7.0,0.0,0.0,0,0,0,0.0,0.0,0,1.0,11.0,0,0.0,35.0,112.0,329.0,0.0041428571428571434,0.01757142857142857,0.020571428571428574,12,겨울,2019,4. 겨울 (12~2월)
2019-12-06,-2.7,3.9,-6.9,35.1,0.0,2.2,7.5,0.0,21.0,8.0,0.025,0.017,0.4,0.004,10.8,4.300000000000001,4.399999999999999,12.947715371189545,23.5,0,0,2.0,19.0,0,0,1.0,7.0,0.0,0.0,0,0,0,0.0,0.0,0,1.0,11.0,0,0.0,29.0,109.0,314.0,0.0041428571428571434,0.016999999999999998,0.022285714285714287,12,겨울,2019,4. 겨울 (12~2월)
2019-12-07,1.4,8.6,-7.8,49.8,0.0,2.4,7.6,0.9,31.0,16.0,0.025,0.019,0.5,0.005,16.4,4.1,14.699999999999996,7.544755352782385,23.5,0,0,1.0,18.0,0,0,1.0,7.0,0.0,0.0,0,0,0,0.0,0.0,0,1.0,11.0,0,0.0,47.0,111.0,288.0,0.0041428571428571434,0.015714285714285715,0.024857142857142855,12,겨울,2019,4. 겨울 (12~2월)
2019-12-08,1.4,9.4,-4.4,62.5,0.0,1.3,7.6,1.7,58.0,39.0,0.023,0.02,0.6,0.005,13.8,0.0,12.700000000000003,13.712160053519556,0.5,1,0,1.0,18.0,0,0,0.0,7.0,0.0,0.0,0,0,0,0.0,0.0,0,0.0,10.0,0,0.0,97.0,173.0,321.0,0.004285714285714286,0.01557142857142857,0.026285714285714284,12,겨울,2019,4. 겨울 (12~2월)
2019-12-09,0.5,10.9,-7.4,69.8,0.0,0.7,7.6,1.4,67.0,41.0,0.008,0.034,0.7,0.005,18.3,0.8999999999999999,7.299999999999997,10.120770721639861,0.0,1,0,2.0,18.0,0,0,0.0,7.0,0.0,0.0,0,0,0,0.0,0.0,0,0.0,10.0,0,0.0,108.0,252.0,393.0,0.004428571428571428,0.019285714285714288,0.022714285714285715,12,겨울,2019,4. 겨울 (12~2월)
2019-12-10,3.6,15.1,-4.0,75.1,0.0,0.7,5.1,3.4,83.0,51.0,0.009,0.037,0.8,0.005,19.1,3.1,5.299999999999997,6.326399713370544,0.0,1,0,3.0,18.0,1,0,1.0,7.0,0.0,0.0,1,0,0,0.0,0.0,1,1.0,10.0,1,0.005,134.0,339.0,495.0,0.004571428571428572,0.022714285714285715,0.020142857142857146,12,겨울,2019,4. 겨울 (12~2월)
2019-12-11,6.5,16.6,-0.3,64.9,0.0,2.5,5.1,4.9,72.0,44.0,0.023,0.02,0.7,0.005,16.900000000000002,2.9,10.199999999999989,5.1013070220615795,0.0,1,0,4.0,18.0,0,0,1.0,7.0,0.0,0.0,0,0,0,0.0,0.0,0,1.0,9.0,0,0.0,116.0,358.0,566.0,0.004714285714285714,0.022857142857142857,0.020571428571428574,12,겨울,2019,4. 겨울 (12~2월)
2019-12-12,2.8,7.5,-2.6,33.3,0.0,1.5,7.7,2.2,18.0,5.0,0.025,0.013,0.4,0.004,10.1,3.7,31.60000000000001,21.79388293382655,0.0,0,0,4.0,18.0,0,0,1.0,7.0,0.0,0.0,0,0,0,0.0,0.0,0,1.0,9.0,0,0.0,23.0,273.0,554.0,0.004714285714285714,0.022857142857142857,0.019714285714285715,12,겨울,2019,4. 겨울 (12~2월)
2019-12-13,0.6,9.3,-6.9,47.3,0.0,0.8,7.6,1.6,43.0,20.0,0.008,0.032,0.6,0.005,16.200000000000003,2.1999999999999997,14.0,15.834140330311712,0.0,0,0,4.0,17.0,0,0,1.0,7.0,0.0,0.0,0,0,0,0.0,0.0,0,1.0,9.0,0,0.0,63.0,202.0,588.0,0.004857142857142858,0.025,0.017285714285714286,12,겨울,2019,4. 겨울 (12~2월)
2019-12-14,3.1,11.0,-3.0,53.3,0.0,1.8,7.2,3.3,45.0,26.0,0.016,0.025,0.5,0.005,14.0,2.5,6.0,10.26320287889397,0.0,0,0,4.0,16.0,0,0,1.0,7.0,0.0,0.0,0,0,0,0.0,0.0,0,1.0,8.0,0,0.0,71.0,157.0,612.0,0.004857142857142858,0.025857142857142856,0.016,12,겨울,2019,4. 겨울 (12~2월)
2019-12-15,4.5,13.2,-1.9,67.0,0.0,1.0,7.2,4.6,40.0,20.0,0.012,0.022,0.5,0.005,15.1,1.4,13.700000000000003,10.097689504700382,0.0,1,0,4.0,16.0,0,0,1.0,6.0,0.0,0.0,0,0,0,0.0,0.0,0,1.0,7.0,0,0.0,60.0,194.0,575.0,0.004857142857142858,0.02614285714285714,0.014428571428571428,12,겨울,2019,4. 겨울 (12~2월)
2019-12-16,5.0,14.0,-2.8,72.0,0.0,0.5,6.8,4.4,44.0,19.0,0.008,0.027,0.5,0.005,16.8,0.5,5.0,9.68142551487135,0.0,1,0,4.0,16.0,0,0,1.0,6.0,0.0,0.0,0,0,0,0.0,0.0,1,2.0,8.0,1,0.005,63.0,194.0,530.0,0.004857142857142858,0.025142857142857144,0.01442857142857143,12,겨울,2019,4. 겨울 (12~2월)
2019-12-17,8.3,17.6,0.1,75.8,0.0,1.6,3.8,8.3,47.0,26.0,0.012,0.025,0.5,0.005,17.5,3.3000000000000007,3.799999999999997,4.413615298142905,0.0,1,0,4.0,17.0,1,0,1.0,7.0,0.0,0.0,1,0,0,0.0,0.0,1,2.0,9.0,2,0.005,73.0,196.0,469.0,0.004857142857142858,0.02342857142857143,0.014857142857142859,12,겨울,2019,4. 겨울 (12~2월)
2019-12-18,7.2,12.4,3.3,56.1,0.0,2.5,7.5,7.8,37.0,24.0,0.029,0.012,0.5,0.004,9.100000000000001,1.1000000000000005,19.699999999999996,10.450996762669812,0.0,0,0,3.0,17.0,0,0,1.0,7.0,0.0,0.0,0,0,0,0.0,0.0,0,2.0,9.0,0,0.0,61.0,197.0,414.0,0.004714285714285714,0.02228571428571429,0.015714285714285715,12,겨울,2019,4. 겨울 (12~2월)
2019-12-19,3.8,9.4,0.7,35.0,0.0,3.4,6.3,4.3,30.0,16.0,0.029,0.014,0.3,0.005,8.700000000000001,3.4000000000000004,21.1,20.4040028752531,0.0,0,0,3.0,17.0,0,0,1.0,7.0,0.0,0.0,0,0,0,0.0,0.0,0,2.0,9.0,0,0.0,46.0,180.0,437.0,0.004857142857142858,0.02242857142857143,0.016285714285714285,12,겨울,2019,4. 겨울 (12~2월)
2019-12-20,1.3,7.1,-2.7,50.3,0.0,2.2,6.7,2.5,34.0,16.0,0.023,0.02,0.4,0.005,9.8,2.5,15.299999999999997,10.900611603636653,0.0,0,0,3.0,16.0,0,0,1.0,6.0,0.0,0.0,0,0,0,0.0,0.0,0,2.0,8.0,0,0.0,50.0,157.0,424.0,0.004857142857142858,0.020714285714285716,0.01842857142857143,12,겨울,2019,4. 겨울 (12~2월)
2019-12-21,0.5,4.2,-4.4,55.8,0.0,1.5,2.1,-0.4,47.0,28.0,0.014,0.027,0.6,0.006,8.600000000000001,0.8,5.5,10.777909506640794,0.0,0,0,3.0,15.0,0,0,1.0,5.0,0.0,0.0,0,0,0,0.0,0.0,0,2.0,7.0,0,0.0,75.0,171.0,428.0,0.005,0.021,0.018142857142857145,12,겨울,2019,4. 겨울 (12~2월)
2019-12-22,0.0,7.1,-4.4,73.9,0.0,0.5,0.9,1.4,67.0,42.0,0.004,0.034,0.7,0.006,11.5,0.5,18.10000000000001,12.347874310989846,0.0,1,0,3.0,15.0,0,0,1.0,4.0,0.0,0.0,0,0,0,0.0,0.0,1,3.0,7.0,1,0.006,109.0,234.0,477.0,0.0051428571428571435,0.02271428571428571,0.017,12,겨울,2019,4. 겨울 (12~2월)
2019-12-23,1.8,11.3,-5.3,69.0,0.0,1.5,4.4,1.6,67.0,46.0,0.017,0.022,0.7,0.005,16.6,1.8,4.900000000000006,9.36180182087483,0.0,1,0,3.0,15.0,0,0,1.0,4.0,0.0,0.0,0,0,0,0.0,0.0,0,2.0,7.0,0,0.0,113.0,297.0,527.0,0.005142857142857143,0.022,0.018285714285714287,12,겨울,2019,4. 겨울 (12~2월)
2019-12-24,2.1,11.2,-3.8,73.0,0.0,0.7,6.6,3.4,69.0,48.0,0.014,0.028,0.8,0.006,15.0,0.30000000000000004,4.0,2.6083200212654574,0.0,1,0,3.0,15.0,0,0,0.0,4.0,0.0,0.0,0,0,0,0.0,0.0,1,2.0,7.0,1,0.006,117.0,339.0,571.0,0.005285714285714287,0.02242857142857143,0.018571428571428572,12,겨울,2019,4. 겨울 (12~2월)
2019-12-25,3.5,13.2,-4.9,60.9,0.0,0.8,7.3,4.5,59.0,39.0,0.011,0.028,0.7,0.006,18.1,1.4,12.100000000000001,6.164684366075439,0.0,1,0,4.0,15.0,0,0,0.0,4.0,0.0,0.0,0,0,0,0.0,0.0,0,2.0,7.0,0,0.0,98.0,328.0,608.0,0.005571428571428572,0.024714285714285716,0.016,12,겨울,2019,4. 겨울 (12~2월)
2019-12-26,3.2,6.9,0.5,69.0,2.0,2.1,0.0,2.7,40.0,25.0,0.015,0.021,0.6,0.005,6.4,0.2999999999999998,8.100000000000001,6.164684366075439,2.0,1,0,5.0,15.0,0,0,0.0,3.0,0.0,0.0,0,0,0,0.0,0.0,0,2.0,6.0,0,0.0,65.0,280.0,627.0,0.005571428571428572,0.025714285714285714,0.013999999999999999,12,겨울,2019,4. 겨울 (12~2월)
2019-12-27,1.1,6.1,-3.2,44.8,0.0,3.4,7.6,1.7,29.0,14.0,0.033,0.013,0.4,0.005,9.3,2.1,24.200000000000003,12.318414400130253,2.0,0,0,5.0,14.0,0,0,0.0,3.0,0.0,0.0,0,0,0,0.0,0.0,0,2.0,6.0,0,0.0,43.0,206.0,620.0,0.005571428571428573,0.024714285714285713,0.01542857142857143,12,겨울,2019,4. 겨울 (12~2월)
2019-12-28,-0.2,7.9,-5.4,54.0,0.0,1.1,7.6,1.2,45.0,22.0,0.016,0.027,0.6,0.006,13.3,1.3,9.200000000000003,12.215290963924549,2.0,0,0,5.0,13.0,0,0,0.0,3.0,0.0,0.0,0,0,0,0.0,0.0,0,2.0,6.0,0,0.0,67.0,175.0,612.0,0.005571428571428572,0.024714285714285713,0.015714285714285715,12,겨울,2019,4. 겨울 (12~2월)
2019-12-29,-0.2,5.1,-6.4,72.8,3.0,0.4,0.0,-0.4,55.0,32.0,0.004,0.028,0.7,0.005,11.5,0.0,18.799999999999997,14.271650219929128,5.0,1,0,5.0,13.0,0,0,0.0,2.0,0.0,0.0,0,0,0,0.0,0.0,1,2.0,6.0,1,0.005,87.0,197.0,590.0,0.0054285714285714284,0.023857142857142858,0.015714285714285715,12,겨울,2019,4. 겨울 (12~2월)
2019-12-30,5.3,11.6,2.0,76.9,2.0,2.3,2.3,6.7,39.0,27.0,0.015,0.023,0.6,0.005,9.6,5.5,4.1000000000000085,12.211060560000575,7.0,1,0,5.0,14.0,1,0,1.0,3.0,0.0,0.0,1,0,0,0.0,0.0,1,3.0,7.0,2,0.005,66.0,220.0,543.0,0.005428571428571429,0.023999999999999997,0.015428571428571429,12,겨울,2019,4. 겨울 (12~2월)
2019-12-31,-2.7,2.4,-5.2,37.9,0.0,4.4,7.6,-0.7,21.0,9.0,0.033,0.01,0.4,0.005,7.6,8.0,39.00000000000001,21.431363310189482,7.0,0,0,4.0,14.0,0,0,1.0,3.0,0.0,0.0,0,0,0,0.0,0.0,0,2.0,7.0,0,0.0,30.0,183.0,456.0,0.005285714285714285,0.02142857142857143,0.018142857142857145,12,겨울,2019,4. 겨울 (12~2월)
2020-01-01,0.2,5.0,-5.6,54.4,0.0,3.5,7.1,0.5,24.0,11.0,0.029,0.011,0.4,0.005,10.6,2.9000000000000004,16.5,19.576771950451985,7.0,0,0,3.0,14.0,0,0,1.0,3.0,0.0,0.0,0,0,0,0.0,0.0,0,2.0,7.0,0,0.0,35.0,131.0,393.0,0.005142857142857143,0.019,0.020714285714285716,1,겨울,2020,4. 겨울 (12~2월)
2020-01-02,3.2,7.7,-2.3,58.6,0.0,2.9,7.5,3.0,56.0,36.0,0.026,0.017,0.6,0.006,10.0,3.0,4.200000000000003,10.942120452636427,5.0,0,0,2.0,14.0,0,0,1.0,3.0,0.0,0.0,0,0,0,0.0,0.0,0,2.0,7.0,0,0.0,92.0,157.0,420.0,0.005285714285714287,0.01842857142857143,0.022285714285714287,1,겨울,2020,4. 겨울 (12~2월)
2020-01-03,3.7,9.0,-0.7,51.1,0.0,2.5,7.1,3.3,69.0,45.0,0.028,0.022,0.7,0.007,9.7,0.5,7.5,3.758989225842989,5.0,0,0,2.0,14.0,0,0,1.0,3.0,0.0,0.0,0,0,0,0.0,0.0,0,2.0,7.0,0,0.0,114.0,241.0,491.0,0.005571428571428572,0.019714285714285715,0.02157142857142857,1,겨울,2020,4. 겨울 (12~2월)
2020-01-04,2.0,8.5,-2.9,55.4,0.0,2.5,5.7,1.6,54.0,32.0,0.023,0.024,0.7,0.007,11.4,1.7000000000000002,4.299999999999997,3.763420430052553,5.0,0,0,2.0,14.0,0,0,1.0,3.0,0.0,0.0,0,0,0,0.0,0.0,0,2.0,7.0,0,0.0,86.0,292.0,510.0,0.005714285714285714,0.019285714285714288,0.022571428571428572,1,겨울,2020,4. 겨울 (12~2월)
2020-01-05,0.2,10.4,-6.9,61.9,0.0,0.8,7.7,2.4,58.0,39.0,0.012,0.026,0.7,0.006,17.3,1.8,6.5,5.437217425608131,2.0,1,0,2.0,14.0,0,0,1.0,3.0,0.0,0.0,0,0,0,0.0,0.0,0,1.0,7.0,0,0.0,97.0,297.0,520.0,0.005857142857142858,0.019,0.023714285714285716,1,겨울,2020,4. 겨울 (12~2월)
2020-01-06,1.5,3.6,-3.6,80.5,10.5,0.5,0.0,1.6,52.0,36.0,0.003,0.03,0.7,0.006,7.2,1.3,18.6,13.027023195394063,10.5,1,0,2.0,14.0,1,0,1.0,4.0,0.0,0.0,1,0,0,0.0,0.0,1,1.0,8.0,1,0.006,88.0,271.0,542.0,0.005999999999999999,0.019999999999999997,0.022,1,겨울,2020,4. 겨울 (12~2월)
2020-01-07,8.0,14.8,3.6,93.4,48.0,0.8,0.0,7.1,38.0,28.0,0.004,0.034,1.0,0.007,11.200000000000001,6.5,12.900000000000006,15.835719118499146,58.5,1,0,3.0,14.0,1,0,2.0,4.0,0.0,0.0,2,0,0,0.0,0.0,1,2.0,8.0,2,0.007,66.0,251.0,578.0,0.006285714285714285,0.023428571428571427,0.017857142857142856,1,겨울,2020,4. 겨울 (12~2월)
2020-01-08,7.8,15.1,5.1,66.0,0.4,4.1,1.8,7.5,13.0,6.0,0.03,0.009,0.5,0.005,10.0,0.20000000000000018,27.400000000000006,13.707783676923578,58.9,1,0,4.0,14.0,0,0,2.0,4.0,0.0,0.0,0,0,0,0.0,0.0,0,2.0,8.0,0,0.0,19.0,173.0,562.0,0.006285714285714286,0.023142857142857142,0.018,1,겨울,2020,4. 겨울 (12~2월)
2020-01-09,2.9,6.9,-1.2,56.5,0.0,3.3,6.8,2.6,38.0,6.0,0.035,0.013,0.5,0.005,8.1,4.9,9.5,19.15994084889967,58.9,0,0,4.0,14.0,0,0,2.0,4.0,0.0,0.0,0,0,0,0.0,0.0,0,2.0,8.0,0,0.0,44.0,129.0,514.0,0.006142857142857143,0.022571428571428572,0.019285714285714288,1,겨울,2020,4. 겨울 (12~2월)
2020-01-10,1.0,9.5,-4.7,62.4,0.0,1.1,7.6,2.9,52.0,6.0,0.017,0.028,0.6,0.006,14.2,1.9,5.899999999999999,4.79617903474591,58.9,1,0,5.0,15.0,0,0,2.0,4.0,0.0,0.0,0,0,0,0.0,0.0,0,2.0,8.0,0,0.0,58.0,121.0,458.0,0.005999999999999999,0.02342857142857143,0.017714285714285714,1,겨울,2020,4. 겨울 (12~2월)
2020-01-11,2.8,8.5,-1.2,50.4,0.0,2.4,7.6,3.9,52.0,6.0,0.029,0.02,0.6,0.007,9.7,1.7999999999999998,12.0,6.0002777713483635,58.9,0,0,5.0,15.0,0,0,2.0,4.0,0.0,0.0,0,0,0,0.0,0.0,0,2.0,8.0,0,0.0,58.0,160.0,430.0,0.006,0.022857142857142857,0.018571428571428572,1,겨울,2020,4. 겨울 (12~2월)
2020-01-12,2.6,6.5,-0.4,50.0,0.0,3.5,6.9,3.6,40.0,6.0,0.037,0.011,0.5,0.006,6.9,0.19999999999999973,0.3999999999999986,7.046512139586346,58.9,0,0,4.0,14.0,0,0,2.0,4.0,0.0,0.0,0,0,0,0.0,0.0,0,2.0,8.0,0,0.0,46.0,162.0,379.0,0.006,0.020714285714285716,0.02214285714285714,1,겨울,2020,4. 겨울 (12~2월)
2020-01-13,1.7,6.0,-0.9,46.5,0.0,3.6,7.7,2.0,22.0,6.0,0.036,0.01,0.3,0.005,6.9,0.9000000000000001,3.5,2.145538005568499,48.4,0,0,3.0,13.0,0,0,1.0,4.0,0.0,0.0,0,0,0,0.0,0.0,0,1.0,7.0,0,0.0,28.0,132.0,319.0,0.005857142857142858,0.017857142857142856,0.026857142857142857,1,겨울,2020,4. 겨울 (12~2월)
2020-01-14,1.2,6.3,-1.6,40.0,0.0,2.6,6.4,2.3,28.0,6.0,0.031,0.014,0.5,0.006,7.9,0.5,6.5,5.074445782546721,0.4,0,0,2.0,12.0,0,0,0.0,3.0,0.0,0.0,0,0,0,0.0,0.0,0,0.0,6.0,0,0.0,34.0,108.0,287.0,0.005714285714285715,0.015,0.030714285714285715,1,겨울,2020,4. 겨울 (12~2월)
2020-01-15,0.5,5.7,-3.2,46.3,0.0,2.7,7.8,2.0,36.0,6.0,0.027,0.017,0.5,0.006,8.9,0.7,6.299999999999997,3.6963946398267282,0.0,0,0,1.0,12.0,0,0,0.0,3.0,0.0,0.0,0,0,0,0.0,0.0,0,0.0,6.0,0,0.0,42.0,104.0,310.0,0.005857142857142858,0.016142857142857143,0.030285714285714284,1,겨울,2020,4. 겨울 (12~2월)
2020-01-16,-0.8,6.3,-6.1,51.9,0.0,1.4,5.6,0.5,41.0,6.0,0.015,0.027,0.5,0.006,12.399999999999999,1.3,5.600000000000001,5.9534303836812805,0.0,0,0,1.0,12.0,0,0,0.0,3.0,0.0,0.0,0,0,0,0.0,0.0,0,0.0,6.0,0,0.0,47.0,123.0,313.0,0.006,0.018142857142857145,0.027428571428571424,1,겨울,2020,4. 겨울 (12~2월)
2020-01-17,0.1,8.0,-4.3,60.1,0.0,0.9,4.4,1.7,49.0,6.0,0.007,0.032,0.6,0.006,12.3,0.9,8.200000000000003,6.940701213374496,0.0,1,0,1.0,13.0,0,0,0.0,3.0,0.0,0.0,0,0,0,0.0,0.0,0,0.0,6.0,0,0.0,55.0,144.0,310.0,0.006,0.018714285714285715,0.026,1,겨울,2020,4. 겨울 (12~2월)
2020-01-18,2.9,7.9,-3.7,46.6,0.2,1.5,0.6,2.4,51.0,6.0,0.017,0.029,0.5,0.006,11.600000000000001,2.8,13.5,6.801715469889795,0.2,0,0,1.0,13.0,0,0,0.0,3.0,0.0,0.0,0,0,0,0.0,0.0,0,0.0,6.0,0,0.0,57.0,159.0,309.0,0.005857142857142857,0.02,0.02428571428571429,1,겨울,2020,4. 겨울 (12~2월)
2020-01-19,2.5,9.1,-5.2,52.9,0.0,1.9,4.2,1.4,61.0,6.0,0.028,0.022,0.7,0.007,14.3,0.3999999999999999,6.299999999999997,6.754998149518974,0.2,0,0,1.0,12.0,0,0,0.0,3.0,0.0,0.0,0,0,0,0.0,0.0,0,0.0,5.0,0,0.0,67.0,179.0,330.0,0.006,0.02157142857142857,0.023,1,겨울,2020,4. 겨울 (12~2월)
2020-01-20,4.3,8.5,1.5,45.0,0.0,3.0,6.5,2.7,59.0,6.0,0.035,0.015,0.6,0.006,7.0,1.7999999999999998,7.899999999999999,4.176521678782351,0.2,0,0,1.0,11.0,0,0,0.0,3.0,0.0,0.0,0,0,0,0.0,0.0,0,0.0,5.0,0,0.0,65.0,189.0,367.0,0.0061428571428571435,0.022285714285714287,0.022857142857142857,1,겨울,2020,4. 겨울 (12~2월)
2020-01-21,1.3,8.7,-4.6,42.4,0.0,1.3,7.8,2.9,37.0,6.0,0.026,0.021,0.6,0.006,13.299999999999999,3.0,2.6000000000000014,5.4683940360346375,0.2,0,0,1.0,10.0,0,0,0.0,3.0,0.0,0.0,0,0,0,0.0,0.0,0,0.0,4.0,0,0.0,43.0,175.0,376.0,0.0061428571428571435,0.023285714285714288,0.02214285714285714,1,겨울,2020,4. 겨울 (12~2월)
2020-01-22,2.8,6.3,-1.1,70.0,3.5,0.6,0.0,2.6,50.0,6.0,0.005,0.032,0.7,0.006,7.4,1.4999999999999998,27.6,15.239860016855083,3.7,1,0,2.0,10.0,0,0,0.0,3.0,0.0,0.0,0,0,0,0.0,0.0,1,1.0,5.0,1,0.006,56.0,164.0,390.0,0.006142857142857143,0.02542857142857143,0.019,1,겨울,2020,4. 겨울 (12~2월)
2020-01-23,5.0,8.5,2.7,91.1,7.5,0.9,0.0,5.2,37.0,6.0,0.006,0.024,0.6,0.005,5.8,2.2,21.099999999999994,24.422189364046282,11.2,1,0,3.0,10.0,1,0,1.0,4.0,0.0,0.0,1,0,0,0.0,0.0,1,2.0,6.0,2,0.005,43.0,142.0,386.0,0.006,0.024999999999999998,0.017714285714285714,1,겨울,2020,4. 겨울 (12~2월)
2020-01-24,6.1,13.1,0.7,78.6,0.0,1.2,5.1,7.1,38.0,6.0,0.02,0.02,0.6,0.005,12.4,1.0999999999999996,12.5,10.609901036296245,11.2,1,0,3.0,11.0,1,0,2.0,5.0,0.0,0.0,2,0,0,0.0,0.0,1,3.0,7.0,3,0.005,44.0,143.0,375.0,0.005857142857142858,0.023285714285714288,0.019571428571428573,1,겨울,2020,4. 겨울 (12~2월)
2020-01-25,6.3,10.3,2.9,76.0,0.0,0.9,0.6,6.0,29.0,6.0,0.023,0.017,0.6,0.006,7.4,0.20000000000000018,2.5999999999999943,8.072793816269545,11.0,1,0,4.0,12.0,1,0,3.0,6.0,0.0,0.0,3,0,0,0.0,0.0,1,4.0,8.0,4,0.006,35.0,122.0,353.0,0.005857142857142858,0.02157142857142857,0.02042857142857143,1,겨울,2020,4. 겨울 (12~2월)
2020-01-26,6.1,11.5,-0.1,75.6,0.5,2.1,2.3,5.2,18.0,6.0,0.022,0.011,0.5,0.005,11.6,0.20000000000000018,0.4000000000000057,1.628905563049604,11.5,1,0,5.0,12.0,1,0,4.0,7.0,0.0,0.0,4,0,0,0.0,0.0,1,5.0,8.0,5,0.005,24.0,103.0,310.0,0.005571428571428572,0.02,0.019571428571428573,1,겨울,2020,4. 겨울 (12~2월)
2020-01-27,6.5,8.6,4.6,84.5,28.5,4.3,0.0,5.8,10.0,6.0,0.04,0.006,0.4,0.005,4.0,0.40000000000000036,8.900000000000006,5.026927491022758,40.0,1,0,6.0,12.0,1,0,5.0,7.0,0.0,0.0,5,0,0,0.0,0.0,1,6.0,8.0,6,0.005,16.0,75.0,261.0,0.0054285714285714284,0.018714285714285715,0.02028571428571429,1,겨울,2020,4. 겨울 (12~2월)
2020-01-28,6.9,10.4,4.5,80.9,2.0,1.5,0.0,6.3,18.0,6.0,0.026,0.016,0.5,0.005,5.9,0.40000000000000036,3.5999999999999943,4.47697814751574,42.0,1,0,7.0,13.0,1,0,6.0,8.0,0.0,0.0,6,0,0,0.0,0.0,1,7.0,9.0,7,0.005,24.0,64.0,242.0,0.005285714285714287,0.018,0.020285714285714285,1,겨울,2020,4. 겨울 (12~2월)
2020-01-29,5.4,11.2,2.3,77.8,0.1,0.9,1.6,5.9,26.0,6.0,0.016,0.016,0.6,0.005,8.899999999999999,1.5,3.1000000000000085,3.353108010985232,38.6,1,0,7.0,14.0,1,0,7.0,9.0,0.0,0.0,7,0,0,0.0,0.0,1,7.0,10.0,8,0.005,32.0,72.0,218.0,0.005142857142857143,0.015714285714285715,0.021857142857142856,1,겨울,2020,4. 겨울 (12~2월)
2020-01-30,4.9,9.9,0.5,71.6,0.1,1.0,3.3,4.7,20.0,6.0,0.024,0.014,0.5,0.005,9.4,0.5,6.200000000000003,4.735328218121112,31.2,1,0,7.0,15.0,0,0,6.0,9.0,0.0,0.0,0,0,0,0.0,0.0,1,7.0,11.0,9,0.005,26.0,82.0,201.0,0.0051428571428571435,0.014285714285714285,0.024428571428571428,1,겨울,2020,4. 겨울 (12~2월)
2020-01-31,3.0,8.2,-1.8,75.1,0.0,0.9,0.8,4.1,33.0,6.0,0.022,0.019,0.6,0.006,10.0,1.9000000000000004,3.5,3.1085902485426327,31.2,1,0,7.0,16.0,1,0,6.0,10.0,0.0,0.0,1,0,0,0.0,0.0,1,7.0,12.0,10,0.006,39.0,97.0,196.0,0.005285714285714287,0.014142857142857143,0.024714285714285713,1,겨울,2020,4. 겨울 (12~2월)
2020-02-01,2.8,8.9,-3.4,66.3,0.0,2.4,6.7,2.4,63.0,6.0,0.04,0.016,0.5,0.006,12.3,0.20000000000000018,8.799999999999997,4.430575583375332,31.2,1,0,7.0,17.0,0,0,5.0,10.0,0.0,0.0,0,0,0,0.0,0.0,0,6.0,12.0,0,0.0,69.0,134.0,230.0,0.005285714285714285,0.014,0.027142857142857142,2,겨울,2020,4. 겨울 (12~2월)
2020-02-02,2.8,10.6,-3.3,59.9,0.0,1.4,7.9,3.5,78.0,6.0,0.039,0.018,0.6,0.006,13.899999999999999,0.0,6.399999999999999,7.631513611335717,30.7,0,0,6.0,16.0,0,0,4.0,10.0,0.0,0.0,0,0,0,0.0,0.0,0,5.0,12.0,0,0.0,84.0,192.0,290.0,0.005428571428571429,0.015,0.029571428571428575,2,겨울,2020,4. 겨울 (12~2월)
2020-02-03,3.1,8.1,-1.0,42.5,0.0,3.4,6.9,3.2,36.0,6.0,0.045,0.011,0.4,0.006,9.1,0.30000000000000027,17.4,12.316384750946092,2.2,0,0,5.0,15.0,0,0,3.0,9.0,0.0,0.0,0,0,0,0.0,0.0,0,4.0,11.0,0,0.0,42.0,195.0,316.0,0.005571428571428572,0.015714285714285715,0.030285714285714284,2,겨울,2020,4. 겨울 (12~2월)
2020-02-04,1.8,8.4,-5.0,37.3,0.0,2.0,8.8,2.4,27.0,6.0,0.034,0.016,0.3,0.006,13.4,1.3,5.200000000000003,11.836102962265025,0.2,0,0,4.0,14.0,0,0,2.0,8.0,0.0,0.0,0,0,0,0.0,0.0,0,3.0,10.0,0,0.0,33.0,159.0,325.0,0.005714285714285714,0.015714285714285715,0.03142857142857143,2,겨울,2020,4. 겨울 (12~2월)
2020-02-05,-1.4,2.8,-5.9,32.1,0.0,3.7,9.2,2.1,25.0,11.0,0.037,0.011,0.4,0.005,8.7,3.2,5.199999999999996,5.200000000000662,0.1,0,0,3.0,13.0,0,0,1.0,8.0,0.0,0.0,0,0,0,0.0,0.0,0,2.0,10.0,0,0.0,36.0,111.0,329.0,0.005714285714285714,0.015,0.034428571428571426,2,겨울,2020,4. 겨울 (12~2월)
2020-02-06,-2.3,4.6,-9.8,50.9,0.0,1.5,8.8,0.6,24.0,9.0,0.026,0.018,0.4,0.006,14.4,0.8999999999999999,18.799999999999997,9.70772887960961,0.0,0,0,2.0,13.0,0,0,1.0,8.0,0.0,0.0,0,0,0,0.0,0.0,0,1.0,10.0,0,0.0,33.0,102.0,336.0,0.005857142857142858,0.015571428571428571,0.03471428571428571,2,겨울,2020,4. 겨울 (12~2월)
2020-02-07,0.5,7.8,-6.5,54.5,0.0,2.2,8.1,2.3,40.0,22.0,0.026,0.019,0.5,0.006,14.3,2.8,3.6000000000000014,12.028854198689869,0.0,0,0,1.0,12.0,0,0,0.0,8.0,0.0,0.0,0,0,0,0.0,0.0,0,0.0,10.0,0,0.0,62.0,131.0,359.0,0.005857142857142858,0.015571428571428571,0.03528571428571429,2,겨울,2020,4. 겨울 (12~2월)
2020-02-08,2.7,7.7,-0.4,45.4,0.0,3.0,8.8,2.9,43.0,27.0,0.043,0.011,0.5,0.006,8.1,2.2,9.100000000000001,4.582939377008846,0.0,0,0,0.0,12.0,0,0,0.0,8.0,0.0,0.0,0,0,0,0.0,0.0,0,0.0,10.0,0,0.0,70.0,165.0,360.0,0.005857142857142858,0.014857142857142857,0.03571428571428571,2,겨울,2020,4. 겨울 (12~2월)
2020-02-09,1.2,8.8,-7.0,47.3,0.0,1.9,9.2,2.9,39.0,23.0,0.04,0.014,0.5,0.006,15.8,1.5000000000000002,1.8999999999999986,4.800347209664985,0.0,0,0,0.0,12.0,0,0,0.0,8.0,0.0,0.0,0,0,0,0.0,0.0,0,0.0,10.0,0,0.0,62.0,194.0,338.0,0.005857142857142858,0.014285714285714285,0.03585714285714286,2,겨울,2020,4. 겨울 (12~2월)
2020-02-10,4.7,11.9,-1.7,50.6,0.0,2.2,8.4,4.7,50.0,34.0,0.043,0.018,0.5,0.006,13.6,3.5,3.3000000000000043,2.6312227829164523,0.0,0,0,0.0,12.0,0,0,0.0,8.0,0.0,0.0,0,0,0,0.0,0.0,0,0.0,10.0,0,0.0,84.0,216.0,380.0,0.005857142857142858,0.015285714285714286,0.03557142857142857,2,겨울,2020,4. 겨울 (12~2월)
2020-02-11,4.6,13.6,-5.0,64.8,0.0,0.8,7.4,4.2,65.0,41.0,0.027,0.031,0.7,0.006,18.6,0.10000000000000053,14.199999999999996,9.298566197717678,0.0,1,0,1.0,13.0,0,0,0.0,8.0,0.0,0.0,0,0,0,0.0,0.0,0,0.0,10.0,0,0.0,106.0,252.0,453.0,0.005857142857142858,0.01742857142857143,0.03457142857142857,2,겨울,2020,4. 겨울 (12~2월)
2020-02-12,8.0,11.7,4.8,93.1,8.1,1.0,0.0,7.2,56.0,41.0,0.019,0.028,0.7,0.006,6.8999999999999995,3.4000000000000004,28.299999999999997,21.636312070221265,8.1,1,0,2.0,14.0,1,0,1.0,9.0,0.0,0.0,1,0,0,0.0,0.0,1,1.0,11.0,1,0.006,97.0,287.0,514.0,0.006,0.019857142857142858,0.031999999999999994,2,겨울,2020,4. 겨울 (12~2월)
2020-02-13,10.0,15.2,3.6,77.5,0.0,1.9,6.9,10.3,25.0,14.0,0.032,0.014,0.5,0.005,11.6,2.0,15.599999999999994,14.174742796020489,8.1,1,0,3.0,15.0,1,0,2.0,10.0,0.0,0.0,2,0,0,0.0,0.0,1,2.0,12.0,2,0.005,39.0,242.0,520.0,0.005857142857142857,0.019285714285714288,0.032857142857142856,2,겨울,2020,4. 겨울 (12~2월)
2020-02-14,8.5,17.4,2.8,74.5,0.0,0.9,6.8,8.3,47.0,27.0,0.032,0.019,0.6,0.006,14.599999999999998,1.5,3.0,9.98599018625599,8.1,1,0,4.0,15.0,0,0,2.0,10.0,0.0,0.0,0,0,0,0.0,0.0,1,3.0,13.0,3,0.006,74.0,210.0,532.0,0.005857142857142858,0.019285714285714288,0.03371428571428571,2,겨울,2020,4. 겨울 (12~2월)
2020-02-15,10.2,16.6,3.4,79.1,0.0,1.7,4.9,9.6,37.0,20.0,0.043,0.014,0.6,0.006,13.200000000000001,1.6999999999999993,4.599999999999994,2.335237318418617,8.1,1,0,5.0,16.0,1,0,3.0,11.0,0.0,0.0,1,0,0,0.0,0.0,1,4.0,14.0,4,0.006,57.0,170.0,519.0,0.005857142857142858,0.019714285714285715,0.03371428571428571,2,겨울,2020,4. 겨울 (12~2월)
2020-02-16,4.5,11.5,-0.8,71.4,4.4,3.9,2.9,6.7,18.0,7.0,0.037,0.007,0.4,0.005,12.3,5.699999999999999,7.699999999999989,3.874274125562346,12.5,1,0,6.0,17.0,0,0,3.0,11.0,0.0,0.0,0,0,0,0.0,0.0,1,5.0,15.0,5,0.005,25.0,156.0,482.0,0.005714285714285714,0.018714285714285715,0.03328571428571429,2,겨울,2020,4. 겨울 (12~2월)
2020-02-17,-1.7,1.7,-4.6,53.8,0.0,4.3,3.5,0.4,22.0,7.0,0.039,0.007,0.4,0.005,6.3,6.2,17.60000000000001,12.96880873480686,12.5,0,0,6.0,17.0,0,0,3.0,11.0,0.0,0.0,0,0,0,0.0,0.0,0,5.0,15.0,0,0.0,29.0,111.0,427.0,0.005571428571428572,0.017142857142857144,0.03271428571428571,2,겨울,2020,4. 겨울 (12~2월)
2020-02-18,-0.6,4.5,-6.2,43.8,0.0,3.5,9.3,0.5,21.0,9.0,0.04,0.008,0.5,0.004,10.7,1.1,10.0,13.973307888017693,12.5,0,0,5.0,17.0,0,0,3.0,11.0,0.0,0.0,0,0,0,0.0,0.0,0,5.0,15.0,0,0.0,30.0,84.0,351.0,0.005285714285714285,0.013857142857142858,0.03457142857142857,2,겨울,2020,4. 겨울 (12~2월)
2020-02-19,3.4,11.0,-2.8,47.0,0.0,1.7,8.8,3.6,33.0,17.0,0.036,0.018,0.5,0.005,13.8,4.0,3.200000000000003,5.106858133921967,4.4,0,0,4.0,16.0,0,0,2.0,11.0,0.0,0.0,0,0,0,0.0,0.0,0,4.0,14.0,0,0.0,50.0,109.0,304.0,0.0051428571428571435,0.012428571428571428,0.037,2,겨울,2020,4. 겨울 (12~2월)
2020-02-20,4.5,13.8,-2.8,60.3,0.0,0.9,8.6,4.9,54.0,33.0,0.031,0.025,0.6,0.005,16.6,1.1,13.299999999999997,8.750047618918309,4.4,1,0,4.0,16.0,0,0,1.0,10.0,0.0,0.0,0,0,0,0.0,0.0,0,3.0,13.0,0,0.0,87.0,167.0,352.0,0.0051428571428571435,0.014,0.03685714285714286,2,겨울,2020,4. 겨울 (12~2월)
2020-02-21,7.4,16.4,-2.7,60.1,0.0,1.0,8.1,7.0,53.0,28.0,0.037,0.018,0.6,0.005,19.099999999999998,2.9000000000000004,0.19999999999999574,7.621679604916749,4.4,1,0,4.0,16.0,0,0,1.0,9.0,0.0,0.0,0,0,0,0.0,0.0,0,2.0,12.0,0,0.0,81.0,218.0,359.0,0.005,0.013857142857142858,0.03757142857142857,2,겨울,2020,4. 겨울 (12~2월)
2020-02-22,8.2,12.4,2.8,46.3,0.0,3.7,8.4,8.1,66.0,17.0,0.048,0.007,0.5,0.004,9.600000000000001,0.7999999999999989,13.800000000000004,8.025791757411685,4.4,0,0,3.0,15.0,0,0,0.0,8.0,0.0,0.0,0,0,0,0.0,0.0,0,1.0,11.0,0,0.0,83.0,251.0,385.0,0.004714285714285714,0.012857142857142857,0.03828571428571429,2,겨울,2020,4. 겨울 (12~2월)
2020-02-23,4.0,11.0,-1.0,42.3,0.0,2.3,9.5,5.2,26.0,9.0,0.041,0.01,0.4,0.004,12.0,4.199999999999999,4.0,9.338807918216226,0.0,0,0,2.0,14.0,0,0,0.0,7.0,0.0,0.0,0,0,0,0.0,0.0,0,0.0,10.0,0,0.0,35.0,199.0,395.0,0.004571428571428572,0.013285714285714286,0.03885714285714286,2,겨울,2020,4. 겨울 (12~2월)
2020-02-24,6.3,17.2,-4.3,46.8,0.0,0.9,7.9,6.0,44.0,22.0,0.023,0.025,0.6,0.005,21.5,2.3,4.5,2.4664414311591845,0.0,0,0,2.0,13.0,0,0,0.0,6.0,0.0,0.0,0,0,0,0.0,0.0,0,0.0,9.0,0,0.0,66.0,184.0,432.0,0.004571428571428572,0.015857142857142858,0.036571428571428574,2,겨울,2020,4. 겨울 (12~2월)
2020-02-25,6.9,7.9,5.2,93.9,42.5,1.0,0.0,6.9,21.0,12.0,0.03,0.016,0.5,0.004,2.7,0.6000000000000005,47.10000000000001,28.580937703301544,42.5,1,0,3.0,13.0,1,0,1.0,6.0,0.0,0.0,1,0,0,0.0,0.0,1,1.0,9.0,1,0.004,33.0,134.0,435.0,0.004571428571428572,0.016999999999999998,0.03514285714285714,2,겨울,2020,4. 겨울 (12~2월)
2020-02-26,7.4,11.1,6.0,84.4,0.0,1.3,0.5,8.3,14.0,4.0,0.033,0.011,0.4,0.004,5.1,0.5,9.5,24.90789700744194,42.5,1,0,4.0,13.0,1,0,2.0,6.0,0.0,0.0,2,0,0,0.0,0.0,1,2.0,9.0,2,0.004,18.0,117.0,403.0,0.004428571428571428,0.016000000000000004,0.03471428571428571,2,겨울,2020,4. 겨울 (12~2월)
2020-02-27,5.0,8.4,2.3,69.8,0.0,1.8,1.0,7.1,15.0,4.0,0.035,0.01,0.4,0.004,6.1000000000000005,2.4000000000000004,14.600000000000009,12.139604606411236,42.5,1,0,4.0,13.0,0,0,2.0,6.0,0.0,0.0,0,0,0,0.0,0.0,0,2.0,8.0,0,0.0,19.0,70.0,335.0,0.004285714285714286,0.013857142857142858,0.03528571428571429,2,겨울,2020,4. 겨울 (12~2월)
2020-02-28,3.1,8.2,-0.2,88.1,0.4,0.7,0.0,3.9,25.0,12.0,0.017,0.018,0.6,0.004,8.399999999999999,1.9,18.299999999999997,9.675915116067026,42.9,1,0,4.0,13.0,1,0,3.0,6.0,0.0,0.0,1,0,0,0.0,0.0,1,3.0,8.0,1,0.004,37.0,74.0,291.0,0.004142857142857143,0.013857142857142858,0.03242857142857143,2,겨울,2020,4. 겨울 (12~2월)
2020-02-29,5.0,11.6,-0.2,87.8,0.0,0.8,2.6,6.2,29.0,16.0,0.022,0.015,0.5,0.004,11.799999999999999,1.9,0.29999999999999716,10.479980916013199,42.9,1,0,5.0,13.0,1,0,4.0,7.0,0.0,0.0,2,0,0,0.0,0.0,1,4.0,9.0,2,0.004,45.0,101.0,253.0,0.004142857142857143,0.015000000000000001,0.028714285714285716,2,겨울,2020,4. 겨울 (12~2월)
2020-03-01,8.2,13.8,1.7,76.5,0.0,1.2,3.4,8.3,28.0,13.0,0.031,0.01,0.6,0.005,12.100000000000001,3.1999999999999993,11.299999999999997,6.61236215987403,42.9,1,0,6.0,14.0,1,0,5.0,8.0,0.0,0.0,3,0,0,0.0,0.0,1,5.0,10.0,3,0.005,41.0,123.0,259.0,0.004285714285714286,0.015,0.027285714285714285,3,봄,2020,1. 봄 (3~5월)
2020-03-02,8.2,11.3,0.5,76.5,0.0,3.1,2.9,3.1,36.0,19.0,0.047,0.008,0.6,0.004,10.8,0.0,0.0,6.5240580418428555,42.9,1,0,7.0,15.0,1,0,6.0,9.0,0.0,0.0,4,0,0,0.0,0.0,1,6.0,11.0,4,0.004,55.0,141.0,248.0,0.0041428571428571434,0.01257142857142857,0.03071428571428572,3,봄,2020,1. 봄 (3~5월)
2020-03-03,5.6,11.2,-0.7,76.4,0.0,1.5,4.3,6.8,21.0,7.0,0.028,0.013,0.5,0.004,11.899999999999999,2.5999999999999996,0.09999999999999432,0.05773502691895929,0.4,1,0,7.0,16.0,1,0,6.0,10.0,0.0,0.0,5,0,0,0.0,0.0,1,6.0,12.0,5,0.004,28.0,124.0,243.0,0.0041428571428571434,0.012142857142857141,0.030428571428571433,3,봄,2020,1. 봄 (3~5월)
2020-03-04,5.5,10.7,0.3,49.9,0.0,3.6,9.0,7.5,31.0,15.0,0.041,0.009,0.5,0.004,10.399999999999999,0.09999999999999964,26.500000000000007,15.328731193415846,0.4,0,0,6.0,16.0,0,0,5.0,10.0,0.0,0.0,0,0,0,0.0,0.0,0,5.0,12.0,0,0.0,46.0,129.0,271.0,0.0041428571428571434,0.011857142857142856,0.03157142857142858,3,봄,2020,1. 봄 (3~5월)
2020-03-05,2.9,10.1,-2.4,47.5,0.0,2.4,10.7,5.2,41.0,27.0,0.043,0.011,0.6,0.004,12.5,2.6,2.3999999999999986,16.037560080427856,0.4,0,0,5.0,16.0,0,0,5.0,10.0,0.0,0.0,0,0,0,0.0,0.0,0,5.0,12.0,0,0.0,68.0,142.0,320.0,0.0041428571428571434,0.011999999999999999,0.03271428571428572,3,봄,2020,1. 봄 (3~5월)
2020-03-06,3.5,13.5,-6.3,50.6,0.0,0.9,11.0,5.7,43.0,27.0,0.02,0.022,0.6,0.005,19.8,0.6000000000000001,3.1000000000000014,1.6258331197674902,0.0,0,0,4.0,16.0,0,0,4.0,10.0,0.0,0.0,0,0,0,0.0,0.0,0,4.0,12.0,0,0.0,70.0,184.0,353.0,0.004285714285714286,0.01257142857142857,0.03314285714285714,3,봄,2020,1. 봄 (3~5월)
2020-03-07,4.5,10.4,-1.2,73.0,1.3,0.7,0.1,5.2,42.0,25.0,0.021,0.018,0.6,0.004,11.6,1.0,22.4,13.914141487469966,1.3,1,0,4.0,17.0,0,0,3.0,10.0,0.0,0.0,0,0,0,0.0,0.0,1,4.0,13.0,1,0.004,67.0,205.0,375.0,0.004285714285714286,0.012999999999999998,0.033,3,봄,2020,1. 봄 (3~5월)
2020-03-08,6.9,15.2,1.4,79.9,0.0,1.2,7.4,9.3,35.0,21.0,0.029,0.011,0.5,0.004,13.799999999999999,2.4000000000000004,6.900000000000006,15.31807211542409,1.3,1,0,4.0,18.0,1,0,3.0,11.0,0.0,0.0,1,0,0,0.0,0.0,1,4.0,14.0,2,0.004,56.0,193.0,390.0,0.0041428571428571434,0.013142857142857142,0.03271428571428572,3,봄,2020,1. 봄 (3~5월)
2020-03-09,7.8,15.2,-0.6,83.4,1.7,1.0,2.2,8.5,31.0,15.0,0.024,0.014,0.5,0.004,15.799999999999999,0.8999999999999995,3.5,5.291817583149795,3.0,1,0,4.0,19.0,1,0,3.0,12.0,0.0,0.0,2,0,0,0.0,0.0,1,4.0,15.0,3,0.004,46.0,169.0,381.0,0.0041428571428571434,0.014,0.029428571428571425,3,봄,2020,1. 봄 (3~5월)
2020-03-10,8.6,10.6,5.5,87.5,10.5,2.3,0.0,9.0,23.0,14.0,0.033,0.009,0.5,0.004,5.1,0.7999999999999998,4.099999999999994,3.8039453203220415,13.5,1,0,4.0,19.0,1,0,3.0,13.0,0.0,0.0,3,0,0,0.0,0.0,1,4.0,16.0,4,0.004,37.0,139.0,390.0,0.0041428571428571434,0.013428571428571427,0.03014285714285714,3,봄,2020,1. 봄 (3~5월)
2020-03-11,6.0,11.1,2.2,40.9,0.0,3.7,11.0,6.1,33.0,12.0,0.039,0.006,0.5,0.004,8.899999999999999,2.5999999999999996,46.6,25.802519256847777,13.5,0,0,4.0,18.0,0,0,3.0,12.0,0.0,0.0,0,0,0,0.0,0.0,0,4.0,15.0,0,0.0,45.0,128.0,389.0,0.0041428571428571434,0.013,0.029857142857142856,3,봄,2020,1. 봄 (3~5월)
2020-03-12,7.9,15.7,-2.1,38.5,0.0,1.5,10.8,7.8,38.0,12.0,0.032,0.015,0.5,0.005,17.8,1.9000000000000004,2.3999999999999986,27.623420015148998,13.5,0,0,4.0,17.0,0,0,3.0,11.0,0.0,0.0,0,0,0,0.0,0.0,0,4.0,14.0,0,0.0,50.0,132.0,371.0,0.004285714285714286,0.013571428571428571,0.028285714285714286,3,봄,2020,1. 봄 (3~5월)
2020-03-13,8.6,15.2,1.5,41.8,0.0,1.9,4.4,8.6,37.0,15.0,0.034,0.016,0.5,0.005,13.7,0.6999999999999993,3.299999999999997,1.705872210923605,13.5,0,0,4.0,16.0,0,0,3.0,11.0,0.0,0.0,0,0,0,0.0,0.0,0,4.0,13.0,0,0.0,52.0,147.0,353.0,0.004285714285714286,0.012714285714285714,0.030285714285714287,3,봄,2020,1. 봄 (3~5월)
2020-03-14,5.8,11.4,1.0,32.0,0.0,3.2,10.7,9.2,30.0,9.0,0.042,0.007,0.4,0.004,10.4,2.8,9.799999999999997,4.9863146043280135,12.2,0,0,3.0,15.0,0,0,3.0,10.0,0.0,0.0,0,0,0,0.0,0.0,0,3.0,12.0,0,0.0,39.0,141.0,325.0,0.004285714285714286,0.011142857142857144,0.03328571428571429,3,봄,2020,1. 봄 (3~5월)
2020-03-15,5.4,12.4,-1.1,45.1,0.0,3.1,7.1,6.8,43.0,15.0,0.042,0.007,0.5,0.004,13.5,0.39999999999999947,13.100000000000001,6.813467056743927,12.2,0,0,2.0,14.0,0,0,2.0,10.0,0.0,0.0,0,0,0,0.0,0.0,0,2.0,11.0,0,0.0,58.0,149.0,327.0,0.004285714285714286,0.010571428571428574,0.03514285714285714,3,봄,2020,1. 봄 (3~5월)
2020-03-16,5.2,11.6,-1.4,45.0,0.0,1.9,11.2,8.8,28.0,11.0,0.035,0.011,0.5,0.004,13.0,0.20000000000000018,0.10000000000000142,7.534586916347926,10.5,0,0,1.0,14.0,0,0,1.0,10.0,0.0,0.0,0,0,0,0.0,0.0,0,1.0,11.0,0,0.0,39.0,136.0,320.0,0.004285714285714286,0.010142857142857143,0.03671428571428571,3,봄,2020,1. 봄 (3~5월)
2020-03-17,9.6,17.9,-0.4,43.8,0.0,2.4,10.4,11.1,51.0,23.0,0.046,0.012,0.5,0.005,18.299999999999997,4.3999999999999995,1.2000000000000028,0.7234178138078231,0.0,0,0,0.0,14.0,0,0,0.0,10.0,0.0,0.0,0,0,0,0.0,0.0,0,0.0,11.0,0,0.0,74.0,171.0,357.0,0.004428571428571428,0.01057142857142857,0.038571428571428576,3,봄,2020,1. 봄 (3~5월)
2020-03-18,9.3,18.0,0.1,52.9,0.0,1.4,10.9,12.6,58.0,29.0,0.039,0.019,0.6,0.005,17.9,0.29999999999999893,9.100000000000001,4.94401995680988,0.0,0,0,0.0,14.0,0,0,0.0,10.0,0.0,0.0,0,0,0,0.0,0.0,0,0.0,11.0,0,0.0,87.0,200.0,399.0,0.004571428571428572,0.012428571428571428,0.038571428571428576,3,봄,2020,1. 봄 (3~5월)
2020-03-19,10.1,19.4,2.5,46.9,0.0,3.5,9.6,11.8,63.0,19.0,0.039,0.014,0.6,0.004,16.9,0.7999999999999989,6.0,4.626373669877341,0.0,0,0,0.0,13.0,0,0,0.0,10.0,0.0,0.0,0,0,0,0.0,0.0,0,0.0,11.0,0,0.0,82.0,243.0,431.0,0.004428571428571428,0.012285714285714285,0.03957142857142858,3,봄,2020,1. 봄 (3~5월)
2020-03-20,11.2,18.0,5.9,33.9,0.0,2.9,10.7,13.0,54.0,5.0,0.042,0.008,0.5,0.004,12.1,1.0999999999999996,13.0,9.712534856222367,0.0,0,0,0.0,12.0,0,0,0.0,10.0,0.0,0.0,0,0,0,0.0,0.0,0,0.0,11.0,0,0.0,59.0,228.0,438.0,0.004285714285714286,0.011142857142857145,0.04071428571428572,3,봄,2020,1. 봄 (3~5월)
2020-03-21,13.9,23.1,1.5,48.6,0.0,1.8,10.0,15.7,61.0,17.0,0.05,0.014,0.6,0.006,21.6,2.700000000000001,14.700000000000003,8.041351461870978,0.0,0,0,0.0,12.0,0,0,0.0,10.0,0.0,0.0,0,0,0,0.0,0.0,0,0.0,11.0,0,0.0,78.0,219.0,477.0,0.004571428571428572,0.012142857142857144,0.041857142857142864,3,봄,2020,1. 봄 (3~5월)
2020-03-22,12.0,16.9,4.4,63.5,0.0,2.6,10.1,16.8,53.0,19.0,0.056,0.008,0.6,0.005,12.499999999999998,1.9000000000000004,14.899999999999999,14.800112612184215,0.0,1,0,1.0,13.0,0,0,0.0,10.0,0.0,0.0,0,0,0,0.0,0.0,0,0.0,11.0,0,0.0,72.0,209.0,491.0,0.004714285714285714,0.012285714285714285,0.04385714285714286,3,봄,2020,1. 봄 (3~5월)
2020-03-23,9.5,19.1,-0.4,55.5,0.0,1.9,10.8,13.5,42.0,17.0,0.037,0.012,0.5,0.005,19.5,2.5,8.0,7.456764266981624,0.0,0,0,1.0,13.0,0,0,0.0,10.0,0.0,0.0,0,0,0,0.0,0.0,0,0.0,11.0,0,0.0,59.0,209.0,511.0,0.004857142857142858,0.012428571428571428,0.04414285714285714,3,봄,2020,1. 봄 (3~5월)
2020-03-24,8.9,17.2,0.8,60.9,0.0,1.3,10.6,14.9,35.0,16.0,0.037,0.013,0.6,0.005,16.4,0.5999999999999996,5.399999999999999,4.080849584747497,0.0,1,0,2.0,13.0,0,0,0.0,9.0,0.0,0.0,0,0,0,0.0,0.0,0,0.0,10.0,0,0.0,51.0,182.0,488.0,0.004857142857142858,0.012571428571428572,0.042857142857142864,3,봄,2020,1. 봄 (3~5월)
2020-03-25,11.0,21.0,0.6,60.4,0.0,1.1,10.5,16.1,44.0,23.0,0.038,0.017,0.6,0.005,20.4,2.0999999999999996,0.5,2.9838453936713725,0.0,1,0,3.0,13.0,0,0,0.0,8.0,0.0,0.0,0,0,0,0.0,0.0,0,0.0,9.0,0,0.0,67.0,177.0,468.0,0.004857142857142858,0.012285714285714285,0.04271428571428571,3,봄,2020,1. 봄 (3~5월)
2020-03-26,11.9,17.1,5.8,79.8,3.0,0.7,0.0,12.4,44.0,25.0,0.023,0.02,0.6,0.005,11.3,0.9000000000000004,19.4,11.059083747459978,3.0,1,0,4.0,13.0,1,0,1.0,9.0,0.0,0.0,1,0,0,0.0,0.0,1,1.0,10.0,1,0.005,69.0,187.0,455.0,0.005,0.013142857142857142,0.04042857142857143,3,봄,2020,1. 봄 (3~5월)
2020-03-27,12.5,16.0,8.3,94.3,4.6,1.1,0.0,13.3,25.0,17.0,0.021,0.015,0.6,0.004,7.699999999999999,0.5999999999999996,14.5,17.008919228843812,7.6,1,0,5.0,13.0,1,0,2.0,9.0,0.0,0.0,2,0,0,0.0,0.0,1,2.0,10.0,2,0.004,42.0,178.0,438.0,0.005,0.014142857142857141,0.03742857142857143,3,봄,2020,1. 봄 (3~5월)
2020-03-28,7.4,11.1,4.4,66.3,0.0,1.5,0.1,8.2,37.0,7.0,0.034,0.007,0.4,0.004,6.699999999999999,5.1,28.0,14.002975874196625,7.6,1,0,6.0,13.0,0,0,2.0,8.0,0.0,0.0,0,0,0,0.0,0.0,0,2.0,9.0,0,0.0,44.0,155.0,404.0,0.004714285714285714,0.013142857142857142,0.03514285714285714,3,봄,2020,1. 봄 (3~5월)
2020-03-29,7.0,13.6,0.4,73.4,0.0,1.8,4.4,10.7,29.0,6.0,0.031,0.007,0.5,0.004,13.2,0.40000000000000036,7.1000000000000085,14.555754875649685,7.6,1,0,6.0,13.0,0,0,2.0,7.0,0.0,0.0,0,0,0,0.0,0.0,1,3.0,9.0,1,0.004,35.0,121.0,367.0,0.004571428571428572,0.013,0.03157142857142857,3,봄,2020,1. 봄 (3~5월)
2020-03-30,9.8,17.9,3.9,67.5,0.0,1.3,9.0,14.4,27.0,8.0,0.032,0.01,0.5,0.004,13.999999999999998,2.8000000000000007,5.900000000000006,3.800438571182776,7.6,1,0,7.0,13.0,0,0,2.0,6.0,0.0,0.0,0,0,0,0.0,0.0,0,3.0,8.0,0,0.0,35.0,114.0,343.0,0.004428571428571428,0.012714285714285714,0.03085714285714286,3,봄,2020,1. 봄 (3~5월)
2020-03-31,10.9,20.3,1.7,63.6,0.0,1.1,10.7,15.6,28.0,11.0,0.031,0.014,0.6,0.005,18.6,1.0999999999999996,3.8999999999999986,4.933896364267687,7.6,1,0,7.0,13.0,0,0,2.0,5.0,0.0,0.0,0,0,0,0.0,0.0,0,3.0,7.0,0,0.0,39.0,109.0,331.0,0.004428571428571428,0.012857142857142857,0.030000000000000002,3,봄,2020,1. 봄 (3~5월)
2020-04-01,11.9,19.2,7.6,58.8,0.0,1.4,4.1,15.8,51.0,25.0,0.038,0.015,0.6,0.005,11.6,1.0,4.800000000000004,4.357751713900326,7.6,0,0,6.0,13.0,0,0,2.0,5.0,0.0,0.0,0,0,0,0.0,0.0,0,3.0,7.0,0,0.0,76.0,150.0,340.0,0.004428571428571429,0.012571428571428572,0.03,4,봄,2020,1. 봄 (3~5월)
2020-04-02,9.9,18.0,0.9,47.4,0.0,1.3,10.7,14.4,34.0,13.0,0.038,0.014,0.5,0.004,17.1,2.0,11.399999999999999,8.321057625086024,4.6,0,0,5.0,13.0,0,0,1.0,5.0,0.0,0.0,0,0,0,0.0,0.0,0,2.0,7.0,0,0.0,47.0,162.0,318.0,0.004285714285714286,0.011714285714285715,0.03214285714285715,4,봄,2020,1. 봄 (3~5월)
2020-04-03,12.0,20.3,1.2,37.4,0.0,1.7,10.8,15.9,40.0,20.0,0.04,0.015,0.5,0.005,19.1,2.0999999999999996,10.0,10.707629678567379,0.0,0,0,4.0,13.0,0,0,0.0,5.0,0.0,0.0,0,0,0,0.0,0.0,0,1.0,7.0,0,0.0,60.0,183.0,336.0,0.004428571428571428,0.011714285714285715,0.03485714285714286,4,봄,2020,1. 봄 (3~5월)
2020-04-04,9.7,19.1,3.6,49.8,0.0,2.4,10.9,15.2,55.0,21.0,0.052,0.009,0.5,0.005,15.500000000000002,2.3000000000000007,12.399999999999999,6.576726642740856,0.0,0,0,3.0,12.0,0,0,0.0,5.0,0.0,0.0,0,0,0,0.0,0.0,0,1.0,6.0,0,0.0,76.0,183.0,368.0,0.004571428571428572,0.011999999999999999,0.03742857142857143,4,봄,2020,1. 봄 (3~5월)
2020-04-05,7.8,16.4,-1.4,48.3,0.0,1.4,11.4,14.5,33.0,10.0,0.038,0.008,0.5,0.004,17.799999999999997,1.8999999999999995,1.5,6.767815994346873,0.0,0,0,2.0,11.0,0,0,0.0,4.0,0.0,0.0,0,0,0,0.0,0.0,0,0.0,5.0,0,0.0,43.0,179.0,376.0,0.004571428571428572,0.012142857142857144,0.03842857142857142,4,봄,2020,1. 봄 (3~5월)
2020-04-06,9.9,18.9,-1.7,42.9,0.0,1.4,10.1,15.1,43.0,18.0,0.04,0.014,0.6,0.005,20.599999999999998,2.1000000000000005,5.399999999999999,3.6290494623253235,0.0,0,0,1.0,10.0,0,0,0.0,3.0,0.0,0.0,0,0,0,0.0,0.0,0,0.0,4.0,0,0.0,61.0,180.0,402.0,0.004714285714285714,0.012714285714285714,0.03957142857142858,4,봄,2020,1. 봄 (3~5월)
2020-04-07,14.0,20.7,5.8,34.9,0.0,2.6,10.5,17.0,95.0,37.0,0.072,0.011,0.7,0.007,14.899999999999999,4.1,8.0,6.741908730718469,0.0,0,0,0.0,9.0,0,0,0.0,2.0,0.0,0.0,0,0,0,0.0,0.0,0,0.0,3.0,0,0.0,132.0,236.0,495.0,0.005,0.012285714285714285,0.04542857142857142,4,봄,2020,1. 봄 (3~5월)
2020-04-08,10.7,18.8,3.4,47.4,0.0,3.0,11.5,17.1,49.0,19.0,0.054,0.008,0.5,0.005,15.4,3.3000000000000007,12.5,6.33113997107456,0.0,0,0,0.0,9.0,0,0,0.0,2.0,0.0,0.0,0,0,0,0.0,0.0,0,0.0,3.0,0,0.0,68.0,261.0,487.0,0.005,0.011285714285714286,0.047714285714285716,4,봄,2020,1. 봄 (3~5월)
2020-04-09,8.6,17.4,-0.4,59.3,0.0,1.9,10.8,14.7,40.0,17.0,0.032,0.01,0.5,0.004,17.799999999999997,2.0999999999999996,11.899999999999999,12.201229446248588,0.0,0,0,0.0,9.0,0,0,0.0,2.0,0.0,0.0,0,0,0,0.0,0.0,0,0.0,3.0,0,0.0,57.0,257.0,497.0,0.005,0.010714285714285714,0.04685714285714286,4,봄,2020,1. 봄 (3~5월)
2020-04-10,9.7,14.9,5.7,55.3,0.0,1.6,3.9,17.4,18.0,6.0,0.038,0.008,0.3,0.003,9.2,1.0999999999999996,4.0,6.055575942881266,0.0,0,0,0.0,9.0,0,0,0.0,2.0,0.0,0.0,0,0,0,0.0,0.0,0,0.0,3.0,0,0.0,24.0,149.0,461.0,0.004714285714285714,0.009714285714285715,0.04657142857142856,4,봄,2020,1. 봄 (3~5월)
2020-04-11,9.8,14.8,2.0,62.9,0.0,1.2,3.3,12.9,31.0,15.0,0.036,0.01,0.4,0.003,12.8,0.10000000000000142,7.600000000000001,3.8017539811690417,0.0,1,0,1.0,10.0,0,0,0.0,2.0,0.0,0.0,0,0,0,0.0,0.0,0,0.0,3.0,0,0.0,46.0,127.0,431.0,0.004428571428571428,0.009857142857142858,0.04428571428571428,4,봄,2020,1. 봄 (3~5월)
2020-04-12,9.0,13.2,5.4,75.9,1.8,2.3,2.3,11.5,26.0,14.0,0.04,0.005,0.4,0.003,7.799999999999999,0.8000000000000007,13.000000000000007,10.417293314484352,1.8,1,0,2.0,11.0,1,0,1.0,3.0,0.0,0.0,1,0,0,0.0,0.0,1,1.0,4.0,1,0.003,40.0,110.0,428.0,0.004285714285714286,0.009428571428571429,0.044571428571428574,4,봄,2020,1. 봄 (3~5월)
2020-04-13,9.0,15.9,2.6,48.0,0.0,2.3,5.8,13.0,18.0,7.0,0.041,0.008,0.4,0.003,13.3,0.0,27.900000000000006,13.960778392816575,1.8,0,0,2.0,11.0,0,0,1.0,3.0,0.0,0.0,0,0,0,0.0,0.0,0,1.0,4.0,0,0.0,25.0,111.0,392.0,0.004,0.008571428571428572,0.04471428571428571,4,봄,2020,1. 봄 (3~5월)
2020-04-14,11.8,23.2,-1.5,40.0,0.0,1.8,11.9,16.0,28.0,11.0,0.033,0.013,0.4,0.003,24.7,2.8000000000000007,8.0,18.84683881539118,1.8,0,0,2.0,11.0,0,0,1.0,3.0,0.0,0.0,0,0,0,0.0,0.0,0,1.0,4.0,0,0.0,39.0,104.0,299.0,0.003428571428571429,0.008857142857142859,0.039142857142857146,4,봄,2020,1. 봄 (3~5월)
2020-04-15,13.1,22.7,2.9,45.1,0.0,1.9,9.2,17.7,47.0,23.0,0.052,0.012,0.4,0.004,19.8,1.299999999999999,5.100000000000001,4.050102879352253,1.8,0,0,2.0,11.0,0,0,1.0,3.0,0.0,0.0,0,0,0,0.0,0.0,0,1.0,4.0,0,0.0,70.0,134.0,301.0,0.0032857142857142855,0.009428571428571429,0.03885714285714286,4,봄,2020,1. 봄 (3~5월)
2020-04-16,11.2,16.3,5.0,67.0,0.0,2.3,10.2,16.9,34.0,11.0,0.041,0.007,0.4,0.003,11.3,1.9000000000000004,21.9,14.344685427014523,1.8,1,0,3.0,12.0,0,0,1.0,3.0,0.0,0.0,0,0,0,0.0,0.0,0,1.0,4.0,0,0.0,45.0,154.0,289.0,0.0031428571428571426,0.009,0.04014285714285715,4,봄,2020,1. 봄 (3~5월)
2020-04-17,10.6,12.5,8.1,90.1,18.2,1.0,0.1,11.4,27.0,12.0,0.027,0.015,0.5,0.003,4.4,0.5999999999999996,23.099999999999994,22.50266650866069,20.0,1,0,4.0,13.0,1,0,2.0,4.0,0.0,0.0,1,0,0,0.0,0.0,1,2.0,5.0,1,0.003,39.0,154.0,304.0,0.003142857142857143,0.01,0.038571428571428576,4,봄,2020,1. 봄 (3~5월)
2020-04-18,12.6,18.9,8.0,76.8,0.0,1.8,4.3,14.7,32.0,14.0,0.04,0.007,0.4,0.003,10.899999999999999,2.0,13.299999999999997,11.594107698884413,20.0,1,0,4.0,14.0,1,0,3.0,5.0,0.0,0.0,2,0,0,0.0,0.0,1,3.0,6.0,2,0.003,46.0,130.0,304.0,0.003142857142857143,0.009571428571428573,0.039142857142857146,4,봄,2020,1. 봄 (3~5월)
2020-04-19,10.2,13.3,6.9,87.8,16.1,1.6,0.0,10.4,20.0,7.0,0.039,0.006,0.4,0.003,6.4,2.4000000000000004,11.0,7.1084456810189,34.3,1,0,4.0,14.0,1,0,3.0,6.0,0.0,0.0,3,0,0,0.0,0.0,1,3.0,7.0,3,0.003,27.0,112.0,291.0,0.0031428571428571426,0.009714285714285715,0.039,4,봄,2020,1. 봄 (3~5월)
2020-04-20,12.9,19.2,9.2,69.6,0.4,2.7,4.1,14.2,17.0,9.0,0.049,0.005,0.5,0.003,10.0,2.700000000000001,18.200000000000003,9.165878754016497,34.7,1,0,5.0,15.0,0,0,3.0,6.0,0.0,0.0,0,0,0,0.0,0.0,0,3.0,7.0,0,0.0,26.0,99.0,292.0,0.0031428571428571426,0.009285714285714286,0.04014285714285715,4,봄,2020,1. 봄 (3~5월)
2020-04-21,10.9,17.5,5.3,36.6,0.0,4.1,11.1,14.3,30.0,7.0,0.047,0.004,0.4,0.003,12.2,2.0,32.99999999999999,25.95406198138037,34.7,0,0,5.0,14.0,0,0,3.0,6.0,0.0,0.0,0,0,0,0.0,0.0,0,3.0,7.0,0,0.0,37.0,90.0,290.0,0.003142857142857143,0.008,0.04214285714285714,4,봄,2020,1. 봄 (3~5월)
2020-04-22,8.1,14.2,2.6,37.8,0.0,4.0,10.2,12.7,59.0,8.0,0.044,0.004,0.4,0.003,11.6,2.8000000000000007,1.1999999999999957,18.715768752578786,34.7,0,0,5.0,13.0,0,0,3.0,6.0,0.0,0.0,0,0,0,0.0,0.0,0,3.0,7.0,0,0.0,67.0,130.0,287.0,0.003,0.006857142857142858,0.041,4,봄,2020,1. 봄 (3~5월)
2020-04-23,9.5,15.8,3.5,41.0,0.0,3.8,10.8,13.1,55.0,12.0,0.045,0.004,0.4,0.003,12.3,1.4000000000000004,3.200000000000003,2.2744962812324423,34.7,0,0,4.0,12.0,0,0,3.0,5.0,0.0,0.0,0,0,0,0.0,0.0,0,3.0,6.0,0,0.0,67.0,171.0,309.0,0.003,0.006428571428571429,0.04157142857142857,4,봄,2020,1. 봄 (3~5월)
2020-04-24,10.3,17.9,3.8,34.9,0.0,2.9,11.8,14.5,41.0,9.0,0.05,0.006,0.4,0.003,14.099999999999998,0.8000000000000007,6.100000000000001,3.0512292604796203,16.5,0,0,3.0,11.0,0,0,2.0,4.0,0.0,0.0,0,0,0,0.0,0.0,0,2.0,5.0,0,0.0,50.0,184.0,320.0,0.003,0.0051428571428571435,0.04485714285714286,4,봄,2020,1. 봄 (3~5월)
2020-04-25,15.9,22.1,2.7,38.5,0.0,2.9,11.6,16.6,60.0,19.0,0.071,0.007,0.5,0.005,19.400000000000002,5.6,3.6000000000000014,3.0664855018963144,16.5,0,0,2.0,10.0,0,0,1.0,4.0,0.0,0.0,0,0,0,0.0,0.0,0,1.0,5.0,0,0.0,79.0,196.0,353.0,0.0032857142857142855,0.0051428571428571435,0.04928571428571428,4,봄,2020,1. 봄 (3~5월)
2020-04-26,12.4,19.6,6.5,54.3,0.0,2.6,11.1,18.5,45.0,19.0,0.056,0.005,0.5,0.003,13.100000000000001,3.5,15.799999999999997,10.319560714165076,0.4,0,0,1.0,9.0,0,0,0.0,4.0,0.0,0.0,0,0,0,0.0,0.0,0,0.0,4.0,0,0.0,64.0,193.0,390.0,0.0032857142857142855,0.005,0.05171428571428572,4,봄,2020,1. 봄 (3~5월)
2020-04-27,11.0,19.4,2.4,64.4,0.0,1.9,9.1,16.1,31.0,13.0,0.041,0.008,0.5,0.003,17.0,1.4000000000000004,10.100000000000009,13.054118124178428,0.0,1,0,1.0,9.0,0,0,0.0,4.0,0.0,0.0,0,0,0,0.0,0.0,0,0.0,4.0,0,0.0,44.0,187.0,408.0,0.0032857142857142855,0.005428571428571429,0.050571428571428566,4,봄,2020,1. 봄 (3~5월)
2020-04-28,14.0,21.6,3.4,46.4,0.0,1.9,12.3,18.0,31.0,15.0,0.047,0.008,0.5,0.004,18.200000000000003,3.0,18.000000000000007,9.022379582645394,0.0,0,0,1.0,8.0,0,0,0.0,4.0,0.0,0.0,0,0,0,0.0,0.0,0,0.0,4.0,0,0.0,46.0,154.0,417.0,0.003428571428571429,0.005999999999999999,0.050571428571428566,4,봄,2020,1. 봄 (3~5월)
2020-04-29,16.4,25.3,7.3,41.5,0.0,1.6,12.2,20.3,51.0,25.0,0.066,0.013,0.6,0.004,18.0,2.3999999999999986,4.899999999999999,12.058330453812314,0.0,0,0,1.0,8.0,0,0,0.0,4.0,0.0,0.0,0,0,0,0.0,0.0,0,0.0,4.0,0,0.0,76.0,166.0,426.0,0.0035714285714285718,0.007285714285714286,0.053714285714285714,4,봄,2020,1. 봄 (3~5월)
2020-04-30,17.4,26.6,5.7,54.3,0.0,2.0,12.4,21.5,46.0,22.0,0.054,0.011,0.6,0.004,20.900000000000002,1.0,12.799999999999997,6.4583279569873815,0.0,0,0,1.0,8.0,0,0,0.0,4.0,0.0,0.0,0,0,0,0.0,0.0,0,0.0,4.0,0,0.0,68.0,190.0,427.0,0.0037142857142857147,0.008285714285714285,0.055,4,봄,2020,1. 봄 (3~5월)
2020-05-01,21.6,29.0,11.7,65.8,0.0,2.3,11.8,25.0,50.0,24.0,0.054,0.006,0.6,0.004,17.3,4.200000000000003,11.5,12.15579422881683,0.0,1,1,2.0,9.0,0,0,0.0,4.0,0.0,0.0,0,0,0,0.0,0.0,0,0.0,4.0,0,0.0,74.0,218.0,451.0,0.003857142857142857,0.008285714285714285,0.05557142857142857,5,봄,2020,1. 봄 (3~5월)
2020-05-02,22.2,28.6,15.7,59.4,0.0,2.0,7.1,26.6,53.0,27.0,0.052,0.007,0.6,0.004,12.900000000000002,0.5999999999999979,6.399999999999999,5.762233363318008,0.0,0,1,2.0,9.0,0,0,0.0,4.0,0.0,0.0,0,0,0,0.0,0.0,0,0.0,4.0,0,0.0,80.0,222.0,452.0,0.0037142857142857147,0.008285714285714287,0.052857142857142866,5,봄,2020,1. 봄 (3~5월)
2020-05-03,17.4,20.0,15.7,90.0,4.1,1.3,0.0,19.7,35.0,25.0,0.035,0.005,0.5,0.004,4.300000000000001,4.800000000000001,30.6,16.139805864177305,4.1,1,0,3.0,10.0,1,0,1.0,5.0,0.0,0.0,1,0,0,0.0,0.0,1,1.0,5.0,1,0.004,60.0,214.0,448.0,0.003857142857142857,0.008285714285714287,0.04985714285714286,5,봄,2020,1. 봄 (3~5월)
2020-05-04,19.7,28.5,13.5,74.9,0.0,2.4,8.0,23.9,45.0,22.0,0.038,0.005,0.4,0.003,15.0,2.3000000000000007,15.099999999999994,15.300435723643014,4.1,1,0,3.0,11.0,0,0,1.0,5.0,0.0,0.0,0,0,0,0.0,0.0,1,2.0,6.0,2,0.003,67.0,207.0,471.0,0.003857142857142857,0.007857142857142858,0.049428571428571426,5,봄,2020,1. 봄 (3~5월)
2020-05-05,15.7,20.4,13.3,80.8,2.0,1.8,2.1,18.1,30.0,13.0,0.032,0.007,0.5,0.004,7.099999999999998,4.0,5.8999999999999915,7.609862022401992,6.1,1,0,4.0,12.0,1,0,2.0,6.0,0.0,0.0,1,0,0,0.0,0.0,1,3.0,7.0,3,0.004,43.0,170.0,468.0,0.003857142857142857,0.007714285714285715,0.047285714285714285,5,봄,2020,1. 봄 (3~5월)
2020-05-06,15.8,23.5,10.4,73.9,0.0,2.1,11.4,23.1,30.0,11.0,0.035,0.005,0.5,0.003,13.1,0.10000000000000142,6.8999999999999915,3.7287173844810138,6.1,1,0,5.0,13.0,0,0,2.0,6.0,0.0,0.0,0,0,0,0.0,0.0,1,4.0,8.0,4,0.003,41.0,151.0,433.0,0.0037142857142857142,0.006571428571428571,0.042857142857142864,5,봄,2020,1. 봄 (3~5월)
2020-05-07,13.7,21.3,6.2,61.6,0.0,2.1,11.5,22.1,19.0,7.0,0.038,0.007,0.4,0.003,15.100000000000001,2.1000000000000014,12.300000000000004,9.725739046468336,6.1,1,0,6.0,14.0,0,0,2.0,6.0,0.0,0.0,0,0,0,0.0,0.0,0,4.0,8.0,0,0.0,26.0,110.0,391.0,0.0035714285714285718,0.006,0.04057142857142857,5,봄,2020,1. 봄 (3~5월)
2020-05-08,16.4,24.7,5.1,65.0,1.2,1.3,10.3,23.3,31.0,15.0,0.042,0.008,0.4,0.004,19.6,2.6999999999999993,3.3999999999999986,6.351640208114252,7.3,1,0,6.0,15.0,0,0,2.0,6.0,0.0,0.0,0,0,0,0.0,0.0,0,4.0,8.0,0,0.0,46.0,113.0,363.0,0.0035714285714285718,0.006285714285714286,0.03885714285714286,5,봄,2020,1. 봄 (3~5월)
2020-05-09,16.3,18.9,14.4,91.6,21.3,1.3,0.0,16.6,20.0,12.0,0.032,0.008,0.5,0.003,4.499999999999998,0.09999999999999787,26.599999999999994,16.427213194371465,28.6,1,0,7.0,15.0,1,0,3.0,7.0,0.0,0.0,1,0,0,0.0,0.0,1,5.0,9.0,1,0.003,32.0,104.0,315.0,0.003428571428571429,0.0064285714285714285,0.036,5,봄,2020,1. 봄 (3~5월)
2020-05-10,18.0,22.6,15.4,72.3,0.0,3.1,5.9,18.7,20.0,8.0,0.044,0.003,0.5,0.003,7.200000000000001,1.6999999999999993,19.299999999999997,13.74372584127018,24.5,1,0,7.0,15.0,0,0,2.0,6.0,0.0,0.0,0,0,0,0.0,0.0,1,5.0,9.0,2,0.003,28.0,106.0,283.0,0.0032857142857142855,0.0061428571428571435,0.03728571428571429,5,봄,2020,1. 봄 (3~5월)
2020-05-11,20.5,27.9,13.7,48.5,0.0,2.5,11.9,23.5,61.0,18.0,0.058,0.006,0.5,0.003,14.2,2.5,23.799999999999997,21.589117629027804,24.5,0,1,6.0,15.0,0,0,2.0,6.0,0.0,0.0,0,0,0,0.0,0.0,0,4.0,9.0,0,0.0,79.0,139.0,295.0,0.0032857142857142855,0.006285714285714286,0.04014285714285715,5,봄,2020,1. 봄 (3~5월)
2020-05-12,18.6,25.8,10.6,47.9,0.0,3.0,11.9,23.1,73.0,17.0,0.05,0.007,0.5,0.003,15.200000000000001,1.8999999999999986,0.6000000000000014,13.917375231462875,22.5,0,0,5.0,15.0,0,0,1.0,6.0,0.0,0.0,0,0,0,0.0,0.0,0,3.0,9.0,0,0.0,90.0,197.0,342.0,0.0031428571428571426,0.006285714285714286,0.04271428571428571,5,봄,2020,1. 봄 (3~5월)
2020-05-13,17.5,24.8,9.4,42.8,0.0,2.5,12.8,23.6,49.0,9.0,0.05,0.006,0.4,0.003,15.4,1.1000000000000014,5.100000000000001,3.1320919526740583,22.5,0,0,4.0,15.0,0,0,1.0,6.0,0.0,0.0,0,0,0,0.0,0.0,0,2.0,9.0,0,0.0,58.0,227.0,359.0,0.003142857142857143,0.0064285714285714285,0.044857142857142866,5,봄,2020,1. 봄 (3~5월)
2020-05-14,17.8,27.0,7.5,49.6,0.0,1.2,7.0,21.6,121.0,17.0,0.042,0.014,0.5,0.004,19.5,0.3000000000000007,6.800000000000004,3.538832199093204,22.5,0,0,3.0,14.0,0,0,1.0,6.0,0.0,0.0,0,0,0,0.0,0.0,0,2.0,9.0,0,0.0,138.0,286.0,471.0,0.0032857142857142863,0.007428571428571429,0.04542857142857143,5,봄,2020,1. 봄 (3~5월)
2020-05-15,15.0,16.5,13.9,86.0,8.6,1.5,0.0,16.5,54.0,20.0,0.033,0.012,0.5,0.003,2.5999999999999996,2.8000000000000007,36.4,23.228717858145668,29.9,1,0,3.0,14.0,1,0,2.0,6.0,0.0,0.0,1,0,0,0.0,0.0,1,3.0,9.0,1,0.003,74.0,270.0,499.0,0.003142857142857143,0.008,0.04414285714285715,5,봄,2020,1. 봄 (3~5월)
2020-05-16,18.0,25.2,14.3,82.1,0.0,1.4,3.4,20.3,26.0,16.0,0.04,0.005,0.4,0.003,10.899999999999999,3.0,3.9000000000000057,19.985077766506993,8.6,1,0,3.0,14.0,1,0,2.0,6.0,0.0,0.0,2,0,0,0.0,0.0,1,3.0,9.0,2,0.003,42.0,254.0,509.0,0.0031428571428571426,0.007571428571428571,0.04528571428571428,5,봄,2020,1. 봄 (3~5월)
2020-05-17,20.5,28.0,15.4,77.0,0.1,1.3,8.5,24.7,51.0,34.0,0.051,0.007,0.6,0.004,12.6,2.5,5.099999999999994,4.513313638558324,8.7,1,1,3.0,14.0,1,0,3.0,6.0,0.0,0.0,3,0,1,1.0,1.0,1,3.0,9.0,3,0.004,85.0,201.0,566.0,0.0032857142857142855,0.008142857142857143,0.046285714285714284,5,봄,2020,1. 봄 (3~5월)
2020-05-18,17.9,21.4,16.0,84.6,1.1,2.8,1.3,21.6,39.0,27.0,0.037,0.009,0.7,0.004,5.399999999999999,2.6000000000000014,7.599999999999994,3.873413653785251,9.8,1,0,4.0,14.0,1,0,4.0,7.0,0.0,0.0,4,0,0,1.0,1.0,1,4.0,10.0,4,0.004,66.0,193.0,553.0,0.003428571428571429,0.008571428571428572,0.04328571428571428,5,봄,2020,1. 봄 (3~5월)
2020-05-19,14.6,19.0,11.5,72.8,8.0,2.5,5.4,16.6,24.0,8.0,0.035,0.005,0.5,0.003,7.5,3.299999999999999,11.799999999999997,5.9810812846282895,17.8,1,0,5.0,15.0,0,0,4.0,7.0,0.0,0.0,0,0,0,1.0,1.0,1,5.0,11.0,5,0.003,32.0,183.0,495.0,0.003428571428571429,0.008285714285714287,0.04114285714285715,5,봄,2020,1. 봄 (3~5월)
2020-05-20,14.2,21.1,7.7,65.4,0.0,1.9,9.0,19.8,12.0,4.0,0.023,0.005,0.4,0.003,13.400000000000002,0.40000000000000036,7.3999999999999915,9.68366321870663,17.8,1,0,6.0,16.0,0,0,4.0,7.0,0.0,0.0,0,0,0,1.0,1.0,0,5.0,11.0,0,0.0,16.0,114.0,453.0,0.003428571428571429,0.008142857142857143,0.03728571428571429,5,봄,2020,1. 봄 (3~5월)
2020-05-21,14.1,21.7,8.2,74.1,0.0,2.0,5.6,19.1,30.0,10.0,0.025,0.008,0.4,0.004,13.5,0.09999999999999964,8.699999999999989,4.692902442341267,17.8,1,0,7.0,17.0,0,0,4.0,7.0,0.0,0.0,0,0,0,1.0,1.0,1,6.0,12.0,1,0.004,40.0,88.0,355.0,0.003428571428571429,0.007285714285714285,0.03485714285714286,5,봄,2020,1. 봄 (3~5월)
2020-05-22,15.5,20.6,10.8,72.1,0.0,2.5,10.4,23.3,25.0,11.0,0.033,0.01,0.4,0.005,9.8,1.4000000000000004,2.0,4.556680078009942,9.2,1,0,7.0,18.0,0,0,3.0,7.0,0.0,0.0,0,0,0,1.0,1.0,1,6.0,13.0,2,0.005,36.0,92.0,317.0,0.0037142857142857147,0.007,0.03485714285714286,5,봄,2020,1. 봄 (3~5월)
2020-05-23,18.8,26.6,12.3,66.4,0.0,1.1,9.3,25.8,24.0,12.0,0.046,0.009,0.2,0.004,14.3,3.3000000000000007,5.699999999999989,3.9954140377853946,9.2,1,0,7.0,19.0,0,0,2.0,7.0,0.0,0.0,0,0,0,1.0,1.0,0,5.0,13.0,0,0.0,36.0,112.0,311.0,0.0038571428571428576,0.007571428571428572,0.03571428571428571,5,봄,2020,1. 봄 (3~5월)
2020-05-24,20.2,26.8,13.1,67.3,0.0,1.9,7.9,24.7,32.0,18.0,0.041,0.008,0.2,0.003,13.700000000000001,1.3999999999999986,0.8999999999999915,3.0643106892088814,9.100000000000001,1,1,7.0,20.0,0,0,1.0,7.0,0.0,0.0,0,0,0,0.0,1.0,0,4.0,13.0,0,0.0,50.0,122.0,276.0,0.0037142857142857147,0.0077142857142857135,0.03428571428571429,5,봄,2020,1. 봄 (3~5월)
2020-05-25,19.7,24.6,14.1,66.6,0.0,1.4,1.4,23.5,27.0,16.0,0.049,0.009,0.2,0.003,10.500000000000002,0.5,0.7000000000000028,0.4725815626255571,7.999999999999999,1,0,7.0,20.0,0,0,0.0,7.0,0.0,0.0,0,0,0,0.0,1.0,0,3.0,13.0,0,0.0,43.0,129.0,253.0,0.0035714285714285718,0.007714285714285714,0.036,5,봄,2020,1. 봄 (3~5월)
2020-05-26,20.2,26.2,13.8,60.6,0.0,1.3,5.5,25.4,44.0,28.0,0.053,0.012,0.2,0.003,12.399999999999999,0.5,5.999999999999993,3.6828431046318193,0.0,1,1,7.0,21.0,0,0,0.0,7.0,0.0,0.0,0,0,0,0.0,1.0,0,2.0,13.0,0,0.0,72.0,165.0,293.0,0.0035714285714285713,0.008714285714285714,0.038571428571428576,5,봄,2020,1. 봄 (3~5월)
2020-05-27,19.4,26.4,13.9,54.8,0.0,2.1,10.4,27.3,25.0,13.0,0.059,0.008,0.2,0.004,12.499999999999998,0.8000000000000007,5.800000000000004,5.9002824791136375,0.0,0,0,6.0,21.0,0,0,0.0,7.0,0.0,0.0,0,0,0,0.0,1.0,0,2.0,13.0,0,0.0,38.0,153.0,315.0,0.0037142857142857142,0.009142857142857144,0.04371428571428571,5,봄,2020,1. 봄 (3~5월)
2020-05-28,18.7,27.4,10.4,54.8,0.0,1.5,11.5,27.1,27.0,14.0,0.049,0.011,0.2,0.003,17.0,0.6999999999999993,0.0,3.348631561300311,0.0,0,0,5.0,21.0,0,0,0.0,7.0,0.0,0.0,0,0,0,0.0,1.0,0,1.0,13.0,0,0.0,41.0,151.0,316.0,0.0035714285714285718,0.009571428571428573,0.04714285714285714,5,봄,2020,1. 봄 (3~5월)
2020-05-29,18.5,26.5,10.1,57.4,0.0,1.7,11.5,27.8,30.0,14.0,0.048,0.012,0.2,0.005,16.4,0.1999999999999993,2.6000000000000014,1.5011106998941983,0.0,0,0,4.0,20.0,0,0,0.0,7.0,0.0,0.0,0,0,0,0.0,1.0,0,0.0,13.0,0,0.0,44.0,123.0,324.0,0.0035714285714285718,0.009857142857142856,0.04928571428571429,5,봄,2020,1. 봄 (3~5월)
2020-05-30,19.8,27.2,10.8,55.0,0.0,1.4,10.0,26.5,29.0,15.0,0.058,0.011,0.2,0.004,16.4,1.3000000000000007,2.3999999999999986,1.4468356276152556,0.0,0,0,3.0,20.0,0,0,0.0,7.0,0.0,0.0,0,0,0,0.0,1.0,0,0.0,13.0,0,0.0,44.0,129.0,332.0,0.0035714285714285713,0.010142857142857144,0.051000000000000004,5,봄,2020,1. 봄 (3~5월)
2020-05-31,20.4,27.3,12.6,66.6,0.0,1.4,5.5,26.7,37.0,23.0,0.057,0.009,0.2,0.005,14.700000000000001,0.5999999999999979,11.599999999999994,6.12318000170954,0.0,1,1,3.0,20.0,0,0,0.0,6.0,0.0,0.0,0,0,0,0.0,1.0,0,0.0,12.0,0,0.0,60.0,148.0,342.0,0.003857142857142857,0.010285714285714285,0.053285714285714283,5,봄,2020,1. 봄 (3~5월)
2020-06-01,22.6,28.5,14.9,48.0,0.0,2.3,8.4,29.3,31.0,16.0,0.055,0.007,0.2,0.003,13.6,2.200000000000003,18.599999999999994,9.394324527784663,0.0,0,1,2.0,19.0,0,0,0.0,6.0,0.0,0.0,0,0,0,0.0,1.0,0,0.0,11.0,0,0.0,47.0,151.0,346.0,0.003857142857142857,0.01,0.054142857142857145,6,여름,2020,2. 여름 (6~8월)
2020-06-02,20.9,28.4,12.2,47.5,0.0,1.1,6.9,24.0,26.0,10.0,0.045,0.014,0.2,0.004,16.2,1.7000000000000028,0.5,10.885923632532853,0.0,0,1,1.0,18.0,0,0,0.0,5.0,0.0,0.0,0,0,0,0.0,1.0,0,0.0,10.0,0,0.0,36.0,143.0,310.0,0.004,0.010285714285714285,0.053,6,여름,2020,2. 여름 (6~8월)
2020-06-03,22.6,30.0,14.3,61.1,0.0,1.6,7.0,28.7,45.0,20.0,0.056,0.012,0.2,0.004,15.7,1.7000000000000028,13.600000000000001,7.711679453919525,0.0,1,1,2.0,18.0,0,0,0.0,5.0,0.0,0.0,0,0,0,0.0,1.0,0,0.0,9.0,0,0.0,65.0,148.0,337.0,0.004,0.010857142857142859,0.05257142857142857,6,여름,2020,2. 여름 (6~8월)
2020-06-04,26.5,33.9,18.2,56.3,0.0,2.0,12.6,33.9,71.0,27.0,0.071,0.009,0.3,0.004,15.7,3.8999999999999986,4.800000000000004,6.897342483401635,0.0,0,1,2.0,17.0,0,0,0.0,5.0,0.0,0.0,0,0,0,0.0,1.0,0,0.0,9.0,0,0.0,98.0,199.0,394.0,0.0041428571428571434,0.01057142857142857,0.055714285714285716,6,여름,2020,2. 여름 (6~8월)
2020-06-05,23.5,31.1,18.3,65.5,0.0,2.4,9.8,32.2,87.0,30.0,0.077,0.007,0.4,0.004,12.8,3.0,9.200000000000003,4.601449047130177,0.0,1,1,3.0,17.0,0,0,0.0,5.0,0.0,0.0,0,0,0,0.0,1.0,0,0.0,9.0,0,0.0,117.0,280.0,467.0,0.004,0.009857142857142856,0.05985714285714285,6,여름,2020,2. 여름 (6~8월)
2020-06-06,19.7,24.6,15.1,72.1,0.0,2.3,5.5,27.4,60.0,21.0,0.062,0.006,0.3,0.003,9.500000000000002,3.8000000000000007,6.599999999999994,7.935573913292857,0.0,1,0,4.0,17.0,0,0,0.0,4.0,0.0,0.0,0,0,0,0.0,1.0,1,1.0,9.0,1,0.003,81.0,296.0,504.0,0.0038571428571428576,0.009142857142857144,0.06042857142857143,6,여름,2020,2. 여름 (6~8월)
2020-06-07,21.2,29.9,12.2,57.8,0.0,1.5,12.3,31.2,21.0,8.0,0.049,0.008,0.4,0.004,17.7,1.5,14.299999999999997,7.1570478085125275,0.0,0,1,3.0,16.0,0,0,0.0,4.0,0.0,0.0,0,0,0,0.0,1.0,0,1.0,8.0,0,0.0,29.0,227.0,473.0,0.0037142857142857147,0.009,0.05928571428571428,6,여름,2020,2. 여름 (6~8월)
2020-06-08,24.1,34.1,14.2,55.1,0.0,1.1,12.8,34.2,48.0,21.0,0.06,0.014,0.4,0.005,19.900000000000002,2.900000000000002,2.6999999999999957,9.135826910210968,0.0,0,1,3.0,16.0,0,0,0.0,4.0,0.0,0.0,0,0,0,0.0,1.0,0,1.0,8.0,0,0.0,69.0,179.0,495.0,0.004,0.01,0.06,6,여름,2020,2. 여름 (6~8월)
2020-06-09,25.8,35.3,16.5,55.8,0.0,1.3,12.9,35.4,62.0,34.0,0.073,0.015,0.4,0.005,18.799999999999997,1.6999999999999993,0.6999999999999957,1.4011899704666841,0.0,0,1,3.0,16.0,0,0,0.0,4.0,0.0,0.0,0,0,0,0.0,1.0,0,1.0,8.0,0,0.0,96.0,194.0,555.0,0.0041428571428571434,0.010142857142857144,0.064,6,여름,2020,2. 여름 (6~8월)
2020-06-10,26.2,33.9,17.6,60.1,0.0,1.5,9.4,36.0,49.0,29.0,0.056,0.012,0.3,0.004,16.299999999999997,0.3999999999999986,4.300000000000004,2.707397274136707,0.0,1,1,3.0,17.0,0,0,0.0,4.0,0.0,0.0,0,0,0,0.0,1.0,0,1.0,8.0,0,0.0,78.0,243.0,568.0,0.0041428571428571434,0.010142857142857143,0.064,6,여름,2020,2. 여름 (6~8월)
2020-06-11,24.1,30.1,20.4,80.3,33.3,1.3,4.2,27.3,23.0,12.0,0.045,0.008,0.3,0.004,9.700000000000003,2.099999999999998,20.199999999999996,13.081666560496046,33.3,1,1,4.0,18.0,1,0,1.0,5.0,0.0,0.0,1,0,1,1.0,2.0,1,2.0,9.0,1,0.004,35.0,209.0,505.0,0.0041428571428571434,0.009999999999999998,0.06028571428571428,6,여름,2020,2. 여름 (6~8월)
2020-06-12,24.4,30.6,19.1,79.9,20.6,1.2,2.5,27.0,43.0,30.0,0.05,0.013,0.7,0.005,11.5,0.29999999999999716,0.3999999999999915,11.548737304715683,53.9,1,1,4.0,18.0,1,0,2.0,5.0,0.0,0.0,2,0,1,2.0,3.0,1,3.0,9.0,2,0.005,73.0,186.0,461.0,0.004285714285714286,0.010857142857142859,0.056428571428571425,6,여름,2020,2. 여름 (6~8월)
2020-06-13,24.0,28.8,19.2,80.3,8.5,1.1,4.2,27.5,15.0,9.0,0.045,0.005,0.4,0.004,9.600000000000001,0.3999999999999986,0.3999999999999915,0.23094010766834716,62.4,1,1,4.0,18.0,1,0,3.0,5.0,0.0,0.0,3,0,1,3.0,4.0,1,3.0,9.0,3,0.004,24.0,132.0,404.0,0.004428571428571429,0.010714285714285714,0.054,6,여름,2020,2. 여름 (6~8월)
2020-06-14,24.7,29.5,22.1,79.8,21.4,1.9,2.6,24.8,13.0,6.0,0.04,0.006,0.3,0.003,7.399999999999999,0.6999999999999993,0.5,0.26457513109999614,83.8,1,1,5.0,18.0,1,0,4.0,5.0,0.0,0.0,4,0,1,4.0,4.0,1,4.0,9.0,4,0.003,19.0,116.0,394.0,0.004285714285714286,0.01042857142857143,0.052714285714285714,6,여름,2020,2. 여름 (6~8월)
2020-06-15,24.3,30.2,18.4,58.4,0.0,2.4,12.6,25.5,27.0,12.0,0.06,0.006,0.3,0.003,11.8,0.3999999999999986,21.4,12.502133151319885,83.8,0,1,5.0,17.0,0,0,4.0,4.0,0.0,0.0,0,0,0,4.0,4.0,0,4.0,8.0,0,0.0,39.0,82.0,364.0,0.004,0.009285714285714286,0.052714285714285714,6,여름,2020,2. 여름 (6~8월)
2020-06-16,22.9,28.7,17.3,56.1,0.0,2.1,12.6,28.5,25.0,9.0,0.056,0.008,0.3,0.004,11.399999999999999,1.4000000000000021,2.299999999999997,13.069940066172212,83.8,0,1,5.0,16.0,0,0,4.0,4.0,0.0,0.0,0,0,0,4.0,4.0,0,4.0,7.0,0,0.0,34.0,92.0,302.0,0.003857142857142857,0.008285714285714287,0.05028571428571428,6,여름,2020,2. 여름 (6~8월)
2020-06-17,22.0,27.6,15.9,66.5,0.0,0.9,3.7,24.9,31.0,13.0,0.041,0.014,0.3,0.004,11.700000000000001,0.8999999999999986,10.399999999999999,5.462905209989906,83.8,1,1,5.0,16.0,0,0,4.0,4.0,0.0,0.0,0,0,0,4.0,4.0,0,4.0,7.0,0,0.0,44.0,117.0,268.0,0.003857142857142857,0.008571428571428572,0.04814285714285714,6,여름,2020,2. 여름 (6~8월)
2020-06-18,18.6,20.3,17.8,89.8,5.4,1.2,0.0,20.6,27.0,17.0,0.04,0.011,0.3,0.003,2.5,3.3999999999999986,23.299999999999997,17.25659294298845,55.9,1,0,5.0,16.0,1,0,4.0,5.0,0.0,0.0,1,0,0,3.0,4.0,1,4.0,7.0,1,0.003,44.0,122.0,277.0,0.0037142857142857147,0.009,0.04742857142857143,6,여름,2020,2. 여름 (6~8월)
2020-06-19,20.9,26.6,17.1,79.5,0.3,1.7,6.7,24.4,20.0,9.0,0.044,0.007,0.2,0.003,9.5,2.299999999999997,10.299999999999997,11.676043850551304,35.6,1,1,5.0,16.0,1,0,4.0,6.0,0.0,0.0,2,0,1,3.0,5.0,1,4.0,7.0,2,0.003,29.0,117.0,233.0,0.003428571428571429,0.008142857142857143,0.046571428571428576,6,여름,2020,2. 여름 (6~8월)
2020-06-20,21.4,27.1,17.9,74.3,0.0,1.3,4.6,26.2,22.0,10.0,0.04,0.008,0.3,0.005,9.200000000000003,0.5,5.200000000000003,7.888599368709016,27.099999999999998,1,1,5.0,16.0,0,0,3.0,6.0,0.0,0.0,0,0,0,2.0,5.0,1,4.0,8.0,3,0.005,32.0,105.0,241.0,0.0035714285714285718,0.008571428571428572,0.04585714285714285,6,여름,2020,2. 여름 (6~8월)
2020-06-21,20.5,26.1,15.3,74.5,0.0,1.9,12.8,27.7,27.0,12.0,0.03,0.011,0.5,0.007,10.8,0.8999999999999986,0.20000000000000284,2.946183972530823,5.7,1,1,5.0,16.0,0,0,2.0,6.0,0.0,0.0,0,0,0,1.0,5.0,1,4.0,9.0,4,0.007,39.0,100.0,261.0,0.0041428571428571434,0.009285714285714286,0.04442857142857143,6,여름,2020,2. 여름 (6~8월)
2020-06-22,22.9,31.7,13.4,65.9,0.0,1.3,13.3,31.0,26.0,12.0,0.045,0.012,0.4,0.006,18.299999999999997,2.3999999999999986,8.599999999999994,4.90849603578651,5.7,1,1,6.0,16.0,0,0,2.0,6.0,0.0,0.0,0,0,0,1.0,5.0,0,4.0,9.0,0,0.0,38.0,109.0,260.0,0.004571428571428572,0.010142857142857144,0.04228571428571428,6,여름,2020,2. 여름 (6~8월)
2020-06-23,24.0,31.6,16.4,65.1,0.0,1.8,11.3,31.7,33.0,19.0,0.056,0.013,0.3,0.006,15.200000000000003,1.1000000000000014,0.8000000000000114,5.211525688318093,5.7,1,1,7.0,16.0,0,0,2.0,6.0,0.0,0.0,0,0,0,1.0,5.0,0,4.0,9.0,0,0.0,52.0,129.0,278.0,0.004857142857142858,0.010857142857142857,0.04228571428571428,6,여름,2020,2. 여름 (6~8월)
2020-06-24,21.5,24.7,19.9,84.5,6.6,1.4,0.0,23.5,26.0,15.0,0.035,0.011,0.3,0.004,4.800000000000001,2.5,19.400000000000006,10.976945537504132,12.3,1,1,7.0,17.0,1,0,3.0,7.0,0.0,0.0,1,0,1,2.0,6.0,1,5.0,10.0,1,0.004,41.0,131.0,275.0,0.004857142857142858,0.010428571428571428,0.04142857142857143,6,여름,2020,2. 여름 (6~8월)
2020-06-25,22.8,27.1,20.0,89.0,2.3,1.0,1.2,24.2,20.0,12.0,0.037,0.009,0.4,0.003,7.100000000000001,1.3000000000000007,4.5,12.700524923534855,9.2,1,1,7.0,18.0,1,0,3.0,8.0,0.0,0.0,2,0,1,3.0,7.0,1,5.0,11.0,2,0.003,32.0,125.0,263.0,0.004857142857142858,0.010142857142857143,0.040999999999999995,6,여름,2020,2. 여름 (6~8월)
2020-06-26,24.3,28.8,20.0,69.5,0.0,2.0,7.7,27.2,24.0,13.0,0.047,0.007,0.4,0.003,8.8,1.5,19.5,10.210288928330884,8.899999999999999,1,1,7.0,19.0,0,0,2.0,8.0,0.0,0.0,0,0,0,2.0,7.0,0,4.0,11.0,0,0.0,37.0,110.0,271.0,0.004857142857142858,0.010142857142857144,0.04142857142857143,6,여름,2020,2. 여름 (6~8월)
2020-06-27,24.8,30.2,20.0,68.1,0.0,1.2,5.5,29.0,36.0,21.0,0.056,0.008,0.5,0.003,10.2,0.5,1.4000000000000057,11.683464098174438,8.899999999999999,1,1,7.0,20.0,0,0,2.0,8.0,0.0,0.0,0,0,0,2.0,7.0,0,3.0,11.0,0,0.0,57.0,126.0,296.0,0.004571428571428572,0.010142857142857143,0.04371428571428571,6,여름,2020,2. 여름 (6~8월)
2020-06-28,24.4,31.2,18.7,69.5,0.0,1.8,11.3,28.4,35.0,20.0,0.054,0.006,0.5,0.003,12.5,0.40000000000000213,1.4000000000000057,0.8082903768650588,8.899999999999999,1,1,7.0,20.0,0,0,2.0,8.0,0.0,0.0,0,0,0,2.0,7.0,0,2.0,11.0,0,0.0,55.0,149.0,312.0,0.004,0.009428571428571429,0.047142857142857146,6,여름,2020,2. 여름 (6~8월)
2020-06-29,21.3,25.6,18.4,87.5,39.2,2.2,0.0,24.3,40.0,25.0,0.048,0.009,0.5,0.004,7.200000000000003,3.099999999999998,18.0,10.819118879711562,48.1,1,1,7.0,21.0,1,0,3.0,9.0,0.0,0.0,1,0,1,3.0,8.0,1,3.0,12.0,1,0.004,65.0,177.0,339.0,0.0037142857142857147,0.009,0.04757142857142858,6,여름,2020,2. 여름 (6~8월)
2020-06-30,22.7,27.4,19.0,78.5,4.4,2.6,2.7,24.2,9.0,3.0,0.049,0.005,0.4,0.003,8.399999999999999,1.3999999999999986,9.0,8.999999999999828,52.5,1,1,7.0,22.0,1,0,4.0,10.0,0.0,0.0,2,0,1,4.0,9.0,1,4.0,13.0,2,0.003,12.0,132.0,299.0,0.0032857142857142855,0.007857142857142858,0.046571428571428576,6,여름,2020,2. 여름 (6~8월)
2020-07-01,21.0,25.8,17.6,80.0,2.3,1.7,1.7,23.7,11.0,4.0,0.037,0.006,0.4,0.003,8.2,1.6999999999999993,1.5,4.821825380496064,48.2,1,1,7.0,22.0,1,0,4.0,11.0,0.0,0.0,3,0,1,4.0,10.0,1,4.0,14.0,3,0.003,15.0,92.0,273.0,0.0031428571428571426,0.007142857142857143,0.04685714285714286,7,여름,2020,2. 여름 (6~8월)
2020-07-02,21.9,27.8,16.0,75.1,0.0,1.5,7.8,26.3,21.0,10.0,0.029,0.009,0.4,0.003,11.8,0.8999999999999986,4.900000000000006,2.5106440076861563,45.900000000000006,1,1,7.0,23.0,1,0,4.0,12.0,0.0,0.0,4,0,1,4.0,11.0,1,4.0,15.0,4,0.003,31.0,58.0,272.0,0.0031428571428571426,0.007142857142857143,0.045714285714285714,7,여름,2020,2. 여름 (6~8월)
2020-07-03,19.6,21.9,17.5,84.5,4.6,1.7,0.0,21.6,21.0,11.0,0.024,0.01,0.4,0.004,4.399999999999999,2.299999999999997,9.400000000000006,4.701418225741028,50.5,1,0,7.0,23.0,1,0,5.0,13.0,0.0,0.0,5,0,0,4.0,11.0,1,5.0,16.0,5,0.004,32.0,78.0,267.0,0.0032857142857142855,0.007571428571428571,0.042428571428571434,7,여름,2020,2. 여름 (6~8월)
2020-07-04,20.1,23.3,17.4,84.5,0.4,1.1,1.6,23.5,15.0,6.0,0.028,0.006,0.3,0.003,5.900000000000002,0.5,0.0,5.427092530382134,50.900000000000006,1,1,7.0,23.0,1,0,6.0,14.0,0.0,0.0,6,0,1,5.0,12.0,1,6.0,16.0,6,0.003,21.0,84.0,231.0,0.0032857142857142855,0.007285714285714285,0.03842857142857143,7,여름,2020,2. 여름 (6~8월)
2020-07-05,22.0,27.6,16.4,79.9,0.0,1.0,3.5,23.8,21.0,11.0,0.029,0.007,0.4,0.003,11.200000000000003,1.8999999999999986,4.599999999999994,2.655811238272275,50.900000000000006,1,1,7.0,24.0,1,0,7.0,15.0,0.0,0.0,7,0,1,6.0,13.0,1,7.0,17.0,7,0.003,32.0,85.0,208.0,0.0032857142857142855,0.0074285714285714285,0.03485714285714286,7,여름,2020,2. 여름 (6~8월)
2020-07-06,23.2,28.0,18.1,83.5,0.0,0.9,1.6,24.6,29.0,15.0,0.031,0.01,0.4,0.003,9.899999999999999,1.1999999999999993,3.5999999999999943,2.419366308216537,11.7,1,1,7.0,25.0,1,0,7.0,16.0,0.0,0.0,8,0,1,6.0,14.0,1,7.0,18.0,8,0.003,44.0,97.0,187.0,0.0031428571428571426,0.007571428571428571,0.03242857142857143,7,여름,2020,2. 여름 (6~8월)
2020-07-07,25.8,31.0,21.3,75.5,0.0,1.5,6.7,31.3,21.0,13.0,0.049,0.007,0.4,0.003,9.7,2.6000000000000014,8.0,4.006661120351133,7.3,1,1,7.0,26.0,1,0,7.0,17.0,0.0,0.0,9,0,1,6.0,15.0,1,7.0,19.0,9,0.003,34.0,110.0,209.0,0.0031428571428571426,0.007857142857142858,0.032428571428571425,7,여름,2020,2. 여름 (6~8월)
2020-07-08,24.1,29.8,19.5,76.6,0.0,1.9,8.5,30.1,32.0,20.0,0.056,0.009,0.5,0.004,10.3,1.6999999999999993,1.0999999999999943,4.336281048702149,5.0,1,1,7.0,26.0,1,0,7.0,18.0,0.0,0.0,10,0,1,6.0,16.0,1,7.0,20.0,10,0.004,52.0,130.0,246.0,0.0032857142857142855,0.008285714285714287,0.03514285714285715,7,여름,2020,2. 여름 (6~8월)
2020-07-09,22.9,27.3,20.0,80.9,0.0,2.4,5.7,30.0,51.0,39.0,0.049,0.01,0.6,0.004,7.300000000000001,1.2000000000000028,4.300000000000011,2.8536526301099454,5.0,1,1,7.0,26.0,1,0,7.0,18.0,0.0,0.0,11,0,1,6.0,16.0,1,7.0,20.0,11,0.004,90.0,176.0,305.0,0.003428571428571429,0.00842857142857143,0.038,7,여름,2020,2. 여름 (6~8월)
2020-07-10,22.7,26.8,20.6,90.3,23.3,1.2,1.2,25.0,15.0,8.0,0.036,0.009,0.4,0.003,6.199999999999999,0.1999999999999993,9.399999999999991,7.006425622241349,23.700000000000003,1,1,7.0,26.0,1,0,7.0,18.0,0.0,0.0,12,0,1,7.0,16.0,1,7.0,20.0,12,0.003,23.0,165.0,296.0,0.0032857142857142863,0.008285714285714285,0.039714285714285716,7,여름,2020,2. 여름 (6~8월)
2020-07-11,23.1,30.3,19.7,83.0,0.0,1.8,3.9,25.8,28.0,14.0,0.031,0.007,0.5,0.003,10.600000000000001,0.40000000000000213,7.299999999999997,4.933896364267636,23.3,1,1,7.0,26.0,1,0,7.0,18.0,0.0,0.0,13,0,1,7.0,16.0,1,7.0,20.0,13,0.003,42.0,155.0,317.0,0.0032857142857142855,0.00842857142857143,0.04014285714285715,7,여름,2020,2. 여름 (6~8월)
2020-07-12,19.4,21.2,17.7,90.1,24.8,2.0,0.0,21.6,18.0,8.0,0.036,0.004,0.4,0.003,3.5,3.700000000000003,7.099999999999994,4.158124577258366,48.1,1,0,7.0,26.0,1,0,7.0,18.0,0.0,0.0,14,0,0,6.0,15.0,1,7.0,20.0,14,0.003,26.0,91.0,311.0,0.0032857142857142855,0.008,0.04114285714285714,7,여름,2020,2. 여름 (6~8월)
2020-07-13,19.1,21.3,17.6,91.0,74.9,2.4,0.0,20.3,5.0,2.0,0.038,0.006,0.4,0.003,3.6999999999999993,0.29999999999999716,0.9000000000000057,4.382160806421121,123.0,1,0,7.0,27.0,1,0,7.0,19.0,0.0,0.0,15,0,0,5.0,15.0,1,7.0,21.0,15,0.003,7.0,75.0,274.0,0.0032857142857142855,0.0074285714285714285,0.04214285714285715,7,여름,2020,2. 여름 (6~8월)
2020-07-14,18.9,20.5,18.2,92.5,0.3,0.9,0.0,21.4,7.0,2.0,0.028,0.006,0.3,0.003,2.3000000000000007,0.20000000000000284,1.5,1.2124355652982506,123.3,1,0,7.0,28.0,1,0,7.0,20.0,0.0,0.0,16,0,0,4.0,15.0,1,7.0,22.0,16,0.003,9.0,42.0,249.0,0.0032857142857142855,0.007285714285714286,0.03914285714285714,7,여름,2020,2. 여름 (6~8월)
2020-07-15,18.5,20.6,16.8,89.5,3.1,1.1,0.0,21.4,18.0,9.0,0.023,0.007,0.3,0.003,3.8000000000000007,0.3999999999999986,3.0,1.500000000000026,126.4,1,0,7.0,28.0,1,0,7.0,21.0,0.0,0.0,17,0,0,3.0,15.0,1,7.0,23.0,17,0.003,27.0,43.0,224.0,0.003142857142857143,0.007,0.034428571428571426,7,여름,2020,2. 여름 (6~8월)
2020-07-16,19.6,27.0,13.6,80.0,0.0,1.3,10.2,24.8,15.0,6.0,0.025,0.007,0.3,0.003,13.4,1.1000000000000014,9.5,6.525590650150635,126.4,1,0,7.0,28.0,1,0,7.0,21.0,0.0,0.0,18,0,0,2.0,15.0,1,7.0,23.0,18,0.003,21.0,57.0,155.0,0.003,0.006571428571428571,0.031,7,여름,2020,2. 여름 (6~8월)
2020-07-17,20.6,27.2,14.9,77.6,0.0,1.6,12.8,25.3,19.0,8.0,0.027,0.007,0.4,0.003,12.299999999999999,1.0,2.4000000000000057,6.293117934166925,103.10000000000001,1,1,7.0,28.0,1,0,7.0,21.0,0.0,0.0,19,0,1,2.0,15.0,1,7.0,23.0,19,0.003,27.0,75.0,159.0,0.003,0.006285714285714286,0.029714285714285714,7,여름,2020,2. 여름 (6~8월)
2020-07-18,20.5,25.8,15.1,81.9,0.0,1.4,6.7,23.6,20.0,9.0,0.025,0.007,0.4,0.004,10.700000000000001,0.10000000000000142,4.300000000000011,2.154839514519197,103.10000000000001,1,1,7.0,28.0,1,0,7.0,22.0,0.0,0.0,20,0,1,2.0,16.0,1,7.0,23.0,20,0.004,29.0,77.0,146.0,0.0031428571428571426,0.006285714285714285,0.02885714285714286,7,여름,2020,2. 여름 (6~8월)
2020-07-19,22.8,25.9,18.6,88.1,0.0,1.6,0.0,23.4,25.0,16.0,0.03,0.007,0.4,0.003,7.299999999999997,2.3000000000000007,6.199999999999989,5.278573039499719,78.30000000000001,1,1,7.0,28.0,1,0,7.0,23.0,0.0,0.0,21,0,1,3.0,17.0,1,7.0,23.0,21,0.003,41.0,97.0,161.0,0.003142857142857143,0.006714285714285714,0.028,7,여름,2020,2. 여름 (6~8월)
2020-07-20,27.4,31.3,23.3,75.8,0.3,2.0,1.5,28.6,17.0,9.0,0.033,0.006,0.4,0.003,8.0,4.599999999999998,12.299999999999997,6.150067750304325,3.6999999999999997,1,1,7.0,28.0,1,0,7.0,24.0,0.0,0.0,22,0,1,4.0,18.0,1,7.0,24.0,22,0.003,26.0,96.0,180.0,0.003142857142857143,0.006714285714285714,0.027285714285714285,7,여름,2020,2. 여름 (6~8월)
2020-07-21,25.8,31.3,21.7,72.1,5.7,1.7,10.0,28.5,14.0,6.0,0.046,0.007,0.4,0.003,9.600000000000001,1.5999999999999979,3.700000000000003,8.376355611680617,9.1,1,1,7.0,28.0,0,0,6.0,24.0,0.0,0.0,0,0,0,4.0,18.0,1,7.0,25.0,23,0.003,20.0,87.0,191.0,0.0031428571428571426,0.006857142857142858,0.029857142857142856,7,여름,2020,2. 여름 (6~8월)
2020-07-22,22.1,23.7,21.3,96.5,36.8,0.9,0.0,23.5,16.0,11.0,0.037,0.012,0.5,0.003,2.3999999999999986,3.6999999999999993,24.400000000000006,13.150031685639895,42.8,1,1,7.0,28.0,1,1,6.0,24.0,1.0,1.0,1,1,1,5.0,18.0,1,7.0,25.0,24,0.003,27.0,73.0,191.0,0.0031428571428571426,0.007571428571428571,0.031857142857142855,7,여름,2020,2. 여름 (6~8월)
2020-07-23,21.0,21.5,20.3,94.9,34.4,2.7,0.0,22.0,12.0,8.0,0.04,0.009,0.5,0.003,1.1999999999999993,1.1000000000000014,1.5999999999999943,13.648931582117807,77.19999999999999,1,1,7.0,28.0,1,0,6.0,24.0,1.0,1.0,2,0,1,6.0,18.0,1,7.0,25.0,25,0.003,20.0,67.0,190.0,0.003142857142857143,0.007857142857142858,0.033999999999999996,7,여름,2020,2. 여름 (6~8월)
2020-07-24,21.2,23.6,20.0,95.0,15.9,1.3,0.0,22.6,9.0,3.0,0.032,0.008,0.3,0.003,3.6000000000000014,0.1999999999999993,0.09999999999999432,0.8962886439826202,93.1,1,1,7.0,28.0,1,1,6.0,25.0,2.0,2.0,3,1,1,6.0,19.0,1,7.0,26.0,26,0.003,12.0,59.0,175.0,0.003142857142857143,0.008,0.03471428571428571,7,여름,2020,2. 여름 (6~8월)
2020-07-25,21.6,24.5,19.7,93.8,46.2,1.1,0.4,24.2,9.0,6.0,0.038,0.007,0.4,0.003,4.800000000000001,0.40000000000000213,1.2000000000000028,0.6658328118471524,139.3,1,1,7.0,28.0,1,0,6.0,26.0,2.0,2.0,4,0,1,6.0,20.0,1,7.0,27.0,27,0.003,15.0,47.0,161.0,0.003,0.008,0.036571428571428574,7,여름,2020,2. 여름 (6~8월)
2020-07-26,23.6,29.4,20.6,82.8,0.2,1.5,6.0,26.5,25.0,13.0,0.039,0.006,0.5,0.003,8.799999999999997,2.0,11.0,6.724086059334206,139.5,1,1,7.0,28.0,1,0,6.0,27.0,2.0,2.0,5,0,1,6.0,21.0,1,7.0,28.0,28,0.003,38.0,65.0,158.0,0.003,0.007857142857142858,0.03785714285714286,7,여름,2020,2. 여름 (6~8월)
2020-07-27,21.7,24.0,20.6,93.0,24.3,1.4,0.0,22.9,30.0,19.0,0.032,0.008,0.5,0.003,3.3999999999999986,1.9000000000000021,10.200000000000003,6.132971003790306,163.5,1,1,7.0,28.0,1,0,6.0,27.0,2.0,2.0,6,0,1,6.0,21.0,1,7.0,28.0,29,0.003,49.0,102.0,181.0,0.003,0.008142857142857143,0.037714285714285714,7,여름,2020,2. 여름 (6~8월)
2020-07-28,21.4,23.0,20.6,96.6,11.0,1.5,0.0,22.4,16.0,10.0,0.03,0.009,0.5,0.003,2.3999999999999986,0.3000000000000007,3.5999999999999943,7.158212067269258,168.8,1,1,7.0,28.0,1,1,7.0,27.0,3.0,3.0,7,1,1,7.0,21.0,1,7.0,28.0,30,0.003,26.0,113.0,187.0,0.003,0.008428571428571428,0.03542857142857143,7,여름,2020,2. 여름 (6~8월)
2020-07-29,22.5,24.2,21.0,95.8,6.0,1.1,0.0,23.3,23.0,17.0,0.022,0.011,0.6,0.003,3.1999999999999993,1.1000000000000014,0.7999999999999972,1.8903262505007439,138.0,1,1,7.0,28.0,1,1,7.0,27.0,3.0,4.0,8,2,1,7.0,21.0,1,7.0,28.0,31,0.003,40.0,115.0,200.0,0.003,0.008285714285714285,0.03328571428571429,7,여름,2020,2. 여름 (6~8월)
2020-07-30,22.2,24.0,20.9,94.4,24.0,1.0,1.0,22.8,23.0,13.0,0.025,0.014,0.6,0.003,3.1000000000000014,0.3000000000000007,1.3999999999999915,1.1135528725654797,127.60000000000001,1,1,7.0,28.0,1,0,7.0,27.0,3.0,4.0,9,0,1,7.0,21.0,1,7.0,28.0,32,0.003,36.0,102.0,216.0,0.003,0.009,0.031142857142857146,7,여름,2020,2. 여름 (6~8월)
2020-07-31,25.4,30.7,20.8,85.0,0.0,1.3,3.0,27.1,23.0,13.0,0.023,0.013,0.3,0.003,9.899999999999999,3.1999999999999993,9.400000000000006,5.873102530463135,111.7,1,1,7.0,28.0,1,0,7.0,27.0,2.0,4.0,10,0,1,7.0,22.0,1,7.0,28.0,33,0.003,36.0,112.0,240.0,0.003,0.009714285714285713,0.029857142857142856,7,여름,2020,2. 여름 (6~8월)
2020-08-01,26.5,32.1,23.3,83.1,0.0,0.9,3.2,27.7,26.0,14.0,0.023,0.01,0.4,0.003,8.8,1.1000000000000014,1.9000000000000057,6.050619802962302,65.5,1,1,7.0,28.0,1,0,7.0,27.0,2.0,4.0,11,0,1,7.0,22.0,1,7.0,28.0,34,0.003,40.0,112.0,265.0,0.003,0.010142857142857143,0.027714285714285716,8,여름,2020,2. 여름 (6~8월)
2020-08-02,27.5,31.4,23.2,76.8,0.0,1.4,2.9,28.1,29.0,18.0,0.021,0.006,0.3,0.003,8.2,1.0,6.299999999999997,4.292241061885193,65.3,1,1,7.0,28.0,1,0,7.0,27.0,2.0,4.0,12,0,1,7.0,22.0,1,7.0,28.0,35,0.003,47.0,123.0,274.0,0.003,0.010142857142857143,0.02514285714285714,8,여름,2020,2. 여름 (6~8월)
2020-08-03,27.9,32.3,24.0,73.5,0.0,1.8,3.3,27.0,33.0,23.0,0.022,0.006,0.3,0.003,8.299999999999997,0.3999999999999986,3.299999999999997,4.877499359302905,41.0,1,1,7.0,28.0,0,0,6.0,26.0,2.0,4.0,0,0,0,6.0,21.0,1,7.0,28.0,36,0.003,56.0,143.0,281.0,0.003,0.009857142857142858,0.023714285714285716,8,여름,2020,2. 여름 (6~8월)
2020-08-04,28.3,32.8,24.3,72.3,0.0,1.7,8.8,29.5,45.0,32.0,0.022,0.005,0.3,0.004,8.499999999999996,0.40000000000000213,1.2000000000000028,2.3302360395463246,30.0,1,1,7.0,28.0,0,0,5.0,25.0,1.0,4.0,0,0,0,5.0,20.0,1,7.0,28.0,37,0.004,77.0,180.0,332.0,0.0031428571428571426,0.009285714285714286,0.022571428571428572,8,여름,2020,2. 여름 (6~8월)
2020-08-05,27.5,32.1,24.4,76.8,0.0,1.3,3.8,28.7,45.0,30.0,0.015,0.006,0.3,0.005,7.700000000000003,0.8000000000000007,4.5,2.3302360395463246,24.0,1,1,7.0,28.0,1,0,5.0,25.0,0.0,4.0,1,0,1,5.0,20.0,1,7.0,28.0,38,0.005,75.0,208.0,367.0,0.003428571428571429,0.008571428571428572,0.02157142857142857,8,여름,2020,2. 여름 (6~8월)
2020-08-06,27.0,28.8,23.7,80.3,5.2,2.2,0.0,26.3,25.0,15.0,0.02,0.006,0.3,0.004,5.100000000000001,0.5,3.5,4.0104031385053736,5.2,1,1,7.0,28.0,1,0,5.0,25.0,0.0,4.0,2,0,1,5.0,20.0,1,7.0,28.0,39,0.004,40.0,192.0,371.0,0.0035714285714285713,0.0074285714285714285,0.02085714285714286,8,여름,2020,2. 여름 (6~8월)
2020-08-07,23.2,25.1,22.0,97.1,91.1,0.7,0.0,24.0,16.0,8.0,0.02,0.01,0.4,0.003,3.1000000000000014,3.8000000000000007,16.799999999999997,10.851881557284582,96.3,1,1,7.0,28.0,1,1,5.0,25.0,1.0,5.0,3,1,1,5.0,20.0,1,7.0,28.0,40,0.003,24.0,139.0,359.0,0.0035714285714285718,0.007,0.020428571428571428,8,여름,2020,2. 여름 (6~8월)
2020-08-08,22.8,24.4,21.7,98.9,110.6,1.0,0.0,23.5,6.0,4.0,0.016,0.01,0.5,0.003,2.6999999999999993,0.3999999999999986,1.8000000000000114,10.258654882585713,206.89999999999998,1,1,7.0,28.0,1,1,5.0,25.0,2.0,6.0,4,2,1,5.0,20.0,1,7.0,28.0,41,0.003,10.0,74.0,329.0,0.0035714285714285718,0.007,0.01942857142857143,8,여름,2020,2. 여름 (6~8월)
2020-08-09,26.9,32.1,21.7,78.4,0.5,1.7,7.4,27.9,13.0,6.0,0.017,0.005,0.4,0.003,10.400000000000002,4.099999999999998,20.5,11.35179868273451,207.39999999999998,1,1,7.0,28.0,1,0,5.0,25.0,2.0,6.0,5,0,1,5.0,21.0,1,7.0,28.0,42,0.003,19.0,53.0,301.0,0.0035714285714285718,0.006857142857142858,0.018857142857142857,8,여름,2020,2. 여름 (6~8월)
2020-08-10,25.9,31.3,23.6,89.4,14.7,1.5,0.6,26.3,10.0,4.0,0.015,0.006,0.3,0.003,7.699999999999999,1.0,11.0,10.259142264341586,222.1,1,1,7.0,28.0,1,0,6.0,25.0,2.0,6.0,6,0,1,6.0,22.0,1,7.0,28.0,43,0.003,14.0,43.0,259.0,0.0035714285714285713,0.006857142857142858,0.017857142857142856,8,여름,2020,2. 여름 (6~8월)
2020-08-11,27.7,31.5,23.7,78.1,2.0,1.7,4.6,27.4,21.0,13.0,0.032,0.006,0.4,0.003,7.800000000000001,1.8000000000000007,11.300000000000011,6.439202849214607,224.1,1,1,7.0,28.0,1,0,7.0,25.0,2.0,6.0,7,0,1,7.0,23.0,1,7.0,28.0,44,0.003,34.0,67.0,216.0,0.003428571428571429,0.007,0.019285714285714288,8,여름,2020,2. 여름 (6~8월)
2020-08-12,27.8,32.4,23.8,83.1,0.0,1.3,5.1,29.4,17.0,11.0,0.023,0.008,0.4,0.003,8.599999999999998,0.10000000000000142,5.0,5.662449411105892,224.1,1,1,7.0,28.0,1,0,7.0,25.0,2.0,6.0,8,0,1,7.0,24.0,1,7.0,28.0,45,0.003,28.0,76.0,169.0,0.003142857142857143,0.007285714285714285,0.020428571428571428,8,여름,2020,2. 여름 (6~8월)
2020-08-13,29.0,33.2,25.7,74.4,0.0,1.7,9.0,29.9,23.0,12.0,0.034,0.007,0.3,0.003,7.5000000000000036,1.1999999999999993,8.699999999999989,4.366157731156033,218.9,1,1,7.0,28.0,0,0,6.0,24.0,2.0,6.0,0,0,0,6.0,24.0,1,7.0,28.0,46,0.003,35.0,97.0,164.0,0.003,0.0074285714285714285,0.02242857142857143,8,여름,2020,2. 여름 (6~8월)
2020-08-14,29.5,34.2,24.5,73.0,0.0,2.0,10.1,30.3,29.0,17.0,0.047,0.007,0.3,0.004,9.700000000000003,0.5,1.4000000000000057,5.472050194701589,127.8,1,1,7.0,28.0,0,0,5.0,23.0,1.0,6.0,0,0,0,5.0,23.0,1,7.0,28.0,47,0.004,46.0,109.0,186.0,0.003142857142857143,0.006999999999999999,0.026285714285714284,8,여름,2020,2. 여름 (6~8월)
2020-08-15,29.8,34.9,25.6,73.9,0.0,1.8,11.2,32.3,31.0,22.0,0.048,0.007,0.3,0.003,9.299999999999997,0.3000000000000007,0.9000000000000057,0.7094598884602275,17.2,1,1,7.0,28.0,0,0,4.0,22.0,0.0,6.0,0,0,0,4.0,22.0,1,7.0,28.0,48,0.003,53.0,134.0,229.0,0.0031428571428571426,0.006571428571428571,0.030857142857142857,8,여름,2020,2. 여름 (6~8월)
2020-08-16,28.6,34.7,23.8,75.0,0.0,1.3,11.3,32.6,26.0,17.0,0.029,0.006,0.3,0.003,10.900000000000002,1.1999999999999993,1.0999999999999943,1.0016652800881014,16.7,1,1,7.0,28.0,1,0,4.0,22.0,0.0,6.0,1,0,1,4.0,22.0,1,7.0,28.0,49,0.003,43.0,142.0,253.0,0.0031428571428571426,0.006714285714285714,0.03257142857142857,8,여름,2020,2. 여름 (6~8월)
2020-08-17,27.7,33.1,23.2,76.8,0.0,1.4,11.6,31.7,21.0,14.0,0.02,0.006,0.3,0.003,9.900000000000002,0.9000000000000021,1.7999999999999972,1.464012750400028,2.0,1,1,7.0,28.0,1,0,4.0,22.0,0.0,6.0,2,0,1,4.0,22.0,1,7.0,28.0,50,0.003,35.0,131.0,274.0,0.003142857142857143,0.006714285714285714,0.03328571428571429,8,여름,2020,2. 여름 (6~8월)
2020-08-18,27.7,34.2,21.6,77.1,0.0,1.3,11.5,32.9,28.0,19.0,0.026,0.007,0.3,0.003,12.600000000000001,0.0,0.29999999999999716,1.1357816691602503,0.0,1,1,7.0,28.0,1,0,4.0,23.0,0.0,6.0,3,0,1,4.0,23.0,1,7.0,28.0,51,0.003,47.0,125.0,287.0,0.003142857142857143,0.006857142857142858,0.03242857142857143,8,여름,2020,2. 여름 (6~8월)
2020-08-19,28.7,35.6,22.5,70.1,0.0,1.6,12.0,33.6,40.0,30.0,0.032,0.009,0.4,0.003,13.100000000000001,1.0,7.0,3.9576929306521462,0.0,1,1,7.0,28.0,0,0,3.0,22.0,0.0,5.0,0,0,0,3.0,22.0,1,7.0,28.0,52,0.003,70.0,152.0,329.0,0.0031428571428571426,0.007,0.03371428571428572,8,여름,2020,2. 여름 (6~8월)
2020-08-20,27.4,34.4,21.7,72.8,0.0,1.5,11.9,33.6,38.0,27.0,0.035,0.009,0.4,0.004,12.7,1.3000000000000007,2.700000000000003,3.530344647953528,0.0,1,1,7.0,28.0,0,0,3.0,21.0,0.0,5.0,0,0,0,3.0,21.0,1,7.0,28.0,53,0.004,65.0,182.0,359.0,0.0032857142857142855,0.007285714285714286,0.033857142857142856,8,여름,2020,2. 여름 (6~8월)
2020-08-21,25.1,30.8,21.7,81.8,0.0,1.5,5.1,30.4,40.0,28.0,0.042,0.007,0.4,0.003,9.100000000000001,2.299999999999997,9.0,6.1261733569986925,0.0,1,1,7.0,28.0,1,0,4.0,21.0,0.0,4.0,1,0,1,4.0,21.0,1,7.0,28.0,54,0.003,68.0,203.0,381.0,0.0031428571428571426,0.007285714285714286,0.03314285714285715,8,여름,2020,2. 여름 (6~8월)
2020-08-22,25.5,29.4,23.0,80.3,0.0,1.7,2.8,31.3,24.0,13.0,0.034,0.008,0.4,0.004,6.399999999999999,0.3999999999999986,1.5,4.821825380496501,0.0,1,1,7.0,28.0,1,0,5.0,21.0,0.0,4.0,2,0,1,5.0,21.0,1,7.0,28.0,55,0.004,37.0,170.0,365.0,0.0032857142857142855,0.007428571428571429,0.031142857142857146,8,여름,2020,2. 여름 (6~8월)
2020-08-23,26.6,32.4,22.6,75.1,0.0,1.1,8.5,31.6,24.0,15.0,0.035,0.006,0.3,0.003,9.799999999999997,1.1000000000000014,5.200000000000003,3.516153201061276,0.0,1,1,7.0,28.0,1,0,5.0,21.0,0.0,4.0,3,0,1,5.0,21.0,1,7.0,28.0,56,0.003,39.0,144.0,361.0,0.0032857142857142855,0.0074285714285714285,0.03200000000000001,8,여름,2020,2. 여름 (6~8월)
2020-08-24,27.1,33.2,21.9,75.6,0.0,1.1,10.5,33.7,32.0,23.0,0.04,0.009,0.3,0.003,11.300000000000004,0.5,0.5,2.868797657556279,0.0,1,1,7.0,28.0,1,0,5.0,21.0,0.0,4.0,4,0,1,5.0,21.0,1,7.0,28.0,57,0.003,55.0,131.0,381.0,0.0032857142857142855,0.007857142857142856,0.03485714285714286,8,여름,2020,2. 여름 (6~8월)
2020-08-25,27.1,34.7,22.0,79.3,1.0,1.2,9.8,29.2,39.0,29.0,0.031,0.01,0.3,0.005,12.700000000000003,0.0,3.700000000000003,2.294195574342729,1.0,1,1,7.0,28.0,1,0,5.0,21.0,0.0,3.0,5,0,1,5.0,21.0,1,7.0,28.0,58,0.005,68.0,162.0,402.0,0.0035714285714285718,0.008285714285714285,0.03557142857142857,8,여름,2020,2. 여름 (6~8월)
2020-08-26,27.8,31.3,24.8,80.5,11.4,2.7,5.1,29.0,26.0,16.0,0.029,0.006,0.3,0.004,6.5,0.6999999999999993,1.2000000000000028,2.5540817005987684,12.4,1,1,7.0,28.0,1,0,6.0,21.0,0.0,2.0,6,0,1,6.0,21.0,1,7.0,28.0,59,0.004,42.0,165.0,374.0,0.0037142857142857147,0.007857142857142856,0.03514285714285715,8,여름,2020,2. 여름 (6~8월)
2020-08-27,26.7,31.2,24.8,86.4,2.3,1.7,3.2,28.4,18.0,10.0,0.034,0.008,0.3,0.003,6.399999999999999,1.1000000000000014,5.900000000000006,3.8004385711826814,14.7,1,1,7.0,28.0,1,0,7.0,21.0,0.0,2.0,7,0,1,7.0,21.0,1,7.0,28.0,60,0.003,28.0,138.0,337.0,0.0035714285714285718,0.007714285714285715,0.034999999999999996,8,여름,2020,2. 여름 (6~8월)
2020-08-28,26.5,31.7,23.7,86.9,6.8,0.9,3.1,29.2,19.0,10.0,0.024,0.009,0.2,0.003,8.0,0.1999999999999993,0.5,3.5594943461114585,21.5,1,1,7.0,28.0,1,0,7.0,21.0,0.0,2.0,8,0,1,7.0,21.0,1,7.0,28.0,61,0.003,29.0,99.0,298.0,0.0035714285714285713,0.007999999999999998,0.03242857142857143,8,여름,2020,2. 여름 (6~8월)
2020-08-29,27.3,31.8,23.6,80.4,1.3,1.1,6.3,29.2,14.0,8.0,0.022,0.007,0.2,0.003,8.2,0.8000000000000007,6.5,3.6170890690350377,22.8,1,1,7.0,28.0,1,0,7.0,21.0,0.0,2.0,9,0,1,7.0,21.0,1,7.0,28.0,62,0.003,22.0,79.0,283.0,0.003428571428571429,0.007857142857142858,0.030714285714285715,8,여름,2020,2. 여름 (6~8월)
2020-08-30,27.1,33.9,23.2,77.9,0.0,1.4,7.2,30.7,14.0,7.0,0.025,0.005,0.2,0.003,10.7,0.1999999999999993,2.5,4.645786621588757,22.8,1,1,7.0,28.0,1,0,7.0,21.0,0.0,2.0,10,0,1,7.0,21.0,1,7.0,28.0,63,0.003,21.0,72.0,265.0,0.003428571428571429,0.007714285714285714,0.029285714285714283,8,여름,2020,2. 여름 (6~8월)
2020-08-31,24.2,26.5,22.3,81.3,0.0,1.8,0.1,25.5,14.0,5.0,0.029,0.006,0.2,0.003,4.199999999999999,2.900000000000002,3.3999999999999915,1.7616280348964912,22.8,1,1,7.0,28.0,1,0,7.0,22.0,0.0,2.0,11,0,1,7.0,22.0,1,7.0,28.0,64,0.003,19.0,62.0,229.0,0.003428571428571429,0.007285714285714285,0.027714285714285712,8,여름,2020,2. 여름 (6~8월)
2020-09-01,24.3,27.7,21.1,81.6,0.0,1.3,1.0,26.9,16.0,7.0,0.028,0.007,0.3,0.003,6.599999999999998,0.10000000000000142,0.29999999999999716,2.055075018906421,21.8,1,1,7.0,28.0,1,0,7.0,23.0,0.0,2.0,12,0,1,7.0,23.0,1,7.0,28.0,65,0.003,23.0,63.0,184.0,0.0031428571428571426,0.006857142857142858,0.027285714285714285,9,가을,2020,3. 가을 (9~11월)
2020-09-02,25.2,28.5,23.2,90.5,23.9,2.4,0.1,25.4,11.0,5.0,0.024,0.006,0.3,0.003,5.300000000000001,0.8999999999999986,8.900000000000006,5.227172594561315,34.3,1,1,7.0,28.0,1,0,7.0,23.0,0.0,2.0,13,0,1,7.0,23.0,1,7.0,28.0,66,0.003,16.0,58.0,158.0,0.003,0.006857142857142856,0.026571428571428572,9,가을,2020,3. 가을 (9~11월)
2020-09-03,25.1,29.2,19.0,72.0,79.9,4.6,7.6,26.4,16.0,7.0,0.037,0.006,0.3,0.003,10.2,0.09999999999999787,18.5,9.252206943931435,111.9,1,1,7.0,28.0,0,0,6.0,22.0,0.0,2.0,0,0,0,6.0,22.0,1,7.0,28.0,67,0.003,23.0,62.0,153.0,0.003,0.006571428571428571,0.027,9,가을,2020,3. 가을 (9~11월)
2020-09-04,22.5,29.3,16.4,72.1,0.0,1.1,11.4,24.8,39.0,24.0,0.047,0.01,0.4,0.003,12.900000000000002,2.6000000000000014,0.09999999999999432,10.652229813517916,105.10000000000001,1,1,7.0,28.0,0,0,5.0,21.0,0.0,1.0,0,0,0,5.0,21.0,1,7.0,28.0,68,0.003,63.0,102.0,187.0,0.003,0.006714285714285714,0.030285714285714284,9,가을,2020,3. 가을 (9~11월)
2020-09-05,18.8,21.9,16.9,91.9,9.2,0.9,0.0,21.3,37.0,26.0,0.03,0.012,0.6,0.004,5.0,3.6999999999999993,19.80000000000001,11.460511914104595,113.00000000000001,1,0,7.0,28.0,1,0,5.0,21.0,0.0,0.0,1,0,0,4.0,20.0,1,7.0,28.0,69,0.004,63.0,149.0,228.0,0.003142857142857143,0.007428571428571429,0.03142857142857143,9,가을,2020,3. 가을 (9~11월)
2020-09-06,19.7,22.2,17.1,92.8,12.1,0.9,0.0,21.0,14.0,7.0,0.036,0.006,0.3,0.003,5.099999999999998,0.8999999999999986,0.8999999999999915,11.699999999999982,125.10000000000001,1,0,7.0,28.0,1,0,5.0,21.0,0.0,0.0,2,0,0,3.0,19.0,1,7.0,28.0,70,0.003,21.0,147.0,228.0,0.0031428571428571426,0.007571428571428571,0.033,9,가을,2020,3. 가을 (9~11월)
2020-09-07,22.5,24.6,20.5,80.5,56.4,4.5,0.1,21.4,5.0,3.0,0.039,0.003,0.2,0.003,4.100000000000001,2.8000000000000007,12.299999999999997,6.856383886568727,181.5,1,1,7.0,28.0,1,0,5.0,21.0,0.0,0.0,3,0,1,3.0,19.0,1,7.0,28.0,71,0.003,8.0,92.0,217.0,0.0031428571428571426,0.0071428571428571435,0.034428571428571426,9,가을,2020,3. 가을 (9~11월)
2020-09-08,22.9,28.1,18.5,78.8,1.0,2.0,7.6,22.9,43.0,27.0,0.064,0.007,0.5,0.004,9.600000000000001,0.3999999999999986,1.7000000000000028,7.639589866827467,182.5,1,1,7.0,28.0,1,0,5.0,21.0,0.0,0.0,4,0,1,3.0,19.0,1,7.0,28.0,72,0.004,70.0,99.0,264.0,0.0032857142857142855,0.0071428571428571435,0.03957142857142857,9,가을,2020,3. 가을 (9~11월)
2020-09-09,22.0,27.0,19.0,81.9,2.1,1.0,4.5,25.2,39.0,27.0,0.043,0.011,0.5,0.003,8.0,0.8999999999999986,3.1000000000000085,1.5524174696259687,160.7,1,1,7.0,28.0,1,0,5.0,21.0,0.0,0.0,5,0,1,3.0,19.0,1,7.0,28.0,73,0.003,66.0,144.0,314.0,0.0032857142857142855,0.007857142857142858,0.042285714285714295,9,가을,2020,3. 가을 (9~11월)
2020-09-10,21.8,26.9,18.2,81.9,5.8,0.9,5.2,25.4,33.0,22.0,0.04,0.009,0.4,0.003,8.7,0.1999999999999993,0.0,1.7897858344878055,86.6,1,1,7.0,28.0,1,0,6.0,22.0,0.0,0.0,6,0,1,4.0,20.0,1,7.0,28.0,74,0.003,55.0,191.0,346.0,0.0032857142857142855,0.008285714285714285,0.04271428571428571,9,가을,2020,3. 가을 (9~11월)
2020-09-11,20.9,25.8,18.5,84.6,1.9,1.5,0.2,22.1,29.0,17.0,0.036,0.008,0.5,0.003,7.300000000000001,0.9000000000000021,2.6999999999999886,1.558845726811985,88.5,1,1,7.0,28.0,1,0,7.0,23.0,0.0,0.0,7,0,1,5.0,21.0,1,7.0,28.0,75,0.003,46.0,167.0,329.0,0.0032857142857142855,0.008,0.04114285714285714,9,가을,2020,3. 가을 (9~11월)
2020-09-12,19.4,21.6,17.9,89.4,5.1,1.0,0.0,21.1,14.0,6.0,0.035,0.007,0.5,0.003,3.700000000000003,1.5,4.800000000000011,3.79868398264452,84.39999999999999,1,0,7.0,28.0,1,0,7.0,24.0,0.0,0.0,8,0,0,5.0,21.0,1,7.0,28.0,76,0.003,20.0,121.0,286.0,0.0031428571428571426,0.007285714285714285,0.041857142857142864,9,가을,2020,3. 가을 (9~11월)
2020-09-13,19.2,23.6,17.2,83.9,0.0,1.2,3.9,22.4,12.0,3.0,0.03,0.004,0.4,0.003,6.400000000000002,0.1999999999999993,5.5,2.9938826518975965,72.3,1,0,7.0,28.0,1,0,7.0,24.0,0.0,0.0,9,0,0,5.0,20.0,1,7.0,28.0,77,0.003,15.0,81.0,280.0,0.003142857142857143,0.007,0.040999999999999995,9,가을,2020,3. 가을 (9~11월)
2020-09-14,21.1,27.3,17.3,78.9,0.0,1.2,7.2,23.9,26.0,15.0,0.029,0.008,0.5,0.003,10.0,1.9000000000000021,5.0,5.2519837521962485,15.9,1,1,7.0,28.0,1,0,7.0,24.0,0.0,0.0,10,0,1,5.0,20.0,1,7.0,28.0,78,0.003,41.0,76.0,313.0,0.003142857142857143,0.007714285714285714,0.03957142857142858,9,가을,2020,3. 가을 (9~11월)
2020-09-15,21.2,27.5,16.5,79.8,0.0,1.3,7.7,23.3,27.0,13.0,0.037,0.009,0.5,0.004,11.0,0.09999999999999787,0.8999999999999915,2.6652079343521056,14.9,1,1,7.0,28.0,1,0,7.0,24.0,0.0,0.0,11,0,1,5.0,20.0,1,7.0,28.0,79,0.004,40.0,96.0,283.0,0.003142857142857143,0.008,0.03571428571428571,9,가을,2020,3. 가을 (9~11월)
2020-09-16,20.8,23.2,18.8,88.1,0.6,0.6,0.1,23.1,24.0,15.0,0.029,0.011,0.4,0.003,4.399999999999999,0.3999999999999986,8.299999999999997,5.071817557181387,13.4,1,1,7.0,28.0,1,0,7.0,25.0,0.0,0.0,12,0,1,5.0,21.0,1,7.0,28.0,80,0.003,39.0,120.0,256.0,0.0031428571428571426,0.007999999999999998,0.03371428571428572,9,가을,2020,3. 가을 (9~11월)
2020-09-17,20.2,23.7,17.6,88.6,1.7,0.8,0.0,21.4,28.0,18.0,0.02,0.013,0.4,0.004,6.099999999999998,0.6000000000000014,0.5,4.942671342502969,9.3,1,1,7.0,28.0,1,0,7.0,26.0,0.0,0.0,13,0,1,5.0,22.0,1,7.0,28.0,81,0.004,46.0,125.0,247.0,0.0032857142857142855,0.008571428571428572,0.030857142857142857,9,가을,2020,3. 가을 (9~11월)
2020-09-18,18.7,24.8,13.2,80.9,1.9,1.5,2.3,21.2,27.0,14.0,0.03,0.011,0.4,0.004,11.600000000000001,1.5,7.699999999999989,4.308518693627013,9.299999999999999,1,0,7.0,28.0,1,0,7.0,26.0,0.0,0.0,14,0,0,4.0,21.0,1,7.0,28.0,82,0.004,41.0,126.0,242.0,0.003428571428571429,0.009,0.03,9,가을,2020,3. 가을 (9~11월)
2020-09-19,18.6,25.8,10.7,71.4,0.0,1.2,10.1,20.9,27.0,12.0,0.031,0.009,0.4,0.004,15.100000000000001,0.09999999999999787,9.5,8.615683373940806,4.199999999999999,1,0,7.0,28.0,0,0,6.0,25.0,0.0,0.0,0,0,0,4.0,20.0,1,7.0,28.0,83,0.004,39.0,126.0,261.0,0.0035714285714285713,0.009285714285714286,0.029428571428571425,9,가을,2020,3. 가을 (9~11월)
2020-09-20,18.7,25.9,12.4,63.0,0.0,1.9,11.2,20.6,22.0,10.0,0.04,0.006,0.4,0.004,13.499999999999998,0.09999999999999787,8.400000000000006,8.955631375471716,4.199999999999999,1,0,7.0,28.0,0,0,5.0,24.0,0.0,0.0,0,0,0,4.0,19.0,0,6.0,27.0,0,0.0,32.0,112.0,278.0,0.0037142857142857142,0.009571428571428573,0.030857142857142857,9,가을,2020,3. 가을 (9~11월)
2020-09-21,16.0,23.0,9.4,75.5,0.0,1.1,9.6,19.6,19.0,9.0,0.026,0.008,0.4,0.004,13.6,2.6999999999999993,12.5,6.372074492136246,4.199999999999999,1,0,7.0,28.0,1,0,5.0,24.0,0.0,0.0,1,0,0,3.0,18.0,1,6.0,27.0,1,0.004,28.0,99.0,265.0,0.003857142857142857,0.009571428571428573,0.030428571428571426,9,가을,2020,3. 가을 (9~11월)
2020-09-22,16.1,21.8,11.9,80.4,0.0,1.5,4.7,19.0,15.0,7.0,0.022,0.008,0.4,0.003,9.9,0.10000000000000142,4.900000000000006,8.972364979944452,4.199999999999999,1,0,7.0,28.0,1,0,5.0,24.0,0.0,0.0,2,0,0,2.0,17.0,1,6.0,27.0,2,0.003,22.0,82.0,247.0,0.0037142857142857147,0.009428571428571429,0.028285714285714282,9,가을,2020,3. 가을 (9~11월)
2020-09-23,17.9,22.8,13.3,73.9,0.0,2.0,1.0,19.4,16.0,8.0,0.027,0.008,0.4,0.003,9.5,1.7999999999999972,6.5,3.3867388443752717,3.5999999999999996,1,0,7.0,28.0,0,0,4.0,23.0,0.0,0.0,0,0,0,1.0,16.0,1,6.0,27.0,3,0.003,24.0,74.0,232.0,0.0037142857142857147,0.009,0.027999999999999997,9,가을,2020,3. 가을 (9~11월)
2020-09-24,18.8,24.0,14.4,72.8,0.0,1.8,4.6,22.4,15.0,6.0,0.032,0.007,0.3,0.003,9.6,0.9000000000000021,1.1000000000000085,4.107310555582611,1.9,1,0,7.0,28.0,0,0,3.0,22.0,0.0,0.0,0,0,0,0.0,15.0,1,6.0,27.0,4,0.003,21.0,67.0,207.0,0.0035714285714285718,0.008142857142857143,0.029714285714285714,9,가을,2020,3. 가을 (9~11월)
2020-09-25,18.2,24.7,12.5,76.3,0.0,1.1,4.9,21.6,28.0,15.0,0.018,0.013,0.4,0.004,12.2,0.6000000000000014,3.5,1.7897858344879112,0.0,1,0,7.0,28.0,1,0,3.0,22.0,0.0,0.0,1,0,0,0.0,14.0,1,6.0,27.0,5,0.004,43.0,88.0,209.0,0.0035714285714285718,0.008428571428571428,0.028,9,가을,2020,3. 가을 (9~11월)
2020-09-26,18.2,24.1,12.5,73.6,0.0,1.3,5.7,21.2,22.0,8.0,0.025,0.009,0.4,0.004,11.600000000000001,0.0,2.700000000000003,1.8339392937972583,0.0,1,0,7.0,28.0,0,0,3.0,21.0,0.0,0.0,0,0,0,0.0,13.0,1,6.0,27.0,6,0.004,30.0,94.0,200.0,0.0035714285714285718,0.008428571428571428,0.027142857142857142,9,가을,2020,3. 가을 (9~11월)
2020-09-27,17.6,23.2,12.1,74.1,0.0,1.6,7.3,21.9,17.0,6.0,0.034,0.005,0.3,0.003,11.1,0.5999999999999979,0.5,1.4364307617611167,0.0,1,0,7.0,28.0,0,0,3.0,20.0,0.0,0.0,0,0,0,0.0,12.0,1,7.0,27.0,7,0.003,23.0,96.0,191.0,0.003428571428571429,0.008285714285714287,0.026285714285714284,9,가을,2020,3. 가을 (9~11월)
2020-09-28,15.4,23.4,8.7,80.5,0.0,1.0,9.2,20.6,17.0,7.0,0.024,0.008,0.4,0.004,14.7,2.200000000000001,6.400000000000006,3.847510017314277,0.0,1,0,7.0,28.0,1,0,3.0,20.0,0.0,0.0,1,0,0,0.0,11.0,1,7.0,27.0,8,0.004,24.0,77.0,187.0,0.003428571428571429,0.008285714285714285,0.026,9,가을,2020,3. 가을 (9~11월)
2020-09-29,16.1,25.2,9.1,78.6,0.0,0.9,6.9,20.1,23.0,12.0,0.024,0.011,0.5,0.004,16.1,0.7000000000000011,1.9000000000000057,3.2868424564213226,0.0,1,0,7.0,28.0,1,0,3.0,20.0,0.0,0.0,2,0,0,0.0,10.0,1,7.0,27.0,9,0.004,35.0,82.0,200.0,0.0035714285714285713,0.008714285714285714,0.026285714285714284,9,가을,2020,3. 가을 (9~11월)
2020-09-30,16.3,24.1,11.1,77.8,0.0,1.1,6.1,20.3,17.0,10.0,0.027,0.008,0.4,0.004,13.000000000000002,0.1999999999999993,0.7999999999999972,1.3868429375144753,0.0,1,0,7.0,28.0,1,0,4.0,20.0,0.0,0.0,3,0,0,0.0,9.0,1,7.0,27.0,10,0.004,27.0,86.0,203.0,0.0037142857142857142,0.008714285714285714,0.02628571428571429,9,가을,2020,3. 가을 (9~11월)
2020-10-01,16.9,23.5,10.2,79.4,0.0,1.2,9.7,21.5,16.0,8.0,0.028,0.005,0.4,0.004,13.3,0.5999999999999979,1.6000000000000085,0.8000000000002724,0.0,1,0,7.0,28.0,1,0,5.0,21.0,0.0,0.0,4,0,0,0.0,9.0,1,7.0,27.0,11,0.004,24.0,86.0,206.0,0.003857142857142857,0.008428571428571428,0.025714285714285717,10,가을,2020,3. 가을 (9~11월)
2020-10-02,18.3,25.5,12.3,80.6,0.0,1.0,6.6,21.8,25.0,17.0,0.03,0.008,0.5,0.004,13.2,1.4000000000000021,1.1999999999999886,1.4047538337138519,0.0,1,0,7.0,28.0,1,0,5.0,22.0,0.0,0.0,5,0,0,0.0,9.0,1,7.0,27.0,12,0.004,42.0,93.0,205.0,0.003857142857142857,0.007714285714285715,0.02742857142857143,10,가을,2020,3. 가을 (9~11월)
2020-10-03,20.1,25.4,16.1,79.5,0.9,0.8,4.6,22.8,29.0,21.0,0.03,0.008,0.5,0.004,9.299999999999997,1.8000000000000007,1.0999999999999943,0.6658328118482589,0.9,1,1,7.0,28.0,1,0,6.0,22.0,0.0,0.0,6,0,1,1.0,10.0,1,7.0,27.0,13,0.004,50.0,116.0,225.0,0.003857142857142857,0.007571428571428572,0.028142857142857143,10,가을,2020,3. 가을 (9~11월)
2020-10-04,19.0,22.5,16.0,76.6,0.2,1.2,0.1,20.3,27.0,19.0,0.032,0.007,0.5,0.004,6.5,1.1000000000000014,2.9000000000000057,2.0663978319772833,1.1,1,0,7.0,28.0,1,0,7.0,22.0,0.0,0.0,7,0,0,1.0,10.0,1,7.0,27.0,14,0.004,46.0,138.0,248.0,0.004,0.007857142857142858,0.027857142857142858,10,가을,2020,3. 가을 (9~11월)
2020-10-05,14.8,20.3,9.7,51.3,0.0,2.8,10.7,18.6,24.0,8.0,0.035,0.006,0.4,0.004,10.600000000000001,4.199999999999999,25.299999999999997,15.512038335864618,1.1,0,0,6.0,27.0,0,0,6.0,21.0,0.0,0.0,0,0,0,1.0,9.0,0,6.0,26.0,0,0.0,32.0,128.0,256.0,0.004,0.007571428571428571,0.029428571428571432,10,가을,2020,3. 가을 (9~11월)
2020-10-06,13.9,21.9,6.4,67.5,0.0,1.1,10.9,18.8,23.0,10.0,0.027,0.01,0.5,0.004,15.499999999999998,0.9000000000000004,16.200000000000003,12.814965209993098,1.1,1,0,6.0,27.0,0,0,5.0,20.0,0.0,0.0,0,0,0,1.0,8.0,0,5.0,25.0,0,0.0,33.0,111.0,254.0,0.004,0.007428571428571429,0.029857142857142856,10,가을,2020,3. 가을 (9~11월)
2020-10-07,16.1,21.6,10.5,71.9,0.0,2.0,6.5,19.7,16.0,7.0,0.028,0.007,0.4,0.003,11.100000000000001,2.200000000000001,4.400000000000006,10.848655830716243,1.1,1,0,6.0,27.0,0,0,4.0,19.0,0.0,0.0,0,0,0,1.0,7.0,1,5.0,25.0,1,0.003,23.0,88.0,250.0,0.0038571428571428576,0.007285714285714286,0.03,10,가을,2020,3. 가을 (9~11월)
2020-10-08,17.4,20.7,15.5,57.9,0.0,4.2,6.2,18.9,16.0,4.0,0.044,0.004,0.5,0.004,5.199999999999999,1.2999999999999972,14.000000000000007,7.159143337951369,1.1,0,0,5.0,26.0,0,0,3.0,18.0,0.0,0.0,0,0,0,1.0,6.0,0,4.0,24.0,0,0.0,20.0,76.0,246.0,0.0038571428571428576,0.0071428571428571435,0.032285714285714286,10,가을,2020,3. 가을 (9~11월)
2020-10-09,17.8,20.3,15.7,59.1,0.0,3.7,4.4,19.0,24.0,7.0,0.05,0.004,0.5,0.004,4.600000000000001,0.40000000000000213,1.2000000000000028,7.759725081040781,1.1,0,0,4.0,25.0,0,0,2.0,17.0,0.0,0.0,0,0,0,1.0,5.0,0,3.0,23.0,0,0.0,31.0,74.0,235.0,0.0038571428571428576,0.006571428571428571,0.03514285714285714,10,가을,2020,3. 가을 (9~11월)
2020-10-10,16.9,22.3,12.1,65.9,0.0,1.6,6.0,20.8,21.0,8.0,0.045,0.006,0.5,0.004,10.200000000000001,0.9000000000000021,6.800000000000004,4.314317249963572,0.2,1,0,4.0,25.0,0,0,1.0,16.0,0.0,0.0,0,0,0,0.0,5.0,0,2.0,22.0,0,0.0,29.0,80.0,214.0,0.0038571428571428576,0.006285714285714286,0.03728571428571429,10,가을,2020,3. 가을 (9~11월)
2020-10-11,14.7,20.7,9.5,78.0,0.0,0.8,1.7,18.3,22.0,11.0,0.029,0.009,0.5,0.004,11.2,2.1999999999999993,12.099999999999994,9.573052456418143,0.0,1,0,4.0,25.0,1,0,1.0,16.0,0.0,0.0,1,0,0,0.0,5.0,1,2.0,22.0,1,0.004,33.0,93.0,201.0,0.0038571428571428576,0.006571428571428571,0.03685714285714286,10,가을,2020,3. 가을 (9~11월)
2020-10-12,15.3,22.9,10.5,78.0,0.0,1.1,3.6,18.1,35.0,21.0,0.026,0.012,0.6,0.004,12.399999999999999,0.6000000000000014,0.0,6.9859382571944915,0.0,1,0,5.0,25.0,1,0,2.0,16.0,0.0,0.0,2,0,0,0.0,4.0,1,3.0,22.0,2,0.004,56.0,118.0,225.0,0.0038571428571428576,0.0074285714285714285,0.03557142857142857,10,가을,2020,3. 가을 (9~11월)
2020-10-13,14.0,21.3,8.0,61.8,0.0,1.6,7.4,16.0,28.0,13.0,0.033,0.011,0.5,0.004,13.3,1.3000000000000007,16.200000000000003,9.353074360871936,0.0,1,0,5.0,25.0,0,0,2.0,15.0,0.0,0.0,0,0,0,0.0,3.0,0,3.0,21.0,0,0.0,41.0,130.0,233.0,0.0038571428571428576,0.00757142857142857,0.03642857142857143,10,가을,2020,3. 가을 (9~11월)
2020-10-14,11.4,21.0,5.1,70.6,0.0,1.2,3.9,14.8,40.0,19.0,0.022,0.016,0.6,0.005,15.9,2.5999999999999996,8.799999999999997,8.110076037456942,0.0,1,0,5.0,25.0,0,0,2.0,14.0,0.0,0.0,0,0,0,0.0,2.0,1,3.0,21.0,1,0.005,59.0,156.0,269.0,0.004142857142857143,0.008857142857142857,0.03557142857142857,10,가을,2020,3. 가을 (9~11월)
2020-10-15,12.6,20.6,4.1,65.6,0.0,1.1,9.2,15.3,30.0,13.0,0.033,0.012,0.6,0.004,16.5,1.1999999999999993,5.0,4.4136152981427665,0.0,1,0,6.0,25.0,0,0,2.0,13.0,0.0,0.0,0,0,0,0.0,1.0,0,3.0,20.0,0,0.0,43.0,143.0,292.0,0.0041428571428571434,0.01,0.034,10,가을,2020,3. 가을 (9~11월)
2020-10-16,12.3,17.2,6.4,78.0,0.0,0.6,0.4,15.0,35.0,19.0,0.015,0.017,0.6,0.004,10.799999999999999,0.29999999999999893,12.400000000000006,6.2385895841928924,0.0,1,0,7.0,25.0,1,0,3.0,13.0,0.0,0.0,1,0,0,0.0,1.0,1,4.0,20.0,1,0.004,54.0,156.0,315.0,0.0041428571428571434,0.011857142857142856,0.029,10,가을,2020,3. 가을 (9~11월)
2020-10-17,12.7,20.8,6.2,73.8,0.0,1.0,9.6,15.5,37.0,22.0,0.028,0.014,0.6,0.004,14.600000000000001,0.3999999999999986,4.200000000000003,6.306610288683882,0.0,1,0,7.0,25.0,0,0,3.0,13.0,0.0,0.0,0,0,0,0.0,1.0,1,5.0,20.0,2,0.004,59.0,156.0,345.0,0.0041428571428571434,0.013000000000000001,0.026571428571428576,10,가을,2020,3. 가을 (9~11월)
2020-10-18,10.9,21.1,4.1,70.5,0.0,1.1,8.2,14.4,27.0,16.0,0.024,0.012,0.6,0.004,17.0,1.799999999999999,3.299999999999997,3.758989225842509,0.0,1,0,7.0,25.0,0,0,2.0,13.0,0.0,0.0,0,0,0,0.0,1.0,1,5.0,21.0,3,0.004,43.0,156.0,355.0,0.0041428571428571434,0.013428571428571429,0.025857142857142856,10,가을,2020,3. 가을 (9~11월)
2020-10-19,12.1,21.6,3.4,72.9,0.0,0.9,8.9,15.8,41.0,19.0,0.028,0.015,0.7,0.005,18.200000000000003,1.1999999999999993,2.4000000000000057,1.7058722109231907,0.0,1,0,7.0,25.0,0,0,1.0,12.0,0.0,0.0,0,0,0,0.0,1.0,1,5.0,21.0,4,0.005,60.0,162.0,359.0,0.004285714285714286,0.013857142857142858,0.02614285714285714,10,가을,2020,3. 가을 (9~11월)
2020-10-20,12.2,21.9,5.4,76.3,0.0,1.0,8.1,14.6,40.0,20.0,0.028,0.015,0.7,0.004,16.5,0.09999999999999964,3.3999999999999915,2.914332399252586,0.0,1,0,7.0,25.0,1,0,2.0,12.0,0.0,0.0,1,0,0,0.0,1.0,1,6.0,21.0,5,0.004,60.0,163.0,378.0,0.004285714285714286,0.01442857142857143,0.02542857142857143,10,가을,2020,3. 가을 (9~11월)
2020-10-21,12.7,18.1,7.1,86.3,10.0,0.7,0.2,14.2,36.0,22.0,0.016,0.019,0.6,0.004,11.000000000000002,0.5,10.0,6.965629906907213,10.0,1,0,7.0,25.0,1,0,3.0,13.0,0.0,0.0,2,0,0,0.0,1.0,1,6.0,21.0,6,0.004,58.0,178.0,377.0,0.0041428571428571434,0.014857142857142859,0.024571428571428574,10,가을,2020,3. 가을 (9~11월)
2020-10-22,14.3,17.8,11.1,76.6,0.0,2.1,0.3,14.8,40.0,20.0,0.03,0.014,0.5,0.004,6.700000000000001,1.6000000000000014,9.700000000000003,5.688878038184122,10.0,1,0,7.0,25.0,1,0,4.0,14.0,0.0,0.0,3,0,0,0.0,1.0,1,7.0,21.0,7,0.004,60.0,178.0,394.0,0.0041428571428571434,0.015142857142857142,0.024142857142857143,10,가을,2020,3. 가을 (9~11월)
2020-10-23,11.0,16.4,7.3,48.5,0.0,3.2,9.2,10.5,25.0,6.0,0.036,0.01,0.5,0.003,9.099999999999998,3.3000000000000007,28.099999999999994,19.63220143879268,10.0,0,0,6.0,24.0,0,0,3.0,13.0,0.0,0.0,0,0,0,0.0,1.0,0,6.0,20.0,0,0.0,31.0,149.0,371.0,0.004,0.014142857142857141,0.027142857142857142,10,가을,2020,3. 가을 (9~11월)
2020-10-24,10.7,16.6,5.9,43.0,0.0,3.6,9.3,10.0,21.0,7.0,0.037,0.01,0.5,0.003,10.700000000000001,0.3000000000000007,5.5,18.02230099996482,10.0,0,0,5.0,23.0,0,0,3.0,13.0,0.0,0.0,0,0,0,0.0,1.0,0,5.0,19.0,0,0.0,28.0,119.0,340.0,0.0038571428571428576,0.01357142857142857,0.028428571428571425,10,가을,2020,3. 가을 (9~11월)
2020-10-25,13.9,20.3,7.9,55.0,0.0,2.9,8.7,12.7,22.0,9.0,0.045,0.011,0.5,0.004,12.4,3.200000000000001,12.0,6.006940430313332,10.0,0,0,4.0,22.0,0,0,3.0,13.0,0.0,0.0,0,0,0,0.0,1.0,0,4.0,18.0,0,0.0,31.0,90.0,328.0,0.0038571428571428576,0.013428571428571429,0.03142857142857143,10,가을,2020,3. 가을 (9~11월)
2020-10-26,11.4,20.5,3.6,68.1,0.0,0.9,8.8,12.9,42.0,24.0,0.03,0.024,0.6,0.004,16.9,2.5,13.099999999999994,12.554016621517317,10.0,1,0,4.0,22.0,0,0,3.0,12.0,0.0,0.0,0,0,0,0.0,1.0,0,3.0,17.0,0,0.0,66.0,125.0,334.0,0.0037142857142857147,0.014714285714285713,0.031714285714285716,10,가을,2020,3. 가을 (9~11월)
2020-10-27,11.3,20.4,3.4,75.5,0.0,0.8,8.5,12.6,68.0,46.0,0.025,0.032,0.7,0.004,17.0,0.09999999999999964,7.400000000000006,10.381233067415456,10.0,1,0,4.0,22.0,1,0,3.0,12.0,0.0,0.0,1,0,0,0.0,1.0,1,3.0,17.0,1,0.004,114.0,211.0,388.0,0.0037142857142857147,0.017142857142857144,0.031285714285714285,10,가을,2020,3. 가을 (9~11월)
2020-10-28,14.4,21.0,8.4,59.0,0.0,1.7,3.9,14.7,76.0,50.0,0.037,0.028,0.7,0.006,12.6,3.0999999999999996,16.5,8.264583070750362,0.0,0,0,3.0,21.0,0,0,2.0,11.0,0.0,0.0,0,0,0,0.0,1.0,0,2.0,16.0,0,0.0,126.0,306.0,456.0,0.004,0.01842857142857143,0.03428571428571429,10,가을,2020,3. 가을 (9~11월)
2020-10-29,10.1,18.3,2.1,65.4,0.0,0.9,7.6,11.4,40.0,18.0,0.027,0.023,0.6,0.004,16.2,4.300000000000001,6.400000000000006,8.318854087753518,0.0,1,0,3.0,21.0,0,0,1.0,10.0,0.0,0.0,0,0,0,0.0,1.0,0,1.0,15.0,0,0.0,58.0,298.0,454.0,0.004,0.019714285714285712,0.033857142857142856,10,가을,2020,3. 가을 (9~11월)
2020-10-30,9.7,18.2,2.9,75.6,0.0,1.3,7.1,11.1,29.0,13.0,0.023,0.018,0.5,0.004,15.299999999999999,0.40000000000000036,10.199999999999989,8.372176140844948,0.0,1,0,4.0,21.0,1,0,2.0,10.0,0.0,0.0,1,0,0,0.0,1.0,1,2.0,15.0,1,0.004,42.0,226.0,465.0,0.0041428571428571434,0.02085714285714286,0.032,10,가을,2020,3. 가을 (9~11월)
2020-10-31,9.7,18.0,2.7,71.4,0.0,0.7,8.0,11.3,31.0,17.0,0.02,0.022,0.6,0.004,15.3,0.0,4.199999999999989,5.12640224719055,0.0,1,0,5.0,21.0,0,0,2.0,9.0,0.0,0.0,0,0,0,0.0,0.0,1,3.0,15.0,2,0.004,48.0,148.0,485.0,0.004285714285714286,0.022571428571428572,0.029571428571428575,10,가을,2020,3. 가을 (9~11월)
2020-11-01,11.0,13.1,7.7,91.6,2.1,0.5,0.0,12.0,37.0,27.0,0.01,0.026,0.6,0.004,5.3999999999999995,1.3000000000000007,20.19999999999999,10.658955546081149,2.1,1,0,6.0,21.0,1,0,3.0,9.0,0.0,0.0,1,0,0,0.0,0.0,1,4.0,15.0,3,0.004,64.0,154.0,518.0,0.004285714285714286,0.024714285714285713,0.02457142857142857,11,가을,2020,3. 가을 (9~11월)
2020-11-02,10.7,17.2,2.7,72.8,0.0,1.2,3.5,12.3,45.0,20.0,0.018,0.023,0.6,0.004,14.5,0.3000000000000007,18.799999999999997,11.280070921762889,2.1,1,0,6.0,22.0,0,0,3.0,9.0,0.0,0.0,0,0,0,0.0,0.0,1,5.0,16.0,4,0.004,65.0,177.0,517.0,0.004285714285714286,0.02457142857142857,0.022857142857142854,11,가을,2020,3. 가을 (9~11월)
2020-11-03,6.0,11.2,0.4,52.4,0.0,3.4,8.3,7.2,28.0,10.0,0.026,0.012,0.5,0.003,10.799999999999999,4.699999999999999,20.4,19.60544142153738,2.1,0,0,5.0,21.0,0,0,2.0,9.0,0.0,0.0,0,0,0,0.0,0.0,0,4.0,16.0,0,0.0,38.0,167.0,441.0,0.0041428571428571434,0.021714285714285714,0.023,11,가을,2020,3. 가을 (9~11월)
2020-11-04,5.2,12.7,-1.0,43.0,0.0,2.5,8.5,7.0,24.0,11.0,0.028,0.017,0.5,0.004,13.7,0.7999999999999998,9.399999999999999,15.234609720413987,2.1,0,0,5.0,20.0,0,0,2.0,9.0,0.0,0.0,0,0,0,0.0,0.0,0,4.0,15.0,0,0.0,35.0,138.0,350.0,0.003857142857142857,0.020142857142857146,0.021714285714285714,11,가을,2020,3. 가을 (9~11월)
2020-11-05,6.9,16.5,-3.3,55.3,0.0,0.8,7.9,9.2,44.0,23.0,0.015,0.034,0.7,0.005,19.8,1.7000000000000002,12.299999999999997,6.4298781740661255,2.1,0,0,4.0,20.0,0,0,2.0,9.0,0.0,0.0,0,0,0,0.0,0.0,0,4.0,15.0,0,0.0,67.0,140.0,359.0,0.004,0.021714285714285714,0.019999999999999997,11,가을,2020,3. 가을 (9~11월)
2020-11-06,10.6,14.1,7.4,61.8,0.0,0.5,0.0,10.8,72.0,43.0,0.005,0.049,0.9,0.006,6.699999999999999,3.6999999999999993,6.5,9.547949168975093,2.1,1,0,4.0,21.0,0,0,1.0,9.0,0.0,0.0,0,0,0,0.0,0.0,0,3.0,15.0,0,0.0,115.0,217.0,432.0,0.004285714285714286,0.02614285714285714,0.01742857142857143,11,가을,2020,3. 가을 (9~11월)
2020-11-07,13.2,22.0,4.3,59.1,0.0,1.6,6.8,13.0,61.0,35.0,0.034,0.026,0.7,0.005,17.7,2.5999999999999996,2.6999999999999957,3.2654759734734884,2.1,0,0,3.0,20.0,0,0,1.0,9.0,0.0,0.0,0,0,0,0.0,0.0,0,2.0,15.0,0,0.0,96.0,278.0,480.0,0.004428571428571428,0.026714285714285715,0.01942857142857143,11,가을,2020,3. 가을 (9~11월)
2020-11-08,9.8,18.0,3.1,43.4,0.0,2.8,7.8,10.7,66.0,23.0,0.033,0.016,0.5,0.004,14.9,3.3999999999999986,15.700000000000003,9.935961620967158,0.0,0,0,2.0,19.0,0,0,0.0,8.0,0.0,0.0,0,0,0,0.0,0.0,0,1.0,14.0,0,0.0,89.0,300.0,505.0,0.004428571428571428,0.025285714285714283,0.02271428571428571,11,가을,2020,3. 가을 (9~11월)
2020-11-09,7.3,13.1,1.9,37.4,0.0,2.4,9.4,9.0,26.0,9.0,0.027,0.015,0.5,0.004,11.2,2.500000000000001,6.0,11.205504599674736,0.0,0,0,1.0,18.0,0,0,0.0,7.0,0.0,0.0,0,0,0,0.0,0.0,0,0.0,13.0,0,0.0,35.0,220.0,475.0,0.004428571428571428,0.024142857142857143,0.024,11,가을,2020,3. 가을 (9~11월)
2020-11-10,6.8,14.6,0.7,50.4,0.0,1.3,7.8,9.3,38.0,21.0,0.012,0.026,0.6,0.004,13.9,0.5,13.0,6.50640709864756,0.0,0,0,1.0,17.0,0,0,0.0,7.0,0.0,0.0,0,0,0,0.0,0.0,0,0.0,13.0,0,0.0,59.0,183.0,496.0,0.004571428571428572,0.026142857142857145,0.022,11,가을,2020,3. 가을 (9~11월)
2020-11-11,6.3,15.9,-2.0,63.8,0.0,0.6,7.9,8.2,51.0,31.0,0.017,0.029,0.6,0.003,17.9,0.5,13.399999999999999,13.200505040843392,0.0,1,0,2.0,17.0,0,0,0.0,7.0,0.0,0.0,0,0,0,0.0,0.0,0,0.0,12.0,0,0.0,82.0,176.0,543.0,0.004428571428571428,0.027857142857142858,0.02042857142857143,11,가을,2020,3. 가을 (9~11월)
2020-11-12,7.1,17.9,-0.4,68.4,0.0,0.7,7.8,8.7,52.0,36.0,0.012,0.028,0.6,0.003,18.299999999999997,0.7999999999999998,4.6000000000000085,9.351648695996472,0.0,1,0,3.0,17.0,0,0,0.0,7.0,0.0,0.0,0,0,0,0.0,0.0,0,0.0,12.0,0,0.0,88.0,229.0,564.0,0.0041428571428571434,0.027,0.019999999999999997,11,가을,2020,3. 가을 (9~11월)
2020-11-13,8.5,19.1,-0.6,66.1,0.0,0.8,7.6,8.9,62.0,44.0,0.019,0.029,0.5,0.003,19.700000000000003,1.4000000000000004,2.3000000000000114,2.29999999999989,0.0,1,0,3.0,17.0,0,0,0.0,6.0,0.0,0.0,0,0,0,0.0,0.0,0,0.0,11.0,0,0.0,106.0,276.0,555.0,0.0037142857142857142,0.024142857142857143,0.022,11,가을,2020,3. 가을 (9~11월)
2020-11-14,9.7,18.7,2.0,77.3,0.0,1.0,6.0,10.7,45.0,26.0,0.018,0.018,0.5,0.003,16.7,1.1999999999999993,11.200000000000003,5.915234568468078,0.0,1,0,4.0,17.0,1,0,1.0,7.0,0.0,0.0,1,0,0,0.0,0.0,1,1.0,11.0,1,0.003,71.0,265.0,530.0,0.003428571428571429,0.022999999999999996,0.019714285714285715,11,가을,2020,3. 가을 (9~11월)
2020-11-15,9.0,17.8,2.7,78.9,0.0,0.8,6.6,10.1,44.0,26.0,0.017,0.021,0.5,0.003,15.100000000000001,0.6999999999999993,1.6000000000000085,6.974238309665079,0.0,1,0,5.0,17.0,1,0,2.0,8.0,0.0,0.0,2,0,0,0.0,0.0,1,2.0,11.0,2,0.003,70.0,247.0,511.0,0.0032857142857142855,0.023714285714285716,0.01742857142857143,11,가을,2020,3. 가을 (9~11월)
2020-11-16,10.0,19.3,2.5,75.4,0.0,1.0,7.1,10.0,66.0,47.0,0.023,0.024,0.6,0.003,16.8,1.0,3.5,1.752141546793562,0.0,1,0,6.0,17.0,1,0,3.0,9.0,0.0,0.0,3,0,0,0.0,0.0,1,3.0,11.0,3,0.003,113.0,254.0,589.0,0.003142857142857143,0.024999999999999998,0.01685714285714286,11,가을,2020,3. 가을 (9~11월)
2020-11-17,14.0,21.1,6.1,77.1,0.1,0.5,3.6,13.6,78.0,49.0,0.015,0.034,0.6,0.004,15.000000000000002,4.0,1.6999999999999886,1.7502380790433811,0.1,1,0,7.0,17.0,1,0,4.0,9.0,0.0,0.0,4,0,0,0.0,0.0,1,4.0,11.0,4,0.004,127.0,310.0,657.0,0.003142857142857143,0.02614285714285714,0.017285714285714286,11,가을,2020,3. 가을 (9~11월)
2020-11-18,17.7,23.6,12.1,75.3,0.0,0.9,1.1,16.7,54.0,35.0,0.019,0.021,0.5,0.004,11.500000000000002,3.6999999999999993,1.7999999999999972,1.0115993936995908,0.1,1,0,7.0,17.0,1,0,5.0,9.0,0.0,0.0,5,0,0,0.0,0.0,1,5.0,11.0,5,0.004,89.0,329.0,664.0,0.0032857142857142863,0.024999999999999998,0.01757142857142857,11,가을,2020,3. 가을 (9~11월)
2020-11-19,18.1,24.1,11.8,81.8,28.9,2.7,0.9,16.6,9.0,4.0,0.029,0.008,0.3,0.003,12.3,0.40000000000000213,6.5,3.3560889936551974,29.0,1,0,7.0,17.0,1,0,6.0,9.0,0.0,0.0,6,0,0,0.0,0.0,1,6.0,11.0,6,0.003,13.0,229.0,589.0,0.0032857142857142855,0.02214285714285714,0.019999999999999997,11,가을,2020,3. 가을 (9~11월)
2020-11-20,8.8,11.9,3.9,66.4,0.0,4.3,6.0,9.4,18.0,9.0,0.029,0.008,0.4,0.002,8.0,9.3,15.399999999999991,7.731106001084182,29.0,1,0,7.0,18.0,0,0,6.0,9.0,0.0,0.0,0,0,0,0.0,0.0,0,6.0,11.0,0,0.0,27.0,129.0,510.0,0.0031428571428571426,0.019142857142857145,0.021428571428571432,11,가을,2020,3. 가을 (9~11월)
2020-11-21,5.7,10.3,-0.9,79.3,0.0,0.7,0.0,7.0,38.0,26.0,0.01,0.02,0.4,0.003,11.200000000000001,3.1000000000000005,12.899999999999991,8.264583070750348,29.0,1,0,7.0,19.0,1,0,6.0,10.0,0.0,0.0,1,0,0,0.0,0.0,1,6.0,12.0,1,0.003,64.0,104.0,503.0,0.003142857142857143,0.01942857142857143,0.020285714285714285,11,가을,2020,3. 가을 (9~11월)
2020-11-22,8.6,11.4,6.3,78.3,1.7,2.4,0.0,9.0,24.0,17.0,0.017,0.012,0.4,0.003,5.1000000000000005,2.8999999999999995,1.0,7.176582287783873,30.7,1,0,7.0,20.0,1,0,6.0,11.0,0.0,0.0,2,0,0,0.0,0.0,1,6.0,13.0,2,0.003,41.0,132.0,474.0,0.003142857142857143,0.018142857142857145,0.02028571428571429,11,가을,2020,3. 가을 (9~11월)
2020-11-23,4.8,10.4,0.1,55.1,0.0,2.3,7.6,5.0,20.0,12.0,0.026,0.01,0.3,0.003,10.3,3.8,23.199999999999996,13.69233362141018,30.7,0,0,6.0,19.0,0,0,5.0,11.0,0.0,0.0,0,0,0,0.0,0.0,0,5.0,13.0,0,0.0,32.0,137.0,393.0,0.0031428571428571426,0.016142857142857143,0.020714285714285713,11,가을,2020,3. 가을 (9~11월)
2020-11-24,4.9,11.8,-0.5,60.1,0.0,1.1,2.5,5.7,28.0,19.0,0.015,0.02,0.4,0.003,12.3,0.10000000000000053,5.0,12.209832103677721,30.599999999999998,1,0,6.0,19.0,0,0,4.0,10.0,0.0,0.0,0,0,0,0.0,0.0,0,4.0,12.0,0,0.0,47.0,120.0,313.0,0.0029999999999999996,0.014142857142857143,0.020714285714285716,11,가을,2020,3. 가을 (9~11월)
2020-11-25,5.5,12.6,-1.2,61.5,0.0,1.7,7.4,4.3,32.0,21.0,0.018,0.018,0.4,0.003,13.799999999999999,0.5999999999999996,1.3999999999999986,3.3645207682519542,30.599999999999998,1,0,6.0,20.0,0,0,3.0,10.0,0.0,0.0,0,0,0,0.0,0.0,0,3.0,12.0,0,0.0,53.0,132.0,277.0,0.002857142857142857,0.013714285714285715,0.02057142857142857,11,가을,2020,3. 가을 (9~11월)
2020-11-26,6.9,12.8,0.5,73.3,0.0,0.8,2.3,6.7,50.0,33.0,0.011,0.026,0.5,0.003,12.3,1.4000000000000004,11.799999999999997,7.250747087944287,1.7,1,0,6.0,20.0,0,0,2.0,10.0,0.0,0.0,0,0,0,0.0,0.0,1,3.0,13.0,1,0.003,83.0,183.0,347.0,0.002857142857142857,0.016285714285714285,0.018,11,가을,2020,3. 가을 (9~11월)
2020-11-27,7.3,11.6,3.2,59.4,0.0,3.0,4.9,7.0,37.0,25.0,0.02,0.015,0.4,0.003,8.399999999999999,0.39999999999999947,13.899999999999999,7.492885514495237,1.7,0,0,5.0,19.0,0,0,2.0,9.0,0.0,0.0,0,0,0,0.0,0.0,0,3.0,12.0,0,0.0,62.0,198.0,382.0,0.003,0.017285714285714286,0.016714285714285713,11,가을,2020,3. 가을 (9~11월)
2020-11-28,3.3,7.3,0.9,45.9,0.0,2.8,6.8,3.3,23.0,13.0,0.028,0.009,0.3,0.003,6.3999999999999995,4.0,13.5,13.700486609362905,1.7,0,0,4.0,18.0,0,0,1.0,9.0,0.0,0.0,0,0,0,0.0,0.0,0,2.0,11.0,0,0.0,36.0,181.0,354.0,0.003,0.015714285714285715,0.019285714285714288,11,가을,2020,3. 가을 (9~11월)
2020-11-29,2.9,7.8,-2.3,56.1,0.0,2.9,7.4,2.6,17.0,11.0,0.029,0.008,0.3,0.003,10.1,0.3999999999999999,10.200000000000003,7.037755323965061,0.0,0,0,3.0,17.0,0,0,0.0,8.0,0.0,0.0,0,0,0,0.0,0.0,0,1.0,10.0,0,0.0,28.0,126.0,341.0,0.003,0.015142857142857142,0.020999999999999998,11,가을,2020,3. 가을 (9~11월)
2020-11-30,2.9,7.9,-1.7,50.5,0.0,2.4,7.3,2.3,20.0,13.0,0.029,0.012,0.4,0.003,9.6,0.0,5.600000000000001,5.108163401197311,0.0,0,0,3.0,16.0,0,0,0.0,8.0,0.0,0.0,0,0,0,0.0,0.0,0,1.0,9.0,0,0.0,33.0,97.0,342.0,0.003,0.015428571428571429,0.02142857142857143,11,가을,2020,3. 가을 (9~11월)
2020-12-01,1.4,9.6,-5.4,51.6,0.0,1.1,7.2,2.5,34.0,20.0,0.017,0.024,0.5,0.003,15.0,1.5,1.1000000000000014,2.9670411748628998,0.0,0,0,2.0,16.0,0,0,0.0,8.0,0.0,0.0,0,0,0,0.0,0.0,0,1.0,9.0,0,0.0,54.0,115.0,349.0,0.003,0.015999999999999997,0.021714285714285717,12,겨울,2020,4. 겨울 (12~2월)
2020-12-02,2.5,10.2,-3.4,52.8,0.0,1.0,4.4,3.1,36.0,23.0,0.013,0.026,0.5,0.003,13.6,1.1,1.1999999999999957,1.1503622617817881,0.0,0,0,1.0,16.0,0,0,0.0,8.0,0.0,0.0,0,0,0,0.0,0.0,0,1.0,9.0,0,0.0,59.0,146.0,355.0,0.003,0.017142857142857144,0.020999999999999998,12,겨울,2020,4. 겨울 (12~2월)
2020-12-03,4.0,9.1,1.2,38.6,0.0,2.6,7.2,3.0,23.0,13.0,0.027,0.018,0.4,0.003,7.8999999999999995,1.5,14.199999999999996,7.874854496010157,0.0,0,0,0.0,16.0,0,0,0.0,8.0,0.0,0.0,0,0,0,0.0,0.0,0,0.0,9.0,0,0.0,36.0,149.0,308.0,0.003,0.015999999999999997,0.023285714285714288,12,겨울,2020,4. 겨울 (12~2월)
2020-12-04,2.1,7.2,-2.8,42.1,0.0,2.5,7.2,2.2,21.0,11.0,0.029,0.014,0.4,0.003,10.0,1.9,3.5,7.397972695272523,0.0,0,0,0.0,15.0,0,0,0.0,8.0,0.0,0.0,0,0,0,0.0,0.0,0,0.0,9.0,0,0.0,32.0,127.0,278.0,0.003,0.015857142857142858,0.02457142857142857,12,겨울,2020,4. 겨울 (12~2월)
2020-12-05,2.3,9.1,-3.9,60.4,0.0,1.9,7.2,2.5,27.0,16.0,0.026,0.018,0.5,0.003,13.0,0.19999999999999973,18.299999999999997,11.707405064032397,0.0,1,0,1.0,16.0,0,0,0.0,8.0,0.0,0.0,0,0,0,0.0,0.0,0,0.0,9.0,0,0.0,43.0,111.0,285.0,0.003,0.017142857142857144,0.024285714285714282,12,겨울,2020,4. 겨울 (12~2월)
2020-12-06,2.9,10.4,-4.5,66.6,0.0,1.5,7.2,2.7,35.0,25.0,0.02,0.021,0.5,0.003,14.9,0.6000000000000001,6.199999999999996,12.73826257121952,0.0,1,0,2.0,17.0,0,0,0.0,8.0,0.0,0.0,0,0,0,0.0,0.0,0,0.0,9.0,0,0.0,60.0,135.0,317.0,0.003,0.019,0.023,12,겨울,2020,4. 겨울 (12~2월)
2020-12-07,2.9,10.9,-4.1,67.6,0.0,1.9,4.4,2.3,60.0,43.0,0.022,0.02,0.6,0.004,15.0,0.0,1.0,3.900427327015963,0.0,1,0,3.0,18.0,0,0,0.0,8.0,0.0,0.0,0,0,0,0.0,0.0,0,0.0,9.0,0,0.0,103.0,206.0,387.0,0.0031428571428571426,0.020142857142857146,0.022,12,겨울,2020,4. 겨울 (12~2월)
2020-12-08,0.6,6.2,-5.4,53.8,0.0,2.1,4.9,2.1,27.0,16.0,0.03,0.016,0.4,0.003,11.600000000000001,2.3,13.799999999999997,7.695020034628417,0.0,0,0,3.0,18.0,0,0,0.0,8.0,0.0,0.0,0,0,0,0.0,0.0,0,0.0,9.0,0,0.0,43.0,206.0,376.0,0.003142857142857143,0.019,0.023857142857142855,12,겨울,2020,4. 겨울 (12~2월)
2020-12-09,-0.6,8.9,-8.5,52.1,0.0,1.1,7.3,1.0,31.0,17.0,0.011,0.027,0.6,0.003,17.4,1.2,1.6999999999999957,8.500784277543593,0.0,0,0,3.0,17.0,0,0,0.0,8.0,0.0,0.0,0,0,0,0.0,0.0,0,0.0,9.0,0,0.0,48.0,194.0,365.0,0.003142857142857143,0.019142857142857145,0.023571428571428573,12,겨울,2020,4. 겨울 (12~2월)
2020-12-10,3.8,11.5,-0.8,60.0,0.0,1.2,3.1,4.5,42.0,24.0,0.005,0.037,0.6,0.005,12.3,4.3999999999999995,7.899999999999999,4.1581245772582225,0.0,0,0,3.0,16.0,0,0,0.0,8.0,0.0,0.0,0,0,0,0.0,0.0,0,0.0,9.0,0,0.0,66.0,157.0,395.0,0.003428571428571429,0.02185714285714286,0.02042857142857143,12,겨울,2020,4. 겨울 (12~2월)
2020-12-11,5.0,11.0,-1.5,68.1,0.0,1.3,3.1,4.7,68.0,51.0,0.035,0.021,0.6,0.004,12.5,1.2000000000000002,8.099999999999994,8.000208330620676,0.0,1,0,4.0,16.0,0,0,0.0,8.0,0.0,0.0,0,0,0,0.0,0.0,0,0.0,9.0,0,0.0,119.0,233.0,482.0,0.0035714285714285718,0.022857142857142857,0.021285714285714286,12,겨울,2020,4. 겨울 (12~2월)
2020-12-12,4.6,9.3,-2.9,46.1,0.0,2.4,5.6,4.5,58.0,38.0,0.033,0.017,0.5,0.004,12.200000000000001,0.40000000000000036,21.999999999999993,11.12669462748629,0.0,0,0,3.0,15.0,0,0,0.0,7.0,0.0,0.0,0,0,0,0.0,0.0,0,0.0,8.0,0,0.0,96.0,281.0,535.0,0.0037142857142857147,0.022714285714285715,0.022285714285714287,12,겨울,2020,4. 겨울 (12~2월)
2020-12-13,1.2,10.6,-5.0,62.0,0.0,1.8,2.8,2.7,48.0,32.0,0.023,0.018,0.6,0.003,15.6,3.3999999999999995,15.899999999999999,11.35796343247029,0.0,1,0,3.0,15.0,0,0,0.0,6.0,0.0,0.0,0,0,0,0.0,0.0,0,0.0,7.0,0,0.0,80.0,295.0,555.0,0.0037142857142857142,0.022285714285714287,0.022714285714285715,12,겨울,2020,4. 겨울 (12~2월)
2020-12-14,-3.3,-0.1,-6.2,32.1,0.0,3.6,7.3,0.5,12.0,4.0,0.029,0.009,0.4,0.003,6.1000000000000005,4.5,29.9,14.960057932151575,0.0,0,0,2.0,14.0,0,0,0.0,5.0,0.0,0.0,0,0,0,0.0,0.0,0,0.0,6.0,0,0.0,16.0,192.0,468.0,0.0035714285714285713,0.020714285714285713,0.023714285714285712,12,겨울,2020,4. 겨울 (12~2월)
2020-12-15,-4.7,-0.8,-8.1,35.3,0.0,3.2,7.2,-2.1,15.0,6.0,0.028,0.011,0.4,0.003,7.3,1.4000000000000004,3.1999999999999957,16.417165813054666,0.0,0,0,2.0,13.0,0,0,0.0,4.0,0.0,0.0,0,0,0,0.0,0.0,0,0.0,5.0,0,0.0,21.0,117.0,446.0,0.0035714285714285718,0.02,0.023428571428571427,12,겨울,2020,4. 겨울 (12~2월)
2020-12-16,-3.9,-0.3,-6.6,35.8,0.0,3.3,7.1,-2.1,14.0,5.0,0.03,0.01,0.4,0.003,6.3,0.8000000000000003,0.5,2.0074859899876945,0.0,0,0,2.0,12.0,0,0,0.0,3.0,0.0,0.0,0,0,0,0.0,0.0,0,0.0,4.0,0,0.0,19.0,56.0,417.0,0.0035714285714285718,0.01757142857142857,0.02614285714285714,12,겨울,2020,4. 겨울 (12~2월)
2020-12-17,-2.5,2.8,-7.3,43.4,0.0,2.7,7.1,-1.8,16.0,8.0,0.028,0.013,0.4,0.003,10.1,1.4,7.600000000000001,4.539089482851218,0.0,0,0,2.0,11.0,0,0,0.0,2.0,0.0,0.0,0,0,0,0.0,0.0,0,0.0,3.0,0,0.0,24.0,64.0,375.0,0.0032857142857142855,0.014142857142857143,0.029428571428571432,12,겨울,2020,4. 겨울 (12~2월)
2020-12-18,0.0,6.4,-5.5,53.0,0.0,2.1,3.2,-0.5,34.0,21.0,0.02,0.025,0.5,0.004,11.9,2.5,9.600000000000001,8.619358058076664,0.0,0,0,1.0,10.0,0,0,0.0,2.0,0.0,0.0,0,0,0,0.0,0.0,0,0.0,3.0,0,0.0,55.0,98.0,311.0,0.0032857142857142855,0.014714285714285713,0.027285714285714285,12,겨울,2020,4. 겨울 (12~2월)
2020-12-19,-1.9,2.9,-4.7,31.8,0.0,2.9,6.7,-0.2,20.0,8.0,0.029,0.011,0.4,0.003,7.6,1.9,21.2,10.615711626326846,0.0,0,0,1.0,9.0,0,0,0.0,1.0,0.0,0.0,0,0,0,0.0,0.0,0,0.0,2.0,0,0.0,28.0,107.0,243.0,0.0031428571428571426,0.013857142857142856,0.026714285714285715,12,겨울,2020,4. 겨울 (12~2월)
2020-12-20,-0.7,4.5,-5.4,42.5,0.0,2.7,6.0,-0.1,18.0,10.0,0.032,0.011,0.4,0.004,9.9,1.2,10.7,10.60015723153817,0.0,0,0,0.0,8.0,0,0,0.0,0.0,0.0,0.0,0,0,0,0.0,0.0,0,0.0,1.0,0,0.0,28.0,111.0,191.0,0.0032857142857142855,0.012857142857142857,0.028,12,겨울,2020,4. 겨울 (12~2월)
2020-12-21,0.3,6.1,-6.8,55.9,0.0,2.0,6.4,-0.1,33.0,21.0,0.026,0.022,0.6,0.004,12.899999999999999,1.0,13.399999999999999,12.075181158061259,0.0,0,0,0.0,8.0,0,0,0.0,0.0,0.0,0.0,0,0,0,0.0,0.0,0,0.0,1.0,0,0.0,54.0,110.0,229.0,0.003428571428571429,0.014714285714285713,0.027571428571428573,12,겨울,2020,4. 겨울 (12~2월)
2020-12-22,1.3,8.4,-5.9,64.8,0.0,1.6,6.1,0.1,46.0,32.0,0.02,0.03,0.6,0.004,14.3,1.0,8.899999999999999,11.225417586887286,0.0,1,0,1.0,8.0,0,0,0.0,0.0,0.0,0.0,0,0,0,0.0,0.0,0,0.0,1.0,0,0.0,78.0,160.0,286.0,0.0035714285714285713,0.01742857142857143,0.02642857142857143,12,겨울,2020,4. 겨울 (12~2월)
2020-12-23,1.9,8.9,-5.7,66.6,0.0,1.1,4.9,0.9,65.0,48.0,0.019,0.038,0.7,0.004,14.600000000000001,0.5999999999999999,1.7999999999999972,5.729165151514853,0.0,1,0,2.0,8.0,0,0,0.0,0.0,0.0,0.0,0,0,0,0.0,0.0,0,0.0,1.0,0,0.0,113.0,245.0,380.0,0.0037142857142857142,0.02142857142857143,0.02485714285714286,12,겨울,2020,4. 겨울 (12~2월)
2020-12-24,3.6,10.9,-3.2,56.1,0.0,2.5,5.1,2.6,65.0,42.0,0.024,0.027,0.6,0.004,14.100000000000001,1.7000000000000002,10.499999999999993,5.61515805654648,0.0,0,0,2.0,7.0,0,0,0.0,0.0,0.0,0.0,0,0,0,0.0,0.0,0,0.0,0.0,0,0.0,107.0,298.0,463.0,0.003857142857142857,0.02342857142857143,0.024285714285714282,12,겨울,2020,4. 겨울 (12~2월)
2020-12-25,0.4,5.8,-5.5,52.4,0.0,3.0,7.1,1.2,24.0,11.0,0.031,0.013,0.4,0.003,11.3,3.2,3.700000000000003,7.366365001364774,0.0,0,0,2.0,7.0,0,0,0.0,0.0,0.0,0.0,0,0,0,0.0,0.0,0,0.0,0.0,0,0.0,35.0,255.0,443.0,0.0037142857142857147,0.021714285714285714,0.025857142857142856,12,겨울,2020,4. 겨울 (12~2월)
2020-12-26,-0.6,9.0,-8.1,70.1,0.0,1.0,3.9,0.0,44.0,25.0,0.014,0.025,0.6,0.004,17.1,1.0,17.699999999999996,9.336130533220492,0.0,1,0,3.0,8.0,0,0,0.0,0.0,0.0,0.0,0,0,0,0.0,0.0,1,1.0,1.0,1,0.004,69.0,211.0,484.0,0.0038571428571428576,0.023714285714285716,0.023714285714285716,12,겨울,2020,4. 겨울 (12~2월)
2020-12-27,1.6,7.8,-3.8,80.8,0.0,0.5,0.7,1.8,61.0,40.0,0.011,0.029,0.7,0.004,11.6,2.2,10.700000000000003,14.343058716094438,0.0,1,0,4.0,9.0,1,0,1.0,1.0,0.0,0.0,1,0,0,0.0,0.0,1,2.0,2.0,2,0.004,101.0,205.0,557.0,0.0038571428571428576,0.026285714285714284,0.020714285714285713,12,겨울,2020,4. 겨울 (12~2월)
2020-12-28,2.9,12.5,-2.4,82.9,0.0,0.9,4.4,3.7,53.0,37.0,0.009,0.032,0.7,0.003,14.9,1.2999999999999998,2.1000000000000085,6.864643714959535,0.0,1,0,5.0,10.0,1,0,2.0,2.0,0.0,0.0,2,0,0,0.0,0.0,1,3.0,3.0,3,0.003,90.0,260.0,593.0,0.0037142857142857147,0.027714285714285716,0.018285714285714287,12,겨울,2020,4. 겨울 (12~2월)
2020-12-29,2.7,12.6,-4.2,78.4,0.9,1.5,3.3,3.2,56.0,40.0,0.019,0.022,0.6,0.004,16.8,0.19999999999999973,4.5,2.251666049839594,0.9,1,0,5.0,11.0,1,0,3.0,3.0,0.0,0.0,3,0,0,0.0,0.0,1,4.0,4.0,4,0.004,96.0,287.0,611.0,0.0037142857142857147,0.026571428571428572,0.018142857142857145,12,겨울,2020,4. 겨울 (12~2월)
2020-12-30,-5.9,0.8,-9.3,51.6,0.0,5.4,7.3,-1.1,22.0,11.0,0.03,0.009,0.4,0.003,10.100000000000001,8.600000000000001,26.800000000000004,16.922273290942112,0.9,0,0,4.0,11.0,0,0,3.0,3.0,0.0,0.0,0,0,0,0.0,0.0,0,4.0,4.0,0,0.0,33.0,219.0,531.0,0.0035714285714285718,0.02242857142857143,0.019714285714285712,12,겨울,2020,4. 겨울 (12~2월)
2020-12-31,-5.9,-0.6,-11.3,49.8,0.0,3.7,7.0,-3.6,16.0,7.0,0.03,0.009,0.4,0.003,10.700000000000001,0.0,1.8000000000000043,16.01790664641706,0.9,0,0,4.0,11.0,0,0,3.0,3.0,0.0,0.0,0,0,0,0.0,0.0,0,4.0,4.0,0,0.0,23.0,152.0,447.0,0.003428571428571429,0.019857142857142858,0.02057142857142857,12,겨울,2020,4. 겨울 (12~2월)
2021-01-01,-2.7,2.6,-9.0,69.8,0.0,1.7,3.8,-1.9,23.0,15.0,0.026,0.014,0.4,0.004,11.6,3.2,20.0,11.064055916947067,0.9,1,0,5.0,12.0,0,0,3.0,3.0,0.0,0.0,0,0,0,0.0,0.0,0,4.0,4.0,0,0.0,38.0,94.0,450.0,0.0035714285714285713,0.02,0.019857142857142858,1,겨울,2021,4. 겨울 (12~2월)
2021-01-02,-1.9,2.4,-7.2,52.5,0.0,2.7,7.0,-0.8,38.0,19.0,0.027,0.015,0.5,0.004,9.6,0.8000000000000003,17.299999999999997,10.851881557284498,0.9,0,0,4.0,11.0,0,0,3.0,3.0,0.0,0.0,0,0,0,0.0,0.0,0,3.0,4.0,0,0.0,57.0,118.0,438.0,0.0035714285714285713,0.018571428571428572,0.021714285714285714,1,겨울,2021,4. 겨울 (12~2월)
2021-01-03,-1.8,1.6,-5.0,42.3,0.0,2.9,5.9,-2.0,35.0,14.0,0.033,0.009,0.4,0.004,6.6,0.09999999999999987,10.200000000000003,13.901918332853603,0.9,0,0,3.0,10.0,0,0,2.0,3.0,0.0,0.0,0,0,0,0.0,0.0,0,2.0,4.0,0,0.0,49.0,144.0,386.0,0.0035714285714285713,0.015714285714285715,0.024857142857142855,1,겨울,2021,4. 겨울 (12~2월)
2021-01-04,-2.2,4.6,-8.0,57.1,0.0,1.2,7.1,-0.9,45.0,28.0,0.02,0.027,0.6,0.004,12.6,0.40000000000000013,14.800000000000004,7.574518686578748,0.9,0,0,2.0,9.0,0,0,1.0,3.0,0.0,0.0,0,0,0,0.0,0.0,0,1.0,4.0,0,0.0,73.0,179.0,369.0,0.0037142857142857142,0.015,0.02642857142857143,1,겨울,2021,4. 겨울 (12~2월)
2021-01-05,-1.7,3.2,-5.9,50.4,0.0,2.8,5.2,-0.5,37.0,24.0,0.023,0.02,0.5,0.004,9.100000000000001,0.5000000000000002,6.700000000000003,7.41102781895538,0.0,0,0,1.0,9.0,0,0,0.0,3.0,0.0,0.0,0,0,0,0.0,0.0,0,0.0,4.0,0,0.0,61.0,183.0,334.0,0.0037142857142857142,0.014714285714285713,0.027,1,겨울,2021,4. 겨울 (12~2월)
2021-01-06,-5.0,0.4,-9.4,49.6,0.0,2.5,7.3,-2.2,20.0,9.0,0.028,0.017,0.5,0.003,9.8,3.3,0.7999999999999972,4.118656738953957,0.0,0,0,1.0,9.0,0,0,0.0,3.0,0.0,0.0,0,0,0,0.0,0.0,0,0.0,4.0,0,0.0,29.0,163.0,330.0,0.0037142857142857147,0.015857142857142858,0.026714285714285715,1,겨울,2021,4. 겨울 (12~2월)
2021-01-07,-8.9,-2.7,-12.9,37.9,0.0,4.6,7.3,-3.9,24.0,8.0,0.03,0.01,0.4,0.004,10.2,3.9000000000000004,11.700000000000003,6.997380462239418,0.0,0,0,1.0,9.0,0,0,0.0,3.0,0.0,0.0,0,0,0,0.0,0.0,0,0.0,4.0,0,0.0,32.0,122.0,339.0,0.0038571428571428576,0.016,0.026714285714285715,1,겨울,2021,4. 겨울 (12~2월)
2021-01-08,-10.3,-5.9,-13.6,38.6,0.0,3.6,7.3,-5.8,13.0,7.0,0.029,0.011,0.4,0.004,7.699999999999999,1.4000000000000004,0.7000000000000028,6.562265868839008,0.0,0,0,0.0,8.0,0,0,0.0,3.0,0.0,0.0,0,0,0,0.0,0.0,0,0.0,4.0,0,0.0,20.0,81.0,321.0,0.0038571428571428576,0.015571428571428571,0.02714285714285714,1,겨울,2021,4. 겨울 (12~2월)
2021-01-09,-8.4,-3.3,-13.0,45.3,0.0,3.6,6.7,-5.8,15.0,9.0,0.032,0.01,0.4,0.004,9.7,1.9000000000000004,6.699999999999996,4.085339643162589,0.0,0,0,0.0,8.0,0,0,0.0,3.0,0.0,0.0,0,0,0,0.0,0.0,0,0.0,4.0,0,0.0,24.0,76.0,288.0,0.0038571428571428576,0.014857142857142859,0.027857142857142858,1,겨울,2021,4. 겨울 (12~2월)
2021-01-10,-5.7,1.0,-13.4,51.5,0.0,2.0,7.2,-4.1,19.0,12.0,0.027,0.015,0.5,0.004,14.4,2.7,6.200000000000003,6.451614784945686,0.0,0,0,0.0,7.0,0,0,0.0,3.0,0.0,0.0,0,0,0,0.0,0.0,0,0.0,4.0,0,0.0,31.0,75.0,270.0,0.0038571428571428576,0.015714285714285715,0.027000000000000003,1,겨울,2021,4. 겨울 (12~2월)
2021-01-11,-5.4,-0.6,-10.7,63.0,0.0,1.1,1.8,-3.7,30.0,22.0,0.014,0.026,0.6,0.004,10.1,0.2999999999999998,11.5,8.981276820883034,0.0,1,0,1.0,8.0,0,0,0.0,3.0,0.0,0.0,0,0,0,0.0,0.0,0,0.0,4.0,0,0.0,52.0,107.0,249.0,0.0038571428571428576,0.015571428571428571,0.02614285714285714,1,겨울,2021,4. 겨울 (12~2월)
2021-01-12,-3.7,4.3,-11.2,61.5,0.0,1.2,6.4,-2.6,39.0,28.0,0.014,0.031,0.7,0.004,15.5,1.7000000000000002,1.5,6.25166644450354,0.0,1,0,2.0,9.0,0,0,0.0,3.0,0.0,0.0,0,0,0,0.0,0.0,0,0.0,4.0,0,0.0,67.0,150.0,255.0,0.0038571428571428576,0.017142857142857144,0.02485714285714286,1,겨울,2021,4. 겨울 (12~2월)
2021-01-13,1.2,10.7,-8.4,60.1,0.0,1.3,6.9,-0.6,91.0,40.0,0.019,0.03,0.7,0.005,19.1,4.9,1.3999999999999986,1.4502873278533206,0.0,1,0,3.0,10.0,0,0,0.0,3.0,0.0,0.0,0,0,0,0.0,0.0,0,0.0,4.0,0,0.0,131.0,250.0,357.0,0.004142857142857143,0.019,0.023571428571428573,1,겨울,2021,4. 겨울 (12~2월)
2021-01-14,2.7,12.2,-4.2,58.5,0.0,0.9,7.4,0.9,71.0,32.0,0.019,0.034,0.7,0.005,16.4,1.5000000000000002,1.6000000000000014,1.501110699892491,0.0,0,0,3.0,10.0,0,0,0.0,3.0,0.0,0.0,0,0,0,0.0,0.0,0,0.0,4.0,0,0.0,103.0,301.0,428.0,0.004285714285714286,0.02242857142857143,0.022000000000000002,1,겨울,2021,4. 겨울 (12~2월)
2021-01-15,7.1,15.7,-1.8,63.0,0.0,1.5,4.0,3.9,53.0,23.0,0.025,0.025,0.6,0.004,17.5,4.3999999999999995,4.5,2.2810816147897452,0.0,1,0,4.0,11.0,0,0,0.0,3.0,0.0,0.0,0,0,0,0.0,0.0,0,0.0,4.0,0,0.0,76.0,310.0,484.0,0.004285714285714286,0.024428571428571428,0.021428571428571432,1,겨울,2021,4. 겨울 (12~2월)
2021-01-16,1.6,7.8,-3.2,42.1,0.0,3.5,7.2,2.3,88.0,34.0,0.036,0.009,0.4,0.003,11.0,5.5,20.9,11.000151514107928,0.0,0,0,4.0,11.0,0,0,0.0,3.0,0.0,0.0,0,0,0,0.0,0.0,0,0.0,4.0,0,0.0,122.0,301.0,582.0,0.0041428571428571434,0.02428571428571429,0.022,1,겨울,2021,4. 겨울 (12~2월)
2021-01-17,-3.4,1.4,-6.3,40.5,0.0,3.1,7.0,-0.3,14.0,7.0,0.031,0.011,0.3,0.003,7.699999999999999,5.0,1.6000000000000014,12.554016621517201,0.0,0,0,4.0,11.0,0,0,0.0,3.0,0.0,0.0,0,0,0,0.0,0.0,0,0.0,4.0,0,0.0,21.0,219.0,572.0,0.004000000000000001,0.023714285714285716,0.022571428571428572,1,겨울,2021,4. 겨울 (12~2월)
2021-01-18,-3.5,3.1,-10.6,62.9,0.0,2.4,3.5,-1.4,37.0,19.0,0.021,0.02,0.5,0.003,13.7,0.10000000000000009,22.4,12.496399481450517,0.0,1,0,4.0,12.0,0,0,0.0,3.0,0.0,0.0,0,0,0,0.0,0.0,0,0.0,4.0,0,0.0,56.0,199.0,576.0,0.003857142857142857,0.022857142857142857,0.02357142857142857,1,겨울,2021,4. 겨울 (12~2월)
2021-01-19,-3.8,2.5,-9.6,41.3,0.0,1.4,7.6,-1.1,19.0,7.0,0.029,0.016,0.4,0.003,12.1,0.2999999999999998,21.6,12.708002727939983,0.0,0,0,3.0,11.0,0,0,0.0,3.0,0.0,0.0,0,0,0,0.0,0.0,0,0.0,4.0,0,0.0,26.0,103.0,535.0,0.0037142857142857142,0.020714285714285716,0.025714285714285714,1,겨울,2021,4. 겨울 (12~2월)
2021-01-20,-2.9,8.5,-11.5,52.4,0.0,0.6,7.6,-0.8,38.0,20.0,0.011,0.034,0.6,0.004,20.0,0.8999999999999999,11.100000000000001,10.80138879959412,0.0,0,0,2.0,10.0,0,0,0.0,3.0,0.0,0.0,0,0,0,0.0,0.0,0,0.0,4.0,0,0.0,58.0,140.0,462.0,0.0035714285714285718,0.02128571428571429,0.02457142857142857,1,겨울,2021,4. 겨울 (12~2월)
2021-01-21,2.8,12.4,-7.6,69.5,0.8,0.7,5.6,1.2,57.0,41.0,0.01,0.04,0.7,0.004,20.0,5.699999999999999,17.1,14.20598465436302,0.8,1,0,3.0,11.0,0,0,0.0,3.0,0.0,0.0,0,0,0,0.0,0.0,0,0.0,4.0,0,0.0,98.0,182.0,457.0,0.003428571428571429,0.02214285714285714,0.023285714285714288,1,겨울,2021,4. 겨울 (12~2월)
2021-01-22,8.0,11.6,4.3,85.3,0.0,0.5,0.0,6.3,45.0,37.0,0.013,0.028,0.6,0.004,7.3,5.2,15.799999999999997,16.454280091615463,0.8,1,0,3.0,12.0,1,0,1.0,4.0,0.0,0.0,1,0,0,0.0,0.0,1,1.0,5.0,1,0.004,82.0,238.0,463.0,0.003428571428571429,0.022571428571428572,0.02157142857142857,1,겨울,2021,4. 겨울 (12~2월)
2021-01-23,8.7,11.2,7.0,79.4,1.0,2.4,0.0,7.1,11.0,8.0,0.031,0.014,0.4,0.003,4.199999999999999,0.6999999999999993,5.8999999999999915,7.983942217559831,1.8,1,0,4.0,12.0,1,0,2.0,5.0,0.0,0.0,2,0,0,0.0,0.0,1,2.0,5.0,2,0.003,19.0,199.0,360.0,0.003428571428571429,0.023285714285714288,0.020857142857142855,1,겨울,2021,4. 겨울 (12~2월)
2021-01-24,8.0,10.4,5.3,70.4,0.0,1.3,0.1,6.6,12.0,6.0,0.036,0.011,0.3,0.003,5.1000000000000005,0.6999999999999993,9.0,7.503554713156575,1.8,1,0,5.0,12.0,0,0,2.0,4.0,0.0,0.0,0,0,0,0.0,0.0,1,3.0,5.0,3,0.003,18.0,119.0,357.0,0.003428571428571429,0.023285714285714288,0.02157142857142857,1,겨울,2021,4. 겨울 (12~2월)
2021-01-25,6.4,11.5,1.7,74.0,0.0,1.5,4.3,6.8,14.0,9.0,0.027,0.017,0.4,0.003,9.8,1.5999999999999996,3.5999999999999943,4.52990066116251,1.8,1,0,5.0,12.0,0,0,2.0,3.0,0.0,0.0,0,0,0,0.0,0.0,1,4.0,5.0,4,0.003,23.0,60.0,324.0,0.003428571428571429,0.022857142857142857,0.02242857142857143,1,겨울,2021,4. 겨울 (12~2월)
2021-01-26,5.6,6.6,3.7,88.4,10.1,1.4,0.0,5.3,12.0,8.0,0.023,0.017,0.4,0.003,2.8999999999999995,0.8000000000000007,14.400000000000006,9.524704719832574,11.9,1,0,6.0,12.0,1,0,3.0,3.0,0.0,0.0,1,0,0,0.0,0.0,1,5.0,5.0,5,0.003,20.0,61.0,318.0,0.003428571428571429,0.023000000000000003,0.02157142857142857,1,겨울,2021,4. 겨울 (12~2월)
2021-01-27,4.7,9.8,0.5,58.4,0.0,2.0,6.7,5.0,29.0,17.0,0.032,0.014,0.5,0.003,9.3,0.8999999999999995,30.000000000000007,15.00399946680886,11.9,0,0,6.0,12.0,0,0,3.0,3.0,0.0,0.0,0,0,0,0.0,0.0,0,5.0,5.0,0,0.0,46.0,89.0,306.0,0.0032857142857142855,0.02014285714285714,0.02457142857142857,1,겨울,2021,4. 겨울 (12~2월)
2021-01-28,0.3,10.3,-5.0,66.3,0.0,3.2,4.7,1.9,26.0,13.0,0.024,0.015,0.5,0.003,15.3,4.4,7.899999999999999,15.550026795260955,11.1,1,0,6.0,13.0,0,0,3.0,3.0,0.0,0.0,0,0,0,0.0,0.0,0,5.0,5.0,0,0.0,39.0,105.0,247.0,0.0031428571428571426,0.016571428571428574,0.026571428571428572,1,겨울,2021,4. 겨울 (12~2월)
2021-01-29,-5.1,-0.4,-8.5,37.8,0.0,5.3,7.8,-2.0,22.0,5.0,0.034,0.008,0.4,0.003,8.1,5.3999999999999995,28.5,14.714052240403797,11.1,0,0,5.0,12.0,0,0,2.0,3.0,0.0,0.0,0,0,0,0.0,0.0,0,4.0,5.0,0,0.0,27.0,112.0,192.0,0.003,0.013714285714285715,0.029571428571428575,1,겨울,2021,4. 겨울 (12~2월)
2021-01-30,0.5,8.8,-9.5,46.5,0.0,2.3,7.0,-0.6,56.0,17.0,0.029,0.016,0.5,0.003,18.3,5.6,8.700000000000003,14.605820757492484,10.1,0,0,4.0,12.0,0,0,1.0,3.0,0.0,0.0,0,0,0,0.0,0.0,0,3.0,5.0,0,0.0,73.0,139.0,246.0,0.003,0.014,0.029285714285714286,1,겨울,2021,4. 겨울 (12~2월)
2021-01-31,2.6,12.1,-6.7,53.9,0.0,0.8,7.7,1.6,40.0,16.0,0.024,0.02,0.5,0.003,18.8,2.1,7.399999999999999,8.058742664543352,10.1,0,0,3.0,12.0,0,0,1.0,3.0,0.0,0.0,0,0,0,0.0,0.0,0,2.0,5.0,0,0.0,56.0,156.0,284.0,0.003,0.015285714285714286,0.027571428571428573,1,겨울,2021,4. 겨울 (12~2월)
2021-02-01,6.5,10.2,2.1,85.0,10.1,1.2,0.0,5.1,48.0,34.0,0.017,0.028,0.6,0.003,8.1,3.9,31.1,20.42963533693148,20.2,1,0,3.0,13.0,1,0,2.0,4.0,0.0,0.0,1,0,0,0.0,0.0,1,2.0,6.0,1,0.003,82.0,211.0,343.0,0.003,0.016857142857142855,0.026142857142857145,2,겨울,2021,4. 겨울 (12~2월)
2021-02-02,-0.8,6.8,-4.2,34.0,0.0,5.0,8.0,1.1,31.0,15.0,0.037,0.008,0.4,0.003,11.0,7.3,51.0,25.704150118868593,10.1,0,0,2.0,13.0,0,0,1.0,4.0,0.0,0.0,0,0,0,0.0,0.0,0,1.0,6.0,0,0.0,46.0,184.0,369.0,0.003,0.015571428571428571,0.028142857142857143,2,겨울,2021,4. 겨울 (12~2월)
2021-02-03,-1.9,4.2,-6.0,42.8,0.0,2.5,8.0,-0.3,24.0,13.0,0.028,0.016,0.5,0.003,10.2,1.0999999999999999,8.799999999999997,27.261939280493824,10.1,0,0,2.0,13.0,0,0,1.0,4.0,0.0,0.0,0,0,0,0.0,0.0,0,1.0,6.0,0,0.0,37.0,165.0,360.0,0.003,0.015857142857142858,0.027571428571428573,2,겨울,2021,4. 겨울 (12~2월)
2021-02-04,1.6,5.8,-5.8,35.6,0.0,3.3,8.1,1.6,20.0,10.0,0.033,0.014,0.4,0.003,11.6,3.5,7.199999999999996,4.687572221665552,10.1,0,0,1.0,13.0,0,0,1.0,4.0,0.0,0.0,0,0,0,0.0,0.0,0,1.0,6.0,0,0.0,30.0,113.0,351.0,0.003,0.015714285714285715,0.02885714285714286,2,겨울,2021,4. 겨울 (12~2월)
2021-02-05,2.7,8.4,-6.4,36.3,0.0,1.4,4.9,0.8,25.0,12.0,0.021,0.027,0.5,0.003,14.8,1.1,0.6999999999999957,3.970306453327073,10.1,0,0,1.0,13.0,0,0,1.0,4.0,0.0,0.0,0,0,0,0.0,0.0,0,1.0,6.0,0,0.0,37.0,104.0,361.0,0.003,0.01842857142857143,0.027,2,겨울,2021,4. 겨울 (12~2월)
2021-02-06,3.0,14.2,-5.6,60.4,0.0,1.0,8.2,2.9,58.0,34.0,0.019,0.031,0.7,0.004,19.799999999999997,0.2999999999999998,24.1,14.120552397126604,10.1,1,0,2.0,14.0,0,0,1.0,4.0,0.0,0.0,0,0,0,0.0,0.0,0,1.0,6.0,0,0.0,92.0,159.0,380.0,0.0031428571428571426,0.020571428571428574,0.02557142857142857,2,겨울,2021,4. 겨울 (12~2월)
2021-02-07,5.4,13.7,-2.2,55.6,0.0,2.1,7.8,3.9,78.0,52.0,0.032,0.018,0.6,0.003,15.899999999999999,2.4000000000000004,4.799999999999997,12.756305630288571,10.1,0,0,2.0,14.0,0,0,1.0,4.0,0.0,0.0,0,0,0,0.0,0.0,0,1.0,6.0,0,0.0,130.0,259.0,454.0,0.003142857142857143,0.02028571428571429,0.026714285714285715,2,겨울,2021,4. 겨울 (12~2월)
2021-02-08,0.4,5.5,-3.3,33.8,0.0,3.7,8.6,2.2,17.0,8.0,0.034,0.009,0.4,0.003,8.8,5.0,21.800000000000004,14.176506386741826,0.0,0,0,1.0,13.0,0,0,0.0,4.0,0.0,0.0,0,0,0,0.0,0.0,0,0.0,6.0,0,0.0,25.0,247.0,397.0,0.003142857142857143,0.017571428571428575,0.02914285714285714,2,겨울,2021,4. 겨울 (12~2월)
2021-02-09,1.3,7.2,-4.3,34.1,0.0,3.1,8.8,1.6,16.0,9.0,0.033,0.011,0.4,0.003,11.5,0.9,0.30000000000000426,12.500533321955947,0.0,0,0,1.0,12.0,0,0,0.0,4.0,0.0,0.0,0,0,0,0.0,0.0,0,0.0,6.0,0,0.0,25.0,180.0,376.0,0.0031428571428571426,0.018,0.02857142857142857,2,겨울,2021,4. 겨울 (12~2월)
2021-02-10,3.8,10.4,-3.5,50.4,0.0,2.4,8.6,2.7,40.0,23.0,0.035,0.019,0.5,0.004,13.9,2.5,16.299999999999997,9.498596387536992,0.0,0,0,1.0,11.0,0,0,0.0,4.0,0.0,0.0,0,0,0,0.0,0.0,0,0.0,6.0,0,0.0,63.0,113.0,402.0,0.0032857142857142855,0.01842857142857143,0.02957142857142857,2,겨울,2021,4. 겨울 (12~2월)
2021-02-11,5.0,12.3,-2.2,66.4,0.0,1.1,6.6,4.3,52.0,35.0,0.032,0.021,0.6,0.004,14.5,1.2000000000000002,16.000000000000007,16.150232196473166,0.0,1,0,2.0,12.0,0,0,0.0,4.0,0.0,0.0,0,0,0,0.0,0.0,0,0.0,6.0,0,0.0,87.0,175.0,459.0,0.003428571428571429,0.01942857142857143,0.029428571428571425,2,겨울,2021,4. 겨울 (12~2월)
2021-02-12,5.5,15.8,-1.8,62.9,0.0,0.8,7.4,5.3,57.0,42.0,0.023,0.022,0.7,0.003,17.6,0.5,3.500000000000007,8.411301920630311,0.0,1,0,3.0,12.0,0,0,0.0,4.0,0.0,0.0,0,0,0,0.0,0.0,0,0.0,6.0,0,0.0,99.0,249.0,521.0,0.003428571428571429,0.018714285714285715,0.029714285714285717,2,겨울,2021,4. 겨울 (12~2월)
2021-02-13,5.7,17.7,-3.5,57.8,0.0,0.7,9.0,5.3,46.0,34.0,0.029,0.021,0.6,0.004,21.2,0.20000000000000018,5.100000000000001,4.324735059322439,0.0,0,0,2.0,12.0,0,0,0.0,4.0,0.0,0.0,0,0,0,0.0,0.0,0,0.0,6.0,0,0.0,80.0,266.0,509.0,0.003428571428571429,0.017285714285714286,0.031142857142857146,2,겨울,2021,4. 겨울 (12~2월)
2021-02-14,7.0,13.3,0.2,81.4,4.6,0.5,0.7,5.9,66.0,53.0,0.023,0.025,0.7,0.004,13.100000000000001,1.2999999999999998,23.60000000000001,12.417863476996889,4.6,1,0,3.0,13.0,1,0,1.0,5.0,0.0,0.0,1,0,0,0.0,0.0,1,1.0,7.0,1,0.004,119.0,298.0,498.0,0.0035714285714285718,0.018285714285714287,0.02985714285714286,2,겨울,2021,4. 겨울 (12~2월)
2021-02-15,5.2,9.9,-2.0,64.1,0.4,3.8,4.4,6.0,32.0,24.0,0.034,0.01,0.4,0.003,11.9,1.7999999999999998,17.30000000000001,12.2197926878214,5.0,1,0,4.0,13.0,0,0,1.0,5.0,0.0,0.0,0,0,0,0.0,0.0,0,1.0,7.0,0,0.0,56.0,255.0,529.0,0.0035714285714285718,0.01842857142857143,0.02985714285714286,2,겨울,2021,4. 겨울 (12~2월)
2021-02-16,-0.7,6.3,-4.1,50.1,0.0,3.5,7.2,2.1,15.0,7.0,0.036,0.009,0.4,0.003,10.399999999999999,5.9,13.999999999999993,15.678966802694614,5.0,0,0,4.0,13.0,0,0,1.0,5.0,0.0,0.0,0,0,0,0.0,0.0,0,1.0,7.0,0,0.0,22.0,197.0,526.0,0.0035714285714285718,0.018142857142857145,0.030285714285714287,2,겨울,2021,4. 겨울 (12~2월)
2021-02-17,-5.0,-1.4,-6.8,40.3,0.0,5.4,9.2,-0.6,19.0,5.0,0.035,0.006,0.4,0.003,5.4,4.3,9.800000000000004,11.961605243444486,5.0,0,0,4.0,13.0,0,0,1.0,5.0,0.0,0.0,0,0,0,0.0,0.0,0,1.0,7.0,0,0.0,24.0,102.0,487.0,0.003428571428571429,0.016285714285714285,0.030285714285714287,2,겨울,2021,4. 겨울 (12~2월)
2021-02-18,-4.3,0.4,-9.0,45.4,0.0,3.5,9.0,-0.9,26.0,8.0,0.032,0.009,0.4,0.003,9.4,0.7000000000000002,5.100000000000001,4.901360355384159,5.0,0,0,3.0,12.0,0,0,1.0,5.0,0.0,0.0,0,0,0,0.0,0.0,0,1.0,7.0,0,0.0,34.0,80.0,434.0,0.0032857142857142855,0.014571428571428572,0.030285714285714287,2,겨울,2021,4. 겨울 (12~2월)
2021-02-19,3.5,12.0,-4.5,44.9,0.0,2.5,9.1,2.4,32.0,15.0,0.033,0.018,0.5,0.004,16.5,7.8,0.5,2.8112867753630817,5.0,0,0,2.0,11.0,0,0,1.0,4.0,0.0,0.0,0,0,0,0.0,0.0,0,1.0,6.0,0,0.0,47.0,105.0,382.0,0.003428571428571429,0.014,0.031714285714285716,2,겨울,2021,4. 겨울 (12~2월)
2021-02-20,9.6,19.7,-0.6,53.4,0.0,2.0,8.8,5.3,65.0,34.0,0.045,0.019,0.6,0.004,20.3,6.1,8.5,4.769696007084559,5.0,0,0,2.0,10.0,0,0,1.0,3.0,0.0,0.0,0,0,0,0.0,0.0,0,1.0,5.0,0,0.0,99.0,180.0,401.0,0.003428571428571429,0.013714285714285715,0.033999999999999996,2,겨울,2021,4. 겨울 (12~2월)
2021-02-21,12.3,23.6,-0.9,49.4,0.0,2.1,8.9,7.4,57.0,33.0,0.038,0.018,0.6,0.004,24.5,2.700000000000001,4.0,4.252450274057515,0.4,0,0,1.0,9.0,0,0,0.0,3.0,0.0,0.0,0,0,0,0.0,0.0,0,0.0,4.0,0,0.0,90.0,236.0,372.0,0.003428571428571429,0.012714285714285714,0.03614285714285714,2,겨울,2021,4. 겨울 (12~2월)
2021-02-22,13.1,22.8,4.2,40.3,0.0,2.8,9.0,9.3,48.0,21.0,0.045,0.013,0.4,0.004,18.6,0.7999999999999989,9.100000000000001,6.713419396998701,0.0,0,0,0.0,8.0,0,0,0.0,3.0,0.0,0.0,0,0,0,0.0,0.0,0,0.0,3.0,0,0.0,69.0,258.0,385.0,0.0035714285714285718,0.013142857142857142,0.037714285714285714,2,겨울,2021,4. 겨울 (12~2월)
2021-02-23,5.2,11.7,0.0,23.5,0.0,2.5,9.1,6.2,23.0,7.0,0.038,0.008,0.4,0.003,11.7,7.8999999999999995,16.799999999999997,13.139381010280928,0.0,0,0,0.0,7.0,0,0,0.0,2.0,0.0,0.0,0,0,0,0.0,0.0,0,0.0,2.0,0,0.0,30.0,189.0,393.0,0.0035714285714285718,0.013,0.038,2,겨울,2021,4. 겨울 (12~2월)
2021-02-24,3.4,11.2,-1.9,57.1,0.0,1.4,6.0,5.8,36.0,14.0,0.024,0.018,0.5,0.003,13.1,1.8000000000000003,33.6,16.799999999999937,0.0,0,0,0.0,7.0,0,0,0.0,2.0,0.0,0.0,0,0,0,0.0,0.0,0,0.0,2.0,0,0.0,50.0,149.0,419.0,0.0035714285714285718,0.014714285714285716,0.03642857142857143,2,겨울,2021,4. 겨울 (12~2월)
2021-02-25,4.2,10.4,-2.3,81.6,0.4,0.7,0.1,4.6,46.0,27.0,0.015,0.022,0.5,0.003,12.7,0.8000000000000003,24.499999999999993,29.168533273603796,0.4,1,0,1.0,7.0,1,0,1.0,3.0,0.0,0.0,1,0,0,0.0,0.0,1,1.0,3.0,1,0.003,73.0,153.0,458.0,0.0035714285714285713,0.01657142857142857,0.033999999999999996,2,겨울,2021,4. 겨울 (12~2월)
2021-02-26,8.0,11.9,4.1,65.4,0.0,2.6,7.1,8.1,27.0,15.0,0.031,0.011,0.4,0.003,7.800000000000001,3.8,16.19999999999999,12.460470831125626,0.4,1,0,2.0,8.0,0,0,1.0,3.0,0.0,0.0,0,0,0,0.0,0.0,0,1.0,3.0,0,0.0,42.0,165.0,453.0,0.003428571428571429,0.015571428571428571,0.03371428571428571,2,겨울,2021,4. 겨울 (12~2월)
2021-02-27,6.6,8.5,4.4,60.6,0.0,3.1,0.2,6.4,16.0,5.0,0.042,0.006,0.4,0.003,4.1,1.4000000000000004,4.800000000000004,11.003635762783105,0.4,1,0,3.0,9.0,0,0,1.0,3.0,0.0,0.0,0,0,0,0.0,0.0,0,1.0,3.0,0,0.0,21.0,136.0,375.0,0.0032857142857142863,0.013714285714285715,0.03328571428571429,2,겨울,2021,4. 겨울 (12~2월)
2021-02-28,7.2,14.5,0.7,75.1,0.0,1.1,3.4,7.7,20.0,8.0,0.03,0.01,0.4,0.003,13.8,0.6000000000000005,14.499999999999993,7.386699759251938,0.4,1,0,4.0,10.0,1,0,2.0,4.0,0.0,0.0,1,0,0,0.0,0.0,1,2.0,4.0,1,0.003,28.0,91.0,313.0,0.003142857142857143,0.01257142857142857,0.03214285714285715,2,겨울,2021,4. 겨울 (12~2월)
2021-03-01,7.4,12.3,3.1,95.1,41.1,1.6,0.0,7.4,23.0,17.0,0.019,0.012,0.5,0.003,9.200000000000001,0.20000000000000018,20.0,17.322913534776223,41.5,1,0,5.0,10.0,1,1,3.0,4.0,1.0,1.0,2,1,0,0.0,0.0,1,3.0,4.0,2,0.003,40.0,89.0,284.0,0.003,0.012428571428571428,0.028428571428571425,3,봄,2021,1. 봄 (3~5월)
2021-03-02,1.8,5.1,-0.2,86.4,11.3,0.8,0.2,3.5,7.0,3.0,0.029,0.011,0.4,0.003,5.3,5.6000000000000005,8.699999999999989,10.028127109950983,52.8,1,0,6.0,11.0,1,0,4.0,5.0,1.0,1.0,3,0,0,0.0,0.0,1,4.0,5.0,3,0.003,10.0,78.0,264.0,0.003,0.012857142857142857,0.027142857142857142,3,봄,2021,1. 봄 (3~5월)
2021-03-03,3.2,9.3,-3.1,73.6,0.0,0.7,7.3,4.9,27.0,16.0,0.016,0.017,0.5,0.003,12.4,1.4000000000000001,12.800000000000011,10.814958776312272,52.8,1,0,7.0,12.0,0,0,4.0,5.0,1.0,1.0,0,0,0,0.0,0.0,1,5.0,6.0,4,0.003,43.0,93.0,257.0,0.003,0.012714285714285716,0.026,3,봄,2021,1. 봄 (3~5월)
2021-03-04,5.7,11.7,-1.0,81.9,0.0,0.8,0.6,6.9,36.0,19.0,0.013,0.022,0.5,0.003,12.7,2.5,8.300000000000011,6.493329911018974,52.400000000000006,1,0,7.0,13.0,1,0,4.0,6.0,1.0,1.0,1,0,0,0.0,0.0,1,5.0,7.0,5,0.003,55.0,108.0,239.0,0.003,0.012714285714285714,0.025714285714285714,3,봄,2021,1. 봄 (3~5월)
2021-03-05,9.3,17.9,3.3,70.6,0.0,1.1,7.6,10.3,33.0,19.0,0.019,0.018,0.5,0.003,14.599999999999998,3.6000000000000005,11.300000000000011,5.853488988059459,52.400000000000006,1,0,7.0,14.0,0,0,4.0,6.0,1.0,1.0,0,0,0,0.0,0.0,1,6.0,8.0,6,0.003,52.0,150.0,249.0,0.003,0.013714285714285715,0.024,3,봄,2021,1. 봄 (3~5월)
2021-03-06,5.3,8.5,2.7,77.1,0.0,3.0,1.9,6.2,23.0,11.0,0.029,0.011,0.4,0.003,5.8,4.000000000000001,6.5,5.671272637894726,52.400000000000006,1,0,7.0,14.0,1,0,5.0,7.0,1.0,1.0,1,0,0,0.0,0.0,1,7.0,9.0,7,0.003,34.0,141.0,262.0,0.003,0.014428571428571428,0.02214285714285714,3,봄,2021,1. 봄 (3~5월)
2021-03-07,4.7,8.2,0.9,73.1,0.0,1.3,0.2,6.8,15.0,5.0,0.036,0.008,0.4,0.003,7.299999999999999,0.5999999999999996,4.0,3.2787192621509784,52.400000000000006,1,0,7.0,15.0,0,0,4.0,7.0,1.0,1.0,0,0,0,0.0,0.0,1,7.0,10.0,8,0.003,20.0,106.0,254.0,0.003,0.014142857142857143,0.022999999999999996,3,봄,2021,1. 봄 (3~5월)
2021-03-08,4.6,13.2,-2.5,74.8,0.0,1.5,9.9,7.3,23.0,12.0,0.025,0.013,0.5,0.003,15.7,0.10000000000000053,1.7000000000000028,2.0074859899884543,11.3,1,0,7.0,16.0,0,0,3.0,7.0,0.0,1.0,0,0,0,0.0,0.0,1,7.0,11.0,9,0.003,35.0,89.0,249.0,0.003,0.014285714285714285,0.023857142857142858,3,봄,2021,1. 봄 (3~5월)
2021-03-09,7.4,14.7,-0.4,62.1,0.0,1.5,6.8,8.8,31.0,18.0,0.029,0.015,0.5,0.003,15.1,2.8000000000000007,12.699999999999996,6.894200461257238,0.0,1,0,7.0,17.0,0,0,2.0,7.0,0.0,1.0,0,0,0,0.0,0.0,0,6.0,11.0,0,0.0,49.0,104.0,288.0,0.003,0.014857142857142857,0.023857142857142858,3,봄,2021,1. 봄 (3~5월)
2021-03-10,6.8,13.1,-0.1,58.1,0.0,2.2,10.6,9.5,53.0,25.0,0.037,0.014,0.5,0.004,13.2,0.6000000000000005,4.0,8.719518335321,0.0,0,0,6.0,17.0,0,0,2.0,7.0,0.0,1.0,0,0,0,0.0,0.0,0,5.0,11.0,0,0.0,78.0,162.0,323.0,0.0031428571428571426,0.014428571428571428,0.026857142857142857,3,봄,2021,1. 봄 (3~5월)
2021-03-11,8.3,18.6,-1.7,58.9,0.0,0.9,7.9,10.5,43.0,21.0,0.026,0.02,0.5,0.004,20.3,1.5000000000000009,0.7999999999999972,2.11660104885137,0.0,0,0,5.0,16.0,0,0,1.0,7.0,0.0,1.0,0,0,0,0.0,0.0,0,4.0,11.0,0,0.0,64.0,191.0,332.0,0.0032857142857142855,0.014142857142857143,0.028714285714285716,3,봄,2021,1. 봄 (3~5월)
2021-03-12,8.7,10.2,6.9,85.1,16.0,1.4,0.0,8.4,29.0,20.0,0.027,0.016,0.5,0.003,3.299999999999999,0.3999999999999986,26.199999999999996,15.362725452644549,16.0,1,0,5.0,16.0,1,0,2.0,8.0,0.0,1.0,1,0,0,0.0,0.0,1,4.0,12.0,1,0.003,49.0,191.0,329.0,0.0032857142857142855,0.013857142857142858,0.029857142857142856,3,봄,2021,1. 봄 (3~5월)
2021-03-13,7.9,15.2,1.8,76.9,0.0,1.2,9.5,10.1,36.0,20.0,0.034,0.012,0.5,0.003,13.399999999999999,0.7999999999999989,8.199999999999989,13.401989902000873,16.0,1,0,5.0,17.0,1,0,2.0,9.0,0.0,1.0,2,0,0,0.0,0.0,1,4.0,13.0,2,0.003,56.0,169.0,351.0,0.0032857142857142855,0.014,0.030571428571428572,3,봄,2021,1. 봄 (3~5월)
2021-03-14,8.5,17.1,0.8,73.0,0.0,1.4,8.1,10.2,46.0,31.0,0.03,0.012,0.6,0.003,16.3,0.5999999999999996,3.9000000000000057,6.1760289291205455,16.0,1,0,5.0,17.0,0,0,2.0,8.0,0.0,1.0,0,0,0,0.0,0.0,1,4.0,13.0,3,0.003,77.0,182.0,408.0,0.0032857142857142855,0.01457142857142857,0.029714285714285714,3,봄,2021,1. 봄 (3~5월)
2021-03-15,11.0,18.6,0.9,64.1,0.0,1.6,8.9,11.4,50.0,36.0,0.035,0.013,0.6,0.003,17.700000000000003,2.5,8.900000000000006,6.560741827974436,16.0,1,0,5.0,17.0,0,0,2.0,8.0,0.0,1.0,0,0,0,0.0,0.0,0,3.0,13.0,0,0.0,86.0,219.0,459.0,0.0032857142857142855,0.01457142857142857,0.031142857142857142,3,봄,2021,1. 봄 (3~5월)
2021-03-16,14.0,19.8,6.3,48.6,0.0,2.5,10.1,14.6,57.0,15.0,0.045,0.009,0.4,0.003,13.5,3.0,15.499999999999993,12.347874310989688,16.0,0,0,4.0,17.0,0,0,2.0,8.0,0.0,1.0,0,0,0,0.0,0.0,0,3.0,13.0,0,0.0,72.0,235.0,482.0,0.0032857142857142855,0.013714285714285715,0.033428571428571426,3,봄,2021,1. 봄 (3~5월)
2021-03-17,8.4,16.5,0.3,69.4,0.0,1.6,10.5,11.1,87.0,17.0,0.028,0.014,0.5,0.004,16.2,5.6,20.800000000000004,10.808792717042873,16.0,1,0,5.0,18.0,0,0,2.0,8.0,0.0,1.0,0,0,0,0.0,0.0,0,3.0,13.0,0,0.0,104.0,262.0,508.0,0.0032857142857142855,0.013714285714285715,0.03214285714285715,3,봄,2021,1. 봄 (3~5월)
2021-03-18,8.1,15.2,1.9,76.1,0.0,1.7,5.0,10.6,72.0,18.0,0.03,0.011,0.5,0.003,13.299999999999999,0.3000000000000007,6.699999999999989,14.339804740651084,16.0,1,0,6.0,19.0,1,0,3.0,9.0,0.0,1.0,1,0,0,0.0,0.0,1,4.0,14.0,1,0.003,90.0,266.0,534.0,0.003142857142857143,0.012428571428571428,0.03271428571428571,3,봄,2021,1. 봄 (3~5월)
2021-03-19,10.1,14.7,5.5,67.9,0.0,2.1,4.1,12.0,40.0,8.0,0.037,0.01,0.4,0.003,9.2,2.0,8.199999999999989,4.366157731155986,0.0,1,0,6.0,20.0,0,0,2.0,9.0,0.0,1.0,0,0,0,0.0,0.0,0,3.0,14.0,0,0.0,48.0,242.0,533.0,0.003142857142857143,0.01157142857142857,0.03414285714285714,3,봄,2021,1. 봄 (3~5월)
2021-03-20,8.9,10.8,6.4,91.9,5.9,1.1,0.0,9.2,16.0,8.0,0.03,0.01,0.4,0.003,4.4,1.1999999999999993,24.0,12.198907054869045,5.9,1,0,6.0,21.0,1,0,2.0,10.0,0.0,1.0,1,0,0,0.0,0.0,1,3.0,15.0,1,0.003,24.0,162.0,501.0,0.0031428571428571426,0.011285714285714286,0.03357142857142857,3,봄,2021,1. 봄 (3~5월)
2021-03-21,8.3,11.5,4.4,58.3,0.0,4.2,7.2,9.9,35.0,8.0,0.044,0.005,0.4,0.003,7.1,0.5999999999999996,33.60000000000001,17.306646122227153,5.9,0,0,5.0,21.0,0,0,2.0,10.0,0.0,1.0,0,0,0,0.0,0.0,0,2.0,15.0,0,0.0,43.0,115.0,467.0,0.0031428571428571426,0.010285714285714287,0.03557142857142857,3,봄,2021,1. 봄 (3~5월)
2021-03-22,7.4,12.9,2.5,39.4,0.0,3.8,10.7,9.2,30.0,7.0,0.042,0.007,0.4,0.003,10.4,0.9000000000000004,18.9,26.59078787851161,5.9,0,0,4.0,21.0,0,0,2.0,10.0,0.0,1.0,0,0,0,0.0,0.0,0,2.0,15.0,0,0.0,37.0,104.0,418.0,0.003142857142857143,0.009428571428571429,0.036571428571428574,3,봄,2021,1. 봄 (3~5월)
2021-03-23,10.8,19.0,2.0,37.9,0.0,2.5,11.2,11.2,93.0,20.0,0.045,0.014,0.5,0.004,17.0,3.4000000000000004,1.5,11.369696565871893,5.9,0,0,4.0,21.0,0,0,2.0,10.0,0.0,1.0,0,0,0,0.0,0.0,0,2.0,15.0,0,0.0,113.0,193.0,459.0,0.0032857142857142863,0.010142857142857144,0.036571428571428574,3,봄,2021,1. 봄 (3~5월)
2021-03-24,9.9,17.5,1.0,49.1,0.0,1.2,4.8,9.5,67.0,25.0,0.034,0.024,0.5,0.004,16.5,0.9000000000000004,11.200000000000003,6.079747801786876,5.9,0,0,3.0,21.0,0,0,2.0,10.0,0.0,1.0,0,0,0,0.0,0.0,0,2.0,15.0,0,0.0,92.0,242.0,447.0,0.0032857142857142863,0.011571428571428571,0.03742857142857143,3,봄,2021,1. 봄 (3~5월)
2021-03-25,12.8,22.0,1.9,50.6,0.0,1.3,11.3,13.5,56.0,21.0,0.042,0.021,0.5,0.003,20.1,2.9000000000000004,1.5,6.939980787677474,5.9,0,0,2.0,20.0,0,0,1.0,9.0,0.0,1.0,0,0,0,0.0,0.0,0,1.0,14.0,0,0.0,77.0,282.0,434.0,0.0032857142857142855,0.013,0.039142857142857146,3,봄,2021,1. 봄 (3~5월)
2021-03-26,13.2,22.8,3.5,52.4,0.0,1.4,9.8,14.4,62.0,26.0,0.039,0.023,0.5,0.004,19.3,0.3999999999999986,1.7999999999999972,1.6522711641855812,5.9,0,0,1.0,19.0,0,0,1.0,9.0,0.0,1.0,0,0,0,0.0,0.0,0,1.0,14.0,0,0.0,88.0,257.0,474.0,0.003428571428571429,0.014857142857142857,0.03942857142857143,3,봄,2021,1. 봄 (3~5월)
2021-03-27,12.0,17.6,5.0,85.3,11.7,0.8,0.1,11.2,49.0,20.0,0.032,0.019,0.5,0.004,12.600000000000001,1.1999999999999993,32.9,19.53518193755391,11.7,1,0,1.0,19.0,1,0,1.0,10.0,0.0,1.0,1,0,0,0.0,0.0,1,1.0,15.0,1,0.004,69.0,234.0,519.0,0.0035714285714285718,0.016142857142857143,0.039714285714285716,3,봄,2021,1. 봄 (3~5월)
2021-03-28,14.5,19.2,8.7,76.0,13.7,2.3,7.0,14.8,9.0,4.0,0.047,0.008,0.4,0.003,10.5,2.5,9.299999999999997,16.960051100551933,25.4,1,0,2.0,19.0,1,0,2.0,10.0,0.0,1.0,2,0,0,0.0,0.0,1,2.0,15.0,2,0.003,13.0,170.0,489.0,0.0035714285714285713,0.01657142857142857,0.04014285714285715,3,봄,2021,1. 봄 (3~5월)
2021-03-29,13.7,19.3,6.8,48.4,0.0,3.0,6.5,13.6,370.0,57.0,0.044,0.009,0.5,0.003,12.5,0.8000000000000007,27.6,19.191404325895476,25.4,0,0,2.0,18.0,0,0,2.0,9.0,0.0,0.0,0,0,0,0.0,0.0,0,2.0,14.0,0,0.0,427.0,509.0,879.0,0.0035714285714285718,0.01685714285714286,0.04042857142857143,3,봄,2021,1. 봄 (3~5월)
2021-03-30,13.2,20.6,6.1,37.9,0.0,2.2,10.1,15.7,105.0,13.0,0.045,0.011,0.5,0.003,14.500000000000002,0.5,10.5,19.67917681205187,25.4,0,0,2.0,17.0,0,0,2.0,8.0,0.0,0.0,0,0,0,0.0,0.0,0,2.0,13.0,0,0.0,118.0,558.0,884.0,0.003428571428571429,0.016428571428571428,0.040428571428571425,3,봄,2021,1. 봄 (3~5월)
2021-03-31,11.3,22.0,1.4,63.0,0.0,1.4,10.6,14.6,61.0,16.0,0.039,0.016,0.6,0.004,20.6,1.8999999999999986,25.1,12.605686547480603,25.4,1,0,3.0,17.0,0,0,2.0,8.0,0.0,0.0,0,0,0,0.0,0.0,0,2.0,12.0,0,0.0,77.0,622.0,869.0,0.003428571428571429,0.015285714285714286,0.04114285714285714,3,봄,2021,1. 봄 (3~5월)
2021-04-01,11.8,17.7,4.3,63.0,0.0,3.0,6.8,13.0,59.0,11.0,0.044,0.011,0.4,0.003,13.399999999999999,0.5,0.0,14.491491756659608,25.4,1,0,4.0,17.0,0,0,2.0,7.0,0.0,0.0,0,0,0,0.0,0.0,0,2.0,11.0,0,0.0,70.0,265.0,862.0,0.003428571428571429,0.013857142857142856,0.04142857142857143,4,봄,2021,1. 봄 (3~5월)
2021-04-02,13.6,17.9,11.8,66.8,0.0,3.1,3.5,16.7,41.0,9.0,0.049,0.008,0.4,0.003,6.099999999999998,1.799999999999999,3.799999999999997,2.193931022920576,25.4,1,0,5.0,17.0,0,0,2.0,7.0,0.0,0.0,0,0,0,0.0,0.0,0,2.0,10.0,0,0.0,50.0,197.0,824.0,0.0032857142857142855,0.011714285714285715,0.04285714285714286,4,봄,2021,1. 봄 (3~5월)
2021-04-03,13.4,19.0,9.5,89.3,31.6,1.2,0.0,14.0,33.0,14.0,0.03,0.014,0.5,0.003,9.5,0.1999999999999993,22.5,14.214898287829332,45.3,1,0,5.0,17.0,1,0,2.0,7.0,0.0,0.0,1,0,0,0.0,0.0,1,2.0,10.0,1,0.003,47.0,167.0,802.0,0.0031428571428571426,0.011,0.04257142857142857,4,봄,2021,1. 봄 (3~5월)
2021-04-04,9.2,11.9,6.2,80.0,23.9,2.2,0.0,10.4,9.0,4.0,0.043,0.007,0.4,0.003,5.7,4.200000000000001,9.299999999999997,11.306192993222782,55.5,1,0,5.0,17.0,1,0,2.0,8.0,0.0,0.0,2,0,0,0.0,0.0,1,2.0,10.0,2,0.003,13.0,110.0,802.0,0.003142857142857143,0.010857142857142857,0.042,4,봄,2021,1. 봄 (3~5월)
2021-04-05,8.0,15.7,0.4,67.3,0.0,1.7,11.7,11.7,17.0,6.0,0.031,0.013,0.4,0.003,15.299999999999999,1.1999999999999993,12.700000000000003,11.043701070444333,55.5,1,0,6.0,17.0,0,0,2.0,8.0,0.0,0.0,0,0,0,0.0,0.0,0,2.0,9.0,0,0.0,23.0,83.0,398.0,0.003142857142857143,0.011428571428571427,0.04014285714285714,4,봄,2021,1. 봄 (3~5월)
2021-04-06,11.8,20.6,0.9,52.8,0.0,1.9,9.3,13.0,26.0,13.0,0.038,0.014,0.4,0.003,19.700000000000003,3.8000000000000007,14.5,13.609922850626312,55.5,0,0,6.0,16.0,0,0,2.0,8.0,0.0,0.0,0,0,0,0.0,0.0,0,2.0,9.0,0,0.0,39.0,75.0,319.0,0.0031428571428571426,0.011857142857142858,0.03914285714285714,4,봄,2021,1. 봄 (3~5월)
2021-04-07,14.5,22.4,7.1,44.1,0.0,1.7,11.2,16.0,44.0,23.0,0.051,0.017,0.5,0.004,15.299999999999999,2.6999999999999993,8.699999999999996,11.720210464549417,55.5,0,0,5.0,16.0,0,0,2.0,8.0,0.0,0.0,0,0,0,0.0,0.0,0,2.0,9.0,0,0.0,67.0,129.0,309.0,0.0031428571428571426,0.011999999999999999,0.04085714285714286,4,봄,2021,1. 봄 (3~5월)
2021-04-08,11.6,21.1,5.1,60.5,0.0,1.6,11.1,15.5,35.0,15.0,0.036,0.015,0.5,0.003,16.0,2.9000000000000004,16.4,8.205079727420918,55.5,1,0,5.0,17.0,0,0,2.0,8.0,0.0,0.0,0,0,0,0.0,0.0,0,2.0,9.0,0,0.0,50.0,156.0,289.0,0.0031428571428571426,0.01257142857142857,0.03971428571428571,4,봄,2021,1. 봄 (3~5월)
2021-04-09,7.3,12.4,2.6,74.4,0.2,2.0,3.0,9.1,25.0,11.0,0.03,0.013,0.4,0.003,9.8,4.3,13.900000000000006,15.167179478509961,55.7,1,0,5.0,17.0,0,0,2.0,7.0,0.0,0.0,0,0,0,0.0,0.0,1,3.0,9.0,1,0.003,36.0,153.0,275.0,0.003142857142857143,0.013285714285714286,0.037,4,봄,2021,1. 봄 (3~5월)
2021-04-10,8.3,17.4,-0.3,66.3,0.0,1.4,11.7,13.4,21.0,11.0,0.03,0.013,0.5,0.004,17.7,1.0000000000000009,8.100000000000009,6.981642595645647,24.099999999999998,1,0,5.0,17.0,0,0,1.0,6.0,0.0,0.0,0,0,0,0.0,0.0,0,2.0,8.0,0,0.0,32.0,118.0,260.0,0.0032857142857142863,0.013142857142857142,0.03699999999999999,4,봄,2021,1. 봄 (3~5월)
2021-04-11,11.6,21.3,1.2,54.9,0.0,1.3,11.7,15.1,20.0,9.0,0.036,0.011,0.5,0.003,20.1,3.299999999999999,11.399999999999999,9.796427920420804,0.2,0,0,4.0,16.0,0,0,0.0,6.0,0.0,0.0,0,0,0,0.0,0.0,0,1.0,7.0,0,0.0,29.0,97.0,276.0,0.0032857142857142855,0.013714285714285715,0.036,4,봄,2021,1. 봄 (3~5월)
2021-04-12,11.4,13.6,7.5,86.1,10.3,0.7,0.0,12.2,25.0,15.0,0.025,0.02,0.5,0.003,6.1,0.1999999999999993,31.199999999999996,15.78733669749272,10.5,1,0,4.0,16.0,1,0,1.0,7.0,0.0,0.0,1,0,0,0.0,0.0,1,2.0,8.0,1,0.003,40.0,101.0,293.0,0.0032857142857142855,0.014714285714285713,0.03514285714285714,4,봄,2021,1. 봄 (3~5월)
2021-04-13,14.9,19.6,7.8,64.6,0.1,3.3,8.5,16.9,11.0,5.0,0.046,0.007,0.4,0.003,11.8,3.5,21.5,15.967571303530592,10.6,1,0,5.0,17.0,0,0,1.0,7.0,0.0,0.0,0,0,0,0.0,0.0,0,2.0,8.0,0,0.0,16.0,85.0,270.0,0.0032857142857142855,0.013714285714285712,0.03628571428571429,4,봄,2021,1. 봄 (3~5월)
2021-04-14,10.7,17.3,5.0,40.4,0.0,3.1,10.4,13.6,22.0,8.0,0.047,0.007,0.4,0.003,12.3,4.200000000000001,24.199999999999996,22.863289352147042,10.6,0,0,5.0,16.0,0,0,1.0,7.0,0.0,0.0,0,0,0,0.0,0.0,0,2.0,8.0,0,0.0,30.0,86.0,233.0,0.003142857142857143,0.012285714285714285,0.03571428571428571,4,봄,2021,1. 봄 (3~5월)
2021-04-15,10.5,18.3,1.5,48.8,0.0,1.4,10.9,13.3,38.0,18.0,0.049,0.016,0.4,0.004,16.8,0.1999999999999993,8.399999999999999,12.287120628256783,10.6,0,0,4.0,15.0,0,0,1.0,6.0,0.0,0.0,0,0,0,0.0,0.0,0,2.0,7.0,0,0.0,56.0,102.0,239.0,0.0032857142857142863,0.01242857142857143,0.037571428571428575,4,봄,2021,1. 봄 (3~5월)
2021-04-16,12.3,20.5,2.8,64.6,0.0,1.5,4.6,13.5,40.0,20.0,0.039,0.016,0.5,0.003,17.7,1.8000000000000007,15.799999999999997,12.287120628256783,10.4,1,0,4.0,15.0,0,0,1.0,6.0,0.0,0.0,0,0,0,0.0,0.0,0,1.0,7.0,0,0.0,60.0,146.0,263.0,0.0032857142857142855,0.012857142857142857,0.03885714285714286,4,봄,2021,1. 봄 (3~5월)
2021-04-17,12.7,19.5,7.4,46.1,0.0,2.5,6.6,14.9,121.0,21.0,0.045,0.009,0.4,0.002,12.1,0.3999999999999986,18.499999999999993,9.99316433034769,10.4,0,0,3.0,14.0,0,0,1.0,5.0,0.0,0.0,0,0,0,0.0,0.0,0,1.0,6.0,0,0.0,142.0,258.0,373.0,0.0029999999999999996,0.012285714285714285,0.040999999999999995,4,봄,2021,1. 봄 (3~5월)
2021-04-18,11.5,17.3,6.3,44.1,0.0,3.1,8.3,14.4,26.0,7.0,0.046,0.007,0.4,0.002,11.0,1.1999999999999993,2.0,11.302654555457316,10.4,0,0,3.0,14.0,0,0,1.0,5.0,0.0,0.0,0,0,0,0.0,0.0,0,1.0,6.0,0,0.0,33.0,235.0,377.0,0.002857142857142857,0.011714285714285715,0.042428571428571434,4,봄,2021,1. 봄 (3~5월)
2021-04-19,15.6,22.7,7.1,34.6,0.0,3.0,12.1,16.9,39.0,12.0,0.063,0.009,0.4,0.004,15.6,4.1,9.5,6.144102863722251,0.1,0,0,2.0,14.0,0,0,0.0,5.0,0.0,0.0,0,0,0,0.0,0.0,0,0.0,6.0,0,0.0,51.0,226.0,388.0,0.003,0.010142857142857143,0.047857142857142855,4,봄,2021,1. 봄 (3~5월)
2021-04-20,17.3,25.8,10.2,40.1,0.0,2.4,11.6,19.3,59.0,23.0,0.077,0.011,0.5,0.004,15.600000000000001,1.700000000000001,5.5,4.76969600708472,0.0,0,0,1.0,14.0,0,0,0.0,5.0,0.0,0.0,0,0,0,0.0,0.0,0,0.0,6.0,0,0.0,82.0,166.0,454.0,0.003142857142857143,0.010714285714285716,0.05228571428571428,4,봄,2021,1. 봄 (3~5월)
2021-04-21,17.2,27.7,7.3,58.5,0.0,1.3,10.6,20.4,71.0,36.0,0.061,0.02,0.7,0.006,20.4,0.10000000000000142,18.4,12.516788725547777,0.0,0,0,1.0,14.0,0,0,0.0,5.0,0.0,0.0,0,0,0,0.0,0.0,0,0.0,6.0,0,0.0,107.0,240.0,531.0,0.0035714285714285718,0.01257142857142857,0.054285714285714284,4,봄,2021,1. 봄 (3~5월)
2021-04-22,18.0,26.8,11.6,52.0,0.0,2.2,5.7,19.7,61.0,29.0,0.058,0.015,0.6,0.005,15.200000000000001,0.8000000000000007,6.5,9.331130692472374,0.0,0,0,1.0,14.0,0,0,0.0,5.0,0.0,0.0,0,0,0,0.0,0.0,0,0.0,6.0,0,0.0,90.0,279.0,565.0,0.0037142857142857142,0.012428571428571428,0.05557142857142856,4,봄,2021,1. 봄 (3~5월)
2021-04-23,15.1,18.4,13.1,54.3,0.0,2.4,0.0,15.8,28.0,9.0,0.053,0.009,0.4,0.003,5.299999999999999,2.9000000000000004,2.299999999999997,3.2959571194621757,0.0,0,0,0.0,14.0,0,0,0.0,5.0,0.0,0.0,0,0,0,0.0,0.0,0,0.0,6.0,0,0.0,37.0,234.0,542.0,0.0037142857142857147,0.011428571428571429,0.05757142857142857,4,봄,2021,1. 봄 (3~5월)
2021-04-24,14.9,20.8,9.8,58.8,0.0,1.8,7.1,19.9,22.0,9.0,0.05,0.008,0.4,0.003,11.0,0.1999999999999993,4.5,3.458805188693548,0.0,0,0,0.0,13.0,0,0,0.0,4.0,0.0,0.0,0,0,0,0.0,0.0,0,0.0,5.0,0,0.0,31.0,158.0,431.0,0.003857142857142857,0.011285714285714286,0.05828571428571429,4,봄,2021,1. 봄 (3~5월)
2021-04-25,12.9,18.1,8.0,61.9,0.0,2.6,11.3,19.1,24.0,7.0,0.043,0.007,0.3,0.003,10.100000000000001,2.0,3.1000000000000014,3.8214307966170877,0.0,1,0,1.0,13.0,0,0,0.0,3.0,0.0,0.0,0,0,0,0.0,0.0,0,0.0,4.0,0,0.0,31.0,99.0,429.0,0.004,0.011285714285714286,0.05785714285714285,4,봄,2021,1. 봄 (3~5월)
2021-04-26,11.7,19.8,2.9,60.1,0.0,1.5,12.0,18.1,16.0,3.0,0.038,0.01,0.4,0.003,16.900000000000002,1.200000000000001,1.7999999999999972,1.5567059238448242,0.0,1,0,2.0,14.0,0,0,0.0,3.0,0.0,0.0,0,0,0,0.0,0.0,0,0.0,4.0,0,0.0,19.0,81.0,397.0,0.003857142857142857,0.011428571428571429,0.05428571428571428,4,봄,2021,1. 봄 (3~5월)
2021-04-27,14.7,22.7,5.2,48.0,0.0,1.4,7.0,19.6,25.0,9.0,0.04,0.014,0.4,0.003,17.5,3.0,12.100000000000001,7.559320957158348,0.0,0,0,2.0,14.0,0,0,0.0,3.0,0.0,0.0,0,0,0,0.0,0.0,0,0.0,4.0,0,0.0,34.0,84.0,349.0,0.0037142857142857147,0.011857142857142858,0.049,4,봄,2021,1. 봄 (3~5월)
2021-04-28,17.0,23.8,9.3,45.8,0.0,1.6,8.3,21.4,80.0,20.0,0.045,0.013,0.4,0.004,14.5,2.3000000000000007,2.200000000000003,7.699999999999989,0.0,0,0,2.0,13.0,0,0,0.0,3.0,0.0,0.0,0,0,0,0.0,0.0,0,0.0,4.0,0,0.0,100.0,153.0,342.0,0.003428571428571429,0.010857142857142857,0.046714285714285715,4,봄,2021,1. 봄 (3~5월)
2021-04-29,15.0,21.6,11.5,61.5,0.0,1.6,4.8,17.2,76.0,26.0,0.04,0.016,0.5,0.004,10.100000000000001,2.0,15.700000000000003,8.50078427754364,0.0,1,0,3.0,13.0,0,0,0.0,3.0,0.0,0.0,0,0,0,0.0,0.0,0,0.0,4.0,0,0.0,102.0,236.0,354.0,0.0032857142857142855,0.011,0.04414285714285714,4,봄,2021,1. 봄 (3~5월)
2021-04-30,16.1,21.9,11.7,50.0,0.4,3.0,8.9,22.0,61.0,15.0,0.061,0.007,0.4,0.003,10.2,1.1000000000000014,11.5,8.127935367197082,0.4,0,0,3.0,12.0,0,0,0.0,3.0,0.0,0.0,0,0,0,0.0,0.0,0,0.0,4.0,0,0.0,76.0,278.0,393.0,0.0032857142857142855,0.010714285714285714,0.04528571428571428,4,봄,2021,1. 봄 (3~5월)
2021-05-01,11.0,15.3,8.7,75.9,7.6,2.6,1.6,12.3,29.0,14.0,0.047,0.007,0.4,0.003,6.600000000000001,5.100000000000001,25.900000000000006,12.977030990690197,8.0,1,0,4.0,12.0,1,0,1.0,3.0,0.0,0.0,1,0,0,0.0,0.0,1,1.0,4.0,1,0.003,43.0,221.0,405.0,0.0032857142857142855,0.01057142857142857,0.04485714285714286,5,봄,2021,1. 봄 (3~5월)
2021-05-02,12.2,19.6,7.2,66.8,0.0,2.4,7.5,16.2,18.0,6.0,0.043,0.007,0.4,0.003,12.400000000000002,1.1999999999999993,9.100000000000009,13.139381010281037,8.0,1,0,4.0,12.0,0,0,1.0,2.0,0.0,0.0,0,0,0,0.0,0.0,0,1.0,3.0,0,0.0,24.0,143.0,398.0,0.0032857142857142855,0.01057142857142857,0.04485714285714286,5,봄,2021,1. 봄 (3~5월)
2021-05-03,15.0,23.3,3.8,56.9,0.0,1.5,12.0,20.5,23.0,8.0,0.041,0.011,0.4,0.004,19.5,2.8000000000000007,9.899999999999999,9.502806602963885,8.0,0,0,3.0,11.0,0,0,1.0,2.0,0.0,0.0,0,0,0,0.0,0.0,0,1.0,3.0,0,0.0,31.0,98.0,410.0,0.003428571428571429,0.010714285714285714,0.04528571428571428,5,봄,2021,1. 봄 (3~5월)
2021-05-04,16.0,19.3,9.4,80.8,5.7,1.3,0.6,17.4,26.0,13.0,0.042,0.012,0.4,0.004,9.9,1.0,23.9,12.00846923355904,13.7,1,0,4.0,12.0,1,0,2.0,3.0,0.0,0.0,1,0,0,0.0,0.0,1,2.0,4.0,1,0.004,39.0,94.0,415.0,0.0035714285714285713,0.01042857142857143,0.045571428571428575,5,봄,2021,1. 봄 (3~5월)
2021-05-05,17.6,23.4,12.0,46.3,2.0,3.1,11.5,20.3,38.0,8.0,0.052,0.006,0.3,0.003,11.399999999999999,1.6000000000000014,34.5,17.67210608086466,15.7,0,0,4.0,12.0,0,0,2.0,3.0,0.0,0.0,0,0,0,0.0,0.0,0,2.0,4.0,0,0.0,46.0,116.0,361.0,0.003428571428571429,0.009428571428571429,0.046571428571428576,5,봄,2021,1. 봄 (3~5월)
2021-05-06,15.7,24.9,4.1,43.9,0.0,1.3,9.6,20.4,58.0,12.0,0.048,0.012,0.4,0.004,20.799999999999997,1.9000000000000021,2.3999999999999986,20.64630717586077,15.7,0,0,3.0,11.0,0,0,2.0,3.0,0.0,0.0,0,0,0,0.0,0.0,0,2.0,4.0,0,0.0,70.0,155.0,329.0,0.003428571428571429,0.008857142857142859,0.047714285714285716,5,봄,2021,1. 봄 (3~5월)
2021-05-07,16.3,25.1,8.4,54.1,0.3,2.2,6.2,19.6,100.0,29.0,0.043,0.012,0.4,0.003,16.700000000000003,0.6000000000000014,10.200000000000003,5.332916650389292,15.6,0,0,3.0,10.0,0,0,2.0,3.0,0.0,0.0,0,0,0,0.0,0.0,0,2.0,3.0,0,0.0,129.0,245.0,382.0,0.003428571428571429,0.009571428571428573,0.045142857142857144,5,봄,2021,1. 봄 (3~5월)
2021-05-08,16.6,25.0,4.3,48.9,0.0,2.2,11.7,21.4,203.0,56.0,0.047,0.01,0.4,0.004,20.7,0.3000000000000007,5.200000000000003,5.100326786915986,8.0,0,0,2.0,9.0,0,0,1.0,3.0,0.0,0.0,0,0,0,0.0,0.0,0,1.0,3.0,0,0.0,259.0,458.0,598.0,0.0035714285714285718,0.01,0.04514285714285714,5,봄,2021,1. 봄 (3~5월)
2021-05-09,18.0,24.3,11.3,36.4,0.0,3.2,12.6,23.0,86.0,19.0,0.056,0.005,0.3,0.003,13.0,1.3999999999999986,12.5,9.097435536091066,8.0,0,0,1.0,9.0,0,0,1.0,3.0,0.0,0.0,0,0,0,0.0,0.0,0,1.0,3.0,0,0.0,105.0,493.0,679.0,0.0035714285714285718,0.009714285714285715,0.047,5,봄,2021,1. 봄 (3~5월)
2021-05-10,11.6,14.8,8.0,83.3,5.5,0.9,0.5,13.3,23.0,11.0,0.026,0.014,0.4,0.003,6.800000000000001,6.4,46.9,24.287239447907616,13.5,1,0,2.0,9.0,1,0,2.0,3.0,0.0,0.0,1,0,0,0.0,0.0,1,2.0,3.0,1,0.003,34.0,398.0,682.0,0.003428571428571429,0.010142857142857143,0.04485714285714286,5,봄,2021,1. 봄 (3~5월)
2021-05-11,14.1,17.6,11.9,80.4,1.5,1.6,0.4,15.8,21.0,13.0,0.034,0.012,0.5,0.004,5.700000000000001,2.5,2.8999999999999915,26.28060121077904,9.3,1,0,2.0,9.0,1,0,2.0,4.0,0.0,0.0,2,0,0,0.0,0.0,1,2.0,4.0,2,0.004,34.0,173.0,677.0,0.003428571428571429,0.010142857142857144,0.04371428571428571,5,봄,2021,1. 봄 (3~5월)
2021-05-12,15.0,21.3,9.4,73.8,0.0,2.1,9.0,20.3,20.0,7.0,0.043,0.008,0.4,0.003,11.9,0.9000000000000004,6.6000000000000085,4.868606919164335,7.3,1,0,3.0,10.0,0,0,2.0,4.0,0.0,0.0,0,0,0,0.0,0.0,1,3.0,5.0,3,0.003,27.0,95.0,658.0,0.003428571428571429,0.010428571428571428,0.04242857142857143,5,봄,2021,1. 봄 (3~5월)
2021-05-13,18.0,28.3,8.8,62.4,0.0,1.4,12.5,23.6,23.0,12.0,0.037,0.012,0.5,0.004,19.5,3.0,11.399999999999999,9.106041950265826,7.3,1,0,4.0,11.0,0,0,2.0,4.0,0.0,0.0,0,0,0,0.0,0.0,0,3.0,5.0,0,0.0,35.0,96.0,623.0,0.003428571428571429,0.010428571428571428,0.040857142857142856,5,봄,2021,1. 봄 (3~5월)
2021-05-14,19.6,28.3,11.2,70.6,0.0,1.8,10.9,24.8,34.0,21.0,0.044,0.015,0.7,0.005,17.1,1.6000000000000014,8.199999999999996,5.879909296352628,7.0,1,0,5.0,11.0,0,0,2.0,4.0,0.0,0.0,0,0,0,0.0,0.0,1,4.0,6.0,1,0.005,55.0,117.0,549.0,0.0037142857142857142,0.010857142857142857,0.041,5,봄,2021,1. 봄 (3~5월)
2021-05-15,19.6,22.4,16.8,89.9,2.6,0.9,0.0,20.4,33.0,29.0,0.026,0.019,0.8,0.005,5.599999999999998,0.0,19.30000000000001,14.118427674496942,9.6,1,0,6.0,12.0,1,0,3.0,5.0,0.0,0.0,1,0,0,0.0,0.0,1,5.0,7.0,2,0.005,62.0,152.0,352.0,0.003857142857142857,0.012142857142857144,0.038,5,봄,2021,1. 봄 (3~5월)
2021-05-16,18.6,23.8,12.6,95.8,25.3,1.4,0.0,20.4,18.0,16.0,0.025,0.009,0.5,0.003,11.200000000000001,1.0,5.8999999999999915,13.180414763327255,34.9,1,0,7.0,13.0,1,1,4.0,6.0,1.0,1.0,2,1,0,0.0,0.0,1,6.0,8.0,3,0.003,34.0,151.0,281.0,0.003857142857142857,0.012714285714285714,0.03357142857142857,5,봄,2021,1. 봄 (3~5월)
2021-05-17,13.8,15.4,12.7,97.5,12.5,1.6,0.0,15.8,5.0,4.0,0.039,0.008,0.4,0.003,2.700000000000001,4.800000000000001,1.7000000000000028,3.9887341350361085,41.900000000000006,1,0,7.0,14.0,1,1,4.0,7.0,2.0,2.0,3,2,0,0.0,0.0,1,6.0,9.0,4,0.003,9.0,105.0,256.0,0.0038571428571428576,0.011857142857142858,0.03542857142857143,5,봄,2021,1. 봄 (3~5월)
2021-05-18,16.3,21.5,13.2,88.8,0.1,0.6,3.1,18.3,21.0,16.0,0.029,0.012,0.5,0.003,8.3,2.5,8.700000000000003,4.611218204914573,40.5,1,0,7.0,15.0,1,0,4.0,8.0,2.0,2.0,4,0,0,0.0,0.0,1,6.0,10.0,5,0.003,37.0,80.0,259.0,0.0037142857142857147,0.011857142857142858,0.03471428571428571,5,봄,2021,1. 봄 (3~5월)
2021-05-19,20.2,28.6,12.6,67.5,0.0,1.1,9.9,23.9,34.0,24.0,0.041,0.011,0.5,0.003,16.0,3.8999999999999986,21.299999999999997,15.434701163287915,40.5,1,1,7.0,16.0,0,0,4.0,8.0,2.0,2.0,0,0,0,0.0,0.0,0,5.0,10.0,0,0.0,58.0,104.0,290.0,0.0037142857142857142,0.012285714285714285,0.034428571428571426,5,봄,2021,1. 봄 (3~5월)
2021-05-20,15.3,17.4,14.2,91.9,8.7,1.0,0.0,16.9,25.0,18.0,0.034,0.013,0.5,0.004,3.1999999999999993,4.899999999999999,24.400000000000006,13.28319740624728,49.2,1,0,7.0,17.0,1,0,5.0,9.0,2.0,2.0,1,0,0,0.0,0.0,1,6.0,11.0,1,0.004,43.0,138.0,298.0,0.0037142857142857142,0.012428571428571428,0.033999999999999996,5,봄,2021,1. 봄 (3~5월)
2021-05-21,16.0,19.6,14.3,85.5,0.4,1.2,0.2,17.4,16.0,11.0,0.042,0.01,0.4,0.003,5.300000000000001,0.6999999999999993,6.400000000000006,12.65121865012752,49.6,1,0,7.0,18.0,1,0,6.0,10.0,2.0,2.0,2,0,0,0.0,0.0,1,6.0,12.0,2,0.003,27.0,128.0,270.0,0.003428571428571429,0.011714285714285715,0.03371428571428572,5,봄,2021,1. 봄 (3~5월)
2021-05-22,19.9,26.5,12.9,66.5,0.0,2.3,11.7,22.2,25.0,17.0,0.058,0.007,0.4,0.003,13.6,3.8999999999999986,19.0,13.210601803097424,47.0,1,0,7.0,19.0,0,0,5.0,10.0,2.0,2.0,0,0,0,0.0,0.0,0,5.0,12.0,0,0.0,42.0,112.0,250.0,0.0031428571428571426,0.009999999999999998,0.03828571428571429,5,봄,2021,1. 봄 (3~5월)
2021-05-23,21.6,30.3,12.5,63.3,0.0,1.2,8.6,25.1,42.0,29.0,0.056,0.011,0.5,0.003,17.8,1.7000000000000028,3.200000000000003,12.00055554269606,21.7,1,1,7.0,19.0,0,0,4.0,10.0,1.0,2.0,0,0,0,0.0,0.0,0,4.0,12.0,0,0.0,71.0,140.0,287.0,0.003142857142857143,0.010285714285714285,0.04271428571428571,5,봄,2021,1. 봄 (3~5월)
2021-05-24,20.5,26.7,14.4,63.0,1.0,1.5,5.1,22.6,49.0,31.0,0.051,0.012,0.5,0.003,12.299999999999999,1.1000000000000014,0.29999999999999716,1.9399312702598959,10.2,1,1,7.0,19.0,0,0,3.0,10.0,0.0,2.0,0,0,0,0.0,0.0,0,3.0,12.0,0,0.0,80.0,193.0,358.0,0.003142857142857143,0.010857142857142859,0.044428571428571435,5,봄,2021,1. 봄 (3~5월)
2021-05-25,15.6,23.0,9.5,58.4,0.3,2.1,6.0,18.1,72.0,24.0,0.034,0.013,0.4,0.003,13.5,4.9,4.600000000000001,2.7465129406816597,10.399999999999999,0,0,6.0,19.0,0,0,2.0,10.0,0.0,2.0,0,0,0,0.0,0.0,0,2.0,12.0,0,0.0,96.0,247.0,417.0,0.0031428571428571426,0.011,0.045142857142857144,5,봄,2021,1. 봄 (3~5월)
2021-05-26,16.7,23.7,8.1,53.1,0.0,1.1,2.5,18.8,39.0,13.0,0.036,0.014,0.4,0.003,15.6,1.0999999999999996,5.299999999999997,4.9541228621554545,10.399999999999999,0,0,5.0,19.0,0,0,2.0,10.0,0.0,2.0,0,0,0,0.0,0.0,0,2.0,12.0,0,0.0,52.0,228.0,411.0,0.0031428571428571426,0.011428571428571429,0.04442857142857143,5,봄,2021,1. 봄 (3~5월)
2021-05-27,17.8,23.9,14.2,63.5,0.0,1.9,3.9,20.5,26.0,11.0,0.052,0.009,0.4,0.003,9.7,1.1000000000000014,10.399999999999999,5.200320502943197,1.7,1,0,5.0,19.0,0,0,1.0,10.0,0.0,2.0,0,0,0,0.0,0.0,0,1.0,12.0,0,0.0,37.0,185.0,405.0,0.003,0.010857142857142857,0.04699999999999999,5,봄,2021,1. 봄 (3~5월)
2021-05-28,14.8,27.0,8.3,81.8,16.6,1.3,9.2,17.1,29.0,15.0,0.037,0.012,0.4,0.003,18.7,3.0,18.299999999999997,14.530083734560256,17.900000000000002,1,0,5.0,20.0,1,0,1.0,11.0,0.0,2.0,1,0,0,0.0,0.0,1,1.0,13.0,1,0.003,44.0,133.0,422.0,0.003,0.011142857142857144,0.046285714285714284,5,봄,2021,1. 봄 (3~5월)
2021-05-29,19.0,25.6,13.5,58.6,0.0,2.3,9.5,21.2,26.0,15.0,0.052,0.007,0.5,0.003,12.100000000000001,4.199999999999999,23.199999999999996,12.22797339436641,17.900000000000002,0,0,4.0,19.0,0,0,1.0,10.0,0.0,2.0,0,0,0,0.0,0.0,0,1.0,12.0,0,0.0,41.0,122.0,421.0,0.003,0.011142857142857144,0.04542857142857143,5,봄,2021,1. 봄 (3~5월)
2021-05-30,18.6,26.6,10.7,64.6,0.0,1.5,12.8,23.7,29.0,16.0,0.045,0.009,0.5,0.004,15.900000000000002,0.3999999999999986,5.999999999999993,12.042148202597941,17.900000000000002,1,0,4.0,19.0,0,0,1.0,10.0,0.0,2.0,0,0,0,0.0,0.0,0,1.0,12.0,0,0.0,45.0,130.0,395.0,0.0031428571428571426,0.010857142857142857,0.04385714285714286,5,봄,2021,1. 봄 (3~5월)
2021-05-31,18.8,25.4,14.8,77.4,3.6,1.6,4.0,22.4,32.0,20.0,0.052,0.009,0.5,0.003,10.599999999999998,0.1999999999999993,12.800000000000011,9.602777376016416,20.500000000000004,1,0,4.0,20.0,1,0,2.0,11.0,0.0,2.0,1,0,0,0.0,0.0,1,2.0,13.0,1,0.003,52.0,138.0,367.0,0.0031428571428571426,0.01042857142857143,0.044,5,봄,2021,1. 봄 (3~5월)
2021-06-01,20.9,28.6,13.0,70.1,0.0,1.0,11.0,25.3,39.0,24.0,0.056,0.012,0.5,0.004,15.600000000000001,2.099999999999998,7.300000000000011,6.42105910267147,20.200000000000003,1,1,5.0,20.0,0,0,2.0,10.0,0.0,2.0,0,0,0,0.0,0.0,1,3.0,13.0,2,0.004,63.0,160.0,334.0,0.0032857142857142855,0.010285714285714285,0.04714285714285714,6,여름,2021,2. 여름 (6~8월)
2021-06-02,22.1,29.8,15.3,68.8,0.0,0.9,7.9,24.4,56.0,34.0,0.061,0.017,0.5,0.004,14.5,1.2000000000000028,1.2999999999999972,4.635730794599748,20.200000000000003,1,1,6.0,21.0,0,0,2.0,10.0,0.0,2.0,0,0,0,0.0,0.0,0,3.0,13.0,0,0.0,90.0,205.0,372.0,0.003428571428571429,0.010714285714285716,0.05071428571428571,6,여름,2021,2. 여름 (6~8월)
2021-06-03,18.0,19.5,14.3,93.8,13.1,1.0,0.3,19.2,34.0,25.0,0.029,0.015,0.5,0.003,5.199999999999999,4.100000000000001,25.0,14.0734975515447,33.3,1,0,6.0,22.0,1,0,3.0,11.0,0.0,2.0,1,0,0,0.0,0.0,1,4.0,14.0,1,0.003,59.0,212.0,394.0,0.003428571428571429,0.01157142857142857,0.047428571428571424,6,여름,2021,2. 여름 (6~8월)
2021-06-04,19.7,25.8,15.0,67.0,2.5,2.1,10.4,22.6,19.0,10.0,0.052,0.007,0.4,0.003,10.8,1.6999999999999993,26.799999999999997,14.980431680473512,19.2,1,0,6.0,23.0,0,0,2.0,11.0,0.0,2.0,0,0,0,0.0,0.0,0,3.0,14.0,0,0.0,29.0,178.0,379.0,0.003428571428571429,0.010857142857142857,0.049571428571428565,6,여름,2021,2. 여름 (6~8월)
2021-06-05,21.4,29.4,10.0,63.1,0.0,1.9,12.1,24.0,42.0,22.0,0.06,0.009,0.5,0.003,19.4,1.6999999999999993,3.8999999999999986,16.71296901610645,19.2,1,1,7.0,24.0,0,0,2.0,11.0,0.0,2.0,0,0,0,0.0,0.0,0,3.0,14.0,0,0.0,64.0,152.0,402.0,0.003428571428571429,0.011142857142857145,0.05071428571428571,6,여름,2021,2. 여름 (6~8월)
2021-06-06,23.1,28.9,17.8,66.4,0.2,1.3,9.8,26.2,60.0,37.0,0.075,0.008,0.5,0.004,11.099999999999998,1.7000000000000028,3.3000000000000043,2.0999999999998833,19.4,1,1,7.0,25.0,0,0,2.0,11.0,0.0,2.0,0,0,0,0.0,0.0,0,3.0,14.0,0,0.0,97.0,190.0,454.0,0.003428571428571429,0.011,0.055,6,여름,2021,2. 여름 (6~8월)
2021-06-07,23.2,30.1,16.0,69.1,0.0,1.1,8.7,25.6,50.0,33.0,0.057,0.011,0.5,0.003,14.100000000000001,0.09999999999999787,2.6999999999999886,3.004995840263272,15.799999999999999,1,1,7.0,25.0,0,0,1.0,10.0,0.0,2.0,0,0,0,0.0,0.0,0,2.0,13.0,0,0.0,83.0,244.0,485.0,0.003428571428571429,0.011285714285714286,0.055714285714285716,6,여름,2021,2. 여름 (6~8월)
2021-06-08,23.0,30.0,18.1,66.0,0.0,1.6,10.3,27.9,46.0,30.0,0.06,0.012,0.5,0.004,11.899999999999999,0.1999999999999993,3.0999999999999943,1.6862186493254725,15.799999999999999,1,1,7.0,25.0,0,0,1.0,9.0,0.0,2.0,0,0,0,0.0,0.0,0,1.0,12.0,0,0.0,76.0,256.0,498.0,0.003428571428571429,0.011285714285714288,0.05628571428571428,6,여름,2021,2. 여름 (6~8월)
2021-06-09,23.1,29.9,17.2,64.4,0.0,1.9,11.6,28.9,45.0,29.0,0.064,0.013,0.7,0.006,12.7,0.10000000000000142,1.5999999999999943,2.389560629069619,15.799999999999999,1,1,7.0,25.0,0,0,1.0,9.0,0.0,2.0,0,0,0,0.0,0.0,0,1.0,11.0,0,0.0,74.0,233.0,482.0,0.0037142857142857142,0.010714285714285714,0.05671428571428571,6,여름,2021,2. 여름 (6~8월)
2021-06-10,23.0,29.8,15.4,64.9,0.0,1.1,4.4,25.4,45.0,31.0,0.053,0.011,0.6,0.005,14.4,0.10000000000000142,0.5,0.8185352771868936,2.7,1,1,7.0,25.0,0,0,0.0,9.0,0.0,2.0,0,0,0,0.0,0.0,0,0.0,11.0,0,0.0,76.0,226.0,499.0,0.004,0.010142857142857143,0.060142857142857144,6,여름,2021,2. 여름 (6~8월)
2021-06-11,21.1,24.3,19.7,92.0,6.4,0.9,0.8,22.3,25.0,21.0,0.034,0.01,0.4,0.003,4.600000000000001,1.8999999999999986,27.099999999999994,15.792508772621726,6.6000000000000005,1,1,7.0,25.0,1,0,1.0,10.0,0.0,2.0,1,0,1,1.0,1.0,1,1.0,11.0,1,0.003,46.0,196.0,516.0,0.004,0.01057142857142857,0.05757142857142857,6,여름,2021,2. 여름 (6~8월)
2021-06-12,22.7,26.9,18.3,83.4,0.0,1.5,1.2,25.4,26.0,20.0,0.031,0.01,0.5,0.004,8.599999999999998,1.5999999999999979,8.599999999999994,13.848104563441241,6.6000000000000005,1,1,7.0,25.0,1,0,2.0,10.0,0.0,2.0,2,0,1,2.0,2.0,1,2.0,11.0,2,0.004,46.0,168.0,498.0,0.0041428571428571434,0.010714285714285714,0.05342857142857143,6,여름,2021,2. 여름 (6~8월)
2021-06-13,24.0,29.8,20.3,78.6,0.0,1.7,9.2,28.8,29.0,25.0,0.043,0.007,0.5,0.003,9.5,1.3000000000000007,4.800000000000011,6.7892071211104215,6.4,1,1,7.0,25.0,1,0,3.0,10.0,0.0,1.0,3,0,1,3.0,3.0,1,3.0,11.0,3,0.003,54.0,146.0,455.0,0.004,0.010571428571428574,0.048857142857142856,6,여름,2021,2. 여름 (6~8월)
2021-06-14,22.2,26.5,20.1,80.8,0.0,2.0,2.8,26.6,33.0,28.0,0.04,0.008,0.5,0.003,6.399999999999999,1.8000000000000007,2.200000000000003,2.402776172125843,6.4,1,1,7.0,25.0,1,0,4.0,10.0,0.0,0.0,4,0,1,4.0,4.0,1,4.0,11.0,4,0.003,61.0,161.0,433.0,0.004000000000000001,0.010142857142857143,0.04642857142857143,6,여름,2021,2. 여름 (6~8월)
2021-06-15,20.6,22.7,19.1,88.3,3.1,1.8,0.0,22.3,21.0,17.0,0.036,0.007,0.4,0.003,3.599999999999998,1.5999999999999979,7.5,5.085600587279341,9.5,1,1,7.0,25.0,1,0,5.0,10.0,0.0,0.0,5,0,1,5.0,5.0,1,5.0,11.0,5,0.003,38.0,153.0,395.0,0.003857142857142857,0.009428571428571429,0.043,6,여름,2021,2. 여름 (6~8월)
2021-06-16,19.5,22.0,17.8,83.9,0.4,2.8,0.1,21.1,9.0,6.0,0.046,0.005,0.3,0.003,4.199999999999999,1.1000000000000014,4.3999999999999915,3.768730997741317,9.9,1,0,7.0,25.0,1,0,6.0,11.0,0.0,0.0,6,0,0,5.0,5.0,1,6.0,12.0,6,0.003,15.0,114.0,336.0,0.003428571428571429,0.008285714285714287,0.040428571428571425,6,여름,2021,2. 여름 (6~8월)
2021-06-17,19.0,21.2,17.4,81.3,0.1,1.3,0.0,20.7,17.0,9.0,0.033,0.007,0.3,0.003,3.8000000000000007,0.5,2.6000000000000085,3.538361202591246,10.0,1,0,7.0,25.0,1,0,7.0,11.0,0.0,0.0,7,0,0,5.0,5.0,1,7.0,12.0,7,0.003,26.0,79.0,286.0,0.0031428571428571426,0.007714285714285714,0.037571428571428575,6,여름,2021,2. 여름 (6~8월)
2021-06-18,20.9,25.8,17.3,84.9,1.7,0.9,0.4,21.7,27.0,21.0,0.029,0.011,0.4,0.003,8.5,1.8999999999999986,3.6000000000000085,1.8583146486362672,5.3,1,1,7.0,25.0,1,0,7.0,11.0,0.0,0.0,8,0,1,5.0,6.0,1,7.0,12.0,8,0.003,48.0,89.0,288.0,0.0031428571428571426,0.007857142857142856,0.03685714285714286,6,여름,2021,2. 여름 (6~8월)
2021-06-19,23.0,29.3,17.6,66.6,0.0,1.8,11.5,26.2,29.0,17.0,0.054,0.007,0.4,0.004,11.7,2.1000000000000014,18.30000000000001,9.694843990493185,5.3,1,1,7.0,25.0,0,0,6.0,11.0,0.0,0.0,0,0,0,4.0,6.0,0,6.0,12.0,0,0.0,46.0,120.0,288.0,0.0031428571428571426,0.007428571428571429,0.04014285714285715,6,여름,2021,2. 여름 (6~8월)
2021-06-20,23.7,32.6,15.2,64.3,0.0,1.4,9.6,27.9,32.0,21.0,0.054,0.008,0.5,0.003,17.400000000000002,0.6999999999999993,2.299999999999997,11.288194423083535,5.3,1,1,7.0,25.0,0,0,5.0,11.0,0.0,0.0,0,0,0,3.0,6.0,0,5.0,12.0,0,0.0,53.0,147.0,287.0,0.003142857142857143,0.007571428571428572,0.04171428571428571,6,여름,2021,2. 여름 (6~8월)
2021-06-21,21.5,30.1,16.6,72.3,0.0,2.3,8.0,25.8,33.0,20.0,0.048,0.007,0.4,0.003,13.5,2.1999999999999993,8.0,4.1186567389542725,5.3,1,1,7.0,25.0,0,0,4.0,11.0,0.0,0.0,0,0,0,2.0,6.0,1,5.0,13.0,1,0.003,53.0,152.0,279.0,0.003142857142857143,0.0074285714285714285,0.04285714285714286,6,여름,2021,2. 여름 (6~8월)
2021-06-22,19.3,23.2,15.0,77.8,0.1,1.7,0.7,24.8,23.0,13.0,0.034,0.008,0.4,0.003,8.2,2.1999999999999993,5.5,6.788470618138816,2.3,1,0,7.0,26.0,1,0,4.0,12.0,0.0,0.0,1,0,0,1.0,6.0,1,5.0,14.0,2,0.003,36.0,142.0,277.0,0.0031428571428571426,0.00757142857142857,0.04257142857142857,6,여름,2021,2. 여름 (6~8월)
2021-06-23,19.2,22.1,16.2,80.9,0.2,1.8,0.3,22.2,16.0,9.0,0.033,0.006,0.3,0.003,5.900000000000002,0.10000000000000142,3.1000000000000085,4.355456348076686,2.1,1,0,7.0,27.0,1,0,4.0,13.0,0.0,0.0,2,0,0,1.0,6.0,1,5.0,15.0,3,0.003,25.0,114.0,287.0,0.0031428571428571426,0.007714285714285714,0.04071428571428571,6,여름,2021,2. 여름 (6~8월)
2021-06-24,21.7,27.3,17.7,73.5,0.0,1.3,4.5,27.8,21.0,15.0,0.04,0.009,0.4,0.004,9.600000000000001,2.5,7.400000000000006,3.7161808352126178,2.0,1,1,7.0,27.0,0,0,3.0,13.0,0.0,0.0,0,0,0,1.0,6.0,1,5.0,16.0,4,0.004,36.0,97.0,297.0,0.0032857142857142855,0.007999999999999998,0.04171428571428572,6,여름,2021,2. 여름 (6~8월)
2021-06-25,22.7,30.3,16.0,74.5,0.0,1.5,8.7,28.1,34.0,24.0,0.051,0.011,0.5,0.004,14.3,1.0,1.0,4.014971979977125,0.30000000000000004,1,1,7.0,27.0,0,0,2.0,12.0,0.0,0.0,0,0,0,0.0,6.0,1,5.0,16.0,5,0.004,58.0,119.0,307.0,0.003428571428571429,0.008,0.04485714285714286,6,여름,2021,2. 여름 (6~8월)
2021-06-26,21.8,26.9,18.9,80.0,0.9,1.1,2.5,23.2,32.0,28.0,0.047,0.011,0.5,0.003,8.0,0.8999999999999986,5.5,3.5000000000002016,1.2000000000000002,1,1,7.0,28.0,1,0,3.0,13.0,0.0,0.0,1,0,1,1.0,7.0,1,6.0,17.0,6,0.003,60.0,154.0,321.0,0.0032857142857142863,0.008571428571428572,0.04385714285714286,6,여름,2021,2. 여름 (6~8월)
2021-06-27,22.2,28.7,16.3,74.3,0.0,1.8,10.8,28.7,30.0,24.0,0.046,0.006,0.5,0.003,12.399999999999999,0.3999999999999986,5.700000000000003,3.234707611722392,1.2000000000000002,1,1,7.0,28.0,0,0,3.0,13.0,0.0,0.0,0,0,0,1.0,7.0,1,7.0,18.0,7,0.003,54.0,172.0,322.0,0.0032857142857142855,0.008285714285714287,0.04271428571428571,6,여름,2021,2. 여름 (6~8월)
2021-06-28,22.5,27.0,18.7,74.8,0.0,2.0,6.2,28.4,27.0,22.0,0.039,0.007,0.4,0.003,8.3,0.3000000000000007,0.5,3.156474826976257,1.2000000000000002,1,1,7.0,28.0,0,0,3.0,12.0,0.0,0.0,0,0,0,1.0,7.0,1,7.0,18.0,8,0.003,49.0,163.0,318.0,0.0032857142857142855,0.008285714285714285,0.04142857142857143,6,여름,2021,2. 여름 (6~8월)
2021-06-29,23.1,28.7,17.4,72.9,0.0,1.8,7.4,34.4,27.0,20.0,0.035,0.008,0.4,0.004,11.3,0.6000000000000014,1.8999999999999915,0.9848857801801723,1.1,1,1,7.0,28.0,0,0,2.0,12.0,0.0,0.0,0,0,0,1.0,7.0,1,7.0,18.0,9,0.004,47.0,150.0,329.0,0.003428571428571429,0.008285714285714287,0.04157142857142857,6,여름,2021,2. 여름 (6~8월)
2021-06-30,23.1,28.4,19.9,75.6,0.0,1.8,1.8,29.3,30.0,23.0,0.039,0.008,0.5,0.004,8.5,0.0,2.6999999999999886,1.3868429375147295,0.9,1,1,7.0,28.0,1,0,2.0,13.0,0.0,0.0,1,0,1,2.0,8.0,1,7.0,19.0,10,0.004,53.0,149.0,357.0,0.0035714285714285713,0.008571428571428572,0.042428571428571434,6,여름,2021,2. 여름 (6~8월)
2021-07-01,23.4,30.9,16.8,68.9,0.0,1.6,11.8,32.1,23.0,17.0,0.035,0.008,0.4,0.003,14.099999999999998,0.29999999999999716,6.699999999999989,3.3709543653591973,0.9,1,1,7.0,28.0,0,0,2.0,12.0,0.0,0.0,0,0,0,2.0,8.0,0,6.0,18.0,0,0.0,40.0,140.0,361.0,0.003428571428571429,0.00842857142857143,0.04171428571428571,7,여름,2021,2. 여름 (6~8월)
2021-07-02,22.7,27.7,17.1,77.1,0.0,1.7,2.3,29.8,17.0,12.0,0.03,0.007,0.3,0.003,10.599999999999998,0.6999999999999993,8.199999999999989,4.36615773115612,0.9,1,1,7.0,28.0,1,0,3.0,13.0,0.0,0.0,1,0,1,3.0,9.0,1,6.0,19.0,1,0.003,29.0,122.0,332.0,0.0032857142857142863,0.007857142857142858,0.038714285714285715,7,여름,2021,2. 여름 (6~8월)
2021-07-03,21.5,23.4,20.5,89.8,32.7,2.2,0.0,22.6,14.0,12.0,0.034,0.007,0.4,0.003,2.8999999999999986,1.1999999999999993,12.700000000000003,10.530432089900277,32.7,1,1,7.0,28.0,1,0,3.0,14.0,0.0,0.0,2,0,1,3.0,10.0,1,6.0,20.0,2,0.003,26.0,95.0,298.0,0.0032857142857142855,0.007285714285714285,0.03685714285714286,7,여름,2021,2. 여름 (6~8월)
2021-07-04,26.3,30.8,21.0,74.8,15.7,2.1,6.8,27.6,15.0,13.0,0.041,0.006,0.4,0.003,9.8,4.800000000000001,15.0,8.078572481158732,48.400000000000006,1,1,7.0,28.0,0,0,3.0,14.0,0.0,0.0,0,0,0,3.0,10.0,1,6.0,21.0,3,0.003,28.0,83.0,272.0,0.0032857142857142855,0.007285714285714286,0.03614285714285714,7,여름,2021,2. 여름 (6~8월)
2021-07-05,23.1,25.9,20.3,79.8,18.7,1.5,0.8,24.1,16.0,11.0,0.035,0.008,0.4,0.003,5.599999999999998,3.1999999999999993,5.0,7.637626158259857,67.1,1,1,7.0,28.0,1,0,4.0,15.0,0.0,0.0,1,0,1,4.0,11.0,1,6.0,22.0,4,0.003,27.0,81.0,250.0,0.0032857142857142855,0.007428571428571429,0.03557142857142857,7,여름,2021,2. 여름 (6~8월)
2021-07-06,22.0,24.5,20.2,96.4,25.6,0.9,0.0,23.1,13.0,11.0,0.025,0.014,0.4,0.003,4.300000000000001,1.1000000000000014,16.60000000000001,11.307224828990334,92.7,1,1,7.0,28.0,1,1,5.0,16.0,1.0,1.0,2,1,1,5.0,12.0,1,6.0,23.0,5,0.003,24.0,79.0,227.0,0.003142857142857143,0.008285714285714287,0.03414285714285715,7,여름,2021,2. 여름 (6~8월)
2021-07-07,23.6,26.1,21.7,97.4,50.4,0.5,0.0,24.8,13.0,13.0,0.011,0.015,0.4,0.003,4.400000000000002,1.6000000000000014,1.0,9.885342685006053,143.1,1,1,7.0,28.0,1,1,5.0,17.0,2.0,2.0,3,2,1,5.0,13.0,1,6.0,24.0,6,0.003,26.0,77.0,200.0,0.003,0.009285714285714286,0.030142857142857145,7,여름,2021,2. 여름 (6~8월)
2021-07-08,23.6,27.8,21.8,88.4,35.9,1.3,0.6,26.2,11.0,8.0,0.031,0.009,0.4,0.003,6.0,0.0,9.0,4.9328828623165375,179.0,1,1,7.0,28.0,1,0,6.0,18.0,2.0,2.0,4,0,1,6.0,14.0,1,7.0,25.0,7,0.003,19.0,69.0,179.0,0.003,0.009428571428571429,0.029571428571428575,7,여름,2021,2. 여름 (6~8월)
2021-07-09,23.1,27.5,21.4,92.5,37.7,1.4,3.4,26.5,24.0,21.0,0.032,0.01,0.5,0.003,6.100000000000001,0.5,4.099999999999994,4.505922029211792,216.7,1,1,7.0,28.0,1,0,6.0,18.0,2.0,2.0,5,0,1,6.0,14.0,1,7.0,25.0,8,0.003,45.0,90.0,195.0,0.003,0.009857142857142858,0.02985714285714286,7,여름,2021,2. 여름 (6~8월)
2021-07-10,23.8,31.0,19.7,85.8,40.2,1.1,4.4,27.0,31.0,28.0,0.045,0.008,0.5,0.003,11.3,0.6999999999999993,6.700000000000003,3.3778691508112852,224.20000000000002,1,1,7.0,28.0,1,0,6.0,18.0,2.0,2.0,6,0,1,6.0,14.0,1,7.0,25.0,9,0.003,59.0,123.0,228.0,0.003,0.01,0.03142857142857143,7,여름,2021,2. 여름 (6~8월)
2021-07-11,24.7,31.9,19.5,82.9,2.7,1.2,8.6,27.1,24.0,20.0,0.05,0.007,0.4,0.003,12.399999999999999,0.8999999999999986,2.8999999999999915,4.923751956926318,211.2,1,1,7.0,28.0,1,0,7.0,18.0,2.0,2.0,7,0,1,7.0,14.0,1,7.0,25.0,10,0.003,44.0,148.0,244.0,0.003,0.010142857142857143,0.03271428571428572,7,여름,2021,2. 여름 (6~8월)
2021-07-12,26.7,33.3,21.0,77.4,0.0,1.1,10.5,29.8,22.0,18.0,0.043,0.008,0.4,0.003,12.299999999999997,2.0,5.5,4.266536456346695,192.5,1,1,7.0,28.0,1,0,7.0,18.0,2.0,2.0,8,0,1,7.0,14.0,1,7.0,25.0,11,0.003,40.0,143.0,257.0,0.003,0.010142857142857144,0.033857142857142856,7,여름,2021,2. 여름 (6~8월)
2021-07-13,27.8,33.8,21.7,74.5,0.0,1.0,10.6,31.0,27.0,20.0,0.034,0.009,0.3,0.003,12.099999999999998,1.1000000000000014,2.9000000000000057,4.266536456346676,166.89999999999998,1,1,7.0,28.0,0,0,6.0,17.0,1.0,2.0,0,0,0,6.0,13.0,1,7.0,25.0,12,0.003,47.0,131.0,280.0,0.003,0.009428571428571429,0.03514285714285714,7,여름,2021,2. 여름 (6~8월)
2021-07-14,28.2,33.8,22.6,75.9,0.0,1.1,9.9,31.2,24.0,20.0,0.036,0.009,0.5,0.004,11.199999999999996,0.3999999999999986,1.4000000000000057,1.450287327854418,116.50000000000001,1,1,7.0,28.0,1,0,6.0,17.0,0.0,2.0,1,0,1,6.0,14.0,1,7.0,25.0,13,0.004,44.0,131.0,298.0,0.0031428571428571426,0.008571428571428572,0.038714285714285715,7,여름,2021,2. 여름 (6~8월)
2021-07-15,26.3,31.9,22.7,83.1,0.0,1.5,8.2,33.2,30.0,24.0,0.029,0.01,0.5,0.003,9.2,1.8999999999999986,7.199999999999989,4.614469994846114,80.60000000000001,1,1,7.0,28.0,1,0,6.0,17.0,0.0,2.0,2,0,1,6.0,15.0,1,7.0,25.0,14,0.003,54.0,145.0,333.0,0.003142857142857143,0.008714285714285714,0.03842857142857143,7,여름,2021,2. 여름 (6~8월)
2021-07-16,25.9,31.0,21.8,79.3,0.4,1.9,11.2,32.9,19.0,16.0,0.029,0.007,0.3,0.003,9.2,0.40000000000000213,3.799999999999997,3.6018513757976054,43.300000000000004,1,1,7.0,28.0,1,0,6.0,17.0,0.0,2.0,3,0,1,6.0,15.0,1,7.0,25.0,15,0.003,35.0,133.0,323.0,0.003142857142857143,0.008285714285714287,0.038,7,여름,2021,2. 여름 (6~8월)
2021-07-17,25.2,29.4,21.9,81.3,4.4,1.7,5.4,27.4,14.0,10.0,0.027,0.006,0.3,0.003,7.5,0.6999999999999993,2.0,1.9008769905849021,7.500000000000001,1,1,7.0,28.0,1,0,6.0,18.0,0.0,2.0,4,0,1,6.0,16.0,1,7.0,26.0,16,0.003,24.0,113.0,288.0,0.0031428571428571426,0.008,0.035428571428571434,7,여름,2021,2. 여름 (6~8월)
2021-07-18,25.2,30.7,21.4,84.5,0.0,1.7,5.3,27.6,14.0,11.0,0.022,0.006,0.4,0.003,9.3,0.0,3.200000000000003,2.6229754097211404,4.800000000000001,1,1,7.0,28.0,1,0,6.0,19.0,0.0,2.0,5,0,1,6.0,17.0,1,7.0,27.0,17,0.003,25.0,84.0,269.0,0.0031428571428571426,0.007857142857142858,0.03142857142857143,7,여름,2021,2. 여름 (6~8월)
2021-07-19,25.9,30.2,22.2,82.6,0.1,1.0,3.0,29.4,19.0,12.0,0.026,0.009,0.4,0.003,8.0,0.6999999999999993,1.9000000000000057,1.6093476939436566,4.9,1,1,7.0,28.0,1,0,6.0,20.0,0.0,2.0,6,0,1,6.0,18.0,1,7.0,27.0,18,0.003,31.0,80.0,260.0,0.003142857142857143,0.008,0.028999999999999998,7,여름,2021,2. 여름 (6~8월)
2021-07-20,27.0,32.8,22.9,75.0,0.0,1.5,9.9,33.3,21.0,15.0,0.026,0.009,0.4,0.003,9.899999999999999,1.1000000000000014,7.599999999999994,5.0269274910228985,4.9,1,1,7.0,28.0,1,0,7.0,20.0,0.0,2.0,7,0,1,7.0,19.0,1,7.0,27.0,19,0.003,36.0,92.0,249.0,0.003142857142857143,0.008,0.027857142857142855,7,여름,2021,2. 여름 (6~8월)
2021-07-21,25.7,30.9,21.0,78.8,0.0,1.4,8.1,32.5,14.0,13.0,0.019,0.007,0.3,0.003,9.899999999999999,1.3000000000000007,3.799999999999997,3.8000000000002365,4.9,1,1,7.0,28.0,1,0,7.0,20.0,0.0,2.0,8,0,1,7.0,20.0,1,7.0,27.0,20,0.003,27.0,94.0,232.0,0.003,0.007714285714285714,0.02542857142857143,7,여름,2021,2. 여름 (6~8월)
2021-07-22,26.3,30.9,21.1,78.5,0.0,1.8,9.5,34.1,20.0,16.0,0.024,0.006,0.3,0.003,9.799999999999997,0.6000000000000014,0.29999999999999716,2.112660250332553,4.9,1,1,7.0,28.0,1,0,7.0,21.0,0.0,2.0,9,0,1,7.0,21.0,1,7.0,27.0,21,0.003,36.0,99.0,214.0,0.003,0.007142857142857143,0.024714285714285716,7,여름,2021,2. 여름 (6~8월)
2021-07-23,26.1,31.3,21.2,80.0,0.0,1.5,6.9,32.8,23.0,19.0,0.028,0.007,0.4,0.003,10.100000000000001,0.1999999999999993,1.5,0.7937253933204902,4.5,1,1,7.0,28.0,1,0,7.0,22.0,0.0,2.0,10,0,1,7.0,22.0,1,7.0,27.0,22,0.003,42.0,105.0,221.0,0.003,0.007142857142857143,0.024571428571428574,7,여름,2021,2. 여름 (6~8월)
2021-07-24,26.2,31.5,21.9,78.0,0.0,1.7,8.7,33.3,25.0,22.0,0.029,0.007,0.5,0.004,9.600000000000001,0.09999999999999787,2.0,1.040832999733923,0.1,1,1,7.0,28.0,1,0,7.0,22.0,0.0,2.0,11,0,1,7.0,22.0,1,7.0,27.0,23,0.004,47.0,125.0,244.0,0.003142857142857143,0.007285714285714285,0.024857142857142855,7,여름,2021,2. 여름 (6~8월)
2021-07-25,26.1,30.7,21.7,81.3,0.0,1.7,5.6,31.5,23.0,20.0,0.031,0.007,0.4,0.004,9.0,0.09999999999999787,3.299999999999997,1.662327685306078,0.1,1,1,7.0,28.0,1,0,7.0,23.0,0.0,2.0,12,0,1,7.0,23.0,1,7.0,27.0,24,0.004,43.0,132.0,262.0,0.0032857142857142863,0.007428571428571429,0.02614285714285714,7,여름,2021,2. 여름 (6~8월)
2021-07-26,26.6,32.9,21.6,74.9,0.0,1.5,9.6,35.1,19.0,15.0,0.026,0.008,0.4,0.003,11.299999999999997,0.5,6.3999999999999915,3.2005207909549815,0.0,1,1,7.0,28.0,0,0,6.0,23.0,0.0,2.0,0,0,0,6.0,23.0,1,7.0,27.0,25,0.003,34.0,124.0,265.0,0.0032857142857142855,0.007285714285714286,0.02614285714285714,7,여름,2021,2. 여름 (6~8월)
2021-07-27,26.2,32.7,21.1,77.3,0.0,1.5,11.5,36.1,17.0,14.0,0.027,0.007,0.3,0.003,11.600000000000001,0.40000000000000213,2.3999999999999915,3.2331615074621793,0.0,1,1,7.0,28.0,1,0,6.0,24.0,0.0,2.0,1,0,1,6.0,24.0,1,7.0,27.0,26,0.003,31.0,108.0,260.0,0.0032857142857142855,0.007,0.026285714285714284,7,여름,2021,2. 여름 (6~8월)
2021-07-28,26.3,32.3,20.6,77.6,0.0,1.4,11.5,35.1,15.0,12.0,0.02,0.006,0.3,0.003,11.699999999999996,0.10000000000000142,0.29999999999999716,1.4798648586954928,0.0,1,1,7.0,28.0,1,0,6.0,24.0,0.0,2.0,2,0,1,6.0,24.0,1,7.0,27.0,27,0.003,27.0,92.0,260.0,0.0032857142857142855,0.006857142857142858,0.02642857142857143,7,여름,2021,2. 여름 (6~8월)
2021-07-29,27.5,34.1,21.7,73.9,0.0,1.0,8.5,37.2,20.0,15.0,0.036,0.009,0.4,0.003,12.400000000000002,1.1999999999999993,3.6999999999999886,2.055075018906896,0.0,1,1,7.0,28.0,0,0,5.0,24.0,0.0,2.0,0,0,0,5.0,24.0,1,7.0,28.0,28,0.003,35.0,93.0,259.0,0.0032857142857142855,0.007285714285714286,0.028142857142857143,7,여름,2021,2. 여름 (6~8월)
2021-07-30,28.2,35.3,22.3,71.9,0.0,1.0,9.4,36.1,30.0,25.0,0.045,0.011,0.4,0.004,12.999999999999996,0.6999999999999993,2.0,2.891942830232862,0.0,1,1,7.0,28.0,0,0,4.0,23.0,0.0,2.0,0,0,0,4.0,23.0,1,7.0,28.0,29,0.004,55.0,117.0,272.0,0.003428571428571429,0.007857142857142858,0.030571428571428572,7,여름,2021,2. 여름 (6~8월)
2021-07-31,27.5,36.4,22.0,80.0,6.9,1.1,6.8,35.9,28.0,23.0,0.038,0.009,0.4,0.003,14.399999999999999,0.6999999999999993,8.099999999999994,4.2193996413394155,6.9,1,1,7.0,28.0,1,0,4.0,23.0,0.0,2.0,1,0,1,4.0,23.0,1,7.0,28.0,30,0.003,51.0,141.0,276.0,0.0032857142857142855,0.008142857142857143,0.031857142857142855,7,여름,2021,2. 여름 (6~8월)
2021-08-01,26.8,32.9,24.3,89.8,13.2,1.0,5.2,30.8,21.0,18.0,0.032,0.007,0.4,0.003,8.599999999999998,0.6999999999999993,9.799999999999997,8.963444278475475,20.1,1,1,7.0,28.0,1,0,4.0,24.0,0.0,2.0,2,0,1,4.0,24.0,1,7.0,28.0,31,0.003,39.0,145.0,272.0,0.0031428571428571426,0.008142857142857143,0.032,8,여름,2021,2. 여름 (6~8월)
2021-08-02,26.4,33.3,23.6,88.1,3.2,0.9,3.6,29.4,17.0,15.0,0.03,0.007,0.4,0.003,9.699999999999996,0.40000000000000213,1.7000000000000028,5.236729259121041,23.3,1,1,7.0,28.0,1,0,5.0,24.0,0.0,2.0,3,0,1,5.0,24.0,1,7.0,28.0,32,0.003,32.0,122.0,270.0,0.0031428571428571426,0.008,0.03257142857142857,8,여름,2021,2. 여름 (6~8월)
2021-08-03,27.7,33.1,23.2,78.8,0.0,1.0,7.7,30.8,21.0,18.0,0.028,0.007,0.3,0.003,9.900000000000002,1.3000000000000007,9.299999999999997,5.921430007467319,23.3,1,1,7.0,28.0,1,0,5.0,24.0,0.0,1.0,4,0,1,5.0,24.0,1,7.0,28.0,33,0.003,39.0,110.0,278.0,0.003142857142857143,0.007999999999999998,0.03271428571428572,8,여름,2021,2. 여름 (6~8월)
2021-08-04,28.5,34.7,23.1,73.5,0.0,1.0,10.1,33.8,32.0,26.0,0.04,0.008,0.4,0.004,11.600000000000001,0.8000000000000007,5.299999999999997,7.390759997005356,23.3,1,1,7.0,28.0,0,0,4.0,23.0,0.0,0.0,0,0,0,4.0,23.0,1,7.0,28.0,34,0.004,58.0,129.0,309.0,0.0032857142857142863,0.008285714285714285,0.03557142857142857,8,여름,2021,2. 여름 (6~8월)
2021-08-05,28.7,34.8,22.9,72.9,0.0,1.2,11.9,33.1,32.0,26.0,0.038,0.009,0.4,0.004,11.899999999999999,0.1999999999999993,0.5999999999999943,3.247049943153743,23.3,1,1,7.0,28.0,0,0,4.0,22.0,0.0,0.0,0,0,0,4.0,22.0,1,7.0,28.0,35,0.004,58.0,155.0,332.0,0.003428571428571429,0.008285714285714287,0.03585714285714286,8,여름,2021,2. 여름 (6~8월)
2021-08-06,28.7,35.1,22.6,71.9,0.0,1.4,11.1,33.3,26.0,20.0,0.037,0.01,0.5,0.004,12.5,0.0,1.0,0.8082903768663908,23.3,1,1,7.0,28.0,0,0,4.0,21.0,0.0,0.0,0,0,0,4.0,21.0,1,7.0,28.0,36,0.004,46.0,162.0,323.0,0.003428571428571429,0.008142857142857143,0.03471428571428571,8,여름,2021,2. 여름 (6~8월)
2021-08-07,28.1,34.9,23.0,76.1,0.8,1.5,9.9,34.0,20.0,19.0,0.036,0.007,0.4,0.004,11.899999999999999,0.5999999999999979,4.199999999999989,2.1939310229209057,17.2,1,1,7.0,28.0,1,0,4.0,21.0,0.0,0.0,1,0,1,4.0,21.0,1,7.0,28.0,37,0.004,39.0,143.0,311.0,0.0035714285714285718,0.007857142857142858,0.034428571428571426,8,여름,2021,2. 여름 (6~8월)
2021-08-08,24.9,28.8,22.6,87.9,4.1,1.4,0.7,26.6,14.0,13.0,0.03,0.006,0.3,0.003,6.199999999999999,3.200000000000003,11.800000000000011,8.295380240431104,8.1,1,1,7.0,28.0,1,0,4.0,21.0,0.0,0.0,2,0,1,4.0,21.0,1,7.0,28.0,38,0.003,27.0,112.0,299.0,0.0035714285714285718,0.007714285714285714,0.03414285714285714,8,여름,2021,2. 여름 (6~8월)
2021-08-09,25.3,31.0,21.5,80.8,3.0,1.8,4.3,28.1,12.0,8.0,0.034,0.006,0.4,0.003,9.5,0.40000000000000213,7.1000000000000085,5.9405386961117825,7.8999999999999995,1,1,7.0,28.0,1,0,4.0,21.0,0.0,0.0,3,0,1,4.0,21.0,1,7.0,28.0,39,0.003,20.0,86.0,287.0,0.0035714285714285713,0.007571428571428571,0.03471428571428571,8,여름,2021,2. 여름 (6~8월)
2021-08-10,23.4,26.8,20.8,89.6,12.5,1.1,0.9,25.2,20.0,15.0,0.024,0.011,0.4,0.003,6.0,1.9000000000000021,8.799999999999997,4.667976006793681,20.4,1,1,7.0,28.0,1,0,4.0,22.0,0.0,0.0,4,0,1,4.0,22.0,1,7.0,28.0,40,0.003,35.0,82.0,283.0,0.0035714285714285718,0.008142857142857143,0.03414285714285714,8,여름,2021,2. 여름 (6~8월)
2021-08-11,25.1,30.5,21.6,85.1,0.0,1.3,7.0,27.4,31.0,27.0,0.04,0.011,0.5,0.003,8.899999999999999,1.7000000000000028,4.5,4.400378771575781,20.4,1,1,7.0,28.0,1,0,5.0,22.0,0.0,0.0,5,0,1,5.0,22.0,1,7.0,28.0,41,0.003,58.0,113.0,283.0,0.003428571428571429,0.008571428571428572,0.03414285714285715,8,여름,2021,2. 여름 (6~8월)
2021-08-12,25.1,30.3,20.5,81.5,0.0,1.4,6.0,29.5,26.0,17.0,0.032,0.007,0.4,0.003,9.8,0.0,3.5999999999999943,4.058324777540782,20.4,1,1,7.0,28.0,1,0,6.0,22.0,0.0,0.0,6,0,1,6.0,22.0,1,7.0,28.0,42,0.003,43.0,136.0,268.0,0.0032857142857142855,0.008285714285714285,0.03328571428571429,8,여름,2021,2. 여름 (6~8월)
2021-08-13,24.5,28.6,21.3,82.3,0.0,1.4,1.8,28.1,19.0,14.0,0.031,0.007,0.4,0.003,7.300000000000001,0.6000000000000014,0.7999999999999972,1.8903262505014125,20.4,1,1,7.0,28.0,1,0,7.0,22.0,0.0,0.0,7,0,1,7.0,22.0,1,7.0,28.0,43,0.003,33.0,134.0,255.0,0.0031428571428571426,0.007857142857142858,0.03242857142857143,8,여름,2021,2. 여름 (6~8월)
2021-08-14,22.3,26.0,20.5,90.6,18.7,1.1,0.2,25.0,14.0,11.0,0.032,0.006,0.3,0.003,5.5,2.1999999999999993,8.299999999999997,5.0388490749377945,38.3,1,1,7.0,28.0,1,0,7.0,22.0,0.0,0.0,8,0,1,7.0,22.0,1,7.0,28.0,44,0.003,25.0,101.0,241.0,0.003,0.0077142857142857135,0.031857142857142855,8,여름,2021,2. 여름 (6~8월)
2021-08-15,22.3,25.9,19.2,87.1,0.0,1.2,2.2,25.0,16.0,9.0,0.026,0.005,0.3,0.003,6.699999999999999,0.0,3.5,4.166933324800734,34.199999999999996,1,1,7.0,28.0,1,0,7.0,22.0,0.0,0.0,9,0,1,7.0,22.0,1,7.0,28.0,45,0.003,25.0,83.0,239.0,0.003,0.007571428571428571,0.031285714285714285,8,여름,2021,2. 여름 (6~8월)
2021-08-16,22.5,26.6,19.4,80.9,0.0,1.5,2.9,24.9,24.0,14.0,0.025,0.006,0.3,0.003,7.200000000000003,0.1999999999999993,6.199999999999989,4.912229636326204,31.2,1,1,7.0,28.0,1,0,7.0,22.0,0.0,0.0,10,0,1,7.0,22.0,1,7.0,28.0,46,0.003,38.0,88.0,257.0,0.003,0.007571428571428571,0.03,8,여름,2021,2. 여름 (6~8월)
2021-08-17,22.3,25.8,20.1,83.9,0.2,1.3,0.0,23.0,17.0,11.0,0.024,0.008,0.3,0.003,5.699999999999999,0.1999999999999993,3.0,3.100537587795815,18.9,1,1,7.0,28.0,1,0,7.0,22.0,0.0,0.0,11,0,1,7.0,22.0,1,7.0,28.0,47,0.003,28.0,91.0,250.0,0.003,0.007142857142857143,0.03,8,여름,2021,2. 여름 (6~8월)
2021-08-18,21.9,24.6,20.1,88.1,3.2,1.3,0.3,23.7,12.0,9.0,0.032,0.008,0.3,0.003,4.5,0.40000000000000213,4.199999999999989,3.6166282640052154,22.1,1,1,7.0,28.0,1,0,7.0,22.0,0.0,0.0,12,0,1,7.0,22.0,1,7.0,28.0,48,0.003,21.0,87.0,213.0,0.003,0.006714285714285714,0.02885714285714286,8,여름,2021,2. 여름 (6~8월)
2021-08-19,23.1,26.2,20.4,82.6,0.0,1.0,1.5,25.0,14.0,10.0,0.03,0.007,0.3,0.003,5.800000000000001,1.2000000000000028,5.5,2.874601421646969,22.1,1,1,7.0,28.0,1,0,7.0,22.0,0.0,0.0,13,0,1,7.0,22.0,1,7.0,28.0,49,0.003,24.0,73.0,194.0,0.003,0.006714285714285714,0.028571428571428574,8,여름,2021,2. 여름 (6~8월)
2021-08-20,23.7,29.2,18.9,83.0,0.0,1.1,4.9,27.5,20.0,14.0,0.036,0.01,0.4,0.003,10.3,0.5999999999999979,0.4000000000000057,3.066485501895414,22.1,1,1,7.0,28.0,1,0,7.0,22.0,0.0,0.0,14,0,1,7.0,22.0,1,7.0,28.0,50,0.003,34.0,79.0,195.0,0.003,0.0071428571428571435,0.029285714285714283,8,여름,2021,2. 여름 (6~8월)
2021-08-21,22.2,24.2,20.5,95.9,32.7,0.9,0.0,23.2,14.0,11.0,0.031,0.008,0.3,0.003,3.6999999999999993,1.5,12.900000000000006,7.565932416651296,36.10000000000001,1,1,7.0,28.0,1,1,7.0,22.0,1.0,1.0,15,1,1,7.0,22.0,1,7.0,28.0,51,0.003,25.0,83.0,195.0,0.003,0.0074285714285714285,0.02914285714285714,8,여름,2021,2. 여름 (6~8월)
2021-08-22,24.7,30.0,20.4,82.1,0.0,1.2,4.9,26.3,17.0,12.0,0.041,0.006,0.4,0.003,9.600000000000001,2.5,13.800000000000011,7.720751258783148,36.10000000000001,1,1,7.0,28.0,1,0,7.0,22.0,1.0,1.0,16,0,1,7.0,22.0,1,7.0,28.0,52,0.003,29.0,88.0,199.0,0.003,0.007571428571428571,0.031285714285714285,8,여름,2021,2. 여름 (6~8월)
2021-08-23,22.1,24.2,20.0,96.3,30.7,1.0,0.0,23.4,25.0,17.0,0.026,0.011,0.5,0.003,4.199999999999999,2.599999999999998,14.200000000000003,8.085377748338981,66.80000000000001,1,1,7.0,28.0,1,1,7.0,23.0,2.0,2.0,17,1,1,7.0,23.0,1,7.0,28.0,53,0.003,42.0,96.0,203.0,0.003,0.008285714285714287,0.03142857142857143,8,여름,2021,2. 여름 (6~8월)
2021-08-24,23.7,27.1,21.0,95.0,95.6,1.6,0.1,23.3,13.0,11.0,0.027,0.011,0.4,0.003,6.100000000000001,1.5999999999999979,1.2999999999999972,7.850053078376927,162.2,1,1,7.0,28.0,1,1,7.0,23.0,3.0,3.0,18,2,1,7.0,23.0,1,7.0,28.0,54,0.003,24.0,95.0,199.0,0.003,0.008714285714285714,0.031857142857142855,8,여름,2021,2. 여름 (6~8월)
2021-08-25,24.5,26.8,21.7,92.1,1.4,0.6,0.2,25.0,23.0,16.0,0.021,0.012,0.4,0.003,5.100000000000001,0.8000000000000007,2.9000000000000057,2.1501937897164587,160.4,1,1,7.0,28.0,1,0,7.0,23.0,3.0,3.0,19,0,1,7.0,23.0,1,7.0,28.0,55,0.003,39.0,105.0,217.0,0.003,0.009285714285714286,0.030285714285714287,8,여름,2021,2. 여름 (6~8월)
2021-08-26,25.2,31.8,21.4,81.1,7.4,1.1,9.7,28.1,30.0,15.0,0.041,0.01,0.4,0.003,10.400000000000002,0.6999999999999993,11.0,7.332803011127587,167.8,1,1,7.0,28.0,1,0,7.0,24.0,3.0,3.0,20,0,1,7.0,24.0,1,7.0,28.0,56,0.003,45.0,108.0,238.0,0.003,0.009714285714285715,0.031857142857142855,8,여름,2021,2. 여름 (6~8월)
2021-08-27,22.4,28.4,19.5,93.1,16.1,1.0,2.6,26.0,33.0,19.0,0.031,0.008,0.5,0.003,8.899999999999999,2.8000000000000007,12.0,6.658328118479523,183.9,1,1,7.0,28.0,1,0,7.0,25.0,3.0,3.0,21,0,1,7.0,25.0,1,7.0,28.0,57,0.003,52.0,136.0,256.0,0.003,0.009428571428571429,0.031142857142857146,8,여름,2021,2. 여름 (6~8월)
2021-08-28,23.9,30.3,19.7,78.0,0.0,1.3,10.4,26.5,22.0,13.0,0.041,0.007,0.4,0.003,10.600000000000001,1.5,15.099999999999994,7.975169799655368,151.2,1,1,7.0,28.0,1,0,7.0,25.0,2.0,3.0,22,0,1,7.0,25.0,1,7.0,28.0,58,0.003,35.0,132.0,266.0,0.003,0.009285714285714286,0.03257142857142857,8,여름,2021,2. 여름 (6~8월)
2021-08-29,22.0,24.3,20.2,90.9,2.8,0.8,0.1,23.9,24.0,14.0,0.022,0.005,0.4,0.003,4.100000000000001,1.8999999999999986,12.900000000000006,8.157409719594517,154.0,1,1,7.0,28.0,1,0,7.0,25.0,2.0,3.0,23,0,1,7.0,25.0,1,7.0,28.0,59,0.003,38.0,125.0,275.0,0.003,0.009142857142857144,0.02985714285714286,8,여름,2021,2. 여름 (6~8월)
2021-08-30,23.6,28.5,20.2,82.1,0.2,0.9,3.2,25.4,26.0,16.0,0.034,0.007,0.4,0.003,8.3,1.6000000000000014,8.800000000000011,6.591155690266697,123.50000000000001,1,1,7.0,28.0,1,0,7.0,25.0,1.0,3.0,24,0,1,7.0,25.0,1,7.0,28.0,60,0.003,42.0,115.0,275.0,0.003,0.008571428571428572,0.031000000000000003,8,여름,2021,2. 여름 (6~8월)
2021-08-31,22.8,27.3,19.4,82.0,26.2,1.5,1.6,24.4,26.0,13.0,0.032,0.008,0.5,0.004,7.900000000000002,0.8000000000000007,0.09999999999999432,5.109794516416659,54.100000000000016,1,1,7.0,28.0,1,0,7.0,25.0,0.0,3.0,25,0,1,7.0,25.0,1,7.0,28.0,61,0.004,39.0,119.0,290.0,0.0031428571428571426,0.008142857142857143,0.031714285714285716,8,여름,2021,2. 여름 (6~8월)
2021-09-01,20.5,22.8,19.4,98.9,67.4,1.0,0.0,22.1,10.0,8.0,0.029,0.009,0.5,0.003,3.400000000000002,2.3000000000000007,16.900000000000006,9.728480525412753,120.10000000000002,1,1,7.0,28.0,1,1,7.0,26.0,1.0,4.0,26,1,1,7.0,26.0,1,7.0,28.0,62,0.003,18.0,99.0,269.0,0.003142857142857143,0.007714285714285714,0.032857142857142856,9,가을,2021,3. 가을 (9~11월)
2021-09-02,21.1,24.3,19.2,85.1,1.6,1.3,0.6,22.7,9.0,2.0,0.033,0.006,0.4,0.003,5.100000000000001,0.6000000000000014,13.800000000000011,8.996851301057232,114.30000000000001,1,1,7.0,28.0,1,0,7.0,27.0,1.0,4.0,27,0,1,7.0,27.0,1,7.0,28.0,63,0.003,11.0,68.0,235.0,0.003142857142857143,0.007142857142857143,0.03171428571428571,9,가을,2021,3. 가을 (9~11월)
2021-09-03,19.6,23.6,18.9,94.6,5.0,0.9,0.3,21.7,13.0,6.0,0.02,0.007,0.4,0.003,4.700000000000003,1.5,9.5,7.061397406557381,103.20000000000002,1,0,7.0,28.0,1,0,7.0,28.0,1.0,4.0,28,0,0,6.0,27.0,1,7.0,28.0,64,0.003,19.0,48.0,202.0,0.0031428571428571426,0.006999999999999999,0.030142857142857145,9,가을,2021,3. 가을 (9~11월)
2021-09-04,20.9,26.1,17.1,81.3,0.0,1.3,7.0,23.7,12.0,3.0,0.025,0.006,0.3,0.003,9.0,1.2999999999999972,13.299999999999997,6.850547423381718,103.20000000000002,1,1,7.0,28.0,1,0,7.0,28.0,1.0,4.0,29,0,1,6.0,27.0,1,7.0,28.0,65,0.003,15.0,45.0,182.0,0.0031428571428571426,0.006857142857142856,0.027857142857142858,9,가을,2021,3. 가을 (9~11월)
2021-09-05,20.6,24.6,16.1,82.5,0.0,1.2,2.8,22.2,14.0,5.0,0.027,0.005,0.3,0.003,8.5,0.29999999999999716,1.2000000000000028,7.356856212631537,100.40000000000002,1,1,7.0,28.0,1,0,7.0,28.0,1.0,4.0,30,0,1,6.0,27.0,1,7.0,28.0,66,0.003,19.0,53.0,163.0,0.003142857142857143,0.006857142857142858,0.02857142857142857,9,가을,2021,3. 가을 (9~11월)
2021-09-06,21.1,25.8,18.9,86.0,3.1,1.6,1.7,22.5,16.0,6.0,0.027,0.008,0.3,0.003,6.900000000000002,0.5,3.5,2.4419937209860634,103.30000000000003,1,1,7.0,28.0,1,0,7.0,28.0,1.0,4.0,31,0,1,6.0,27.0,1,7.0,28.0,67,0.003,22.0,56.0,143.0,0.003142857142857143,0.007,0.02757142857142857,9,가을,2021,3. 가을 (9~11월)
2021-09-07,22.0,25.4,19.4,92.8,0.6,0.7,0.5,23.0,22.0,11.0,0.021,0.019,0.4,0.004,6.0,0.8999999999999986,6.799999999999997,5.237365750069593,77.70000000000002,1,1,7.0,28.0,1,0,7.0,28.0,1.0,4.0,32,0,1,6.0,27.0,1,7.0,28.0,68,0.004,33.0,74.0,137.0,0.003142857142857143,0.008571428571428572,0.026,9,가을,2021,3. 가을 (9~11월)
2021-09-08,22.9,28.6,19.7,80.3,0.0,1.5,5.8,24.9,9.0,4.0,0.035,0.009,0.4,0.004,8.900000000000002,0.8999999999999986,12.5,6.258061467685929,10.300000000000013,1,1,7.0,28.0,1,0,7.0,28.0,0.0,4.0,33,0,1,6.0,27.0,1,7.0,28.0,69,0.004,13.0,68.0,132.0,0.0032857142857142855,0.008571428571428572,0.026857142857142857,9,가을,2021,3. 가을 (9~11월)
2021-09-09,22.0,27.8,17.3,83.1,0.0,0.9,5.1,24.1,22.0,11.0,0.035,0.014,0.5,0.005,10.5,0.8999999999999986,2.799999999999997,6.559725604017444,8.700000000000014,1,1,7.0,28.0,1,0,7.0,28.0,0.0,4.0,34,0,1,6.0,27.0,1,7.0,28.0,70,0.005,33.0,79.0,154.0,0.0035714285714285718,0.009714285714285715,0.027142857142857146,9,가을,2021,3. 가을 (9~11월)
2021-09-10,21.2,25.2,18.4,88.6,0.7,0.7,0.6,22.2,37.0,24.0,0.028,0.02,0.5,0.005,6.800000000000001,0.8000000000000007,5.5,4.2225584661437185,4.400000000000015,1,1,7.0,28.0,1,0,7.0,28.0,0.0,4.0,35,0,1,7.0,27.0,1,7.0,28.0,71,0.005,61.0,107.0,196.0,0.0038571428571428576,0.011571428571428571,0.028285714285714286,9,가을,2021,3. 가을 (9~11월)
2021-09-11,22.2,30.1,16.2,78.1,0.0,0.8,10.8,26.4,30.0,21.0,0.036,0.014,0.5,0.005,13.900000000000002,1.0,10.5,5.251983752196432,4.400000000000015,1,1,7.0,28.0,1,0,7.0,28.0,0.0,4.0,36,0,1,7.0,27.0,1,7.0,28.0,72,0.005,51.0,145.0,232.0,0.004142857142857143,0.012714285714285714,0.02985714285714286,9,가을,2021,3. 가을 (9~11월)
2021-09-12,21.8,29.5,15.7,79.9,0.0,1.1,8.2,25.0,24.0,14.0,0.038,0.01,0.5,0.004,13.8,0.3999999999999986,1.8000000000000114,5.615158056546755,4.400000000000015,1,1,7.0,28.0,1,0,7.0,28.0,0.0,4.0,37,0,1,7.0,27.0,1,7.0,28.0,73,0.004,38.0,150.0,251.0,0.004285714285714286,0.013428571428571429,0.03142857142857143,9,가을,2021,3. 가을 (9~11월)
2021-09-13,21.0,24.8,17.7,80.0,0.0,1.5,1.0,23.1,19.0,7.0,0.03,0.012,0.4,0.004,7.100000000000001,0.8000000000000007,0.09999999999999432,1.0692676621572408,1.300000000000014,1,1,7.0,28.0,1,0,7.0,28.0,0.0,4.0,38,0,1,7.0,27.0,1,7.0,28.0,74,0.004,26.0,115.0,255.0,0.004428571428571428,0.014,0.031857142857142855,9,가을,2021,3. 가을 (9~11월)
2021-09-14,21.3,23.6,17.7,76.0,0.0,2.3,0.0,21.4,11.0,2.0,0.035,0.009,0.4,0.004,5.900000000000002,0.3000000000000007,4.0,2.2810816147904887,0.7000000000000142,1,1,7.0,28.0,1,0,7.0,28.0,0.0,4.0,39,0,1,7.0,27.0,1,7.0,28.0,75,0.004,13.0,77.0,235.0,0.004428571428571428,0.012571428571428572,0.033857142857142856,9,가을,2021,3. 가을 (9~11월)
2021-09-15,22.1,25.9,18.6,65.6,0.0,3.4,7.7,24.7,13.0,4.0,0.042,0.008,0.4,0.004,7.299999999999997,0.8000000000000007,10.400000000000006,7.433258594542176,0.7000000000000142,1,1,7.0,28.0,0,0,6.0,27.0,0.0,4.0,0,0,0,6.0,26.0,0,6.0,27.0,0,0.0,17.0,56.0,239.0,0.004428571428571428,0.012428571428571428,0.03485714285714286,9,가을,2021,3. 가을 (9~11월)
2021-09-16,20.9,25.5,14.7,78.8,0.2,1.7,6.5,23.8,10.0,3.0,0.034,0.01,0.4,0.004,10.8,1.2000000000000028,13.200000000000003,6.955094056397448,0.9000000000000141,1,1,7.0,28.0,1,0,6.0,27.0,0.0,4.0,1,0,1,6.0,26.0,1,6.0,27.0,1,0.004,13.0,43.0,219.0,0.004285714285714286,0.011857142857142858,0.03471428571428571,9,가을,2021,3. 가을 (9~11월)
2021-09-17,19.7,21.1,18.0,83.6,12.3,1.6,0.0,20.3,7.0,3.0,0.037,0.01,0.4,0.004,3.1000000000000014,1.1999999999999993,4.799999999999997,9.320944158184933,12.500000000000014,1,0,7.0,28.0,1,0,6.0,27.0,0.0,4.0,2,0,0,5.0,25.0,1,6.0,27.0,2,0.004,10.0,40.0,168.0,0.0041428571428571434,0.010428571428571428,0.036,9,가을,2021,3. 가을 (9~11월)
2021-09-18,19.9,25.5,14.6,82.9,0.0,0.8,5.3,23.3,11.0,4.0,0.025,0.011,0.4,0.004,10.9,0.1999999999999993,0.6999999999999886,2.592939130279625,12.500000000000014,1,0,7.0,28.0,1,0,6.0,27.0,0.0,3.0,3,0,0,4.0,24.0,1,6.0,27.0,3,0.004,15.0,38.0,132.0,0.004,0.009999999999999998,0.03442857142857143,9,가을,2021,3. 가을 (9~11월)
2021-09-19,19.8,26.0,15.1,81.0,0.0,1.1,9.0,23.0,9.0,3.0,0.028,0.009,0.4,0.004,10.9,0.09999999999999787,1.9000000000000057,1.3453624047080832,12.500000000000014,1,0,7.0,28.0,1,0,6.0,27.0,0.0,3.0,4,0,0,3.0,23.0,1,6.0,27.0,4,0.004,12.0,37.0,106.0,0.004,0.009857142857142858,0.033,9,가을,2021,3. 가을 (9~11월)
2021-09-20,20.5,25.2,15.0,82.9,0.0,1.5,5.4,22.9,11.0,4.0,0.029,0.009,0.4,0.005,10.2,0.6999999999999993,1.9000000000000057,1.0969655114611685,12.500000000000014,1,1,7.0,28.0,1,0,6.0,27.0,0.0,2.0,5,0,1,3.0,23.0,1,6.0,27.0,5,0.005,15.0,42.0,95.0,0.0041428571428571434,0.009428571428571429,0.032857142857142856,9,가을,2021,3. 가을 (9~11월)
2021-09-21,21.1,24.7,18.0,93.8,6.3,0.6,1.1,22.9,16.0,10.0,0.026,0.011,0.4,0.004,6.699999999999999,0.6000000000000014,10.899999999999991,6.907242575731794,18.800000000000015,1,1,7.0,28.0,1,0,6.0,27.0,0.0,1.0,6,0,1,3.0,23.0,1,6.0,27.0,6,0.004,26.0,53.0,108.0,0.0041428571428571434,0.009714285714285713,0.03157142857142857,9,가을,2021,3. 가을 (9~11월)
2021-09-22,22.4,28.6,17.0,72.3,0.0,1.6,9.4,23.3,18.0,12.0,0.043,0.01,0.5,0.004,11.600000000000001,1.2999999999999972,21.5,10.750348831549703,18.800000000000015,1,1,7.0,28.0,0,0,6.0,26.0,0.0,1.0,0,0,0,3.0,22.0,1,7.0,27.0,7,0.004,30.0,71.0,121.0,0.0041428571428571434,0.009999999999999998,0.031714285714285716,9,가을,2021,3. 가을 (9~11월)
2021-09-23,20.3,26.1,15.4,70.0,0.0,2.0,7.9,23.3,18.0,10.0,0.045,0.011,0.4,0.004,10.700000000000001,2.099999999999998,2.299999999999997,13.127452151883931,18.600000000000016,1,1,7.0,28.0,0,0,5.0,25.0,0.0,1.0,0,0,0,2.0,21.0,1,7.0,27.0,8,0.004,28.0,84.0,136.0,0.0041428571428571434,0.010142857142857144,0.03328571428571429,9,가을,2021,3. 가을 (9~11월)
2021-09-24,18.3,24.2,14.0,86.9,0.0,0.8,4.3,20.9,16.0,9.0,0.017,0.015,0.4,0.004,10.2,2.0,16.900000000000006,9.165696918401904,6.300000000000014,1,0,7.0,28.0,1,0,5.0,25.0,0.0,1.0,1,0,0,2.0,20.0,1,7.0,27.0,9,0.004,25.0,83.0,151.0,0.0041428571428571434,0.010857142857142857,0.030428571428571426,9,가을,2021,3. 가을 (9~11월)
2021-09-25,19.4,23.2,15.9,89.0,7.6,1.3,0.4,20.6,8.0,3.0,0.024,0.01,0.4,0.004,7.299999999999999,1.0999999999999979,2.0999999999999943,10.41649333189127,13.900000000000013,1,0,7.0,28.0,1,0,5.0,25.0,0.0,1.0,2,0,0,2.0,19.0,1,7.0,27.0,10,0.004,11.0,64.0,147.0,0.0041428571428571434,0.010714285714285714,0.030285714285714284,9,가을,2021,3. 가을 (9~11월)
2021-09-26,19.3,23.8,16.1,78.3,0.0,1.4,2.7,20.8,10.0,2.0,0.027,0.008,0.3,0.004,7.699999999999999,0.09999999999999787,10.700000000000003,5.669509091035589,13.900000000000013,1,0,7.0,28.0,1,0,5.0,25.0,0.0,1.0,3,0,0,2.0,18.0,1,7.0,27.0,11,0.004,12.0,48.0,147.0,0.0041428571428571434,0.01057142857142857,0.03014285714285714,9,가을,2021,3. 가을 (9~11월)
2021-09-27,19.5,23.7,16.5,79.4,0.0,1.0,0.7,21.0,9.0,2.0,0.027,0.012,0.3,0.004,7.199999999999999,0.1999999999999993,1.1000000000000085,5.885858759207127,13.900000000000013,1,0,7.0,28.0,1,0,5.0,25.0,0.0,1.0,4,0,0,1.0,17.0,1,7.0,27.0,12,0.004,11.0,34.0,143.0,0.004,0.011,0.02985714285714286,9,가을,2021,3. 가을 (9~11월)
2021-09-28,20.5,23.7,17.6,82.9,0.0,1.1,0.2,22.1,11.0,4.0,0.028,0.011,0.3,0.004,6.099999999999998,1.0,3.5,2.402082429893287,7.600000000000014,1,1,7.0,28.0,1,0,5.0,25.0,0.0,1.0,5,0,1,1.0,17.0,1,7.0,27.0,13,0.004,15.0,38.0,132.0,0.004,0.011,0.030142857142857145,9,가을,2021,3. 가을 (9~11월)
2021-09-29,21.8,26.7,19.1,91.9,5.4,0.6,0.4,23.0,14.0,10.0,0.026,0.013,0.4,0.004,7.599999999999998,1.3000000000000007,9.0,6.4485140407178365,13.000000000000014,1,1,7.0,28.0,1,0,6.0,25.0,0.0,0.0,6,0,1,2.0,17.0,1,7.0,27.0,14,0.004,24.0,50.0,126.0,0.004,0.011428571428571427,0.027714285714285716,9,가을,2021,3. 가을 (9~11월)
2021-09-30,20.7,25.9,15.8,84.8,10.2,1.1,8.1,22.5,7.0,3.0,0.033,0.009,0.4,0.004,10.099999999999998,1.1000000000000014,7.1000000000000085,4.743767841424681,23.200000000000014,1,1,7.0,28.0,1,0,7.0,25.0,0.0,0.0,7,0,1,3.0,17.0,1,7.0,27.0,15,0.004,10.0,49.0,108.0,0.004,0.011142857142857144,0.026000000000000002,9,가을,2021,3. 가을 (9~11월)
2021-10-01,19.3,27.2,12.8,85.5,0.0,0.6,8.0,22.0,17.0,9.0,0.023,0.011,0.4,0.003,14.399999999999999,1.3999999999999986,0.7000000000000028,3.912799509302974,23.200000000000014,1,0,7.0,28.0,1,0,7.0,25.0,0.0,0.0,8,0,0,3.0,17.0,1,7.0,27.0,16,0.003,26.0,60.0,109.0,0.003857142857142857,0.01057142857142857,0.026857142857142857,10,가을,2021,3. 가을 (9~11월)
2021-10-02,19.8,27.8,14.4,80.8,0.0,0.8,9.6,22.1,31.0,19.0,0.028,0.012,0.5,0.003,13.4,0.5,4.700000000000003,2.535744466621549,15.600000000000014,1,0,7.0,28.0,1,0,7.0,25.0,0.0,0.0,9,0,0,3.0,16.0,1,7.0,27.0,17,0.003,50.0,86.0,148.0,0.0037142857142857147,0.010857142857142857,0.02742857142857143,10,가을,2021,3. 가을 (9~11월)
2021-10-03,20.3,30.5,13.2,73.8,0.0,0.7,9.6,22.2,29.0,17.0,0.031,0.01,0.4,0.003,17.3,0.5,7.0,5.887557501488663,15.600000000000014,1,1,7.0,28.0,0,0,6.0,24.0,0.0,0.0,0,0,0,3.0,15.0,1,7.0,27.0,18,0.003,46.0,122.0,182.0,0.0035714285714285718,0.011142857142857144,0.028,10,가을,2021,3. 가을 (9~11월)
2021-10-04,21.9,29.7,12.9,76.8,0.0,1.4,6.3,22.5,36.0,17.0,0.036,0.009,0.4,0.004,16.799999999999997,1.5999999999999979,3.0,3.5118845842845774,15.600000000000014,1,1,7.0,28.0,1,0,6.0,24.0,0.0,0.0,1,0,1,4.0,15.0,1,7.0,27.0,19,0.004,53.0,149.0,224.0,0.0035714285714285718,0.010714285714285714,0.029285714285714283,10,가을,2021,3. 가을 (9~11월)
2021-10-05,22.1,29.5,16.2,79.3,0.0,1.1,10.4,23.7,31.0,14.0,0.036,0.009,0.4,0.003,13.3,0.20000000000000284,2.5,2.7537852736434805,15.600000000000014,1,1,7.0,28.0,1,0,6.0,24.0,0.0,0.0,2,0,1,4.0,15.0,1,7.0,27.0,20,0.003,45.0,144.0,254.0,0.003428571428571429,0.01042857142857143,0.030428571428571426,10,가을,2021,3. 가을 (9~11월)
2021-10-06,20.0,23.9,16.6,89.9,0.2,0.6,2.1,22.1,10.0,4.0,0.022,0.009,0.4,0.003,7.299999999999997,2.1000000000000014,10.600000000000009,6.954854419756173,10.400000000000013,1,0,7.0,28.0,1,0,6.0,24.0,0.0,0.0,3,0,1,4.0,15.0,1,7.0,27.0,21,0.003,14.0,112.0,244.0,0.0032857142857142855,0.009857142857142856,0.029857142857142856,10,가을,2021,3. 가을 (9~11월)
2021-10-07,21.9,27.6,18.1,80.0,0.0,0.8,6.6,24.1,20.0,13.0,0.036,0.01,0.4,0.003,9.5,1.8999999999999986,9.900000000000006,5.9281812837779535,0.20000000000001422,1,1,7.0,28.0,1,0,6.0,24.0,0.0,0.0,4,0,1,4.0,15.0,1,7.0,27.0,22,0.003,33.0,92.0,267.0,0.0031428571428571426,0.009999999999999998,0.030285714285714284,10,가을,2021,3. 가을 (9~11월)
2021-10-08,20.7,23.7,19.7,90.1,2.8,0.7,0.1,22.0,11.0,4.0,0.03,0.008,0.4,0.003,4.0,1.1999999999999993,10.099999999999994,5.774368652358003,3.000000000000014,1,1,7.0,28.0,1,0,6.0,24.0,0.0,0.0,5,0,1,5.0,15.0,1,7.0,27.0,23,0.003,15.0,62.0,256.0,0.003142857142857143,0.009571428571428573,0.031285714285714285,10,가을,2021,3. 가을 (9~11월)
2021-10-09,21.3,26.0,19.0,90.9,6.6,1.3,2.6,22.2,15.0,9.0,0.028,0.008,0.4,0.003,7.0,0.6000000000000014,0.8000000000000114,6.075360071633733,9.600000000000014,1,1,7.0,28.0,1,0,6.0,24.0,0.0,0.0,6,0,1,6.0,15.0,1,7.0,27.0,24,0.003,24.0,72.0,230.0,0.003142857142857143,0.009,0.031285714285714285,10,가을,2021,3. 가을 (9~11월)
2021-10-10,23.9,29.7,18.4,77.6,0.0,1.1,7.3,23.8,23.0,16.0,0.031,0.006,0.4,0.004,11.3,2.599999999999998,13.300000000000011,7.458552138317569,9.600000000000014,1,1,7.0,28.0,1,0,7.0,24.0,0.0,0.0,7,0,1,7.0,15.0,1,7.0,27.0,25,0.004,39.0,78.0,223.0,0.0032857142857142855,0.00842857142857143,0.031285714285714285,10,가을,2021,3. 가을 (9~11월)
2021-10-11,17.3,24.8,15.7,92.5,22.8,1.2,0.0,19.6,6.0,3.0,0.033,0.007,0.4,0.003,9.100000000000001,6.599999999999998,14.900000000000006,8.179853299418118,32.40000000000001,1,0,7.0,28.0,1,0,7.0,24.0,0.0,0.0,8,0,0,6.0,14.0,1,7.0,27.0,26,0.003,9.0,72.0,179.0,0.0031428571428571426,0.008142857142857143,0.030857142857142857,10,가을,2021,3. 가을 (9~11월)
2021-10-12,15.7,17.6,14.3,89.4,9.6,1.2,0.0,17.4,8.0,3.0,0.032,0.008,0.3,0.003,3.3000000000000007,1.6000000000000014,3.0999999999999943,7.86193360440048,42.000000000000014,1,0,7.0,28.0,1,0,7.0,24.0,0.0,0.0,9,0,0,5.0,13.0,1,7.0,27.0,27,0.003,11.0,59.0,145.0,0.0031428571428571426,0.008,0.030285714285714284,10,가을,2021,3. 가을 (9~11월)
2021-10-13,17.1,21.3,14.4,87.5,1.0,1.0,0.1,18.3,11.0,3.0,0.026,0.008,0.3,0.003,6.9,1.4000000000000021,1.9000000000000057,2.5238858928249974,42.80000000000001,1,0,7.0,28.0,1,0,7.0,25.0,0.0,0.0,10,0,0,4.0,13.0,1,7.0,28.0,28,0.003,14.0,34.0,145.0,0.003142857142857143,0.007857142857142858,0.030857142857142857,10,가을,2021,3. 가을 (9~11월)
2021-10-14,18.0,25.2,12.5,83.5,0.0,1.0,7.3,19.4,14.0,6.0,0.023,0.01,0.3,0.003,12.7,0.8999999999999986,4.0,3.0116440692753685,42.80000000000001,1,0,7.0,28.0,1,0,7.0,25.0,0.0,0.0,11,0,0,3.0,12.0,1,7.0,28.0,29,0.003,20.0,45.0,132.0,0.003142857142857143,0.007857142857142858,0.028999999999999998,10,가을,2021,3. 가을 (9~11월)
2021-10-15,17.8,23.0,14.0,88.4,5.8,1.0,3.6,19.3,23.0,13.0,0.03,0.011,0.4,0.003,9.0,0.1999999999999993,4.900000000000006,2.60832002126558,45.80000000000002,1,0,7.0,28.0,1,0,7.0,25.0,0.0,0.0,12,0,0,2.0,12.0,1,7.0,28.0,30,0.003,36.0,70.0,153.0,0.0031428571428571426,0.008285714285714285,0.028999999999999998,10,가을,2021,3. 가을 (9~11월)
2021-10-16,13.3,16.8,7.3,73.4,14.7,2.1,0.0,15.6,13.0,4.0,0.034,0.006,0.3,0.003,9.5,4.5,15.0,7.64874717410215,53.90000000000001,1,0,7.0,28.0,0,0,6.0,24.0,0.0,0.0,0,0,0,1.0,12.0,1,7.0,28.0,31,0.003,17.0,73.0,146.0,0.0031428571428571426,0.008000000000000002,0.02985714285714286,10,가을,2021,3. 가을 (9~11월)
2021-10-17,6.8,13.2,2.2,59.4,0.0,1.7,9.9,10.7,20.0,5.0,0.029,0.007,0.3,0.003,11.0,6.500000000000001,14.000000000000007,14.502873278538189,53.90000000000001,0,0,6.0,27.0,0,0,5.0,23.0,0.0,0.0,0,0,0,0.0,12.0,0,6.0,27.0,0,0.0,25.0,78.0,132.0,0.003,0.008142857142857143,0.029571428571428575,10,가을,2021,3. 가을 (9~11월)
2021-10-18,7.6,16.8,-0.1,71.3,0.0,0.7,9.7,10.8,24.0,13.0,0.018,0.014,0.4,0.003,16.900000000000002,0.7999999999999998,11.899999999999999,7.550055187436576,31.100000000000016,1,0,6.0,27.0,0,0,4.0,22.0,0.0,0.0,0,0,0,0.0,11.0,1,6.0,27.0,1,0.003,37.0,79.0,160.0,0.003,0.009142857142857144,0.02742857142857143,10,가을,2021,3. 가을 (9~11월)
2021-10-19,9.7,18.1,4.4,80.9,0.2,1.4,5.3,12.3,24.0,13.0,0.028,0.013,0.4,0.003,13.700000000000001,2.0999999999999996,9.600000000000009,10.770484359272688,21.700000000000014,1,0,6.0,27.0,1,0,4.0,22.0,0.0,0.0,1,0,0,0.0,10.0,1,6.0,27.0,2,0.003,37.0,99.0,186.0,0.003,0.009857142857142858,0.026857142857142857,10,가을,2021,3. 가을 (9~11월)
2021-10-20,9.0,16.5,2.5,79.6,0.0,0.6,8.1,12.1,30.0,16.0,0.026,0.012,0.5,0.003,14.0,0.6999999999999993,1.3000000000000114,5.208006656422057,20.700000000000017,1,0,6.0,27.0,1,0,4.0,23.0,0.0,0.0,2,0,0,0.0,10.0,1,6.0,27.0,3,0.003,46.0,120.0,218.0,0.003,0.010428571428571428,0.026857142857142857,10,가을,2021,3. 가을 (9~11월)
2021-10-21,9.7,15.8,3.5,87.1,0.0,0.6,2.7,12.4,21.0,13.0,0.017,0.013,0.5,0.003,12.3,0.6999999999999993,7.5,4.007908847932487,20.700000000000017,1,0,6.0,27.0,1,0,4.0,24.0,0.0,0.0,3,0,0,0.0,10.0,1,6.0,27.0,4,0.003,34.0,117.0,232.0,0.003,0.010857142857142859,0.026000000000000002,10,가을,2021,3. 가을 (9~11월)
2021-10-22,10.0,17.5,3.7,77.3,0.0,1.3,7.9,12.2,26.0,17.0,0.028,0.011,0.4,0.003,13.8,0.3000000000000007,9.799999999999997,5.12477641788749,14.900000000000016,1,0,6.0,27.0,1,0,4.0,24.0,0.0,0.0,4,0,0,0.0,10.0,1,6.0,27.0,5,0.003,43.0,123.0,239.0,0.003,0.010857142857142857,0.025714285714285717,10,가을,2021,3. 가을 (9~11월)
2021-10-23,9.9,18.7,2.8,75.3,0.0,0.6,7.8,11.7,21.0,13.0,0.022,0.013,0.5,0.003,15.899999999999999,0.09999999999999964,2.0,6.315061361538985,0.20000000000001777,1,0,6.0,27.0,1,0,5.0,24.0,0.0,0.0,5,0,0,0.0,10.0,1,6.0,27.0,6,0.003,34.0,111.0,256.0,0.003,0.011857142857142858,0.024,10,가을,2021,3. 가을 (9~11월)
2021-10-24,10.1,19.0,3.9,80.8,0.0,0.3,7.0,12.9,23.0,14.0,0.025,0.011,0.4,0.003,15.1,0.1999999999999993,5.5,2.7838821814155437,0.20000000000001777,1,0,7.0,27.0,1,0,6.0,24.0,0.0,0.0,6,0,0,0.0,10.0,1,7.0,27.0,7,0.003,37.0,114.0,268.0,0.003,0.012428571428571428,0.023428571428571427,10,가을,2021,3. 가을 (9~11월)
2021-10-25,10.3,19.8,4.6,76.1,0.0,0.7,7.9,12.9,31.0,17.0,0.027,0.013,0.4,0.003,15.200000000000001,0.20000000000000107,4.700000000000003,2.9715315916212357,0.20000000000001777,1,0,7.0,27.0,1,0,7.0,24.0,0.0,0.0,7,0,0,0.0,10.0,1,7.0,27.0,8,0.003,48.0,119.0,279.0,0.003,0.012285714285714285,0.024714285714285713,10,가을,2021,3. 가을 (9~11월)
2021-10-26,9.8,19.4,1.6,77.6,0.0,0.7,8.8,11.6,42.0,27.0,0.027,0.016,0.5,0.003,17.799999999999997,0.5,1.5,2.4006943440047195,0.0,1,0,7.0,27.0,1,0,7.0,24.0,0.0,0.0,8,0,0,0.0,9.0,1,7.0,27.0,9,0.003,69.0,154.0,311.0,0.003,0.012714285714285714,0.024571428571428574,10,가을,2021,3. 가을 (9~11월)
2021-10-27,12.6,20.5,7.5,70.0,0.0,1.2,8.2,13.4,55.0,33.0,0.034,0.017,0.5,0.004,13.0,2.799999999999999,7.599999999999994,4.025336424863991,0.0,1,0,7.0,27.0,0,0,6.0,23.0,0.0,0.0,0,0,0,0.0,8.0,1,7.0,27.0,10,0.004,88.0,205.0,353.0,0.003142857142857143,0.013428571428571429,0.025714285714285714,10,가을,2021,3. 가을 (9~11월)
2021-10-28,11.5,20.6,3.6,69.6,0.0,1.0,8.1,12.2,35.0,16.0,0.028,0.018,0.4,0.004,17.0,1.0999999999999996,0.4000000000000057,4.507771067834286,0.0,1,0,7.0,27.0,0,0,5.0,22.0,0.0,0.0,0,0,0,0.0,7.0,0,6.0,26.0,0,0.0,51.0,208.0,370.0,0.0032857142857142855,0.014142857142857141,0.027285714285714285,10,가을,2021,3. 가을 (9~11월)
2021-10-29,11.7,17.6,5.2,74.4,0.0,0.9,4.2,13.6,22.0,14.0,0.017,0.015,0.4,0.003,12.400000000000002,0.1999999999999993,4.800000000000011,2.6633312473925193,0.0,1,0,7.0,27.0,0,0,4.0,21.0,0.0,0.0,0,0,0,0.0,7.0,1,6.0,26.0,1,0.003,36.0,175.0,363.0,0.0032857142857142855,0.014714285714285713,0.025714285714285714,10,가을,2021,3. 가을 (9~11월)
2021-10-30,10.5,16.9,6.2,85.4,0.0,0.2,0.4,12.2,31.0,12.0,0.01,0.017,0.5,0.003,10.7,1.1999999999999993,11.0,8.1002057587037,0.0,1,0,7.0,27.0,1,0,4.0,21.0,0.0,0.0,1,0,0,0.0,7.0,1,6.0,26.0,2,0.003,43.0,130.0,372.0,0.0032857142857142855,0.015285714285714286,0.024,10,가을,2021,3. 가을 (9~11월)
2021-10-31,10.5,20.8,4.4,78.9,0.0,0.5,7.5,12.7,36.0,23.0,0.019,0.013,0.5,0.003,16.4,0.0,6.5,5.530220007679257,0.0,1,0,7.0,27.0,1,0,4.0,22.0,0.0,0.0,2,0,0,0.0,7.0,1,6.0,26.0,3,0.003,59.0,138.0,394.0,0.0032857142857142855,0.015571428571428571,0.023142857142857142,10,가을,2021,3. 가을 (9~11월)
2021-11-01,11.4,19.9,5.4,76.3,0.0,1.0,7.9,12.4,45.0,27.0,0.024,0.016,0.5,0.003,14.499999999999998,0.9000000000000004,2.6000000000000085,4.6872166581034564,0.0,1,0,7.0,27.0,1,0,4.0,22.0,0.0,0.0,3,0,0,0.0,6.0,1,6.0,26.0,4,0.003,72.0,174.0,418.0,0.0032857142857142855,0.016,0.022714285714285718,11,가을,2021,3. 가을 (9~11월)
2021-11-02,10.4,18.1,4.0,75.9,0.0,1.0,8.0,11.6,40.0,25.0,0.023,0.017,0.6,0.003,14.100000000000001,1.0,0.3999999999999915,1.6289055630503435,0.0,1,0,7.0,27.0,1,0,4.0,22.0,0.0,0.0,4,0,0,0.0,5.0,1,6.0,26.0,5,0.003,65.0,196.0,414.0,0.0032857142857142855,0.016142857142857143,0.02214285714285714,11,가을,2021,3. 가을 (9~11월)
2021-11-03,10.1,19.4,3.8,77.5,0.0,0.9,7.8,12.0,40.0,26.0,0.019,0.016,0.5,0.003,15.599999999999998,0.3000000000000007,1.5999999999999943,0.8326663997883069,0.0,1,0,7.0,27.0,1,0,5.0,22.0,0.0,0.0,5,0,0,0.0,4.0,1,6.0,26.0,6,0.003,66.0,203.0,392.0,0.0031428571428571426,0.016,0.02,11,가을,2021,3. 가을 (9~11월)
2021-11-04,10.4,19.9,3.7,72.4,0.0,0.8,8.1,11.8,45.0,25.0,0.019,0.019,0.6,0.003,16.2,0.3000000000000007,5.099999999999994,2.6083200212659117,0.0,1,0,7.0,27.0,0,0,5.0,21.0,0.0,0.0,0,0,0,0.0,3.0,1,7.0,26.0,7,0.003,70.0,201.0,411.0,0.003,0.016142857142857143,0.018714285714285715,11,가을,2021,3. 가을 (9~11월)
2021-11-05,10.5,19.8,2.8,80.6,0.0,0.6,7.0,12.0,49.0,29.0,0.019,0.019,0.6,0.003,17.0,0.09999999999999964,8.199999999999989,4.1404508611184285,0.0,1,0,7.0,27.0,1,0,6.0,21.0,0.0,0.0,1,0,0,0.0,2.0,1,7.0,26.0,8,0.003,78.0,214.0,453.0,0.003,0.016714285714285713,0.019,11,가을,2021,3. 가을 (9~11월)
2021-11-06,11.2,20.0,4.1,76.4,0.0,0.8,7.4,12.1,40.0,20.0,0.021,0.014,0.5,0.003,15.9,0.6999999999999993,4.199999999999989,4.100406483915515,0.0,1,0,7.0,27.0,1,0,6.0,21.0,0.0,0.0,2,0,0,0.0,1.0,1,7.0,26.0,9,0.003,60.0,208.0,470.0,0.003,0.016285714285714285,0.02057142857142857,11,가을,2021,3. 가을 (9~11월)
2021-11-07,13.0,20.2,6.9,77.4,0.0,0.9,4.8,13.1,25.0,13.0,0.023,0.013,0.5,0.003,13.299999999999999,1.8000000000000007,1.0,2.1939310229212157,0.0,1,0,7.0,27.0,1,0,6.0,21.0,0.0,0.0,3,0,0,0.0,0.0,1,7.0,26.0,10,0.003,38.0,176.0,449.0,0.003,0.016285714285714285,0.021142857142857147,11,가을,2021,3. 가을 (9~11월)
2021-11-08,9.8,18.0,5.8,86.0,30.2,1.7,0.0,9.8,19.0,10.0,0.018,0.013,0.5,0.003,12.2,3.1999999999999993,8.599999999999994,5.2776257288041775,30.200000000000017,1,0,7.0,27.0,1,0,6.0,21.0,0.0,0.0,4,0,0,0.0,0.0,1,7.0,26.0,11,0.003,29.0,127.0,406.0,0.003,0.015857142857142858,0.020285714285714285,11,가을,2021,3. 가을 (9~11월)
2021-11-09,8.5,12.6,5.6,65.5,0.0,2.6,3.4,9.0,9.0,2.0,0.03,0.008,0.4,0.003,7.0,1.3000000000000007,20.5,10.29417310909444,30.200000000000017,1,0,7.0,27.0,0,0,5.0,20.0,0.0,0.0,0,0,0,0.0,0.0,0,6.0,25.0,0,0.0,11.0,78.0,352.0,0.003,0.01457142857142857,0.021285714285714286,11,가을,2021,3. 가을 (9~11월)
2021-11-10,7.6,10.8,5.4,69.0,0.0,2.5,1.1,7.9,9.0,4.0,0.029,0.009,0.4,0.003,5.4,0.9000000000000004,3.5,10.965856099730818,30.200000000000017,1,0,7.0,27.0,0,0,4.0,19.0,0.0,0.0,0,0,0,0.0,0.0,0,5.0,24.0,0,0.0,13.0,53.0,299.0,0.003,0.013571428571428571,0.02271428571428571,11,가을,2021,3. 가을 (9~11월)
2021-11-11,8.0,13.0,4.8,59.6,0.0,3.1,5.3,7.7,10.0,4.0,0.033,0.007,0.3,0.003,8.2,0.40000000000000036,9.399999999999999,4.7507894080884165,30.200000000000017,0,0,6.0,26.0,0,0,4.0,18.0,0.0,0.0,0,0,0,0.0,0.0,0,4.0,23.0,0,0.0,14.0,38.0,243.0,0.003,0.011857142857142856,0.024714285714285713,11,가을,2021,3. 가을 (9~11월)
2021-11-12,6.6,10.7,3.8,60.3,0.0,3.1,5.4,6.3,14.0,5.0,0.026,0.009,0.4,0.003,6.8999999999999995,1.4000000000000004,0.6999999999999957,5.236729259121456,30.200000000000017,1,0,6.0,26.0,0,0,3.0,17.0,0.0,0.0,0,0,0,0.0,0.0,0,3.0,22.0,0,0.0,19.0,46.0,184.0,0.003,0.01042857142857143,0.025714285714285717,11,가을,2021,3. 가을 (9~11월)
2021-11-13,6.8,14.5,0.1,72.4,0.0,1.6,7.7,7.3,21.0,10.0,0.021,0.016,0.5,0.003,14.4,0.20000000000000018,12.100000000000009,7.1965269401291945,30.200000000000017,1,0,6.0,26.0,0,0,2.0,17.0,0.0,0.0,0,0,0,0.0,0.0,1,3.0,22.0,1,0.003,31.0,64.0,155.0,0.003,0.010714285714285714,0.025714285714285714,11,가을,2021,3. 가을 (9~11월)
2021-11-14,7.4,17.1,0.4,79.8,0.0,0.8,7.2,8.2,46.0,25.0,0.02,0.018,0.6,0.003,16.700000000000003,0.6000000000000005,7.3999999999999915,9.843949072061339,30.200000000000017,1,0,6.0,27.0,1,0,2.0,18.0,0.0,0.0,1,0,0,0.0,0.0,1,3.0,23.0,2,0.003,71.0,121.0,188.0,0.003,0.011428571428571429,0.025285714285714283,11,가을,2021,3. 가을 (9~11월)
2021-11-15,7.4,17.2,0.6,74.3,0.0,0.6,7.0,8.0,56.0,31.0,0.016,0.021,0.6,0.003,16.599999999999998,0.0,5.5,3.84317577011551,0.0,1,0,6.0,27.0,0,0,1.0,18.0,0.0,0.0,0,0,0,0.0,0.0,1,3.0,23.0,3,0.003,87.0,189.0,246.0,0.003,0.012571428571428572,0.025,11,가을,2021,3. 가을 (9~11월)
2021-11-16,6.7,16.6,0.5,71.5,0.0,1.0,7.4,7.4,48.0,22.0,0.017,0.02,0.5,0.003,16.1,0.7000000000000002,2.799999999999997,4.222558466143838,0.0,1,0,6.0,27.0,0,0,1.0,17.0,0.0,0.0,0,0,0,0.0,0.0,1,4.0,23.0,4,0.003,70.0,228.0,305.0,0.003,0.014285714285714287,0.023142857142857142,11,가을,2021,3. 가을 (9~11월)
2021-11-17,7.1,15.4,-1.0,62.1,0.0,1.0,7.5,7.3,44.0,21.0,0.022,0.018,0.5,0.003,16.4,0.39999999999999947,9.399999999999999,6.390618123468505,0.0,1,0,6.0,27.0,0,0,1.0,16.0,0.0,0.0,0,0,0,0.0,0.0,0,4.0,22.0,0,0.0,65.0,222.0,357.0,0.003,0.015571428571428571,0.022142857142857148,11,가을,2021,3. 가을 (9~11월)
2021-11-18,8.0,17.1,1.3,74.0,0.0,0.8,7.0,8.7,57.0,29.0,0.022,0.024,0.5,0.003,15.8,0.9000000000000004,11.899999999999999,6.27455177682073,0.0,1,0,7.0,27.0,0,0,1.0,15.0,0.0,0.0,0,0,0,0.0,0.0,1,5.0,22.0,1,0.003,86.0,221.0,429.0,0.003,0.018,0.02057142857142857,11,가을,2021,3. 가을 (9~11월)
2021-11-19,8.3,17.7,0.8,81.3,0.0,1.1,7.4,8.4,68.0,41.0,0.019,0.023,0.6,0.003,16.9,0.3000000000000007,7.299999999999997,9.69140512688108,0.0,1,0,7.0,27.0,1,0,2.0,15.0,0.0,0.0,1,0,0,0.0,0.0,1,6.0,22.0,2,0.003,109.0,260.0,519.0,0.003,0.02,0.019571428571428573,11,가을,2021,3. 가을 (9~11월)
2021-11-20,8.5,18.5,2.0,82.8,0.0,0.3,5.7,8.6,70.0,58.0,0.016,0.023,0.6,0.003,16.5,0.1999999999999993,1.5,4.707794954470259,0.0,1,0,7.0,27.0,1,0,3.0,15.0,0.0,0.0,2,0,0,0.0,0.0,1,6.0,22.0,3,0.003,128.0,323.0,616.0,0.003,0.020999999999999998,0.018857142857142857,11,가을,2021,3. 가을 (9~11월)
2021-11-21,9.9,17.5,4.2,84.4,0.0,0.2,2.0,9.6,70.0,60.0,0.015,0.022,0.6,0.003,13.3,1.4000000000000004,1.6000000000000085,1.5502687938983262,0.0,1,0,7.0,27.0,1,0,3.0,15.0,0.0,0.0,3,0,0,0.0,0.0,1,6.0,22.0,4,0.003,130.0,367.0,675.0,0.003,0.021571428571428575,0.018142857142857145,11,가을,2021,3. 가을 (9~11월)
2021-11-22,6.8,13.2,2.2,62.5,0.0,3.9,1.5,7.6,27.0,19.0,0.026,0.009,0.4,0.002,11.0,3.1000000000000005,21.900000000000006,12.208330489192054,0.0,1,0,7.0,27.0,0,0,3.0,14.0,0.0,0.0,0,0,0,0.0,0.0,0,5.0,21.0,0,0.0,46.0,304.0,634.0,0.0028571428571428576,0.019857142857142854,0.01957142857142857,11,가을,2021,3. 가을 (9~11월)
2021-11-23,3.7,7.8,0.7,57.1,0.0,3.5,6.4,5.3,17.0,7.0,0.028,0.007,0.3,0.002,7.1,3.0999999999999996,5.399999999999999,14.457178147896107,0.0,0,0,6.0,26.0,0,0,3.0,13.0,0.0,0.0,0,0,0,0.0,0.0,0,4.0,20.0,0,0.0,24.0,200.0,588.0,0.0027142857142857142,0.018,0.02114285714285714,11,가을,2021,3. 가을 (9~11월)
2021-11-24,6.0,12.7,1.1,55.0,0.0,2.5,7.0,6.0,22.0,9.0,0.03,0.012,0.4,0.003,11.6,2.3,2.1000000000000014,3.869108424431481,0.0,0,0,5.0,25.0,0,0,3.0,13.0,0.0,0.0,0,0,0,0.0,0.0,0,4.0,19.0,0,0.0,31.0,101.0,554.0,0.0027142857142857142,0.017142857142857144,0.022285714285714287,11,가을,2021,3. 가을 (9~11월)
2021-11-25,7.3,15.4,-1.0,59.5,0.0,1.7,6.3,6.0,45.0,19.0,0.024,0.018,0.5,0.003,16.4,1.2999999999999998,4.5,2.2516660498410626,0.0,0,0,4.0,24.0,0,0,3.0,13.0,0.0,0.0,0,0,0,0.0,0.0,0,3.0,19.0,0,0.0,64.0,119.0,532.0,0.0027142857142857147,0.016285714285714285,0.022571428571428572,11,가을,2021,3. 가을 (9~11월)
2021-11-26,6.9,11.6,3.2,45.9,0.0,2.5,7.4,5.5,27.0,10.0,0.034,0.01,0.4,0.003,8.399999999999999,0.39999999999999947,13.600000000000001,6.928443788711931,0.0,0,0,3.0,23.0,0,0,2.0,13.0,0.0,0.0,0,0,0,0.0,0.0,0,2.0,18.0,0,0.0,37.0,132.0,460.0,0.0027142857142857142,0.01442857142857143,0.024714285714285713,11,가을,2021,3. 가을 (9~11월)
2021-11-27,4.2,10.6,-2.0,60.8,0.0,0.9,7.4,4.8,33.0,16.0,0.023,0.016,0.4,0.003,12.6,2.7,14.899999999999999,8.252878285786553,0.0,1,0,3.0,23.0,0,0,1.0,12.0,0.0,0.0,0,0,0,0.0,0.0,0,1.0,17.0,0,0.0,49.0,150.0,381.0,0.0027142857142857142,0.013428571428571429,0.025714285714285714,11,가을,2021,3. 가을 (9~11월)
2021-11-28,3.4,13.8,-4.2,67.9,0.0,0.4,7.4,3.7,33.0,20.0,0.013,0.02,0.5,0.003,18.0,0.8000000000000003,7.1000000000000085,11.228089775202486,0.0,1,0,3.0,23.0,0,0,0.0,11.0,0.0,0.0,0,0,0,0.0,0.0,0,0.0,16.0,0,0.0,53.0,139.0,304.0,0.0027142857142857142,0.013142857142857142,0.02542857142857143,11,가을,2021,3. 가을 (9~11월)
2021-11-29,4.8,14.7,-3.5,64.9,0.0,0.4,7.4,5.0,45.0,27.0,0.009,0.028,0.6,0.003,18.2,1.4,3.0,3.5641735835027095,0.0,1,0,3.0,23.0,0,0,0.0,10.0,0.0,0.0,0,0,0,0.0,0.0,0,0.0,15.0,0,0.0,72.0,174.0,330.0,0.0028571428571428576,0.015857142857142854,0.023,11,가을,2021,3. 가을 (9~11월)
2021-11-30,5.3,9.9,0.8,82.6,20.4,1.4,0.0,4.8,28.0,19.0,0.011,0.021,0.5,0.003,9.1,0.5,17.69999999999999,9.472592042308356,20.400000000000016,1,0,4.0,23.0,1,0,1.0,10.0,0.0,0.0,1,0,0,0.0,0.0,1,1.0,15.0,1,0.003,47.0,172.0,353.0,0.003,0.017857142857142856,0.02057142857142857,11,가을,2021,3. 가을 (9~11월)
2021-12-01,1.8,5.5,-1.5,43.6,0.0,5.1,7.2,1.2,11.0,4.0,0.028,0.005,0.3,0.002,7.0,3.5,38.99999999999999,19.52767267238995,20.400000000000016,0,0,4.0,22.0,0,0,1.0,9.0,0.0,0.0,0,0,0,0.0,0.0,0,1.0,14.0,0,0.0,15.0,134.0,337.0,0.002857142857142857,0.016857142857142855,0.02028571428571429,12,겨울,2021,4. 겨울 (12~2월)
2021-12-02,1.3,7.1,-2.6,56.1,0.0,2.5,7.2,1.0,16.0,8.0,0.021,0.013,0.4,0.003,9.7,0.5,12.5,19.91440014997537,20.400000000000016,0,0,4.0,21.0,0,0,1.0,9.0,0.0,0.0,0,0,0,0.0,0.0,0,1.0,13.0,0,0.0,24.0,86.0,297.0,0.0028571428571428576,0.016142857142857143,0.019857142857142858,12,겨울,2021,4. 겨울 (12~2월)
2021-12-03,5.0,10.2,-2.2,53.5,0.0,2.3,4.5,3.2,21.0,10.0,0.023,0.015,0.4,0.003,12.399999999999999,3.7,2.6000000000000014,6.595705673644112,20.400000000000016,0,0,4.0,20.0,0,0,1.0,8.0,0.0,0.0,0,0,0,0.0,0.0,0,1.0,12.0,0,0.0,31.0,70.0,291.0,0.002857142857142857,0.016857142857142855,0.018285714285714287,12,겨울,2021,4. 겨울 (12~2월)
2021-12-04,2.9,8.7,-1.5,56.3,0.0,2.3,6.1,1.8,13.0,5.0,0.026,0.01,0.3,0.003,10.2,2.1,2.799999999999997,1.5620499351835835,20.400000000000016,0,0,3.0,19.0,0,0,1.0,7.0,0.0,0.0,0,0,0,0.0,0.0,0,1.0,11.0,0,0.0,18.0,73.0,260.0,0.002857142857142857,0.016,0.018714285714285715,12,겨울,2021,4. 겨울 (12~2월)
2021-12-05,1.9,11.3,-4.5,80.0,0.0,0.2,7.2,2.2,33.0,21.0,0.011,0.018,0.5,0.003,15.8,1.0,23.700000000000003,14.558960585609775,20.400000000000016,1,0,3.0,19.0,1,0,2.0,7.0,0.0,0.0,1,0,0,0.0,0.0,1,2.0,11.0,1,0.003,54.0,103.0,261.0,0.002857142857142857,0.015714285714285715,0.01842857142857143,12,겨울,2021,4. 겨울 (12~2월)
2021-12-06,3.6,12.6,-2.9,82.3,0.0,0.2,4.3,3.0,51.0,34.0,0.008,0.025,0.6,0.003,15.5,1.7000000000000002,2.299999999999997,14.39316967638946,20.400000000000016,1,0,3.0,19.0,1,0,3.0,7.0,0.0,0.0,2,0,0,0.0,0.0,1,3.0,11.0,2,0.003,85.0,157.0,274.0,0.0028571428571428576,0.015285714285714283,0.018285714285714287,12,겨울,2021,4. 겨울 (12~2월)
2021-12-07,6.3,14.7,-1.1,73.3,0.0,0.7,6.3,5.5,44.0,28.0,0.014,0.02,0.6,0.003,15.799999999999999,2.6999999999999997,9.0,4.675824347998538,0.0,1,0,3.0,19.0,0,0,2.0,7.0,0.0,0.0,0,0,0,0.0,0.0,1,3.0,12.0,3,0.003,72.0,211.0,299.0,0.002857142857142857,0.015142857142857142,0.018714285714285715,12,겨울,2021,4. 겨울 (12~2월)
2021-12-08,4.8,13.1,-1.1,79.5,0.0,0.4,6.4,4.4,27.0,14.0,0.013,0.019,0.5,0.003,14.2,1.5,6.200000000000003,4.605793453177855,0.0,1,0,4.0,19.0,1,0,3.0,8.0,0.0,0.0,1,0,0,0.0,0.0,1,4.0,13.0,4,0.003,41.0,198.0,325.0,0.003,0.017142857142857144,0.01657142857142857,12,겨울,2021,4. 겨울 (12~2월)
2021-12-09,5.2,13.5,-1.4,83.3,0.0,0.3,3.4,5.3,27.0,15.0,0.008,0.019,0.5,0.003,14.9,0.40000000000000036,3.799999999999997,5.047771785649844,0.0,1,0,5.0,20.0,1,0,4.0,9.0,0.0,0.0,2,0,0,0.0,0.0,1,5.0,14.0,5,0.003,42.0,155.0,343.0,0.003,0.018,0.014714285714285713,12,겨울,2021,4. 겨울 (12~2월)
2021-12-10,6.1,13.7,0.1,85.6,0.0,0.4,2.5,6.5,37.0,21.0,0.007,0.02,0.5,0.002,13.6,0.8999999999999995,2.299999999999997,3.080584360150206,0.0,1,0,6.0,20.0,1,0,5.0,10.0,0.0,0.0,3,0,0,0.0,0.0,1,6.0,15.0,6,0.002,58.0,141.0,370.0,0.002857142857142857,0.018714285714285715,0.01242857142857143,12,겨울,2021,4. 겨울 (12~2월)
2021-12-11,7.4,13.1,1.2,77.1,0.0,0.8,5.7,6.7,55.0,40.0,0.018,0.019,0.6,0.003,11.9,1.3000000000000007,8.5,4.396589587396371,0.0,1,0,7.0,20.0,1,0,6.0,11.0,0.0,0.0,4,0,0,0.0,0.0,1,7.0,15.0,7,0.003,95.0,195.0,447.0,0.002857142857142857,0.02,0.011285714285714286,12,겨울,2021,4. 겨울 (12~2월)
2021-12-12,6.1,11.0,-0.8,52.4,0.0,3.8,5.5,5.2,46.0,29.0,0.034,0.007,0.5,0.003,11.8,1.3000000000000007,24.699999999999996,17.24615899265699,0.0,0,0,6.0,19.0,0,0,5.0,10.0,0.0,0.0,0,0,0,0.0,0.0,0,6.0,14.0,0,0.0,75.0,228.0,468.0,0.002857142857142857,0.01842857142857143,0.014571428571428572,12,겨울,2021,4. 겨울 (12~2월)
2021-12-13,-0.1,5.5,-4.6,34.8,0.0,2.8,7.3,0.9,10.0,4.0,0.027,0.01,0.3,0.002,10.1,6.199999999999999,17.6,21.249078411388563,0.0,0,0,5.0,18.0,0,0,4.0,10.0,0.0,0.0,0,0,0,0.0,0.0,0,5.0,13.0,0,0.0,14.0,184.0,397.0,0.0027142857142857147,0.016285714285714285,0.017285714285714286,12,겨울,2021,4. 겨울 (12~2월)
2021-12-14,2.0,8.6,-4.3,57.9,0.0,1.8,7.1,1.5,26.0,14.0,0.016,0.025,0.5,0.003,12.899999999999999,2.1,23.1,12.066620626063479,0.0,0,0,4.0,17.0,0,0,4.0,10.0,0.0,0.0,0,0,0,0.0,0.0,0,4.0,12.0,0,0.0,40.0,129.0,365.0,0.0027142857142857142,0.017,0.01757142857142857,12,겨울,2021,4. 겨울 (12~2월)
2021-12-15,4.0,13.7,-3.5,74.5,0.0,0.7,6.3,3.0,43.0,24.0,0.014,0.026,0.6,0.003,17.2,2.0,16.6,19.93848874246339,0.0,1,0,4.0,17.0,0,0,3.0,10.0,0.0,0.0,0,0,0,0.0,0.0,1,4.0,13.0,1,0.003,67.0,121.0,391.0,0.0027142857142857142,0.018,0.017714285714285714,12,겨울,2021,4. 겨울 (12~2월)
2021-12-16,4.7,9.5,-0.7,83.0,0.1,0.4,0.5,4.1,71.0,48.0,0.006,0.032,0.7,0.003,10.2,0.7000000000000002,8.5,12.765970390064501,0.10000000000001777,1,0,4.0,17.0,1,0,3.0,11.0,0.0,0.0,1,0,0,0.0,0.0,1,4.0,13.0,2,0.003,119.0,226.0,468.0,0.0027142857142857147,0.019857142857142858,0.01742857142857143,12,겨울,2021,4. 겨울 (12~2월)
2021-12-17,-0.1,7.0,-6.9,42.4,0.0,5.4,6.6,1.6,40.0,18.0,0.031,0.007,0.4,0.003,13.9,4.8,40.6,21.412690940966243,0.10000000000001777,0,0,3.0,16.0,0,0,2.0,10.0,0.0,0.0,0,0,0,0.0,0.0,0,3.0,12.0,0,0.0,58.0,244.0,468.0,0.002857142857142857,0.018,0.02085714285714286,12,겨울,2021,4. 겨울 (12~2월)
2021-12-18,-4.5,1.3,-9.4,45.1,0.0,2.5,7.2,-1.8,13.0,5.0,0.023,0.014,0.4,0.003,10.700000000000001,4.4,2.700000000000003,22.701174712629726,0.10000000000001777,0,0,2.0,15.0,0,0,1.0,9.0,0.0,0.0,0,0,0,0.0,0.0,0,2.0,11.0,0,0.0,18.0,195.0,391.0,0.002857142857142857,0.017285714285714286,0.021571428571428575,12,겨울,2021,4. 겨울 (12~2월)
2021-12-19,0.1,5.6,-5.9,56.4,0.0,2.5,7.2,0.3,22.0,9.0,0.023,0.016,0.4,0.003,11.5,4.6,11.299999999999997,7.427202254775388,0.10000000000001777,0,0,2.0,14.0,0,0,1.0,8.0,0.0,0.0,0,0,0,0.0,0.0,0,2.0,10.0,0,0.0,31.0,107.0,347.0,0.002857142857142857,0.018571428571428572,0.02,12,겨울,2021,4. 겨울 (12~2월)
2021-12-20,3.2,12.1,-5.8,64.3,0.0,1.3,6.8,2.3,42.0,20.0,0.018,0.025,0.6,0.003,17.9,3.1,7.899999999999999,9.650043177796638,0.10000000000001777,1,0,3.0,14.0,0,0,1.0,8.0,0.0,0.0,0,0,0,0.0,0.0,0,2.0,10.0,0,0.0,62.0,111.0,395.0,0.003,0.020714285714285716,0.018714285714285715,12,겨울,2021,4. 겨울 (12~2월)
2021-12-21,3.9,13.9,-4.2,71.4,0.0,0.8,7.1,2.4,70.0,42.0,0.017,0.027,0.6,0.003,18.1,0.6999999999999997,7.1000000000000085,7.503554713156839,0.10000000000001777,1,0,4.0,15.0,0,0,1.0,8.0,0.0,0.0,0,0,0,0.0,0.0,1,3.0,11.0,1,0.003,112.0,205.0,467.0,0.003,0.020999999999999998,0.018857142857142857,12,겨울,2021,4. 겨울 (12~2월)
2021-12-22,2.4,11.2,-3.9,57.4,0.0,0.7,7.2,1.7,49.0,29.0,0.017,0.026,0.6,0.003,15.1,1.5,14.000000000000007,7.0002380911893365,0.10000000000001777,0,0,3.0,15.0,0,0,1.0,8.0,0.0,0.0,0,0,0,0.0,0.0,0,2.0,11.0,0,0.0,78.0,252.0,478.0,0.003,0.020999999999999998,0.019285714285714288,12,겨울,2021,4. 겨울 (12~2월)
2021-12-23,0.6,10.2,-6.1,65.6,0.0,0.8,7.0,1.1,47.0,27.0,0.012,0.027,0.6,0.003,16.299999999999997,1.7999999999999998,8.199999999999996,7.0342021580279255,0.0,1,0,3.0,16.0,0,0,0.0,8.0,0.0,0.0,0,0,0,0.0,0.0,0,1.0,11.0,0,0.0,74.0,264.0,433.0,0.003,0.02028571428571429,0.020142857142857146,12,겨울,2021,4. 겨울 (12~2월)
2021-12-24,3.1,10.8,-3.1,63.9,0.0,1.3,2.2,2.7,59.0,39.0,0.016,0.023,0.6,0.003,13.9,2.5,1.6999999999999957,4.327817001677066,0.0,1,0,4.0,17.0,0,0,0.0,8.0,0.0,0.0,0,0,0,0.0,0.0,0,1.0,11.0,0,0.0,98.0,250.0,473.0,0.003,0.022571428571428572,0.018,12,겨울,2021,4. 겨울 (12~2월)
2021-12-25,-4.8,1.5,-8.9,37.4,0.0,4.1,7.2,-1.4,16.0,8.0,0.032,0.007,0.4,0.003,10.4,7.9,26.5,15.813390949867127,0.0,0,0,4.0,16.0,0,0,0.0,8.0,0.0,0.0,0,0,0,0.0,0.0,0,1.0,11.0,0,0.0,24.0,196.0,479.0,0.003,0.021571428571428575,0.019285714285714288,12,겨울,2021,4. 겨울 (12~2월)
2021-12-26,-7.5,-3.8,-11.3,35.5,0.0,3.8,7.3,-4.0,9.0,4.0,0.031,0.007,0.4,0.003,7.500000000000001,2.7,1.8999999999999986,15.876712506057672,0.0,0,0,4.0,15.0,0,0,0.0,8.0,0.0,0.0,0,0,0,0.0,0.0,0,1.0,11.0,0,0.0,13.0,135.0,461.0,0.003,0.020285714285714285,0.02042857142857143,12,겨울,2021,4. 겨울 (12~2월)
2021-12-27,-2.8,1.2,-9.0,45.4,0.0,3.8,7.2,-2.5,11.0,5.0,0.032,0.009,0.4,0.003,10.2,4.7,9.899999999999999,5.253887449626468,0.0,0,0,3.0,14.0,0,0,0.0,8.0,0.0,0.0,0,0,0,0.0,0.0,0,1.0,11.0,0,0.0,16.0,53.0,415.0,0.003,0.018,0.022428571428571433,12,겨울,2021,4. 겨울 (12~2월)
2021-12-28,2.0,7.5,-4.3,65.3,0.0,1.9,6.4,0.6,30.0,18.0,0.018,0.02,0.5,0.004,11.8,4.8,19.9,15.177066031790888,0.0,1,0,3.0,14.0,0,0,0.0,7.0,0.0,0.0,0,0,0,0.0,0.0,0,0.0,10.0,0,0.0,48.0,77.0,351.0,0.0031428571428571426,0.017,0.022571428571428572,12,겨울,2021,4. 겨울 (12~2월)
2021-12-29,2.4,9.5,-5.0,65.6,0.0,1.3,4.1,1.4,42.0,28.0,0.03,0.016,0.5,0.001,14.5,0.3999999999999999,0.29999999999999716,11.576844705416889,0.0,1,0,4.0,15.0,0,0,0.0,7.0,0.0,0.0,0,0,0,0.0,0.0,0,0.0,10.0,0,0.0,70.0,134.0,343.0,0.002857142857142857,0.015571428571428571,0.02442857142857143,12,겨울,2021,4. 겨울 (12~2월)
2021-12-30,0.5,3.9,-2.1,45.6,0.0,4.3,7.2,0.0,25.0,12.0,0.035,0.008,0.4,0.003,6.0,1.9,19.999999999999993,11.461384442262593,0.0,0,0,3.0,15.0,0,0,0.0,7.0,0.0,0.0,0,0,0,0.0,0.0,0,0.0,10.0,0,0.0,37.0,155.0,306.0,0.002857142857142857,0.012857142857142857,0.027714285714285716,12,겨울,2021,4. 겨울 (12~2월)
2021-12-31,-2.9,1.2,-5.6,32.5,0.0,4.9,7.3,-1.6,17.0,6.0,0.035,0.008,0.4,0.003,6.8,3.4,13.100000000000001,16.669433103738342,0.0,0,0,2.0,15.0,0,0,0.0,7.0,0.0,0.0,0,0,0,0.0,0.0,0,0.0,10.0,0,0.0,23.0,130.0,231.0,0.0028571428571428576,0.010714285714285716,0.030428571428571426,12,겨울,2021,4. 겨울 (12~2월)
2022-01-01,-3.5,3.5,-9.4,36.9,0.0,1.3,7.3,-1.8,15.0,8.0,0.026,0.015,0.4,0.003,12.9,0.6000000000000001,4.399999999999999,6.666583332813221,0.0,0,0,2.0,15.0,0,0,0.0,7.0,0.0,0.0,0,0,0,0.0,0.0,0,0.0,10.0,0,0.0,23.0,83.0,230.0,0.002857142857142857,0.011857142857142858,0.02957142857142857,1,겨울,2022,4. 겨울 (12~2월)
2022-01-02,-1.5,6.8,-9.5,52.1,0.0,1.3,5.4,-1.3,42.0,27.0,0.02,0.021,0.6,0.003,16.3,2.0,15.200000000000003,10.283968105746402,0.0,0,0,2.0,14.0,0,0,0.0,6.0,0.0,0.0,0,0,0,0.0,0.0,0,0.0,9.0,0,0.0,69.0,115.0,286.0,0.002857142857142857,0.013857142857142858,0.028,1,겨울,2022,4. 겨울 (12~2월)
2022-01-03,-1.8,6.0,-9.6,53.0,0.0,1.6,7.0,-1.7,38.0,24.0,0.02,0.022,0.5,0.003,15.6,0.30000000000000004,0.8999999999999986,9.046730532813559,0.0,0,0,2.0,13.0,0,0,0.0,5.0,0.0,0.0,0,0,0,0.0,0.0,0,0.0,8.0,0,0.0,62.0,154.0,332.0,0.002857142857142857,0.015714285714285715,0.02628571428571429,1,겨울,2022,4. 겨울 (12~2월)
2022-01-04,1.8,7.4,-6.2,39.8,0.0,1.9,7.0,0.8,27.0,16.0,0.026,0.018,0.4,0.003,13.600000000000001,3.6,13.200000000000003,7.374957626997431,0.0,0,0,1.0,12.0,0,0,0.0,5.0,0.0,0.0,0,0,0,0.0,0.0,0,0.0,7.0,0,0.0,43.0,174.0,327.0,0.0027142857142857147,0.015428571428571429,0.02742857142857143,1,겨울,2022,4. 겨울 (12~2월)
2022-01-05,-0.5,6.5,-8.7,63.0,0.0,0.4,1.3,0.0,33.0,20.0,0.011,0.027,0.6,0.003,15.2,2.3,23.200000000000003,11.636723479284884,0.0,1,0,1.0,12.0,0,0,0.0,4.0,0.0,0.0,0,0,0,0.0,0.0,0,0.0,6.0,0,0.0,53.0,158.0,310.0,0.003,0.016999999999999998,0.024714285714285716,1,겨울,2022,4. 겨울 (12~2월)
2022-01-06,1.3,8.1,-6.0,50.5,0.0,1.7,7.3,1.3,31.0,20.0,0.019,0.023,0.5,0.003,14.1,1.8,12.5,11.61163209889148,0.0,0,0,1.0,11.0,0,0,0.0,3.0,0.0,0.0,0,0,0,0.0,0.0,0,0.0,5.0,0,0.0,51.0,147.0,324.0,0.003,0.019142857142857145,0.02242857142857143,1,겨울,2022,4. 겨울 (12~2월)
2022-01-07,-2.5,7.7,-9.6,50.6,0.0,0.6,7.3,-1.0,45.0,30.0,0.012,0.03,0.6,0.003,17.3,3.8,0.10000000000000142,7.188184749991204,0.0,0,0,1.0,10.0,0,0,0.0,2.0,0.0,0.0,0,0,0,0.0,0.0,0,0.0,4.0,0,0.0,75.0,179.0,376.0,0.003,0.022285714285714287,0.019142857142857145,1,겨울,2022,4. 겨울 (12~2월)
2022-01-08,-0.5,8.4,-9.7,53.3,0.0,1.6,7.2,-0.8,39.0,26.0,0.022,0.022,0.6,0.004,18.1,2.0,2.6999999999999957,1.5885003409946619,0.0,0,0,1.0,9.0,0,0,0.0,1.0,0.0,0.0,0,0,0,0.0,0.0,0,0.0,3.0,0,0.0,65.0,191.0,418.0,0.0031428571428571426,0.023285714285714288,0.018571428571428572,1,겨울,2022,4. 겨울 (12~2월)
2022-01-09,0.7,8.7,-4.9,69.6,0.0,0.7,5.4,0.5,76.0,58.0,0.021,0.024,0.7,0.004,13.6,1.2,16.299999999999997,10.2792671593523,0.0,1,0,2.0,10.0,0,0,0.0,1.0,0.0,0.0,0,0,0,0.0,0.0,0,0.0,3.0,0,0.0,134.0,274.0,483.0,0.0032857142857142855,0.023714285714285712,0.018714285714285715,1,겨울,2022,4. 겨울 (12~2월)
2022-01-10,1.4,10.0,-6.9,64.9,0.0,0.7,6.4,1.4,91.0,68.0,0.018,0.025,0.7,0.003,16.9,0.7,4.699999999999989,8.389874850079964,0.0,1,0,3.0,11.0,0,0,0.0,1.0,0.0,0.0,0,0,0,0.0,0.0,0,0.0,3.0,0,0.0,159.0,358.0,580.0,0.0032857142857142855,0.02414285714285714,0.01842857142857143,1,겨울,2022,4. 겨울 (12~2월)
2022-01-11,-1.5,4.1,-6.2,44.1,0.0,4.5,7.0,0.4,33.0,20.0,0.032,0.01,0.5,0.003,10.3,2.9,20.800000000000004,13.570679177304955,0.0,0,0,3.0,11.0,0,0,0.0,1.0,0.0,0.0,0,0,0,0.0,0.0,0,0.0,3.0,0,0.0,53.0,346.0,590.0,0.0032857142857142855,0.023,0.019285714285714288,1,겨울,2022,4. 겨울 (12~2월)
2022-01-12,-3.7,1.2,-8.2,40.4,0.0,3.3,7.3,-2.1,19.0,10.0,0.03,0.011,0.4,0.003,9.399999999999999,2.2,3.700000000000003,13.20719500878242,0.0,0,0,2.0,10.0,0,0,0.0,1.0,0.0,0.0,0,0,0,0.0,0.0,0,0.0,2.0,0,0.0,29.0,241.0,566.0,0.0032857142857142855,0.020714285714285716,0.022,1,겨울,2022,4. 겨울 (12~2월)
2022-01-13,-3.4,0.7,-6.3,41.8,0.0,4.2,6.4,-2.3,24.0,11.0,0.03,0.011,0.4,0.003,7.0,0.30000000000000027,1.3999999999999986,1.8681541692293266,0.0,0,0,2.0,9.0,0,0,0.0,0.0,0.0,0.0,0,0,0,0.0,0.0,0,0.0,1.0,0,0.0,35.0,117.0,550.0,0.0032857142857142855,0.018999999999999996,0.023571428571428573,1,겨울,2022,4. 겨울 (12~2월)
2022-01-14,-3.9,3.4,-8.5,37.9,0.0,2.0,7.4,-2.5,23.0,12.0,0.023,0.019,0.5,0.003,11.9,0.5,3.8999999999999986,1.9756855350340277,0.0,0,0,2.0,9.0,0,0,0.0,0.0,0.0,0.0,0,0,0,0.0,0.0,0,0.0,1.0,0,0.0,35.0,99.0,510.0,0.0032857142857142855,0.01742857142857143,0.02514285714285714,1,겨울,2022,4. 겨울 (12~2월)
2022-01-15,-1.5,7.5,-7.7,49.0,0.0,0.9,6.3,-0.9,34.0,20.0,0.014,0.026,0.6,0.004,15.2,2.4,11.100000000000001,5.631163290121211,0.0,0,0,2.0,9.0,0,0,0.0,0.0,0.0,0.0,0,0,0,0.0,0.0,0,0.0,1.0,0,0.0,54.0,124.0,499.0,0.0032857142857142855,0.018,0.024,1,겨울,2022,4. 겨울 (12~2월)
2022-01-16,1.0,7.5,-5.4,48.6,0.0,2.5,5.8,0.3,34.0,21.0,0.025,0.017,0.5,0.003,12.9,2.5,0.3999999999999986,6.296295206972242,0.0,0,0,1.0,9.0,0,0,0.0,0.0,0.0,0.0,0,0,0,0.0,0.0,0,0.0,1.0,0,0.0,55.0,144.0,420.0,0.003142857142857143,0.017,0.02457142857142857,1,겨울,2022,4. 겨울 (12~2월)
2022-01-17,-0.8,3.5,-4.6,45.5,0.0,3.9,6.7,-0.4,17.0,8.0,0.034,0.009,0.4,0.003,8.1,1.8,3.1000000000000014,1.9157244060688239,0.0,0,0,0.0,8.0,0,0,0.0,0.0,0.0,0.0,0,0,0,0.0,0.0,0,0.0,1.0,0,0.0,25.0,134.0,286.0,0.003142857142857143,0.014714285714285713,0.026857142857142857,1,겨울,2022,4. 겨울 (12~2월)
2022-01-18,-4.0,2.7,-9.0,35.9,0.0,2.2,7.5,-2.1,22.0,12.0,0.027,0.015,0.5,0.003,11.7,3.2,9.600000000000001,6.621429855653683,0.0,0,0,0.0,7.0,0,0,0.0,0.0,0.0,0.0,0,0,0,0.0,0.0,0,0.0,0.0,0,0.0,34.0,114.0,267.0,0.0031428571428571426,0.015428571428571429,0.02614285714285714,1,겨울,2022,4. 겨울 (12~2월)
2022-01-19,-2.5,5.5,-10.8,52.6,0.0,1.3,7.5,-1.2,48.0,31.0,0.02,0.025,0.6,0.004,16.3,1.5,16.700000000000003,8.381129597693956,0.0,0,0,0.0,7.0,0,0,0.0,0.0,0.0,0.0,0,0,0,0.0,0.0,0,0.0,0.0,0,0.0,79.0,138.0,317.0,0.0032857142857142855,0.01742857142857143,0.024714285714285713,1,겨울,2022,4. 겨울 (12~2월)
2022-01-20,-2.2,4.9,-7.1,52.5,0.0,1.5,7.6,-1.0,34.0,25.0,0.026,0.018,0.5,0.003,12.0,0.2999999999999998,0.10000000000000142,9.613012014972616,0.0,0,0,0.0,6.0,0,0,0.0,0.0,0.0,0.0,0,0,0,0.0,0.0,0,0.0,0.0,0,0.0,59.0,172.0,341.0,0.0032857142857142855,0.01842857142857143,0.024142857142857143,1,겨울,2022,4. 겨울 (12~2월)
2022-01-21,-2.9,6.8,-11.1,64.1,0.0,0.4,7.7,-1.5,27.0,17.0,0.014,0.026,0.6,0.004,17.9,0.6999999999999997,11.599999999999994,6.668583057892134,0.0,1,0,1.0,6.0,0,0,0.0,0.0,0.0,0.0,0,0,0,0.0,0.0,0,0.0,0.0,0,0.0,44.0,182.0,350.0,0.003428571428571429,0.01942857142857143,0.022857142857142857,1,겨울,2022,4. 겨울 (12~2월)
2022-01-22,1.1,10.2,-8.0,65.8,0.0,0.3,5.8,1.5,37.0,24.0,0.014,0.028,0.6,0.004,18.2,4.0,1.7000000000000028,7.238093671679385,0.0,1,0,2.0,7.0,0,0,0.0,0.0,0.0,0.0,0,0,0,0.0,0.0,0,0.0,0.0,0,0.0,61.0,164.0,357.0,0.003428571428571429,0.019714285714285712,0.022857142857142857,1,겨울,2022,4. 겨울 (12~2월)
2022-01-23,5.6,12.6,-0.4,65.6,0.0,0.9,3.9,5.9,38.0,25.0,0.024,0.018,0.5,0.004,13.0,4.5,0.20000000000000284,0.9291573243201107,0.0,1,0,3.0,8.0,0,0,0.0,0.0,0.0,0.0,0,0,0,0.0,0.0,0,0.0,0.0,0,0.0,63.0,168.0,365.0,0.0035714285714285718,0.019857142857142854,0.022714285714285715,1,겨울,2022,4. 겨울 (12~2월)
2022-01-24,4.1,6.4,-1.0,63.6,0.0,1.8,0.0,3.1,16.0,8.0,0.036,0.011,0.4,0.003,7.4,1.5,1.999999999999993,1.2165525060614548,0.0,1,0,4.0,9.0,0,0,0.0,0.0,0.0,0.0,0,0,0,0.0,0.0,0,0.0,0.0,0,0.0,24.0,148.0,364.0,0.0035714285714285718,0.02014285714285714,0.023,1,겨울,2022,4. 겨울 (12~2월)
2022-01-25,3.8,7.6,-1.0,70.9,0.0,0.9,0.1,4.2,27.0,15.0,0.02,0.02,0.5,0.003,8.6,0.2999999999999998,7.300000000000004,3.7722672227725416,0.0,1,0,5.0,9.0,0,0,0.0,0.0,0.0,0.0,0,0,0,0.0,0.0,1,1.0,1.0,1,0.003,42.0,129.0,372.0,0.0035714285714285718,0.020857142857142855,0.022,1,겨울,2022,4. 겨울 (12~2월)
2022-01-26,2.7,8.2,-2.9,60.4,0.0,2.2,6.5,2.1,58.0,44.0,0.035,0.015,0.6,0.003,11.1,1.0999999999999996,10.500000000000007,5.381759315812793,0.0,1,0,6.0,9.0,0,0,0.0,0.0,0.0,0.0,0,0,0,0.0,0.0,0,1.0,1.0,0,0.0,102.0,168.0,395.0,0.003428571428571429,0.01942857142857143,0.024142857142857143,1,겨울,2022,4. 겨울 (12~2월)
2022-01-27,2.0,9.3,-4.2,46.5,0.0,1.3,7.6,1.8,59.0,43.0,0.025,0.021,0.6,0.004,13.5,0.7000000000000002,13.899999999999999,12.239417197454255,0.0,0,0,6.0,9.0,0,0,0.0,0.0,0.0,0.0,0,0,0,0.0,0.0,0,1.0,1.0,0,0.0,102.0,246.0,438.0,0.0035714285714285713,0.019857142857142858,0.023999999999999997,1,겨울,2022,4. 겨울 (12~2월)
2022-01-28,1.7,6.6,-1.2,31.4,0.0,3.0,6.7,1.9,28.0,17.0,0.037,0.01,0.4,0.004,7.8,0.30000000000000004,15.100000000000001,14.504137340773088,0.0,0,0,5.0,9.0,0,0,0.0,0.0,0.0,0.0,0,0,0,0.0,0.0,0,1.0,1.0,0,0.0,45.0,249.0,439.0,0.0035714285714285713,0.017571428571428575,0.027285714285714285,1,겨울,2022,4. 겨울 (12~2월)
2022-01-29,0.6,5.2,-2.5,33.6,0.0,2.9,6.8,1.2,20.0,12.0,0.036,0.009,0.4,0.003,7.7,1.1,2.200000000000003,8.157409719595027,0.0,0,0,4.0,9.0,0,0,0.0,0.0,0.0,0.0,0,0,0,0.0,0.0,0,1.0,1.0,0,0.0,32.0,179.0,410.0,0.003428571428571429,0.014857142857142857,0.030428571428571426,1,겨울,2022,4. 겨울 (12~2월)
2022-01-30,0.5,6.9,-4.6,32.9,0.0,2.0,7.5,0.9,23.0,12.0,0.036,0.01,0.4,0.003,11.5,0.09999999999999998,0.7000000000000028,1.1239810200107154,0.0,0,0,3.0,9.0,0,0,0.0,0.0,0.0,0.0,0,0,0,0.0,0.0,0,1.0,1.0,0,0.0,35.0,112.0,382.0,0.0032857142857142863,0.013714285714285712,0.03214285714285714,1,겨울,2022,4. 겨울 (12~2월)
2022-01-31,-0.4,7.4,-6.7,36.4,0.0,1.5,7.9,-0.6,23.0,14.0,0.03,0.015,0.4,0.004,14.100000000000001,0.9,3.5,1.8520259177480904,0.0,0,0,2.0,9.0,0,0,0.0,0.0,0.0,0.0,0,0,0,0.0,0.0,0,1.0,1.0,0,0.0,37.0,104.0,395.0,0.003428571428571429,0.014285714285714285,0.031285714285714285,1,겨울,2022,4. 겨울 (12~2월)
2022-02-01,0.5,4.9,-6.6,53.8,0.0,2.9,2.0,0.2,39.0,26.0,0.035,0.01,0.5,0.003,11.5,0.9,17.4,11.193897146809173,0.0,0,0,1.0,9.0,0,0,0.0,0.0,0.0,0.0,0,0,0,0.0,0.0,0,0.0,1.0,0,0.0,65.0,137.0,418.0,0.003428571428571429,0.012857142857142857,0.033428571428571426,2,겨울,2022,4. 겨울 (12~2월)
2022-02-02,0.1,5.0,-2.8,44.1,0.0,3.2,2.1,-0.1,31.0,24.0,0.04,0.007,0.4,0.003,7.8,0.4,9.699999999999996,8.719136042827966,0.0,0,0,0.0,8.0,0,0,0.0,0.0,0.0,0.0,0,0,0,0.0,0.0,0,0.0,1.0,0,0.0,55.0,157.0,371.0,0.003428571428571429,0.011714285714285715,0.03414285714285714,2,겨울,2022,4. 겨울 (12~2월)
2022-02-03,0.1,5.2,-3.2,40.0,0.0,2.6,7.1,0.2,17.0,11.0,0.039,0.009,0.4,0.003,8.4,0.0,4.100000000000001,7.086842268129117,0.0,0,0,0.0,8.0,0,0,0.0,0.0,0.0,0.0,0,0,0,0.0,0.0,0,0.0,1.0,0,0.0,28.0,148.0,297.0,0.0032857142857142855,0.01,0.03614285714285714,2,겨울,2022,4. 겨울 (12~2월)
2022-02-04,-1.1,4.4,-4.5,41.6,0.0,3.6,7.7,-0.7,24.0,14.0,0.039,0.009,0.4,0.003,8.9,1.2000000000000002,1.6000000000000014,2.066397831979344,0.0,0,0,0.0,8.0,0,0,0.0,0.0,0.0,0.0,0,0,0,0.0,0.0,0,0.0,1.0,0,0.0,38.0,121.0,290.0,0.003142857142857143,0.009857142857142858,0.03642857142857143,2,겨울,2022,4. 겨울 (12~2월)
2022-02-05,-3.3,0.8,-6.9,45.4,0.0,4.3,8.2,-1.4,23.0,10.0,0.039,0.006,0.4,0.003,7.7,2.1999999999999997,3.799999999999997,2.7736858750302216,0.0,0,0,0.0,8.0,0,0,0.0,0.0,0.0,0.0,0,0,0,0.0,0.0,0,0.0,1.0,0,0.0,33.0,99.0,291.0,0.003142857142857143,0.009428571428571429,0.03685714285714286,2,겨울,2022,4. 겨울 (12~2월)
2022-02-06,-1.6,3.5,-6.4,44.3,0.0,3.4,7.9,-1.9,22.0,9.0,0.039,0.006,0.4,0.003,9.9,1.6999999999999997,1.1000000000000014,1.9553345834771807,0.0,0,0,0.0,7.0,0,0,0.0,0.0,0.0,0.0,0,0,0,0.0,0.0,0,0.0,1.0,0,0.0,31.0,102.0,287.0,0.0031428571428571426,0.008857142857142857,0.03728571428571429,2,겨울,2022,4. 겨울 (12~2월)
2022-02-07,-0.1,4.0,-4.8,37.1,0.0,2.4,6.1,0.1,19.0,10.0,0.036,0.01,0.4,0.004,8.8,1.5,7.199999999999996,4.508140784552115,0.0,0,0,0.0,6.0,0,0,0.0,0.0,0.0,0.0,0,0,0,0.0,0.0,0,0.0,1.0,0,0.0,29.0,93.0,279.0,0.0031428571428571426,0.008142857142857143,0.038142857142857145,2,겨울,2022,4. 겨울 (12~2월)
2022-02-08,0.0,6.6,-5.1,42.1,0.0,1.6,6.1,1.2,32.0,19.0,0.025,0.021,0.5,0.004,11.7,0.1,5.0,3.6896250938736816,0.0,0,0,0.0,6.0,0,0,0.0,0.0,0.0,0.0,0,0,0,0.0,0.0,0,0.0,1.0,0,0.0,51.0,111.0,265.0,0.0032857142857142855,0.009714285714285715,0.03671428571428571,2,겨울,2022,4. 겨울 (12~2월)
2022-02-09,0.8,9.5,-8.7,54.9,0.0,0.4,8.3,1.8,35.0,23.0,0.019,0.025,0.5,0.004,18.2,0.8,12.799999999999997,9.180413934023258,0.0,0,0,0.0,6.0,0,0,0.0,0.0,0.0,0.0,0,0,0,0.0,0.0,0,0.0,1.0,0,0.0,58.0,138.0,268.0,0.003428571428571429,0.012285714285714285,0.03371428571428572,2,겨울,2022,4. 겨울 (12~2월)
2022-02-10,2.8,10.8,-3.6,48.6,0.0,1.2,8.4,4.0,35.0,24.0,0.02,0.025,0.5,0.003,14.4,1.9999999999999998,6.299999999999997,6.400260411369296,0.0,0,0,0.0,6.0,0,0,0.0,0.0,0.0,0.0,0,0,0,0.0,0.0,0,0.0,1.0,0,0.0,59.0,168.0,299.0,0.003428571428571429,0.014571428571428572,0.031,2,겨울,2022,4. 겨울 (12~2월)
2022-02-11,0.8,11.5,-7.2,50.9,0.0,0.8,8.9,1.7,54.0,38.0,0.02,0.027,0.6,0.003,18.7,1.9999999999999998,2.299999999999997,3.1879983270605083,0.0,0,0,0.0,6.0,0,0,0.0,0.0,0.0,0.0,0,0,0,0.0,0.0,0,0.0,1.0,0,0.0,92.0,209.0,353.0,0.003428571428571429,0.017142857142857144,0.028285714285714282,2,겨울,2022,4. 겨울 (12~2월)
2022-02-12,2.6,12.2,-4.8,61.9,0.0,1.0,8.6,3.0,62.0,43.0,0.027,0.023,0.6,0.003,17.0,1.8,11.0,7.1084456810196475,0.0,1,0,1.0,7.0,0,0,0.0,0.0,0.0,0.0,0,0,0,0.0,0.0,0,0.0,1.0,0,0.0,105.0,256.0,425.0,0.003428571428571429,0.019571428571428573,0.026571428571428572,2,겨울,2022,4. 겨울 (12~2월)
2022-02-13,3.8,11.6,-3.0,75.6,0.0,0.8,3.9,4.2,44.0,32.0,0.028,0.015,0.5,0.002,14.6,1.1999999999999997,13.699999999999996,12.374570699624512,0.0,1,0,2.0,8.0,1,0,1.0,1.0,0.0,0.0,1,0,0,0.0,0.0,1,1.0,2.0,1,0.002,76.0,273.0,470.0,0.0032857142857142855,0.020857142857142855,0.025,2,겨울,2022,4. 겨울 (12~2월)
2022-02-14,5.7,12.8,-0.5,63.4,0.0,1.2,4.6,4.4,32.0,21.0,0.03,0.016,0.5,0.003,13.3,1.9000000000000004,12.199999999999996,7.514208762959556,0.0,1,0,3.0,9.0,0,0,1.0,1.0,0.0,0.0,0,0,0,0.0,0.0,0,1.0,2.0,0,0.0,53.0,234.0,494.0,0.003142857142857143,0.021714285714285714,0.024142857142857143,2,겨울,2022,4. 겨울 (12~2월)
2022-02-15,0.1,5.1,-5.0,46.6,0.0,4.5,8.5,2.4,32.0,19.0,0.04,0.006,0.4,0.002,10.1,5.6000000000000005,16.799999999999997,14.560677639908759,0.0,0,0,3.0,9.0,0,0,1.0,1.0,0.0,0.0,0,0,0,0.0,0.0,0,1.0,2.0,0,0.0,51.0,180.0,494.0,0.002857142857142857,0.019571428571428573,0.026285714285714284,2,겨울,2022,4. 겨울 (12~2월)
2022-02-16,-3.8,0.8,-6.3,43.1,0.0,4.3,9.1,-0.9,22.0,12.0,0.038,0.006,0.4,0.002,7.1,3.9,3.5,10.851881557284925,0.0,0,0,3.0,9.0,0,0,1.0,1.0,0.0,0.0,0,0,0,0.0,0.0,0,1.0,2.0,0,0.0,34.0,138.0,470.0,0.0025714285714285717,0.01685714285714286,0.028999999999999998,2,겨울,2022,4. 겨울 (12~2월)
2022-02-17,-5.2,1.1,-9.5,36.8,0.0,2.7,9.3,-1.3,22.0,13.0,0.031,0.013,0.4,0.002,10.6,1.4000000000000004,6.300000000000004,4.966219219219198,0.0,0,0,3.0,9.0,0,0,1.0,1.0,0.0,0.0,0,0,0,0.0,0.0,0,1.0,2.0,0,0.0,35.0,120.0,446.0,0.002428571428571429,0.015142857142857142,0.030571428571428572,2,겨울,2022,4. 겨울 (12~2월)
2022-02-18,-2.2,7.9,-12.6,52.5,0.0,0.6,8.9,1.0,30.0,19.0,0.018,0.023,0.5,0.003,20.5,3.0,15.700000000000003,7.900843836789954,0.0,0,0,3.0,8.0,0,0,1.0,1.0,0.0,0.0,0,0,0,0.0,0.0,0,1.0,2.0,0,0.0,49.0,118.0,403.0,0.002428571428571429,0.014571428571428572,0.030285714285714287,2,겨울,2022,4. 겨울 (12~2월)
2022-02-19,1.8,6.7,-1.9,52.5,0.0,2.1,3.1,4.3,35.0,25.0,0.025,0.018,0.5,0.003,8.6,4.0,0.0,9.064399226277564,0.0,0,0,2.0,7.0,0,0,1.0,1.0,0.0,0.0,0,0,0,0.0,0.0,0,1.0,2.0,0,0.0,60.0,144.0,358.0,0.002428571428571429,0.013857142857142856,0.03,2,겨울,2022,4. 겨울 (12~2월)
2022-02-20,-2.3,2.7,-6.2,34.1,0.0,3.9,9.3,0.1,24.0,13.0,0.04,0.006,0.4,0.002,8.9,4.1,18.4,10.623244953089113,0.0,0,0,1.0,6.0,0,0,0.0,1.0,0.0,0.0,0,0,0,0.0,0.0,0,0.0,2.0,0,0.0,37.0,146.0,319.0,0.002428571428571429,0.01257142857142857,0.03171428571428571,2,겨울,2022,4. 겨울 (12~2월)
2022-02-21,0.6,6.9,-6.6,42.5,0.0,2.5,8.4,1.3,26.0,14.0,0.038,0.009,0.4,0.003,13.5,2.9,8.399999999999999,9.211586906355132,0.0,0,0,0.0,5.0,0,0,0.0,1.0,0.0,0.0,0,0,0,0.0,0.0,0,0.0,2.0,0,0.0,40.0,137.0,306.0,0.002428571428571429,0.01157142857142857,0.032857142857142856,2,겨울,2022,4. 겨울 (12~2월)
2022-02-22,-0.7,3.9,-4.2,36.3,0.0,3.4,9.5,-1.1,24.0,13.0,0.034,0.008,0.4,0.003,8.1,1.2999999999999998,6.200000000000003,4.3558389930452295,0.0,0,0,0.0,4.0,0,0,0.0,1.0,0.0,0.0,0,0,0,0.0,0.0,0,0.0,1.0,0,0.0,37.0,114.0,292.0,0.0025714285714285713,0.011857142857142858,0.032,2,겨울,2022,4. 겨울 (12~2월)
2022-02-23,-2.3,2.8,-6.5,32.8,0.0,3.0,7.6,0.4,22.0,12.0,0.032,0.009,0.4,0.003,9.3,1.5999999999999999,3.5,4.91222963632605,0.0,0,0,0.0,3.0,0,0,0.0,1.0,0.0,0.0,0,0,0,0.0,0.0,0,0.0,1.0,0,0.0,34.0,111.0,292.0,0.0027142857142857147,0.012285714285714285,0.031142857142857142,2,겨울,2022,4. 겨울 (12~2월)
2022-02-24,-0.1,6.6,-7.2,30.4,0.0,3.1,9.9,0.5,22.0,12.0,0.035,0.01,0.4,0.003,13.8,2.1999999999999997,2.3999999999999986,2.9670411748631427,0.0,0,0,0.0,3.0,0,0,0.0,1.0,0.0,0.0,0,0,0,0.0,0.0,0,0.0,1.0,0,0.0,34.0,105.0,291.0,0.002857142857142857,0.011857142857142856,0.031714285714285716,2,겨울,2022,4. 겨울 (12~2월)
2022-02-25,4.8,11.1,-1.5,43.0,0.0,2.9,9.6,4.6,55.0,36.0,0.044,0.011,0.5,0.004,12.6,4.8999999999999995,12.600000000000001,6.690291473471088,0.0,0,0,0.0,3.0,0,0,0.0,1.0,0.0,0.0,0,0,0,0.0,0.0,0,0.0,1.0,0,0.0,91.0,159.0,333.0,0.003,0.010142857142857143,0.03542857142857143,2,겨울,2022,4. 겨울 (12~2월)
2022-02-26,6.3,13.9,-4.5,50.9,0.0,2.1,8.3,6.7,86.0,59.0,0.04,0.018,0.5,0.004,18.4,1.5,7.899999999999999,10.339406817285662,0.0,0,0,0.0,3.0,0,0,0.0,1.0,0.0,0.0,0,0,0,0.0,0.0,0,0.0,1.0,0,0.0,145.0,270.0,418.0,0.003142857142857143,0.010142857142857143,0.037571428571428575,2,겨울,2022,4. 겨울 (12~2월)
2022-02-27,5.2,12.3,-1.1,36.3,0.0,3.3,10.2,5.7,42.0,22.0,0.035,0.011,0.5,0.003,13.4,1.0999999999999996,14.600000000000001,7.308214556237375,0.0,0,0,0.0,3.0,0,0,0.0,1.0,0.0,0.0,0,0,0,0.0,0.0,0,0.0,1.0,0,0.0,64.0,300.0,445.0,0.0032857142857142855,0.010857142857142857,0.03685714285714286,2,겨울,2022,4. 겨울 (12~2월)
2022-02-28,4.8,14.2,-5.2,39.3,0.0,0.6,4.9,4.4,43.0,21.0,0.016,0.03,0.6,0.004,19.4,0.40000000000000036,3.0,7.710598766200532,0.0,0,0,0.0,3.0,0,0,0.0,1.0,0.0,0.0,0,0,0,0.0,0.0,0,0.0,1.0,0,0.0,64.0,273.0,469.0,0.003428571428571429,0.013857142857142856,0.03371428571428572,2,겨울,2022,4. 겨울 (12~2월)
2022-03-01,8.3,16.3,0.4,54.3,0.0,2.1,4.7,9.8,50.0,32.0,0.03,0.018,0.5,0.004,15.9,3.500000000000001,15.0,9.643650760992946,0.0,0,0,0.0,3.0,0,0,0.0,1.0,0.0,0.0,0,0,0,0.0,0.0,0,0.0,1.0,0,0.0,82.0,210.0,514.0,0.0035714285714285718,0.015285714285714286,0.03314285714285715,3,봄,2022,1. 봄 (3~5월)
2022-03-02,5.9,12.6,0.0,38.4,0.0,3.2,10.7,7.5,26.0,17.0,0.036,0.008,0.4,0.003,12.6,2.4000000000000004,15.899999999999999,8.931405264570623,0.0,0,0,0.0,3.0,0,0,0.0,1.0,0.0,0.0,0,0,0,0.0,0.0,0,0.0,1.0,0,0.0,43.0,189.0,523.0,0.0035714285714285713,0.01514285714285714,0.03371428571428572,3,봄,2022,1. 봄 (3~5월)
2022-03-03,6.7,14.6,0.1,47.0,0.0,2.1,10.6,7.4,41.0,22.0,0.036,0.017,0.5,0.003,14.5,0.7999999999999998,8.600000000000001,7.958852513606038,0.0,0,0,0.0,3.0,0,0,0.0,1.0,0.0,0.0,0,0,0,0.0,0.0,0,0.0,1.0,0,0.0,63.0,188.0,552.0,0.0035714285714285718,0.016142857142857143,0.033857142857142856,3,봄,2022,1. 봄 (3~5월)
2022-03-04,7.3,15.8,-3.6,57.0,0.0,1.5,6.3,8.7,79.0,36.0,0.041,0.018,0.6,0.003,19.400000000000002,0.5999999999999996,10.0,9.308777220093582,0.0,0,0,0.0,3.0,0,0,0.0,1.0,0.0,0.0,0,0,0,0.0,0.0,0,0.0,1.0,0,0.0,115.0,221.0,576.0,0.003428571428571429,0.017142857142857144,0.033428571428571426,3,봄,2022,1. 봄 (3~5월)
2022-03-05,6.7,10.6,0.8,27.9,0.0,4.8,10.5,8.8,106.0,18.0,0.046,0.005,0.4,0.003,9.799999999999999,0.5999999999999996,29.1,14.785240388080716,0.0,0,0,0.0,3.0,0,0,0.0,1.0,0.0,0.0,0,0,0,0.0,0.0,0,0.0,1.0,0,0.0,124.0,302.0,555.0,0.0032857142857142855,0.015285714285714286,0.03428571428571429,3,봄,2022,1. 봄 (3~5월)
2022-03-06,3.0,10.0,-1.8,34.6,0.0,2.4,11.0,5.8,36.0,9.0,0.041,0.007,0.4,0.003,11.8,3.7,6.700000000000003,15.239531926320218,0.0,0,0,0.0,3.0,0,0,0.0,1.0,0.0,0.0,0,0,0,0.0,0.0,0,0.0,1.0,0,0.0,45.0,284.0,536.0,0.0032857142857142855,0.014714285714285716,0.03514285714285714,3,봄,2022,1. 봄 (3~5월)
2022-03-07,3.7,12.6,-4.8,41.4,0.0,1.0,9.0,7.2,42.0,24.0,0.028,0.018,0.5,0.002,17.4,0.7000000000000002,6.799999999999997,6.750061728112807,0.0,0,0,0.0,3.0,0,0,0.0,1.0,0.0,0.0,0,0,0,0.0,0.0,0,0.0,1.0,0,0.0,66.0,235.0,538.0,0.003,0.013,0.03685714285714286,3,봄,2022,1. 봄 (3~5월)
2022-03-08,5.1,15.1,-4.2,43.3,0.0,0.9,10.6,7.8,55.0,28.0,0.027,0.023,0.5,0.003,19.3,1.3999999999999995,1.8999999999999986,4.5742030271221275,0.0,0,0,0.0,3.0,0,0,0.0,1.0,0.0,0.0,0,0,0,0.0,0.0,0,0.0,1.0,0,0.0,83.0,194.0,539.0,0.002857142857142857,0.013714285714285715,0.03642857142857143,3,봄,2022,1. 봄 (3~5월)
2022-03-09,6.3,16.0,-2.3,62.5,0.0,1.2,10.4,9.5,67.0,40.0,0.039,0.017,0.6,0.003,18.3,1.2000000000000002,19.200000000000003,11.672331957810886,0.0,1,0,1.0,4.0,0,0,0.0,1.0,0.0,0.0,0,0,0,0.0,0.0,0,0.0,1.0,0,0.0,107.0,256.0,603.0,0.002857142857142857,0.015,0.03685714285714286,3,봄,2022,1. 봄 (3~5월)
2022-03-10,7.6,18.2,-0.7,60.5,0.0,0.7,4.2,7.9,71.0,46.0,0.025,0.024,0.6,0.003,18.9,1.2999999999999998,2.0,10.555251457607886,0.0,1,0,2.0,5.0,0,0,0.0,1.0,0.0,0.0,0,0,0,0.0,0.0,0,0.0,1.0,0,0.0,117.0,307.0,657.0,0.0028571428571428576,0.015999999999999997,0.03528571428571429,3,봄,2022,1. 봄 (3~5월)
2022-03-11,10.2,19.0,-0.4,59.0,0.0,0.9,6.7,12.4,61.0,38.0,0.031,0.025,0.6,0.003,19.4,2.5999999999999996,1.5,1.7559422921421426,0.0,0,0,2.0,5.0,0,0,0.0,1.0,0.0,0.0,0,0,0,0.0,0.0,0,0.0,1.0,0,0.0,99.0,323.0,641.0,0.002857142857142857,0.017,0.033857142857142856,3,봄,2022,1. 봄 (3~5월)
2022-03-12,11.3,19.1,3.7,65.8,0.0,1.2,2.3,11.3,71.0,41.0,0.026,0.024,0.8,0.005,15.400000000000002,1.1000000000000014,6.799999999999997,3.5725807665234646,0.0,1,0,3.0,5.0,0,0,0.0,1.0,0.0,0.0,0,0,0,0.0,0.0,0,0.0,1.0,0,0.0,112.0,328.0,629.0,0.0031428571428571426,0.019714285714285715,0.031,3,봄,2022,1. 봄 (3~5월)
2022-03-13,14.2,17.8,8.8,85.4,6.9,1.5,0.0,14.0,26.0,18.0,0.036,0.009,0.5,0.003,9.0,2.8999999999999986,19.60000000000001,13.707418915803716,6.900000000000018,1,0,4.0,5.0,1,0,1.0,1.0,0.0,0.0,1,0,0,0.0,0.0,1,1.0,1.0,1,0.003,44.0,255.0,628.0,0.003142857142857143,0.019999999999999997,0.03028571428571428,3,봄,2022,1. 봄 (3~5월)
2022-03-14,10.0,13.2,8.4,85.1,0.0,2.3,0.0,9.6,12.0,7.0,0.038,0.009,0.5,0.002,4.799999999999999,4.199999999999999,0.30000000000001137,11.230464519926752,6.900000000000018,1,0,5.0,5.0,1,0,2.0,2.0,0.0,0.0,2,0,0,0.0,0.0,1,2.0,2.0,2,0.002,19.0,175.0,581.0,0.0031428571428571426,0.018714285714285715,0.03171428571428571,3,봄,2022,1. 봄 (3~5월)
2022-03-15,10.0,17.6,4.1,62.8,0.0,1.9,9.3,13.0,32.0,23.0,0.041,0.011,0.6,0.003,13.500000000000002,0.0,22.299999999999997,12.962381468439107,6.900000000000018,1,0,6.0,6.0,0,0,2.0,2.0,0.0,0.0,0,0,0,0.0,0.0,0,2.0,2.0,0,0.0,55.0,118.0,553.0,0.0031428571428571426,0.016999999999999998,0.03371428571428571,3,봄,2022,1. 봄 (3~5월)
2022-03-16,11.7,21.3,1.1,54.0,0.0,0.7,9.7,12.6,69.0,33.0,0.032,0.016,0.6,0.003,20.2,1.6999999999999993,8.799999999999997,16.0309076474166,6.900000000000018,0,0,5.0,6.0,0,0,2.0,2.0,0.0,0.0,0,0,0,0.0,0.0,0,2.0,2.0,0,0.0,102.0,176.0,548.0,0.003142857142857143,0.016857142857142855,0.03271428571428572,3,봄,2022,1. 봄 (3~5월)
2022-03-17,8.2,10.1,6.0,84.6,6.9,1.7,0.0,7.6,33.0,13.0,0.039,0.009,0.4,0.002,4.1,3.5,30.599999999999994,15.753518125591295,13.800000000000018,1,0,5.0,7.0,1,0,3.0,3.0,0.0,0.0,1,0,0,0.0,0.0,1,3.0,3.0,1,0.002,46.0,203.0,477.0,0.003,0.014714285714285716,0.03471428571428571,3,봄,2022,1. 봄 (3~5월)
2022-03-18,5.8,7.8,3.9,82.1,9.5,2.8,0.0,7.1,5.0,3.0,0.041,0.006,0.4,0.002,3.9,2.3999999999999995,2.5,16.991272269413308,23.30000000000002,1,0,6.0,8.0,1,0,4.0,4.0,0.0,0.0,2,0,0,0.0,0.0,1,4.0,4.0,2,0.002,8.0,156.0,386.0,0.002857142857142857,0.011999999999999999,0.03614285714285714,3,봄,2022,1. 봄 (3~5월)
2022-03-19,4.3,7.0,2.2,86.9,6.4,0.6,0.1,6.5,8.0,6.0,0.032,0.007,0.4,0.002,4.8,1.5,4.800000000000011,2.4006943440043194,29.700000000000017,1,0,6.0,9.0,1,0,5.0,5.0,0.0,0.0,3,0,0,0.0,0.0,1,5.0,5.0,3,0.002,14.0,68.0,288.0,0.002428571428571429,0.009571428571428573,0.037,3,봄,2022,1. 봄 (3~5월)
2022-03-20,5.0,10.5,-0.5,75.5,0.0,0.8,2.5,7.4,11.0,8.0,0.027,0.008,0.4,0.002,11.0,0.7000000000000002,11.400000000000006,5.723635208501747,22.80000000000002,1,0,6.0,10.0,1,0,5.0,6.0,0.0,0.0,4,0,0,0.0,0.0,1,5.0,6.0,4,0.002,19.0,41.0,263.0,0.002285714285714286,0.009428571428571429,0.03571428571428571,3,봄,2022,1. 봄 (3~5월)
2022-03-21,7.3,12.8,1.0,63.0,0.0,1.1,8.1,9.5,22.0,15.0,0.038,0.009,0.4,0.003,11.8,2.3,12.5,11.954218223427832,22.80000000000002,1,0,6.0,11.0,0,0,4.0,6.0,0.0,0.0,0,0,0,0.0,0.0,0,4.0,6.0,0,0.0,37.0,70.0,281.0,0.002428571428571429,0.009428571428571429,0.03571428571428571,3,봄,2022,1. 봄 (3~5월)
2022-03-22,7.3,13.4,2.6,57.0,0.0,1.7,9.4,10.4,30.0,21.0,0.037,0.011,0.4,0.003,10.8,0.0,6.0,9.438396756511866,22.80000000000002,0,0,5.0,11.0,0,0,4.0,6.0,0.0,0.0,0,0,0,0.0,0.0,0,4.0,6.0,0,0.0,51.0,107.0,277.0,0.002428571428571429,0.009428571428571429,0.03514285714285714,3,봄,2022,1. 봄 (3~5월)
2022-03-23,5.1,10.9,0.0,71.3,0.0,1.2,0.8,6.0,40.0,32.0,0.033,0.014,0.5,0.003,10.9,2.2,14.299999999999997,7.180761333823428,22.80000000000002,1,0,6.0,12.0,0,0,4.0,6.0,0.0,0.0,0,0,0,0.0,0.0,1,5.0,7.0,1,0.003,72.0,160.0,247.0,0.002428571428571429,0.009142857142857144,0.03528571428571429,3,봄,2022,1. 봄 (3~5월)
2022-03-24,7.3,16.5,-1.5,65.8,0.0,0.9,9.7,10.2,62.0,44.0,0.031,0.02,0.5,0.003,18.0,2.2,5.5,7.213182376732222,15.900000000000018,1,0,6.0,13.0,0,0,3.0,6.0,0.0,0.0,0,0,0,0.0,0.0,0,4.0,7.0,0,0.0,106.0,229.0,307.0,0.0025714285714285713,0.010714285714285714,0.03414285714285714,3,봄,2022,1. 봄 (3~5월)
2022-03-25,12.3,19.1,3.2,68.1,0.4,1.5,4.9,13.0,59.0,41.0,0.037,0.015,0.5,0.003,15.900000000000002,5.000000000000001,2.299999999999997,2.762245463386706,6.8000000000000185,1,0,6.0,14.0,0,0,2.0,6.0,0.0,0.0,0,0,0,0.0,0.0,0,3.0,7.0,0,0.0,100.0,278.0,399.0,0.0027142857142857147,0.011999999999999999,0.03357142857142857,3,봄,2022,1. 봄 (3~5월)
2022-03-26,13.8,20.8,10.1,80.9,9.1,2.6,2.6,14.2,10.0,7.0,0.039,0.008,0.4,0.003,10.700000000000001,1.5,12.800000000000011,8.135723692456658,9.500000000000018,1,0,6.0,15.0,1,0,2.0,7.0,0.0,0.0,1,0,0,0.0,0.0,1,3.0,8.0,1,0.003,17.0,223.0,402.0,0.002857142857142857,0.012142857142857144,0.03457142857142857,3,봄,2022,1. 봄 (3~5월)
2022-03-27,12.6,20.2,6.6,39.5,0.0,2.8,10.7,12.4,35.0,13.0,0.048,0.006,0.4,0.003,13.6,1.200000000000001,41.400000000000006,21.196540598251733,9.500000000000018,0,0,5.0,15.0,0,0,1.0,7.0,0.0,0.0,0,0,0,0.0,0.0,0,2.0,8.0,0,0.0,48.0,165.0,431.0,0.003,0.011857142857142856,0.037571428571428575,3,봄,2022,1. 봄 (3~5월)
2022-03-28,7.2,13.7,-0.2,50.3,0.0,1.4,10.2,11.1,18.0,8.0,0.036,0.012,0.4,0.003,13.899999999999999,5.3999999999999995,10.799999999999997,21.474636201807954,9.500000000000018,0,0,4.0,15.0,0,0,1.0,7.0,0.0,0.0,0,0,0,0.0,0.0,0,2.0,8.0,0,0.0,26.0,91.0,420.0,0.003,0.012285714285714287,0.03728571428571429,3,봄,2022,1. 봄 (3~5월)
2022-03-29,9.0,19.0,-1.3,55.1,0.0,0.7,11.3,13.0,32.0,18.0,0.03,0.019,0.4,0.003,20.3,1.7999999999999998,4.800000000000004,7.989993742175302,9.500000000000018,0,0,4.0,15.0,0,0,1.0,7.0,0.0,0.0,0,0,0,0.0,0.0,0,2.0,8.0,0,0.0,50.0,124.0,419.0,0.003,0.013428571428571429,0.03628571428571429,3,봄,2022,1. 봄 (3~5월)
2022-03-30,12.5,22.3,1.5,65.5,0.0,1.3,8.2,15.9,33.0,20.0,0.036,0.015,0.4,0.003,20.8,3.5,10.399999999999999,7.7700278849778845,9.500000000000018,1,0,4.0,16.0,0,0,1.0,7.0,0.0,0.0,0,0,0,0.0,0.0,0,1.0,8.0,0,0.0,53.0,129.0,400.0,0.003,0.013571428571428571,0.03671428571428571,3,봄,2022,1. 봄 (3~5월)
2022-03-31,9.6,12.2,6.4,71.9,0.5,2.5,0.0,11.5,15.0,8.0,0.045,0.007,0.4,0.003,5.799999999999999,2.9000000000000004,6.400000000000006,8.478993650978515,10.000000000000018,1,0,4.0,17.0,0,0,1.0,7.0,0.0,0.0,0,0,0,0.0,0.0,1,2.0,9.0,1,0.003,23.0,126.0,317.0,0.003,0.011714285714285715,0.038714285714285715,3,봄,2022,1. 봄 (3~5월)
2022-04-01,6.7,13.1,0.8,70.4,0.1,1.3,5.6,11.4,13.0,7.0,0.034,0.01,0.3,0.003,12.299999999999999,2.8999999999999995,1.5,3.3471380810080023,9.700000000000017,1,0,4.0,18.0,0,0,1.0,7.0,0.0,0.0,0,0,0,0.0,0.0,1,3.0,10.0,2,0.003,20.0,96.0,237.0,0.003,0.011000000000000001,0.03828571428571429,4,봄,2022,1. 봄 (3~5월)
2022-04-02,7.7,16.0,-1.4,60.9,0.0,0.8,10.8,13.1,20.0,14.0,0.034,0.013,0.4,0.003,17.4,1.0,9.500000000000007,5.96517672272448,0.6000000000000177,1,0,4.0,19.0,0,0,0.0,7.0,0.0,0.0,0,0,0,0.0,0.0,0,2.0,10.0,0,0.0,34.0,77.0,254.0,0.003,0.011714285714285715,0.037571428571428575,4,봄,2022,1. 봄 (3~5월)
2022-04-03,8.8,17.7,-0.6,62.4,0.0,1.2,11.6,14.6,25.0,18.0,0.038,0.011,0.4,0.003,18.3,1.1000000000000005,1.5,5.107184482014914,0.6000000000000177,1,0,5.0,20.0,0,0,0.0,7.0,0.0,0.0,0,0,0,0.0,0.0,0,2.0,10.0,0,0.0,43.0,97.0,249.0,0.003,0.01242857142857143,0.03614285714285714,4,봄,2022,1. 봄 (3~5월)
2022-04-04,10.7,20.1,1.2,56.9,0.0,0.8,11.5,15.4,33.0,24.0,0.037,0.016,0.4,0.003,18.900000000000002,1.8999999999999986,5.5,2.8431203515387535,0.6000000000000177,0,0,5.0,20.0,0,0,0.0,7.0,0.0,0.0,0,0,0,0.0,0.0,0,2.0,10.0,0,0.0,57.0,134.0,280.0,0.003,0.013,0.03628571428571429,4,봄,2022,1. 봄 (3~5월)
2022-04-05,12.5,21.2,1.1,41.9,0.0,1.7,9.8,15.8,36.0,26.0,0.042,0.015,0.4,0.003,20.099999999999998,1.8000000000000007,15.0,10.610529361598024,0.6000000000000177,0,0,5.0,20.0,0,0,0.0,7.0,0.0,0.0,0,0,0,0.0,0.0,0,2.0,10.0,0,0.0,62.0,162.0,292.0,0.003,0.01242857142857143,0.038,4,봄,2022,1. 봄 (3~5월)
2022-04-06,14.3,22.9,7.0,39.6,0.0,2.0,11.0,18.4,36.0,18.0,0.057,0.012,0.4,0.004,15.899999999999999,1.8000000000000007,2.299999999999997,9.394856748952249,0.6000000000000177,0,0,4.0,19.0,0,0,0.0,7.0,0.0,0.0,0,0,0,0.0,0.0,0,2.0,10.0,0,0.0,54.0,173.0,293.0,0.0031428571428571426,0.012,0.040999999999999995,4,봄,2022,1. 봄 (3~5월)
2022-04-07,12.8,20.1,4.5,54.9,1.1,2.1,8.6,15.2,39.0,22.0,0.041,0.012,0.4,0.003,15.600000000000001,1.5,15.299999999999997,8.250050504895933,1.200000000000018,0,0,3.0,18.0,0,0,0.0,7.0,0.0,0.0,0,0,0,0.0,0.0,0,1.0,10.0,0,0.0,61.0,177.0,331.0,0.0031428571428571426,0.012714285714285714,0.04042857142857143,4,봄,2022,1. 봄 (3~5월)
2022-04-08,14.0,23.2,3.0,43.3,0.0,1.3,11.7,18.6,38.0,15.0,0.046,0.013,0.4,0.003,20.2,1.1999999999999993,11.600000000000001,7.982689605222895,1.1000000000000179,0,0,2.0,18.0,0,0,0.0,7.0,0.0,0.0,0,0,0,0.0,0.0,0,0.0,10.0,0,0.0,53.0,168.0,364.0,0.003142857142857143,0.013142857142857142,0.04214285714285715,4,봄,2022,1. 봄 (3~5월)
2022-04-09,17.0,27.4,5.8,49.5,0.0,1.7,11.5,20.2,40.0,18.0,0.047,0.012,0.4,0.003,21.599999999999998,3.0,6.200000000000003,5.804595880277436,1.1000000000000179,0,0,1.0,17.0,0,0,0.0,7.0,0.0,0.0,0,0,0,0.0,0.0,0,0.0,10.0,0,0.0,58.0,172.0,388.0,0.003142857142857143,0.013,0.044,4,봄,2022,1. 봄 (3~5월)
2022-04-10,18.4,27.5,6.9,51.0,0.0,1.6,9.4,21.1,25.0,13.0,0.047,0.008,0.4,0.003,20.6,1.3999999999999986,1.5,4.082074635933761,1.1000000000000179,0,0,0.0,16.0,0,0,0.0,6.0,0.0,0.0,0,0,0,0.0,0.0,0,0.0,9.0,0,0.0,38.0,149.0,383.0,0.0031428571428571426,0.01257142857142857,0.04528571428571428,4,봄,2022,1. 봄 (3~5월)
2022-04-11,19.6,26.4,10.7,64.6,0.0,1.7,10.2,23.4,32.0,18.0,0.04,0.008,0.3,0.002,15.7,1.2000000000000028,13.599999999999994,8.318854087753559,1.1000000000000179,1,0,1.0,16.0,0,0,0.0,5.0,0.0,0.0,0,0,0,0.0,0.0,0,0.0,8.0,0,0.0,50.0,146.0,376.0,0.003,0.011428571428571429,0.045714285714285714,4,봄,2022,1. 봄 (3~5월)
2022-04-12,20.6,29.6,11.6,63.8,0.0,1.4,11.3,25.1,30.0,17.0,0.043,0.009,0.3,0.003,18.0,1.0,0.7999999999999972,7.631513611335635,1.1000000000000179,1,1,2.0,16.0,0,0,0.0,5.0,0.0,0.0,0,0,0,0.0,0.0,0,0.0,8.0,0,0.0,47.0,135.0,361.0,0.003,0.01057142857142857,0.04585714285714286,4,봄,2022,1. 봄 (3~5월)
2022-04-13,11.4,14.2,9.5,75.6,0.0,3.8,0.0,13.9,21.0,10.0,0.041,0.005,0.4,0.002,4.699999999999999,9.200000000000001,11.799999999999997,6.593936608733941,1.1000000000000179,1,0,3.0,17.0,1,0,1.0,6.0,0.0,0.0,1,0,0,0.0,0.0,1,1.0,9.0,1,0.002,31.0,128.0,338.0,0.0027142857142857147,0.009571428571428573,0.04357142857142857,4,봄,2022,1. 봄 (3~5월)
2022-04-14,10.7,12.9,9.4,66.4,0.0,2.9,0.0,13.0,9.0,4.0,0.041,0.005,0.3,0.002,3.5,0.7000000000000011,9.199999999999989,6.200000000000136,0.0,1,0,4.0,17.0,0,0,1.0,5.0,0.0,0.0,0,0,0,0.0,0.0,0,1.0,8.0,0,0.0,13.0,91.0,290.0,0.0025714285714285713,0.008571428571428572,0.04357142857142857,4,봄,2022,1. 봄 (3~5월)
2022-04-15,11.2,16.9,8.0,55.0,0.0,2.5,10.6,18.7,11.0,3.0,0.045,0.005,0.3,0.002,8.899999999999999,0.5,11.400000000000006,10.319560714164862,0.0,0,0,4.0,16.0,0,0,1.0,4.0,0.0,0.0,0,0,0,0.0,0.0,0,1.0,7.0,0,0.0,14.0,58.0,251.0,0.002428571428571429,0.007428571428571429,0.043428571428571434,4,봄,2022,1. 봄 (3~5월)
2022-04-16,12.2,20.1,1.7,40.0,0.0,1.3,12.0,17.8,16.0,9.0,0.045,0.008,0.3,0.002,18.400000000000002,1.0,15.0,13.240845894428373,0.0,0,0,4.0,15.0,0,0,1.0,3.0,0.0,0.0,0,0,0,0.0,0.0,0,1.0,6.0,0,0.0,25.0,52.0,218.0,0.002285714285714286,0.006857142857142858,0.04314285714285714,4,봄,2022,1. 봄 (3~5월)
2022-04-17,13.1,22.3,2.4,36.6,0.0,1.4,11.9,18.9,30.0,14.0,0.044,0.011,0.4,0.003,19.900000000000002,0.9000000000000004,3.3999999999999986,9.79047155827201,0.0,0,0,4.0,14.0,0,0,1.0,2.0,0.0,0.0,0,0,0,0.0,0.0,0,1.0,5.0,0,0.0,44.0,83.0,224.0,0.002285714285714286,0.007285714285714285,0.04271428571428571,4,봄,2022,1. 봄 (3~5월)
2022-04-18,16.5,23.9,6.9,33.0,0.0,1.5,9.8,20.7,36.0,18.0,0.049,0.013,0.4,0.003,17.0,3.4000000000000004,3.6000000000000014,3.500476158086569,0.0,0,0,3.0,13.0,0,0,1.0,2.0,0.0,0.0,0,0,0,0.0,0.0,0,1.0,5.0,0,0.0,54.0,123.0,228.0,0.002428571428571429,0.007999999999999998,0.044,4,봄,2022,1. 봄 (3~5월)
2022-04-19,15.6,25.2,5.8,36.1,0.0,1.5,11.9,20.9,41.0,19.0,0.048,0.015,0.4,0.003,19.4,0.9000000000000004,3.1000000000000014,1.9502136635077674,0.0,0,0,2.0,13.0,0,0,1.0,2.0,0.0,0.0,0,0,0,0.0,0.0,0,1.0,5.0,0,0.0,60.0,158.0,241.0,0.002428571428571429,0.008857142857142857,0.04471428571428571,4,봄,2022,1. 봄 (3~5월)
2022-04-20,16.1,25.3,4.4,38.5,0.0,1.4,11.9,21.1,40.0,17.0,0.051,0.014,0.3,0.003,20.9,0.5000000000000018,2.3999999999999986,2.757414247684312,0.0,0,0,1.0,12.0,0,0,0.0,2.0,0.0,0.0,0,0,0,0.0,0.0,0,0.0,4.0,0,0.0,57.0,171.0,267.0,0.0025714285714285717,0.010142857142857143,0.046142857142857145,4,봄,2022,1. 봄 (3~5월)
2022-04-21,12.1,18.6,6.7,66.6,0.2,0.9,0.9,12.7,38.0,20.0,0.036,0.019,0.4,0.002,11.900000000000002,4.000000000000002,28.099999999999994,16.958871817822473,0.20000000000001777,1,0,1.0,12.0,0,0,0.0,2.0,0.0,0.0,0,0,0,0.0,0.0,0,0.0,4.0,0,0.0,58.0,175.0,312.0,0.0025714285714285713,0.012142857142857141,0.04542857142857143,4,봄,2022,1. 봄 (3~5월)
2022-04-22,17.3,27.2,5.3,62.9,0.0,1.7,9.6,20.9,40.0,21.0,0.048,0.011,0.4,0.003,21.9,5.200000000000001,3.6999999999999957,15.26794026710875,0.20000000000001777,1,0,2.0,12.0,0,0,0.0,2.0,0.0,0.0,0,0,0,0.0,0.0,0,0.0,4.0,0,0.0,61.0,176.0,359.0,0.0027142857142857142,0.013,0.04585714285714285,4,봄,2022,1. 봄 (3~5월)
2022-04-23,17.3,22.3,11.8,60.8,0.0,2.4,6.3,21.8,49.0,23.0,0.058,0.008,0.4,0.004,10.5,0.0,2.1000000000000014,2.9365512652318535,0.20000000000001777,1,0,3.0,12.0,0,0,0.0,1.0,0.0,0.0,0,0,0,0.0,0.0,0,0.0,3.0,0,0.0,72.0,191.0,406.0,0.003,0.013,0.04771428571428571,4,봄,2022,1. 봄 (3~5월)
2022-04-24,19.4,29.2,8.3,53.9,0.0,1.4,11.1,24.1,42.0,20.0,0.049,0.007,0.4,0.003,20.9,2.099999999999998,6.899999999999999,4.708502946797537,0.20000000000001777,0,0,3.0,12.0,0,0,0.0,1.0,0.0,0.0,0,0,0,0.0,0.0,0,0.0,3.0,0,0.0,62.0,195.0,424.0,0.0029999999999999996,0.012428571428571428,0.04842857142857143,4,봄,2022,1. 봄 (3~5월)
2022-04-25,19.7,28.2,11.1,55.8,0.8,1.4,6.6,22.0,58.0,26.0,0.052,0.014,0.5,0.004,17.1,0.3000000000000007,1.8999999999999986,3.5641735835021002,1.0000000000000178,0,0,3.0,12.0,0,0,0.0,1.0,0.0,0.0,0,0,0,0.0,0.0,0,0.0,3.0,0,0.0,84.0,218.0,454.0,0.0031428571428571426,0.01257142857142857,0.04885714285714286,4,봄,2022,1. 봄 (3~5월)
2022-04-26,17.4,19.2,15.3,95.4,26.3,1.0,0.0,17.2,30.0,18.0,0.024,0.013,0.4,0.002,3.8999999999999986,2.3000000000000007,39.60000000000001,23.430820159212004,27.30000000000002,1,0,4.0,13.0,1,1,1.0,2.0,1.0,1.0,1,1,0,0.0,0.0,1,1.0,4.0,1,0.002,48.0,194.0,442.0,0.003,0.012285714285714287,0.04542857142857142,4,봄,2022,1. 봄 (3~5월)
2022-04-27,15.4,19.6,10.5,64.6,0.0,2.5,9.4,18.0,79.0,17.0,0.042,0.007,0.3,0.002,9.100000000000001,1.9999999999999982,30.80000000000001,20.79358875551154,27.30000000000002,1,0,5.0,13.0,0,0,1.0,2.0,1.0,1.0,0,0,0,0.0,0.0,0,1.0,4.0,0,0.0,96.0,228.0,481.0,0.0028571428571428576,0.011285714285714286,0.04414285714285714,4,봄,2022,1. 봄 (3~5월)
2022-04-28,14.1,19.9,8.1,66.9,0.0,2.4,8.8,18.4,61.0,11.0,0.037,0.008,0.4,0.003,11.799999999999999,1.3000000000000007,2.3000000000000114,17.15701994325752,27.10000000000002,1,0,5.0,13.0,0,0,1.0,2.0,1.0,1.0,0,0,0,0.0,0.0,0,1.0,3.0,0,0.0,72.0,216.0,495.0,0.003,0.009714285714285715,0.04428571428571428,4,봄,2022,1. 봄 (3~5월)
2022-04-29,10.8,13.2,9.3,78.5,12.9,1.9,0.8,12.5,10.0,5.0,0.043,0.006,0.3,0.002,3.8999999999999986,3.299999999999999,11.599999999999994,7.4505033387015045,40.00000000000002,1,0,5.0,13.0,1,0,2.0,3.0,1.0,1.0,1,0,0,0.0,0.0,1,2.0,3.0,1,0.002,15.0,183.0,449.0,0.002857142857142857,0.009,0.04357142857142858,4,봄,2022,1. 봄 (3~5월)
2022-04-30,13.4,17.8,8.8,64.6,0.0,1.1,1.3,15.9,14.0,6.0,0.04,0.007,0.3,0.002,9.0,2.5999999999999996,13.900000000000006,7.4505033387015045,40.00000000000002,1,0,5.0,13.0,0,0,2.0,3.0,1.0,1.0,0,0,0,0.0,0.0,0,2.0,3.0,0,0.0,20.0,107.0,397.0,0.0025714285714285717,0.008857142857142857,0.040999999999999995,4,봄,2022,1. 봄 (3~5월)
2022-05-01,14.0,20.2,7.8,45.9,0.0,2.5,11.4,17.0,50.0,17.0,0.051,0.005,0.3,0.002,12.399999999999999,0.5999999999999996,18.699999999999996,16.358789686281845,40.00000000000002,0,0,5.0,12.0,0,0,2.0,3.0,1.0,1.0,0,0,0,0.0,0.0,0,2.0,3.0,0,0.0,67.0,102.0,402.0,0.002428571428571429,0.008571428571428572,0.041285714285714294,5,봄,2022,1. 봄 (3~5월)
2022-05-02,11.4,20.4,3.3,63.8,0.5,1.5,7.1,17.4,32.0,14.0,0.038,0.01,0.3,0.002,17.099999999999998,2.5999999999999996,17.9,10.573079021741988,39.70000000000002,1,0,6.0,13.0,0,0,2.0,3.0,1.0,1.0,0,0,0,0.0,0.0,0,2.0,3.0,0,0.0,46.0,133.0,364.0,0.002142857142857143,0.008,0.03928571428571428,5,봄,2022,1. 봄 (3~5월)
2022-05-03,14.0,22.4,5.7,63.1,0.0,1.4,9.1,19.3,32.0,20.0,0.044,0.011,0.4,0.003,16.7,2.5999999999999996,0.6999999999999957,10.13854032886394,13.400000000000018,1,0,6.0,14.0,0,0,1.0,3.0,0.0,1.0,0,0,0,0.0,0.0,0,1.0,3.0,0,0.0,52.0,165.0,368.0,0.002285714285714286,0.007714285714285715,0.04214285714285715,5,봄,2022,1. 봄 (3~5월)
2022-05-04,17.7,27.7,6.4,50.8,0.0,1.5,12.3,23.1,38.0,22.0,0.059,0.013,0.4,0.003,21.299999999999997,3.6999999999999993,12.300000000000004,7.311862507824807,13.400000000000018,0,0,5.0,14.0,0,0,1.0,3.0,0.0,1.0,0,0,0,0.0,0.0,0,1.0,3.0,0,0.0,60.0,158.0,332.0,0.002428571428571429,0.008571428571428572,0.044571428571428574,5,봄,2022,1. 봄 (3~5월)
2022-05-05,18.3,27.8,8.0,53.4,0.0,1.2,12.5,25.0,32.0,18.0,0.055,0.012,0.4,0.003,19.8,0.6000000000000014,2.6000000000000014,6.482540654198292,13.400000000000018,0,0,4.0,14.0,0,0,1.0,3.0,0.0,1.0,0,0,0,0.0,0.0,0,1.0,3.0,0,0.0,50.0,162.0,310.0,0.002428571428571429,0.009142857142857144,0.047142857142857146,5,봄,2022,1. 봄 (3~5월)
2022-05-06,19.0,28.1,8.4,60.6,0.0,1.1,11.8,26.2,33.0,20.0,0.046,0.011,0.3,0.003,19.700000000000003,0.6999999999999993,7.200000000000003,5.0767443635989284,0.5000000000000178,1,0,4.0,15.0,0,0,0.0,3.0,0.0,1.0,0,0,0,0.0,0.0,0,0.0,3.0,0,0.0,53.0,163.0,348.0,0.0025714285714285713,0.009857142857142856,0.04757142857142858,5,봄,2022,1. 봄 (3~5월)
2022-05-07,17.5,25.9,12.4,66.4,0.0,2.7,7.4,21.0,28.0,13.0,0.043,0.007,0.3,0.002,13.499999999999998,1.5,5.800000000000004,6.512551983157916,0.5000000000000178,1,0,4.0,16.0,0,0,0.0,3.0,0.0,1.0,0,0,0,0.0,0.0,0,0.0,3.0,0,0.0,41.0,144.0,369.0,0.0025714285714285717,0.009857142857142856,0.047999999999999994,5,봄,2022,1. 봄 (3~5월)
2022-05-08,14.7,20.1,10.6,62.6,0.0,2.0,6.5,21.6,15.0,5.0,0.045,0.006,0.3,0.003,9.500000000000002,2.8000000000000007,3.8000000000000043,2.9461839725314323,0.5000000000000178,1,0,5.0,17.0,0,0,0.0,3.0,0.0,1.0,0,0,0,0.0,0.0,0,0.0,3.0,0,0.0,20.0,114.0,322.0,0.0027142857142857142,0.009999999999999998,0.04714285714285714,5,봄,2022,1. 봄 (3~5월)
2022-05-09,15.0,21.4,9.0,55.4,0.0,1.7,10.2,23.2,11.0,3.0,0.043,0.008,0.3,0.002,12.399999999999999,0.3000000000000007,7.200000000000003,5.58688941481163,0.0,0,0,4.0,16.0,0,0,0.0,3.0,0.0,1.0,0,0,0,0.0,0.0,0,0.0,3.0,0,0.0,14.0,75.0,290.0,0.0027142857142857147,0.009714285714285715,0.04785714285714286,5,봄,2022,1. 봄 (3~5월)
2022-05-10,14.6,21.6,7.6,60.1,0.0,2.1,8.0,21.6,14.0,6.0,0.04,0.01,0.3,0.003,14.000000000000002,0.40000000000000036,4.700000000000003,3.655589327773832,0.0,1,0,4.0,16.0,0,0,0.0,3.0,0.0,1.0,0,0,0,0.0,0.0,0,0.0,3.0,0,0.0,20.0,54.0,258.0,0.0027142857142857142,0.009571428571428573,0.04728571428571428,5,봄,2022,1. 봄 (3~5월)
2022-05-11,19.9,26.3,12.5,54.1,0.0,0.9,6.8,26.1,23.0,12.0,0.059,0.01,0.3,0.003,13.8,5.299999999999999,6.0,3.156474826976062,0.0,0,0,4.0,15.0,0,0,0.0,2.0,0.0,1.0,0,0,0,0.0,0.0,0,0.0,2.0,0,0.0,35.0,69.0,233.0,0.0027142857142857142,0.009142857142857144,0.04728571428571428,5,봄,2022,1. 봄 (3~5월)
2022-05-12,18.4,24.1,14.0,65.5,0.0,2.0,2.7,25.5,34.0,19.0,0.048,0.01,0.4,0.003,10.100000000000001,1.5,11.399999999999999,5.702630971753359,0.0,1,0,5.0,15.0,0,0,0.0,2.0,0.0,1.0,0,0,0,0.0,0.0,0,0.0,2.0,0,0.0,53.0,108.0,236.0,0.0027142857142857142,0.008857142857142857,0.04628571428571428,5,봄,2022,1. 봄 (3~5월)
2022-05-13,14.8,19.2,11.8,82.6,1.6,1.6,0.0,19.7,23.0,12.0,0.04,0.007,0.3,0.002,7.399999999999999,3.599999999999998,17.099999999999994,14.34468542701448,1.6000000000000179,1,0,5.0,16.0,1,0,1.0,3.0,0.0,1.0,1,0,0,0.0,0.0,1,1.0,3.0,1,0.002,35.0,123.0,218.0,0.0025714285714285717,0.008285714285714285,0.04542857142857143,5,봄,2022,1. 봄 (3~5월)
2022-05-14,16.9,24.1,8.6,47.8,0.0,2.4,11.3,23.3,24.0,10.0,0.042,0.007,0.3,0.003,15.500000000000002,2.099999999999998,34.8,17.400862047611362,1.6000000000000179,0,0,4.0,16.0,0,0,1.0,3.0,0.0,1.0,0,0,0,0.0,0.0,0,1.0,3.0,0,0.0,34.0,122.0,211.0,0.0027142857142857142,0.008285714285714285,0.04528571428571428,5,봄,2022,1. 봄 (3~5월)
2022-05-15,15.7,22.2,10.2,45.3,0.0,1.7,11.8,25.0,18.0,6.0,0.048,0.006,0.3,0.003,12.0,1.1999999999999993,2.5,20.85097919363342,1.6000000000000179,0,0,3.0,16.0,0,0,1.0,3.0,0.0,1.0,0,0,0,0.0,0.0,0,1.0,3.0,0,0.0,24.0,93.0,215.0,0.0027142857142857142,0.008285714285714287,0.045714285714285714,5,봄,2022,1. 봄 (3~5월)
2022-05-16,16.2,24.8,6.3,48.4,0.0,1.8,12.3,24.7,22.0,11.0,0.041,0.011,0.3,0.003,18.5,0.5,3.1000000000000014,1.6441816606848845,1.6000000000000179,0,0,3.0,16.0,0,0,1.0,3.0,0.0,1.0,0,0,0,0.0,0.0,0,1.0,3.0,0,0.0,33.0,91.0,234.0,0.0028571428571428576,0.008714285714285714,0.04542857142857143,5,봄,2022,1. 봄 (3~5월)
2022-05-17,18.1,28.0,7.0,46.3,0.0,1.2,9.5,25.5,32.0,16.0,0.052,0.013,0.3,0.003,21.0,1.9000000000000021,2.1000000000000014,1.582192571507161,1.6000000000000179,0,0,2.0,16.0,0,0,1.0,3.0,0.0,1.0,0,0,0,0.0,0.0,0,1.0,3.0,0,0.0,48.0,105.0,262.0,0.002857142857142857,0.009142857142857144,0.047142857142857146,5,봄,2022,1. 봄 (3~5월)
2022-05-18,20.9,29.6,9.6,45.9,0.0,1.5,11.8,27.6,41.0,21.0,0.066,0.012,0.4,0.003,20.0,2.799999999999997,0.3999999999999986,1.3428824718985901,1.6000000000000179,0,1,2.0,16.0,0,0,1.0,3.0,0.0,1.0,0,0,0,0.0,0.0,0,1.0,3.0,0,0.0,62.0,143.0,289.0,0.002857142857142857,0.009428571428571429,0.04814285714285715,5,봄,2022,1. 봄 (3~5월)
2022-05-19,20.5,28.9,11.7,45.6,0.0,1.5,7.6,26.3,45.0,23.0,0.059,0.015,0.4,0.003,17.2,0.3999999999999986,0.29999999999999716,0.35118845842702917,1.6000000000000179,0,1,1.0,15.0,0,0,1.0,3.0,0.0,1.0,0,0,0,0.0,0.0,0,1.0,3.0,0,0.0,68.0,178.0,304.0,0.002857142857142857,0.010142857142857144,0.04971428571428572,5,봄,2022,1. 봄 (3~5월)
2022-05-20,21.4,28.0,14.3,41.3,0.0,1.3,8.6,27.2,35.0,21.0,0.057,0.012,0.3,0.004,13.7,0.8999999999999986,4.300000000000004,2.573583752927458,0.0,0,1,0.0,14.0,0,0,0.0,3.0,0.0,1.0,0,0,0,0.0,0.0,0,0.0,3.0,0,0.0,56.0,186.0,325.0,0.0031428571428571426,0.010857142857142857,0.052142857142857144,5,봄,2022,1. 봄 (3~5월)
2022-05-21,22.2,29.3,12.8,52.5,0.0,2.3,12.0,28.1,37.0,21.0,0.057,0.008,0.3,0.003,16.5,0.8000000000000007,11.200000000000003,5.650073745831324,0.0,0,1,0.0,13.0,0,0,0.0,3.0,0.0,1.0,0,0,0,0.0,0.0,0,0.0,3.0,0,0.0,58.0,182.0,349.0,0.0031428571428571426,0.011,0.054285714285714284,5,봄,2022,1. 봄 (3~5월)
2022-05-22,23.3,31.8,17.3,45.4,0.0,3.2,12.4,28.3,36.0,16.0,0.074,0.005,0.3,0.003,14.5,1.1000000000000014,7.100000000000001,5.6665686266027935,0.0,0,1,0.0,13.0,0,0,0.0,3.0,0.0,1.0,0,0,0,0.0,0.0,0,0.0,3.0,0,0.0,52.0,166.0,377.0,0.003142857142857143,0.010857142857142857,0.058,5,봄,2022,1. 봄 (3~5월)
2022-05-23,21.6,31.6,11.8,58.6,0.0,1.2,10.6,29.9,40.0,22.0,0.065,0.012,0.4,0.004,19.8,1.6999999999999993,13.200000000000003,6.606310114832109,0.0,0,1,0.0,13.0,0,0,0.0,3.0,0.0,1.0,0,0,0,0.0,0.0,0,0.0,3.0,0,0.0,62.0,172.0,406.0,0.0032857142857142863,0.011,0.06142857142857143,5,봄,2022,1. 봄 (3~5월)
2022-05-24,23.9,32.3,14.7,54.1,0.0,1.3,11.1,31.4,56.0,35.0,0.075,0.014,0.5,0.004,17.599999999999998,2.299999999999997,4.5,6.710439627923029,0.0,0,1,0.0,12.0,0,0,0.0,2.0,0.0,0.0,0,0,0,0.0,0.0,0,0.0,2.0,0,0.0,91.0,205.0,449.0,0.003428571428571429,0.011142857142857144,0.06471428571428571,5,봄,2022,1. 봄 (3~5월)
2022-05-25,23.9,32.2,15.0,53.6,0.0,1.4,10.8,32.0,61.0,41.0,0.078,0.012,0.5,0.003,17.200000000000003,0.0,0.5,2.7537852736430666,0.0,0,1,0.0,11.0,0,0,0.0,2.0,0.0,0.0,0,0,0,0.0,0.0,0,0.0,2.0,0,0.0,102.0,255.0,489.0,0.003428571428571429,0.011142857142857145,0.06642857142857142,5,봄,2022,1. 봄 (3~5월)
2022-05-26,21.6,27.3,16.6,41.5,0.0,2.6,11.6,31.0,21.0,8.0,0.055,0.007,0.3,0.003,10.7,2.299999999999997,12.100000000000001,7.134657198025193,0.0,0,1,0.0,10.0,0,0,0.0,2.0,0.0,0.0,0,0,0,0.0,0.0,0,0.0,2.0,0,0.0,29.0,222.0,450.0,0.003428571428571429,0.009999999999999998,0.06585714285714286,5,봄,2022,1. 봄 (3~5월)
2022-05-27,21.4,28.8,11.2,42.1,0.0,2.8,12.5,28.4,27.0,7.0,0.054,0.009,0.3,0.003,17.6,0.20000000000000284,0.6000000000000014,6.81933525597123,0.0,0,1,0.0,9.0,0,0,0.0,1.0,0.0,0.0,0,0,0,0.0,0.0,0,0.0,1.0,0,0.0,34.0,165.0,428.0,0.0032857142857142855,0.009571428571428573,0.06542857142857143,5,봄,2022,1. 봄 (3~5월)
2022-05-28,22.8,31.6,11.8,42.6,0.0,1.6,12.8,28.3,28.0,12.0,0.06,0.01,0.3,0.003,19.8,1.4000000000000021,0.5,0.5507570547271592,0.0,0,1,0.0,8.0,0,0,0.0,1.0,0.0,0.0,0,0,0,0.0,0.0,0,0.0,1.0,0,0.0,40.0,103.0,410.0,0.0032857142857142855,0.009857142857142858,0.06585714285714286,5,봄,2022,1. 봄 (3~5월)
2022-05-29,23.3,31.8,12.7,42.1,0.0,1.4,12.4,30.9,25.0,10.0,0.058,0.008,0.3,0.003,19.1,0.5,0.5,0.28867513459208527,0.0,0,1,0.0,8.0,0,0,0.0,1.0,0.0,0.0,0,0,0,0.0,0.0,0,0.0,1.0,0,0.0,35.0,109.0,393.0,0.0032857142857142855,0.010285714285714285,0.06357142857142857,5,봄,2022,1. 봄 (3~5월)
2022-05-30,22.5,27.8,18.9,53.0,0.0,1.5,2.5,30.9,26.0,15.0,0.057,0.01,0.4,0.004,8.900000000000002,0.8000000000000007,10.899999999999999,6.1538605769060855,0.0,0,1,0.0,7.0,0,0,0.0,1.0,0.0,0.0,0,0,0,0.0,0.0,0,0.0,1.0,0,0.0,41.0,116.0,372.0,0.0032857142857142855,0.01,0.06242857142857143,5,봄,2022,1. 봄 (3~5월)
2022-05-31,23.0,30.4,16.9,41.1,0.0,2.2,13.1,31.7,27.0,17.0,0.057,0.008,0.3,0.003,13.5,0.5,11.899999999999999,6.600757532283611,0.0,0,1,0.0,6.0,0,0,0.0,1.0,0.0,0.0,0,0,0,0.0,0.0,0,0.0,1.0,0,0.0,44.0,120.0,325.0,0.0031428571428571426,0.009142857142857144,0.05985714285714285,5,봄,2022,1. 봄 (3~5월)
2022-06-01,23.0,31.4,14.7,41.5,0.0,1.3,10.4,30.8,50.0,33.0,0.06,0.01,0.5,0.004,16.7,0.0,0.3999999999999986,6.757958271549092,0.0,0,1,0.0,6.0,0,0,0.0,1.0,0.0,0.0,0,0,0,0.0,0.0,0,0.0,1.0,0,0.0,83.0,168.0,306.0,0.0032857142857142855,0.008857142857142857,0.05728571428571428,6,여름,2022,2. 여름 (6~8월)
2022-06-02,23.7,32.9,13.1,44.3,0.0,1.5,13.0,31.9,47.0,32.0,0.065,0.01,0.4,0.003,19.799999999999997,0.6999999999999993,2.799999999999997,1.7435595774158035,0.0,0,1,0.0,6.0,0,0,0.0,1.0,0.0,0.0,0,0,0,0.0,0.0,0,0.0,1.0,0,0.0,79.0,206.0,356.0,0.0032857142857142855,0.009285714285714286,0.05871428571428571,6,여름,2022,2. 여름 (6~8월)
2022-06-03,21.9,27.5,17.7,62.0,0.0,2.8,12.7,31.4,33.0,15.0,0.062,0.006,0.3,0.003,9.8,1.8000000000000007,17.700000000000003,11.115904521600246,0.0,1,1,1.0,6.0,0,0,0.0,1.0,0.0,0.0,0,0,0,0.0,0.0,0,0.0,1.0,0,0.0,48.0,210.0,370.0,0.0032857142857142855,0.008857142857142857,0.05985714285714285,6,여름,2022,2. 여름 (6~8월)
2022-06-04,20.0,25.6,14.3,71.0,0.0,2.5,7.5,27.6,24.0,11.0,0.047,0.008,0.4,0.003,11.3,1.8999999999999986,9.0,13.584181977579696,0.0,1,0,2.0,6.0,0,0,0.0,1.0,0.0,0.0,0,0,0,0.0,0.0,1,1.0,2.0,1,0.003,35.0,162.0,365.0,0.0032857142857142855,0.008571428571428572,0.057999999999999996,6,여름,2022,2. 여름 (6~8월)
2022-06-05,17.4,19.6,16.4,89.9,21.9,1.6,0.0,18.9,20.0,9.0,0.042,0.006,0.3,0.002,3.200000000000003,2.6000000000000014,18.900000000000006,14.239733143567111,21.900000000000016,1,0,3.0,6.0,1,0,1.0,2.0,0.0,0.0,1,0,0,0.0,0.0,1,2.0,3.0,2,0.002,29.0,112.0,359.0,0.0031428571428571426,0.008285714285714285,0.055714285714285716,6,여름,2022,2. 여름 (6~8월)
2022-06-06,17.3,21.7,13.4,86.8,11.3,1.1,0.8,19.6,10.0,5.0,0.037,0.005,0.3,0.002,8.299999999999999,0.09999999999999787,3.1000000000000085,10.136238618606932,33.20000000000002,1,0,4.0,7.0,1,0,2.0,3.0,0.0,0.0,2,0,0,0.0,0.0,1,3.0,4.0,3,0.002,15.0,79.0,333.0,0.002857142857142857,0.007571428571428572,0.05285714285714286,6,여름,2022,2. 여름 (6~8월)
2022-06-07,15.3,19.9,11.3,80.1,0.6,1.4,2.5,18.3,10.0,3.0,0.025,0.006,0.3,0.002,8.599999999999998,2.0,6.700000000000003,5.008991914547858,33.80000000000002,1,0,5.0,7.0,1,0,3.0,4.0,0.0,0.0,3,0,0,0.0,0.0,1,4.0,5.0,4,0.002,13.0,57.0,302.0,0.0027142857142857147,0.007285714285714285,0.048285714285714286,6,여름,2022,2. 여름 (6~8월)
2022-06-08,16.3,21.3,12.8,78.0,0.0,1.4,1.5,20.4,17.0,7.0,0.029,0.006,0.3,0.002,8.5,1.0,2.0999999999999943,4.596012764705768,33.80000000000002,1,0,6.0,8.0,1,0,4.0,5.0,0.0,0.0,4,0,0,0.0,0.0,1,5.0,6.0,5,0.002,24.0,52.0,243.0,0.002428571428571429,0.006714285714285714,0.04385714285714286,6,여름,2022,2. 여름 (6~8월)
2022-06-09,18.5,26.6,11.3,73.0,0.0,1.4,8.6,23.4,21.0,12.0,0.031,0.009,0.4,0.004,15.3,2.1999999999999993,5.0,3.6473734842126375,33.80000000000002,1,0,7.0,8.0,0,0,4.0,5.0,0.0,0.0,0,0,0,0.0,0.0,1,6.0,7.0,6,0.004,33.0,70.0,197.0,0.0025714285714285717,0.006571428571428571,0.039,6,여름,2022,2. 여름 (6~8월)
2022-06-10,21.1,28.7,13.1,68.3,0.0,0.9,8.5,25.3,24.0,13.0,0.045,0.012,0.4,0.003,15.6,2.6000000000000014,4.700000000000003,4.850773134254296,33.80000000000002,1,1,7.0,8.0,0,0,4.0,4.0,0.0,0.0,0,0,0,0.0,0.0,0,6.0,6.0,0,0.0,37.0,94.0,186.0,0.0025714285714285717,0.007428571428571429,0.036571428571428574,6,여름,2022,2. 여름 (6~8월)
2022-06-11,20.0,24.3,16.3,74.8,0.0,2.1,6.1,25.1,28.0,16.0,0.032,0.009,0.4,0.003,8.0,1.1000000000000014,6.5,3.35608899365561,33.80000000000002,1,0,7.0,9.0,0,0,4.0,4.0,0.0,0.0,0,0,0,0.0,0.0,1,6.0,7.0,1,0.003,44.0,114.0,195.0,0.0025714285714285717,0.007571428571428571,0.03442857142857143,6,여름,2022,2. 여름 (6~8월)
2022-06-12,19.2,24.3,13.9,74.3,0.0,1.9,4.3,25.7,14.0,6.0,0.035,0.005,0.3,0.002,10.4,0.8000000000000007,0.5,3.617089069035542,11.900000000000018,1,0,7.0,10.0,0,0,3.0,4.0,0.0,0.0,0,0,0,0.0,0.0,1,6.0,8.0,2,0.002,20.0,101.0,186.0,0.0025714285714285713,0.007428571428571429,0.03342857142857143,6,여름,2022,2. 여름 (6~8월)
2022-06-13,18.9,22.9,15.2,72.9,0.0,2.4,1.7,22.2,16.0,5.0,0.032,0.006,0.2,0.002,7.699999999999999,0.3000000000000007,1.3999999999999915,0.9848857801813184,0.6000000000000177,1,0,7.0,11.0,0,0,2.0,4.0,0.0,0.0,0,0,0,0.0,0.0,1,6.0,9.0,3,0.002,21.0,85.0,192.0,0.0025714285714285717,0.007571428571428571,0.03271428571428572,6,여름,2022,2. 여름 (6~8월)
2022-06-14,16.6,18.4,15.7,85.4,4.0,2.0,0.0,18.1,10.0,4.0,0.032,0.006,0.2,0.002,2.6999999999999993,2.299999999999997,12.5,6.848600830340276,4.000000000000018,1,0,7.0,12.0,1,0,2.0,5.0,0.0,0.0,1,0,0,0.0,0.0,1,6.0,10.0,4,0.002,14.0,55.0,193.0,0.0025714285714285713,0.007571428571428571,0.03371428571428572,6,여름,2022,2. 여름 (6~8월)
2022-06-15,19.0,24.6,14.8,85.5,23.5,0.9,0.9,23.0,16.0,9.0,0.037,0.008,0.3,0.002,9.8,2.3999999999999986,0.09999999999999432,7.2459183912971525,27.500000000000018,1,0,7.0,13.0,1,0,2.0,6.0,0.0,0.0,2,0,0,0.0,0.0,1,6.0,11.0,5,0.002,25.0,60.0,194.0,0.0025714285714285717,0.007857142857142858,0.03485714285714286,6,여름,2022,2. 여름 (6~8월)
2022-06-16,21.4,28.0,16.0,71.9,0.0,1.4,0.0,24.4,25.0,16.0,0.041,0.008,0.3,0.002,12.0,2.3999999999999986,13.599999999999994,7.823255929172857,27.500000000000018,1,1,7.0,14.0,0,0,2.0,6.0,0.0,0.0,0,0,0,0.0,0.0,1,6.0,12.0,6,0.002,41.0,80.0,202.0,0.002285714285714286,0.007714285714285714,0.03628571428571429,6,여름,2022,2. 여름 (6~8월)
2022-06-17,24.3,32.0,14.8,63.1,0.0,1.2,0.0,27.5,29.0,18.0,0.055,0.011,0.3,0.002,17.2,2.900000000000002,8.800000000000004,11.285388783732863,27.500000000000018,1,1,7.0,15.0,0,0,2.0,6.0,0.0,0.0,0,0,0,0.0,0.0,0,6.0,12.0,0,0.0,47.0,113.0,212.0,0.002142857142857143,0.00757142857142857,0.037714285714285714,6,여름,2022,2. 여름 (6~8월)
2022-06-18,27.0,33.7,21.8,61.5,0.0,1.8,0.0,30.3,29.0,18.0,0.056,0.007,0.4,0.003,11.900000000000002,2.6999999999999993,1.6000000000000014,5.6000000000001915,27.500000000000018,1,1,7.0,16.0,0,0,2.0,6.0,0.0,0.0,0,0,0,0.0,0.0,0,5.0,12.0,0,0.0,47.0,135.0,215.0,0.002142857142857143,0.007285714285714286,0.04114285714285715,6,여름,2022,2. 여름 (6~8월)
2022-06-19,27.6,33.2,21.7,60.9,0.0,1.7,0.0,33.0,30.0,18.0,0.061,0.005,0.3,0.002,11.500000000000004,0.6000000000000014,0.6000000000000014,1.1372481406161088,27.500000000000018,1,1,7.0,17.0,0,0,2.0,6.0,0.0,0.0,0,0,0,0.0,0.0,0,4.0,12.0,0,0.0,48.0,142.0,243.0,0.002142857142857143,0.007285714285714285,0.04485714285714285,6,여름,2022,2. 여름 (6~8월)
2022-06-20,27.3,32.8,22.4,64.1,0.0,1.7,5.5,33.6,31.0,20.0,0.06,0.009,0.3,0.003,10.399999999999999,0.3000000000000007,3.1999999999999957,1.7009801096235224,27.500000000000018,1,1,7.0,18.0,0,0,2.0,6.0,0.0,0.0,0,0,0,0.0,0.0,0,3.0,12.0,0,0.0,51.0,146.0,273.0,0.002285714285714286,0.007714285714285714,0.048857142857142856,6,여름,2022,2. 여름 (6~8월)
2022-06-21,25.8,31.9,20.5,73.6,0.0,1.8,10.9,34.0,23.0,14.0,0.031,0.011,0.3,0.003,11.399999999999999,1.5,9.5,6.605300901548867,23.500000000000018,1,1,7.0,19.0,0,0,1.0,6.0,0.0,0.0,0,0,0,0.0,0.0,1,3.0,13.0,1,0.003,37.0,136.0,296.0,0.002428571428571429,0.008428571428571428,0.04871428571428571,6,여름,2022,2. 여름 (6~8월)
2022-06-22,28.2,35.2,20.6,66.5,0.0,1.5,9.4,34.2,34.0,23.0,0.06,0.009,0.3,0.003,14.600000000000001,2.3999999999999986,7.099999999999994,4.939973009373228,0.0,1,1,7.0,20.0,0,0,0.0,6.0,0.0,0.0,0,0,0,0.0,0.0,0,2.0,13.0,0,0.0,57.0,145.0,328.0,0.0025714285714285717,0.008571428571428572,0.052,6,여름,2022,2. 여름 (6~8월)
2022-06-23,26.7,29.9,22.3,71.1,0.2,2.3,1.4,32.1,19.0,14.0,0.041,0.005,0.3,0.002,7.599999999999998,1.5,4.599999999999994,3.601388621074254,0.20000000000001777,1,1,7.0,21.0,0,0,0.0,6.0,0.0,0.0,0,0,0,0.0,0.0,1,2.0,14.0,1,0.002,33.0,127.0,320.0,0.0025714285714285713,0.008142857142857143,0.052,6,여름,2022,2. 여름 (6~8월)
2022-06-24,26.5,30.8,22.5,73.9,41.8,2.6,4.8,26.1,16.0,12.0,0.05,0.006,0.3,0.002,8.3,0.1999999999999993,2.8000000000000114,3.7363083384543088,42.000000000000014,1,1,7.0,22.0,0,0,0.0,6.0,0.0,0.0,0,0,0,0.0,0.0,1,3.0,15.0,2,0.002,28.0,118.0,301.0,0.0025714285714285717,0.007428571428571429,0.05128571428571429,6,여름,2022,2. 여름 (6~8월)
2022-06-25,26.4,31.7,20.2,70.0,0.0,1.9,10.5,28.3,31.0,25.0,0.057,0.005,0.4,0.002,11.5,0.10000000000000142,3.9000000000000057,2.010804150914946,42.000000000000014,1,1,7.0,23.0,0,0,0.0,6.0,0.0,0.0,0,0,0,0.0,0.0,1,4.0,16.0,3,0.002,56.0,117.0,310.0,0.002428571428571429,0.007142857142857143,0.051428571428571435,6,여름,2022,2. 여름 (6~8월)
2022-06-26,27.0,30.5,23.7,71.6,0.0,2.1,2.4,26.8,12.0,11.0,0.032,0.004,0.2,0.002,6.800000000000001,0.6000000000000014,1.5999999999999943,1.9604421270052361,42.000000000000014,1,1,7.0,24.0,0,0,0.0,6.0,0.0,0.0,0,0,0,0.0,0.0,1,5.0,17.0,4,0.002,23.0,107.0,285.0,0.002428571428571429,0.007,0.047285714285714285,6,여름,2022,2. 여름 (6~8월)
2022-06-27,25.1,28.3,23.7,91.4,26.3,0.8,0.1,25.7,6.0,5.0,0.01,0.007,0.2,0.002,4.600000000000001,1.8999999999999986,19.80000000000001,11.92029082419294,68.30000000000001,1,1,7.0,25.0,1,0,1.0,7.0,0.0,0.0,1,0,1,1.0,1.0,1,6.0,18.0,5,0.002,11.0,90.0,245.0,0.002285714285714286,0.006714285714285714,0.04014285714285715,6,여름,2022,2. 여름 (6~8월)
2022-06-28,26.9,30.1,23.3,75.4,0.0,1.9,1.1,26.3,11.0,5.0,0.015,0.004,0.2,0.002,6.800000000000001,1.7999999999999972,16.0,10.50777489925145,68.30000000000001,1,1,7.0,26.0,1,0,2.0,8.0,0.0,0.0,2,0,1,2.0,2.0,1,6.0,19.0,6,0.002,16.0,50.0,224.0,0.002142857142857143,0.005714285714285714,0.03785714285714286,6,여름,2022,2. 여름 (6~8월)
2022-06-29,27.7,31.5,24.9,72.4,0.0,2.0,1.7,26.8,10.0,7.0,0.02,0.004,0.2,0.002,6.600000000000001,0.8000000000000007,3.0,10.214368964029973,68.30000000000001,1,1,7.0,27.0,0,0,2.0,8.0,0.0,0.0,0,0,0,2.0,2.0,1,7.0,20.0,7,0.002,17.0,44.0,184.0,0.002,0.005,0.03214285714285715,6,여름,2022,2. 여름 (6~8월)
2022-06-30,28.0,32.2,25.3,69.9,0.0,2.1,4.0,27.6,11.0,8.0,0.022,0.004,0.2,0.002,6.900000000000002,0.3000000000000007,2.5,2.753785273643735,68.10000000000001,1,1,7.0,28.0,0,0,2.0,8.0,0.0,0.0,0,0,0,2.0,2.0,0,6.0,20.0,0,0.0,19.0,52.0,170.0,0.002,0.004857142857142858,0.029428571428571425,6,여름,2022,2. 여름 (6~8월)
2022-07-01,28.0,34.5,21.3,69.3,0.0,1.3,12.7,32.3,18.0,13.0,0.028,0.008,0.3,0.003,13.2,0.0,0.6000000000000085,1.6441816606861412,26.300000000000015,1,1,7.0,28.0,0,0,2.0,8.0,0.0,0.0,0,0,0,2.0,2.0,0,5.0,20.0,0,0.0,31.0,67.0,173.0,0.002142857142857143,0.0051428571428571435,0.026285714285714284,7,여름,2022,2. 여름 (6~8월)
2022-07-02,27.8,34.7,20.2,67.9,0.0,1.2,11.8,33.4,29.0,25.0,0.035,0.009,0.3,0.003,14.500000000000004,0.1999999999999993,1.3999999999999915,1.0263202878908089,26.300000000000015,1,1,7.0,28.0,0,0,2.0,8.0,0.0,0.0,0,0,0,2.0,2.0,0,4.0,19.0,0,0.0,54.0,104.0,171.0,0.002285714285714286,0.005714285714285714,0.02314285714285715,7,여름,2022,2. 여름 (6~8월)
2022-07-03,27.5,34.6,22.8,72.5,0.0,1.1,6.9,33.1,23.0,18.0,0.027,0.008,0.3,0.003,11.8,0.3000000000000007,4.599999999999994,2.357965224510986,26.300000000000015,1,1,7.0,28.0,0,0,2.0,7.0,0.0,0.0,0,0,0,2.0,2.0,1,4.0,19.0,1,0.003,41.0,126.0,189.0,0.002428571428571429,0.006285714285714286,0.02242857142857143,7,여름,2022,2. 여름 (6~8월)
2022-07-04,27.5,31.0,22.8,72.8,0.0,1.0,6.3,32.0,20.0,15.0,0.026,0.008,0.3,0.003,8.2,0.0,0.29999999999999716,2.746512940682561,0.0,1,1,7.0,28.0,0,0,1.0,6.0,0.0,0.0,0,0,0,1.0,2.0,1,4.0,19.0,2,0.003,35.0,130.0,213.0,0.0025714285714285717,0.0064285714285714285,0.024714285714285716,7,여름,2022,2. 여름 (6~8월)
2022-07-05,26.7,32.7,22.7,78.0,1.9,1.5,5.5,32.0,17.0,15.0,0.024,0.01,0.3,0.003,10.000000000000004,0.8000000000000007,5.200000000000003,3.092463958292435,1.9000000000000141,1,1,7.0,28.0,1,0,1.0,6.0,0.0,0.0,1,0,1,1.0,3.0,1,4.0,19.0,3,0.003,32.0,108.0,229.0,0.0027142857142857142,0.007285714285714286,0.026,7,여름,2022,2. 여름 (6~8월)
2022-07-06,26.4,31.2,23.7,85.6,24.3,1.9,3.1,29.8,30.0,26.0,0.034,0.011,0.5,0.004,7.5,0.3000000000000007,7.599999999999994,6.437390775772861,26.200000000000014,1,1,7.0,28.0,1,0,2.0,6.0,0.0,0.0,2,0,1,2.0,4.0,1,4.0,19.0,4,0.004,56.0,123.0,268.0,0.003,0.008285714285714285,0.028,7,여름,2022,2. 여름 (6~8월)
2022-07-07,28.3,33.1,23.8,75.0,0.0,1.3,5.4,29.3,22.0,11.0,0.025,0.006,0.3,0.002,9.3,1.9000000000000021,10.599999999999994,5.463820397243949,26.200000000000014,1,1,7.0,28.0,1,0,3.0,7.0,0.0,0.0,3,0,1,3.0,5.0,1,5.0,19.0,5,0.002,33.0,121.0,282.0,0.003,0.008571428571428572,0.02842857142857143,7,여름,2022,2. 여름 (6~8월)
2022-07-08,27.4,32.7,24.1,82.5,20.1,1.3,2.3,28.2,21.0,18.0,0.033,0.007,0.3,0.002,8.600000000000001,0.9000000000000021,7.5,5.4500764520637155,46.30000000000001,1,1,7.0,28.0,1,0,4.0,8.0,0.0,0.0,4,0,1,4.0,6.0,1,6.0,20.0,6,0.002,39.0,128.0,290.0,0.002857142857142857,0.008428571428571428,0.029142857142857144,7,여름,2022,2. 여름 (6~8월)
2022-07-09,26.7,32.3,22.3,74.8,0.0,1.4,5.7,27.1,18.0,16.0,0.041,0.006,0.3,0.002,9.999999999999996,0.6999999999999993,7.700000000000003,4.389001405028089,46.30000000000001,1,1,7.0,28.0,0,0,4.0,8.0,0.0,0.0,0,0,0,4.0,6.0,1,7.0,20.0,7,0.002,34.0,106.0,270.0,0.0027142857142857142,0.008,0.03,7,여름,2022,2. 여름 (6~8월)
2022-07-10,25.8,30.1,22.3,80.5,0.0,2.1,7.5,29.0,15.0,15.0,0.03,0.004,0.3,0.002,7.800000000000001,0.8999999999999986,5.700000000000003,3.9954140377861957,46.30000000000001,1,1,7.0,28.0,1,0,5.0,9.0,0.0,0.0,1,0,1,5.0,7.0,1,7.0,20.0,8,0.002,30.0,103.0,259.0,0.0025714285714285717,0.0074285714285714285,0.030428571428571426,7,여름,2022,2. 여름 (6~8월)
2022-07-11,25.0,29.1,22.9,87.4,6.0,0.9,2.1,27.7,20.0,18.0,0.032,0.007,0.3,0.002,6.200000000000003,0.8000000000000007,6.900000000000006,6.309516621739432,52.30000000000001,1,1,7.0,28.0,1,0,6.0,10.0,0.0,0.0,2,0,1,6.0,8.0,1,7.0,20.0,9,0.002,38.0,102.0,262.0,0.002428571428571429,0.007285714285714285,0.031285714285714285,7,여름,2022,2. 여름 (6~8월)
2022-07-12,23.8,27.4,21.9,77.4,0.0,2.3,2.4,26.2,12.0,8.0,0.033,0.005,0.2,0.002,5.5,1.1999999999999993,10.0,5.118919156749765,50.40000000000002,1,1,7.0,28.0,1,0,6.0,10.0,0.0,0.0,3,0,1,6.0,9.0,1,7.0,20.0,10,0.002,20.0,88.0,250.0,0.002285714285714286,0.006571428571428571,0.03257142857142857,7,여름,2022,2. 여름 (6~8월)
2022-07-13,23.2,26.7,21.1,85.9,15.5,1.1,0.2,24.8,20.0,13.0,0.031,0.009,0.3,0.003,5.599999999999998,0.6000000000000014,8.5,5.3928965624551175,41.600000000000016,1,1,7.0,28.0,1,0,6.0,10.0,0.0,0.0,4,0,1,6.0,10.0,1,7.0,20.0,11,0.003,33.0,91.0,227.0,0.002142857142857143,0.006285714285714285,0.03214285714285715,7,여름,2022,2. 여름 (6~8월)
2022-07-14,26.2,31.9,22.1,81.5,0.0,1.2,5.3,28.4,22.0,15.0,0.032,0.007,0.3,0.002,9.799999999999997,3.0,4.400000000000006,4.2508822613672015,41.600000000000016,1,1,7.0,28.0,1,0,6.0,11.0,0.0,0.0,5,0,1,6.0,11.0,1,7.0,20.0,12,0.002,37.0,90.0,231.0,0.002142857142857143,0.006428571428571429,0.03314285714285715,7,여름,2022,2. 여름 (6~8월)
2022-07-15,26.5,32.2,20.9,70.1,0.0,1.5,12.1,27.9,21.0,17.0,0.04,0.008,0.4,0.002,11.300000000000004,0.3000000000000007,11.400000000000006,8.154344445345625,21.500000000000014,1,1,7.0,28.0,0,0,5.0,11.0,0.0,0.0,0,0,0,5.0,11.0,1,7.0,21.0,13,0.002,38.0,108.0,230.0,0.002142857142857143,0.006571428571428571,0.03414285714285715,7,여름,2022,2. 여름 (6~8월)
2022-07-16,24.4,30.9,19.5,78.4,0.7,0.9,7.0,26.2,25.0,20.0,0.042,0.007,0.3,0.002,11.399999999999999,2.1000000000000014,8.300000000000011,5.894347574866816,22.200000000000014,1,1,7.0,28.0,1,0,6.0,12.0,0.0,0.0,1,0,1,6.0,12.0,1,7.0,22.0,14,0.002,45.0,120.0,241.0,0.002142857142857143,0.006714285714285714,0.03428571428571429,7,여름,2022,2. 여름 (6~8월)
2022-07-17,25.4,31.6,19.2,73.8,0.0,1.3,7.3,27.9,17.0,13.0,0.033,0.006,0.3,0.002,12.400000000000002,1.0,4.6000000000000085,4.158124577258869,22.200000000000014,1,1,7.0,28.0,0,0,5.0,12.0,0.0,0.0,0,0,0,5.0,12.0,1,7.0,23.0,15,0.002,30.0,113.0,241.0,0.002142857142857143,0.007,0.03471428571428571,7,여름,2022,2. 여름 (6~8월)
2022-07-18,21.9,23.5,21.0,95.8,25.4,0.6,0.0,23.8,16.0,15.0,0.033,0.009,0.3,0.002,2.5,3.5,22.0,11.604022291142838,41.60000000000001,1,1,7.0,28.0,1,1,5.0,13.0,1.0,1.0,1,1,1,5.0,13.0,1,7.0,24.0,16,0.002,31.0,106.0,234.0,0.002142857142857143,0.007285714285714286,0.03485714285714286,7,여름,2022,2. 여름 (6~8월)
2022-07-19,26.0,31.5,21.6,77.9,0.0,0.9,5.1,28.0,18.0,16.0,0.043,0.006,0.3,0.002,9.899999999999999,4.100000000000001,17.89999999999999,11.699145267924767,41.60000000000001,1,1,7.0,28.0,1,0,5.0,14.0,1.0,1.0,2,0,1,5.0,14.0,1,7.0,24.0,17,0.002,34.0,95.0,248.0,0.002142857142857143,0.0074285714285714285,0.03628571428571429,7,여름,2022,2. 여름 (6~8월)
2022-07-20,27.5,33.2,23.3,68.1,0.0,1.5,11.0,29.0,32.0,24.0,0.05,0.006,0.3,0.002,9.900000000000002,1.5,9.800000000000011,14.045995870710126,26.100000000000012,1,1,7.0,28.0,0,0,4.0,14.0,1.0,1.0,0,0,0,4.0,14.0,0,6.0,24.0,0,0.0,56.0,121.0,271.0,0.002,0.006999999999999999,0.039,7,여름,2022,2. 여름 (6~8월)
2022-07-21,24.4,30.3,20.8,83.5,6.9,1.7,2.8,26.9,25.0,20.0,0.046,0.006,0.3,0.002,9.5,3.1000000000000014,15.400000000000006,7.794870107962328,33.000000000000014,1,1,7.0,28.0,1,0,4.0,15.0,1.0,1.0,1,0,1,4.0,15.0,1,6.0,24.0,1,0.002,45.0,135.0,279.0,0.002,0.006857142857142856,0.041,7,여름,2022,2. 여름 (6~8월)
2022-07-22,23.4,27.6,20.0,80.1,0.0,2.0,1.1,24.3,19.0,15.0,0.044,0.004,0.3,0.002,7.600000000000001,1.0,3.4000000000000057,8.090323438116563,33.000000000000014,1,1,7.0,28.0,1,0,5.0,16.0,1.0,1.0,2,0,1,5.0,16.0,1,6.0,24.0,2,0.002,34.0,135.0,275.0,0.002,0.006285714285714285,0.04157142857142857,7,여름,2022,2. 여름 (6~8월)
2022-07-23,23.2,27.4,19.8,87.1,0.1,0.8,0.0,25.1,23.0,18.0,0.031,0.007,0.3,0.002,7.599999999999998,0.1999999999999993,7.0,3.500476158087664,32.40000000000001,1,1,7.0,28.0,1,0,5.0,17.0,1.0,1.0,3,0,1,5.0,17.0,1,6.0,24.0,3,0.002,41.0,120.0,271.0,0.002,0.006285714285714285,0.04,7,여름,2022,2. 여름 (6~8월)
2022-07-24,25.6,31.0,21.6,84.3,2.1,1.0,1.9,26.9,18.0,17.0,0.039,0.004,0.3,0.002,9.399999999999999,2.400000000000002,2.799999999999997,3.5232560697939985,34.50000000000001,1,1,7.0,28.0,1,0,6.0,18.0,1.0,1.0,4,0,1,6.0,18.0,1,6.0,24.0,4,0.002,35.0,110.0,276.0,0.002,0.005999999999999999,0.040857142857142856,7,여름,2022,2. 여름 (6~8월)
2022-07-25,26.0,31.3,22.8,82.3,0.0,1.8,9.1,29.3,24.0,15.0,0.031,0.008,0.5,0.003,8.5,0.3999999999999986,2.0,2.4110855093381622,9.100000000000016,1,1,7.0,28.0,1,0,6.0,18.0,0.0,1.0,5,0,1,6.0,18.0,1,6.0,24.0,5,0.003,39.0,115.0,284.0,0.002142857142857143,0.0058571428571428585,0.04057142857142858,7,여름,2022,2. 여름 (6~8월)
2022-07-26,24.8,30.1,21.0,83.4,0.0,1.6,8.9,30.0,32.0,28.0,0.037,0.007,0.5,0.002,9.100000000000001,1.1999999999999993,1.1000000000000085,1.0016652800911572,9.100000000000016,1,1,7.0,28.0,1,0,6.0,18.0,0.0,1.0,6,0,1,6.0,18.0,1,6.0,24.0,6,0.002,60.0,134.0,310.0,0.002142857142857143,0.006,0.039714285714285716,7,여름,2022,2. 여름 (6~8월)
2022-07-27,23.9,26.5,20.2,82.6,0.0,1.4,1.6,25.9,12.0,10.0,0.026,0.006,0.3,0.002,6.300000000000001,0.9000000000000021,0.8000000000000114,0.5686240703135323,9.100000000000016,1,1,7.0,28.0,1,0,7.0,19.0,0.0,1.0,7,0,1,7.0,19.0,1,7.0,24.0,7,0.002,22.0,121.0,276.0,0.002142857142857143,0.006,0.03628571428571429,7,여름,2022,2. 여름 (6~8월)
2022-07-28,24.8,28.1,22.4,87.6,0.0,1.2,0.1,25.9,14.0,8.0,0.027,0.006,0.3,0.002,5.700000000000003,0.9000000000000021,5.0,2.6857649437991453,2.2000000000000144,1,1,7.0,28.0,1,0,7.0,20.0,0.0,1.0,8,0,1,7.0,20.0,1,7.0,25.0,8,0.002,22.0,104.0,253.0,0.002142857142857143,0.006,0.03357142857142857,7,여름,2022,2. 여름 (6~8월)
2022-07-29,26.9,31.8,22.4,80.6,0.0,1.9,11.5,31.9,27.0,22.0,0.027,0.006,0.4,0.002,9.400000000000002,2.099999999999998,7.0,3.605551275464937,2.2000000000000144,1,1,7.0,28.0,1,0,7.0,21.0,0.0,1.0,9,0,1,7.0,21.0,1,7.0,26.0,9,0.002,49.0,93.0,268.0,0.002142857142857143,0.006285714285714285,0.031142857142857142,7,여름,2022,2. 여름 (6~8월)
2022-07-30,26.1,28.8,22.6,84.4,0.1,1.8,0.8,27.2,15.0,12.0,0.025,0.005,0.2,0.002,6.199999999999999,0.7999999999999972,3.8000000000000114,3.5042830935880462,2.2000000000000144,1,1,7.0,28.0,1,0,7.0,22.0,0.0,1.0,10,0,1,7.0,22.0,1,7.0,27.0,10,0.002,27.0,98.0,254.0,0.002142857142857143,0.006,0.030285714285714287,7,여름,2022,2. 여름 (6~8월)
2022-07-31,26.5,28.4,24.7,86.6,3.0,2.0,0.0,26.8,15.0,10.0,0.021,0.005,0.2,0.003,3.6999999999999993,0.3999999999999986,2.1999999999999886,3.0353473167563942,3.1000000000000143,1,1,7.0,28.0,1,0,7.0,23.0,0.0,1.0,11,0,1,7.0,23.0,1,7.0,27.0,11,0.003,25.0,101.0,244.0,0.002285714285714286,0.0061428571428571435,0.027714285714285716,7,여름,2022,2. 여름 (6~8월)
2022-08-01,28.1,31.1,25.8,75.9,0.0,1.1,0.4,27.4,17.0,9.0,0.015,0.006,0.2,0.003,5.300000000000001,1.6000000000000014,10.699999999999989,5.650663677835234,3.1000000000000143,1,1,7.0,28.0,1,0,7.0,24.0,0.0,1.0,12,0,1,7.0,24.0,1,7.0,27.0,12,0.003,26.0,78.0,231.0,0.002285714285714286,0.005857142857142858,0.02542857142857143,8,여름,2022,2. 여름 (6~8월)
2022-08-02,27.1,30.0,24.8,85.4,1.6,1.1,0.8,27.0,13.0,8.0,0.023,0.006,0.2,0.002,5.199999999999999,1.0,9.5,5.862024678670319,4.700000000000014,1,1,7.0,28.0,1,0,7.0,24.0,0.0,1.0,13,0,1,7.0,24.0,1,7.0,27.0,13,0.002,21.0,72.0,192.0,0.002285714285714286,0.005714285714285714,0.02342857142857143,8,여름,2022,2. 여름 (6~8월)
2022-08-03,29.2,35.4,24.6,76.3,21.3,1.8,9.4,30.8,14.0,9.0,0.029,0.006,0.2,0.002,10.799999999999997,2.099999999999998,9.100000000000009,5.373081052804396,26.000000000000014,1,1,7.0,28.0,1,0,7.0,24.0,0.0,1.0,14,0,1,7.0,24.0,1,7.0,27.0,14,0.002,23.0,70.0,193.0,0.002285714285714286,0.005714285714285714,0.023857142857142858,8,여름,2022,2. 여름 (6~8월)
2022-08-04,29.2,34.0,25.4,72.8,0.0,1.9,8.7,29.6,17.0,13.0,0.032,0.007,0.2,0.002,8.600000000000001,0.0,3.5,6.50410127022471,26.000000000000014,1,1,7.0,28.0,0,0,6.0,23.0,0.0,1.0,0,0,0,6.0,23.0,1,7.0,27.0,15,0.002,30.0,74.0,201.0,0.002285714285714286,0.005857142857142858,0.024571428571428574,8,여름,2022,2. 여름 (6~8월)
2022-08-05,29.2,33.3,24.1,73.1,0.0,1.4,6.9,28.9,16.0,10.0,0.03,0.007,0.2,0.002,9.199999999999996,0.0,0.29999999999999716,1.9399312702612581,26.000000000000014,1,1,7.0,28.0,0,0,5.0,22.0,0.0,1.0,0,0,0,5.0,22.0,1,7.0,27.0,16,0.002,26.0,79.0,178.0,0.002285714285714286,0.006,0.025,8,여름,2022,2. 여름 (6~8월)
2022-08-06,30.0,35.1,25.4,70.6,0.0,1.7,11.2,30.2,27.0,19.0,0.041,0.006,0.3,0.002,9.700000000000003,0.8000000000000007,2.5,1.3650396819641855,25.900000000000013,1,1,7.0,28.0,0,0,4.0,22.0,0.0,1.0,0,0,0,4.0,22.0,1,7.0,27.0,17,0.002,46.0,102.0,197.0,0.002285714285714286,0.006142857142857143,0.027285714285714285,8,여름,2022,2. 여름 (6~8월)
2022-08-07,30.1,35.6,24.2,72.3,0.0,1.4,8.9,31.2,30.0,24.0,0.04,0.006,0.3,0.002,11.400000000000002,0.10000000000000142,1.7000000000000028,1.276714533481741,22.900000000000013,1,1,7.0,28.0,0,0,3.0,21.0,0.0,1.0,0,0,0,3.0,21.0,1,7.0,27.0,18,0.002,54.0,126.0,226.0,0.002142857142857143,0.006285714285714286,0.030000000000000002,8,여름,2022,2. 여름 (6~8월)
2022-08-08,29.4,32.5,26.9,67.8,0.0,2.0,0.5,28.6,20.0,12.0,0.034,0.006,0.3,0.003,5.600000000000001,0.7000000000000028,4.5,2.2722969289545443,22.900000000000013,1,1,7.0,28.0,0,0,2.0,20.0,0.0,1.0,0,0,0,2.0,20.0,0,6.0,26.0,0,0.0,32.0,132.0,232.0,0.002142857142857143,0.006285714285714286,0.03271428571428571,8,여름,2022,2. 여름 (6~8월)
2022-08-09,28.4,30.6,25.3,70.3,0.0,1.9,0.2,27.3,14.0,4.0,0.025,0.006,0.2,0.002,5.300000000000001,1.0,2.5,2.254624876412088,21.300000000000015,1,1,7.0,28.0,0,0,1.0,19.0,0.0,1.0,0,0,0,1.0,19.0,1,6.0,26.0,1,0.002,18.0,104.0,229.0,0.002142857142857143,0.006285714285714285,0.033,8,여름,2022,2. 여름 (6~8월)
2022-08-10,27.3,29.2,25.7,77.0,0.3,1.6,0.0,26.7,15.0,5.0,0.021,0.008,0.2,0.002,3.5,1.0999999999999979,6.700000000000003,4.7570999569068775,0.3000000000000142,1,1,7.0,28.0,1,0,1.0,19.0,0.0,1.0,1,0,1,1.0,19.0,1,6.0,26.0,2,0.002,20.0,70.0,226.0,0.002142857142857143,0.006571428571428571,0.031857142857142855,8,여름,2022,2. 여름 (6~8월)
2022-08-11,25.4,28.2,23.7,92.5,4.4,0.9,0.0,26.6,15.0,5.0,0.015,0.011,0.3,0.002,4.5,1.9000000000000021,15.5,11.38698086998215,4.700000000000014,1,1,7.0,28.0,1,0,2.0,19.0,0.0,1.0,2,0,1,2.0,19.0,1,6.0,26.0,3,0.002,20.0,58.0,216.0,0.002142857142857143,0.0071428571428571435,0.029428571428571432,8,여름,2022,2. 여름 (6~8월)
2022-08-12,28.0,34.0,24.0,77.8,19.3,1.3,10.1,29.2,16.0,12.0,0.04,0.007,0.3,0.002,10.0,2.6000000000000014,14.700000000000003,8.727160668472894,24.000000000000014,1,1,7.0,28.0,1,0,3.0,20.0,0.0,1.0,3,0,1,3.0,20.0,1,6.0,26.0,4,0.002,28.0,68.0,218.0,0.002142857142857143,0.0071428571428571435,0.03085714285714286,8,여름,2022,2. 여름 (6~8월)
2022-08-13,25.9,32.8,22.5,88.8,7.9,0.8,3.3,27.1,23.0,16.0,0.034,0.009,0.4,0.002,10.299999999999997,2.1000000000000014,11.0,7.646131919692567,31.900000000000013,1,1,7.0,28.0,1,0,4.0,20.0,0.0,1.0,4,0,1,4.0,20.0,1,6.0,26.0,5,0.002,39.0,87.0,211.0,0.002142857142857143,0.007571428571428572,0.02985714285714286,8,여름,2022,2. 여름 (6~8월)
2022-08-14,28.5,32.6,23.9,80.0,0.0,1.1,3.4,28.4,25.0,21.0,0.034,0.006,0.3,0.002,8.700000000000003,2.6000000000000014,8.799999999999997,5.820652884342691,31.900000000000013,1,1,7.0,28.0,1,0,5.0,21.0,0.0,1.0,5,0,1,5.0,21.0,1,6.0,26.0,6,0.002,46.0,113.0,203.0,0.002142857142857143,0.007571428571428571,0.029,8,여름,2022,2. 여름 (6~8월)
2022-08-15,29.3,33.1,25.3,67.5,0.0,2.5,3.8,28.2,15.0,9.0,0.026,0.005,0.2,0.003,7.800000000000001,0.8000000000000007,12.5,10.70342624271962,31.900000000000013,1,1,7.0,28.0,0,0,5.0,20.0,0.0,0.0,0,0,0,5.0,20.0,0,6.0,25.0,0,0.0,24.0,109.0,195.0,0.002142857142857143,0.0074285714285714285,0.027857142857142858,8,여름,2022,2. 여름 (6~8월)
2022-08-16,24.7,28.5,21.7,93.4,46.2,1.2,0.0,25.4,16.0,13.0,0.029,0.012,0.3,0.002,6.800000000000001,4.600000000000001,25.900000000000006,12.952605915413562,78.10000000000002,1,1,7.0,28.0,1,0,6.0,20.0,0.0,0.0,1,0,1,6.0,20.0,1,6.0,25.0,1,0.002,29.0,99.0,206.0,0.002142857142857143,0.008285714285714285,0.02842857142857143,8,여름,2022,2. 여름 (6~8월)
2022-08-17,24.5,28.1,21.7,86.3,4.5,1.6,4.9,27.4,20.0,15.0,0.037,0.007,0.3,0.002,6.400000000000002,0.1999999999999993,7.1000000000000085,13.38319842190226,82.30000000000001,1,1,7.0,28.0,1,0,6.0,21.0,0.0,0.0,2,0,1,6.0,21.0,1,6.0,26.0,2,0.002,35.0,88.0,221.0,0.002142857142857143,0.008142857142857143,0.03071428571428572,8,여름,2022,2. 여름 (6~8월)
2022-08-18,24.7,30.5,20.3,80.0,0.0,0.8,7.1,27.1,20.0,16.0,0.044,0.008,0.3,0.002,10.2,0.1999999999999993,6.299999999999997,6.703978918026369,77.9,1,1,7.0,28.0,1,0,6.0,21.0,0.0,0.0,3,0,1,6.0,21.0,1,6.0,26.0,3,0.002,36.0,100.0,237.0,0.002142857142857143,0.0077142857142857135,0.03485714285714286,8,여름,2022,2. 여름 (6~8월)
2022-08-19,26.5,31.5,20.0,77.4,0.0,1.3,6.0,26.8,25.0,19.0,0.035,0.008,0.3,0.003,11.5,1.8000000000000007,2.5999999999999943,4.576388678132578,58.600000000000016,1,1,7.0,28.0,1,0,6.0,21.0,0.0,0.0,4,0,1,6.0,21.0,1,6.0,26.0,4,0.003,44.0,115.0,253.0,0.002285714285714286,0.007857142857142856,0.03414285714285715,8,여름,2022,2. 여름 (6~8월)
2022-08-20,25.2,27.9,22.1,90.8,9.7,1.4,0.0,26.3,15.0,13.0,0.029,0.008,0.2,0.002,5.799999999999997,1.3000000000000007,13.399999999999991,7.105866121264919,60.40000000000002,1,1,7.0,28.0,1,0,6.0,21.0,0.0,0.0,5,0,1,6.0,21.0,1,6.0,26.0,5,0.002,28.0,108.0,242.0,0.002285714285714286,0.007714285714285715,0.03342857142857143,8,여름,2022,2. 여름 (6~8월)
2022-08-21,23.8,29.3,18.7,75.4,0.0,1.4,12.0,26.6,13.0,7.0,0.035,0.004,0.2,0.002,10.600000000000001,1.3999999999999986,15.399999999999991,8.373768566183726,60.40000000000002,1,1,7.0,28.0,1,0,6.0,21.0,0.0,0.0,6,0,1,6.0,21.0,1,6.0,26.0,6,0.002,20.0,92.0,216.0,0.002285714285714286,0.0074285714285714285,0.03357142857142857,8,여름,2022,2. 여름 (6~8월)
2022-08-22,24.5,31.6,16.0,77.5,0.0,0.8,10.8,26.0,18.0,12.0,0.031,0.008,0.3,0.002,15.600000000000001,0.6999999999999993,2.0999999999999943,8.351247411814597,60.40000000000002,1,1,7.0,28.0,1,0,7.0,21.0,0.0,0.0,7,0,1,7.0,21.0,1,7.0,26.0,7,0.002,30.0,78.0,222.0,0.002142857142857143,0.007857142857142858,0.03428571428571429,8,여름,2022,2. 여름 (6~8월)
2022-08-23,24.2,26.9,20.7,87.8,5.5,0.9,0.3,26.0,26.0,22.0,0.035,0.012,0.3,0.003,6.199999999999999,0.3000000000000007,10.299999999999997,6.636515149786045,19.700000000000014,1,1,7.0,28.0,1,0,7.0,21.0,0.0,0.0,8,0,1,7.0,21.0,1,7.0,26.0,8,0.003,48.0,98.0,241.0,0.002285714285714286,0.007857142857142856,0.03514285714285714,8,여름,2022,2. 여름 (6~8월)
2022-08-24,20.8,21.8,19.1,89.4,10.7,1.0,0.0,23.0,10.0,5.0,0.03,0.006,0.2,0.002,2.6999999999999993,3.3999999999999986,1.6000000000000085,6.458327956987627,25.900000000000013,1,1,7.0,28.0,1,0,7.0,21.0,0.0,0.0,9,0,1,7.0,21.0,1,7.0,26.0,9,0.002,15.0,93.0,221.0,0.002285714285714286,0.007714285714285714,0.03414285714285715,8,여름,2022,2. 여름 (6~8월)
2022-08-25,23.1,29.0,18.1,81.6,0.4,0.9,4.9,28.2,22.0,14.0,0.026,0.008,0.3,0.002,10.899999999999999,2.3000000000000007,7.800000000000011,4.119870548129122,26.30000000000001,1,1,7.0,28.0,1,0,7.0,21.0,0.0,0.0,10,0,1,7.0,21.0,1,7.0,26.0,10,0.002,36.0,99.0,221.0,0.002285714285714286,0.007714285714285714,0.03157142857142857,8,여름,2022,2. 여름 (6~8월)
2022-08-26,23.2,28.7,18.5,68.1,0.0,1.4,9.7,30.2,22.0,15.0,0.044,0.007,0.3,0.002,10.2,0.09999999999999787,13.5,10.776363022838748,26.30000000000001,1,1,7.0,28.0,0,0,6.0,20.0,0.0,0.0,0,0,0,6.0,20.0,0,6.0,25.0,0,0.0,37.0,88.0,214.0,0.002142857142857143,0.007571428571428571,0.032857142857142856,8,여름,2022,2. 여름 (6~8월)
2022-08-27,21.4,27.6,15.6,73.0,0.0,1.2,6.3,26.4,28.0,19.0,0.033,0.01,0.3,0.002,12.000000000000002,1.8000000000000007,4.900000000000006,6.833983708887349,16.600000000000012,1,1,7.0,28.0,0,0,5.0,19.0,0.0,0.0,0,0,0,5.0,19.0,1,6.0,25.0,1,0.002,47.0,120.0,233.0,0.002142857142857143,0.007857142857142856,0.033428571428571426,8,여름,2022,2. 여름 (6~8월)
2022-08-28,19.5,26.2,13.6,71.3,0.0,1.4,11.1,25.8,12.0,5.0,0.025,0.005,0.2,0.002,12.6,1.8999999999999986,1.7000000000000028,2.487971060925602,16.600000000000012,1,0,7.0,28.0,0,0,4.0,18.0,0.0,0.0,0,0,0,4.0,18.0,1,6.0,25.0,2,0.002,17.0,101.0,230.0,0.002142857142857143,0.008,0.032,8,여름,2022,2. 여름 (6~8월)
2022-08-29,20.0,24.7,15.4,84.4,0.0,0.6,0.4,23.0,15.0,6.0,0.016,0.008,0.2,0.002,9.299999999999999,0.5,13.100000000000009,7.1234355007494985,16.600000000000012,1,0,7.0,28.0,1,0,4.0,18.0,0.0,0.0,1,0,1,4.0,18.0,1,6.0,25.0,3,0.002,21.0,85.0,221.0,0.002142857142857143,0.008,0.029857142857142856,8,여름,2022,2. 여름 (6~8월)
2022-08-30,20.2,23.0,18.1,93.3,29.9,0.8,0.0,21.4,8.0,4.0,0.018,0.01,0.3,0.002,4.899999999999999,0.1999999999999993,8.899999999999991,11.066616465749904,41.000000000000014,1,1,7.0,28.0,1,0,4.0,18.0,0.0,0.0,2,0,1,4.0,18.0,1,6.0,25.0,4,0.002,12.0,50.0,185.0,0.002,0.007714285714285714,0.02742857142857143,8,여름,2022,2. 여름 (6~8월)
2022-08-31,20.4,22.2,19.4,96.6,19.3,0.7,0.0,22.3,7.0,4.0,0.028,0.008,0.3,0.002,2.8000000000000007,0.1999999999999993,3.299999999999997,6.310573138261109,49.60000000000001,1,1,7.0,28.0,1,1,4.0,18.0,1.0,1.0,3,1,1,4.0,18.0,1,6.0,25.0,5,0.002,11.0,44.0,181.0,0.002,0.008,0.027142857142857142,8,여름,2022,2. 여름 (6~8월)
2022-09-01,20.5,24.6,17.7,89.5,0.0,0.7,1.3,23.3,12.0,6.0,0.021,0.009,0.3,0.002,6.900000000000002,0.10000000000000142,7.099999999999994,3.552933060633592,49.20000000000002,1,1,7.0,28.0,1,0,4.0,19.0,1.0,1.0,4,0,1,4.0,19.0,1,6.0,25.0,6,0.002,18.0,41.0,163.0,0.002,0.008142857142857143,0.02642857142857143,9,가을,2022,3. 가을 (9~11월)
2022-09-02,20.1,22.4,17.3,94.4,5.0,1.1,0.0,20.5,12.0,5.0,0.024,0.009,0.2,0.002,5.099999999999998,0.3999999999999986,4.900000000000006,3.634556369078621,54.20000000000002,1,1,7.0,28.0,1,0,5.0,20.0,1.0,1.0,5,0,1,5.0,20.0,1,7.0,25.0,7,0.002,17.0,46.0,143.0,0.002,0.008428571428571428,0.023571428571428573,9,가을,2022,3. 가을 (9~11월)
2022-09-03,21.6,23.5,20.0,87.4,0.7,1.8,0.0,22.3,7.0,3.0,0.036,0.005,0.2,0.002,3.5,1.5,7.0,3.592121007614079,54.90000000000001,1,1,7.0,28.0,1,0,6.0,21.0,1.0,1.0,6,0,1,6.0,21.0,1,7.0,25.0,8,0.002,10.0,45.0,106.0,0.002,0.007714285714285715,0.024,9,가을,2022,3. 가을 (9~11월)
2022-09-04,23.8,28.4,20.6,92.4,2.1,1.2,1.9,25.2,13.0,10.0,0.027,0.006,0.3,0.002,7.799999999999997,2.1999999999999993,5.0,3.6055512754652828,57.000000000000014,1,1,7.0,28.0,1,0,7.0,22.0,1.0,1.0,7,0,1,7.0,22.0,1,7.0,25.0,9,0.002,23.0,50.0,112.0,0.002,0.007857142857142858,0.024285714285714282,9,가을,2022,3. 가을 (9~11월)
2022-09-05,24.2,27.8,21.9,92.3,18.1,1.7,0.0,24.0,19.0,10.0,0.016,0.007,0.3,0.002,5.900000000000002,0.3999999999999986,0.10000000000000853,2.8583211855928843,75.10000000000002,1,1,7.0,28.0,1,0,7.0,23.0,1.0,1.0,8,0,1,7.0,23.0,1,7.0,26.0,10,0.002,29.0,62.0,120.0,0.002,0.007714285714285714,0.02428571428571429,9,가을,2022,3. 가을 (9~11월)
2022-09-06,21.4,25.0,17.4,79.4,71.0,3.4,4.2,21.2,7.0,5.0,0.05,0.005,0.2,0.002,7.600000000000001,2.8000000000000007,12.899999999999991,7.476853170508406,116.20000000000002,1,1,7.0,28.0,1,0,7.0,24.0,1.0,1.0,9,0,1,7.0,24.0,1,7.0,26.0,11,0.002,12.0,64.0,120.0,0.002,0.006999999999999999,0.028857142857142856,9,가을,2022,3. 가을 (9~11월)
2022-09-07,20.4,28.5,13.7,71.5,0.0,1.3,10.5,22.3,21.0,10.0,0.032,0.008,0.3,0.002,14.8,1.0,7.900000000000006,10.499682534883588,96.90000000000002,1,1,7.0,28.0,0,0,6.0,23.0,0.0,1.0,0,0,0,6.0,23.0,1,7.0,26.0,12,0.002,31.0,72.0,140.0,0.002,0.007,0.029428571428571425,9,가을,2022,3. 가을 (9~11월)
2022-09-08,19.4,27.1,12.6,74.9,0.0,1.1,9.7,22.2,19.0,9.0,0.03,0.007,0.3,0.002,14.500000000000002,1.0,3.4000000000000057,3.962743157629285,96.90000000000002,1,0,7.0,28.0,0,0,5.0,22.0,0.0,1.0,0,0,0,5.0,22.0,1,7.0,26.0,13,0.002,28.0,71.0,150.0,0.002,0.006714285714285715,0.030714285714285715,9,가을,2022,3. 가을 (9~11월)
2022-09-09,19.8,26.5,14.5,76.6,0.0,1.5,8.8,22.8,16.0,8.0,0.029,0.004,0.2,0.002,12.0,0.40000000000000213,1.6999999999999886,2.596792893809091,91.90000000000002,1,0,7.0,28.0,1,0,5.0,22.0,0.0,1.0,1,0,0,4.0,21.0,1,7.0,26.0,14,0.002,24.0,83.0,157.0,0.002,0.006,0.03142857142857143,9,가을,2022,3. 가을 (9~11월)
2022-09-10,19.5,24.4,15.9,80.5,0.0,1.5,0.5,20.3,15.0,10.0,0.03,0.004,0.3,0.002,8.499999999999998,0.3000000000000007,3.9000000000000057,2.8711205710207177,91.20000000000002,1,0,7.0,28.0,1,0,5.0,22.0,0.0,1.0,2,0,0,3.0,20.0,1,7.0,26.0,15,0.002,25.0,77.0,172.0,0.002,0.005857142857142858,0.030571428571428572,9,가을,2022,3. 가을 (9~11월)
2022-09-11,21.1,26.5,16.4,80.3,0.0,1.3,4.9,23.5,15.0,9.0,0.03,0.003,0.2,0.002,10.100000000000001,1.6000000000000014,0.20000000000000284,2.1962088546718217,89.10000000000002,1,1,7.0,28.0,1,0,5.0,22.0,0.0,1.0,3,0,1,3.0,20.0,1,7.0,26.0,16,0.002,24.0,73.0,173.0,0.002,0.0054285714285714284,0.031,9,가을,2022,3. 가을 (9~11월)
2022-09-12,20.6,23.7,16.9,89.6,0.2,0.6,0.1,22.3,17.0,7.0,0.019,0.005,0.3,0.002,6.800000000000001,0.5,9.299999999999997,5.312563725108649,71.20000000000002,1,1,7.0,28.0,1,0,5.0,23.0,0.0,1.0,4,0,1,3.0,21.0,1,7.0,27.0,17,0.002,24.0,73.0,168.0,0.002,0.0051428571428571435,0.031428571428571424,9,가을,2022,3. 가을 (9~11월)
2022-09-13,23.1,27.7,19.5,68.3,0.0,1.8,5.6,24.6,13.0,6.0,0.029,0.004,0.2,0.002,8.2,2.5,21.299999999999997,10.678483038334877,0.20000000000001422,1,1,7.0,28.0,0,0,4.0,22.0,0.0,1.0,0,0,0,2.0,20.0,0,6.0,26.0,0,0.0,19.0,67.0,175.0,0.002,0.005,0.02842857142857143,9,가을,2022,3. 가을 (9~11월)
2022-09-14,23.0,27.0,18.6,66.4,0.0,2.8,8.0,24.8,15.0,8.0,0.044,0.003,0.2,0.002,8.399999999999999,0.10000000000000142,1.8999999999999915,12.88112313943693,0.20000000000001422,1,1,7.0,28.0,0,0,4.0,21.0,0.0,1.0,0,0,0,2.0,19.0,0,5.0,25.0,0,0.0,23.0,66.0,167.0,0.002,0.004285714285714286,0.03014285714285714,9,가을,2022,3. 가을 (9~11월)
2022-09-15,22.3,25.8,20.2,73.0,0.0,2.4,8.2,25.2,21.0,9.0,0.04,0.003,0.2,0.003,5.600000000000001,0.6999999999999993,6.599999999999994,3.3975481355436257,0.20000000000001422,1,1,7.0,28.0,0,0,4.0,20.0,0.0,1.0,0,0,0,2.0,18.0,1,5.0,25.0,1,0.003,30.0,72.0,169.0,0.002142857142857143,0.0037142857142857147,0.03157142857142857,9,가을,2022,3. 가을 (9~11월)
2022-09-16,23.1,27.4,20.5,85.1,0.0,1.7,1.3,25.6,23.0,14.0,0.03,0.006,0.3,0.003,6.899999999999999,0.8000000000000007,12.099999999999994,9.483845914677106,0.20000000000001422,1,1,7.0,28.0,1,0,4.0,20.0,0.0,1.0,1,0,1,3.0,18.0,1,5.0,25.0,2,0.003,37.0,90.0,182.0,0.002285714285714286,0.004,0.031714285714285716,9,가을,2022,3. 가을 (9~11월)
2022-09-17,24.1,31.7,19.3,86.6,0.2,0.8,4.3,26.3,31.0,26.0,0.027,0.007,0.4,0.003,12.399999999999999,1.0,1.5,7.4567642669820104,0.40000000000001423,1,1,7.0,28.0,1,0,4.0,20.0,0.0,1.0,2,0,1,4.0,18.0,1,5.0,25.0,3,0.003,57.0,124.0,214.0,0.002428571428571429,0.004428571428571428,0.031285714285714285,9,가을,2022,3. 가을 (9~11월)
2022-09-18,25.2,29.4,21.3,81.4,0.0,2.1,0.6,25.9,13.0,9.0,0.022,0.003,0.2,0.003,8.099999999999998,1.0999999999999979,5.199999999999989,2.6764404221541365,0.40000000000001423,1,1,7.0,28.0,1,0,4.0,20.0,0.0,1.0,3,0,1,4.0,18.0,1,5.0,25.0,4,0.003,22.0,116.0,212.0,0.0025714285714285717,0.004428571428571428,0.03014285714285714,9,가을,2022,3. 가을 (9~11월)
2022-09-19,23.1,26.8,15.5,70.6,5.0,2.6,2.4,23.0,10.0,5.0,0.037,0.003,0.2,0.002,11.3,2.099999999999998,10.800000000000011,8.161699169495238,5.200000000000014,1,1,7.0,28.0,0,0,3.0,19.0,0.0,1.0,0,0,0,3.0,17.0,1,5.0,25.0,5,0.002,15.0,94.0,203.0,0.0025714285714285713,0.0041428571428571434,0.03271428571428572,9,가을,2022,3. 가을 (9~11월)
2022-09-20,17.1,21.8,12.9,72.0,0.0,1.7,5.8,20.1,25.0,7.0,0.03,0.004,0.2,0.003,8.9,6.0,1.4000000000000057,5.873102530463595,5.200000000000014,1,0,7.0,28.0,0,0,3.0,18.0,0.0,1.0,0,0,0,3.0,16.0,1,6.0,25.0,6,0.003,32.0,69.0,216.0,0.0027142857142857147,0.0041428571428571434,0.032857142857142856,9,가을,2022,3. 가을 (9~11월)
2022-09-21,15.2,21.8,10.2,75.3,0.0,1.4,9.9,19.7,12.0,5.0,0.021,0.007,0.3,0.002,11.600000000000001,1.9000000000000021,3.299999999999997,2.4131583730325787,5.200000000000014,1,0,7.0,28.0,1,0,4.0,18.0,0.0,1.0,1,0,0,3.0,15.0,1,7.0,25.0,7,0.002,17.0,64.0,210.0,0.0027142857142857142,0.004714285714285714,0.02957142857142857,9,가을,2022,3. 가을 (9~11월)
2022-09-22,16.9,24.1,9.5,78.8,0.0,0.9,7.2,21.0,13.0,7.0,0.022,0.01,0.3,0.002,14.600000000000001,1.6999999999999993,3.5,3.400490160747119,5.200000000000014,1,0,7.0,28.0,1,0,5.0,18.0,0.0,1.0,2,0,0,3.0,14.0,1,7.0,25.0,8,0.002,20.0,69.0,200.0,0.0025714285714285717,0.005714285714285714,0.027,9,가을,2022,3. 가을 (9~11월)
2022-09-23,19.4,27.6,13.6,67.6,0.0,1.8,8.8,22.5,20.0,9.0,0.034,0.009,0.3,0.002,14.000000000000002,2.5,11.200000000000003,5.729746940311088,5.200000000000014,1,0,7.0,28.0,0,0,4.0,18.0,0.0,1.0,0,0,0,2.0,14.0,0,6.0,25.0,0,0.0,29.0,66.0,192.0,0.002428571428571429,0.0061428571428571435,0.027571428571428573,9,가을,2022,3. 가을 (9~11월)
2022-09-24,17.5,24.3,11.4,61.1,0.0,1.6,8.2,21.6,16.0,8.0,0.032,0.009,0.3,0.002,12.9,1.8999999999999986,6.499999999999993,8.95339786524291,5.000000000000014,1,0,7.0,28.0,0,0,3.0,18.0,0.0,1.0,0,0,0,1.0,14.0,0,5.0,24.0,0,0.0,24.0,73.0,159.0,0.002285714285714286,0.0064285714285714285,0.028285714285714286,9,가을,2022,3. 가을 (9~11월)
2022-09-25,17.1,21.9,12.3,78.4,0.0,0.7,1.8,19.9,17.0,11.0,0.022,0.011,0.4,0.003,9.599999999999998,0.3999999999999986,17.300000000000004,8.73861163648645,5.000000000000014,1,0,7.0,28.0,1,0,3.0,19.0,0.0,1.0,1,0,0,0.0,14.0,1,5.0,24.0,1,0.003,28.0,81.0,165.0,0.002285714285714286,0.007571428571428571,0.028285714285714286,9,가을,2022,3. 가을 (9~11월)
2022-09-26,17.1,21.1,13.7,85.9,0.0,0.4,0.0,18.8,26.0,17.0,0.013,0.015,0.4,0.002,7.400000000000002,0.0,7.5,12.718621518597768,0.0,1,0,7.0,28.0,1,0,4.0,19.0,0.0,1.0,2,0,0,0.0,13.0,1,5.0,24.0,2,0.002,43.0,95.0,193.0,0.002285714285714286,0.009285714285714286,0.024857142857142855,9,가을,2022,3. 가을 (9~11월)
2022-09-27,18.4,25.4,13.8,81.6,0.0,1.0,6.6,21.6,14.0,8.0,0.022,0.011,0.3,0.002,11.599999999999998,1.2999999999999972,4.300000000000011,3.763420430052973,0.0,1,0,7.0,28.0,1,0,5.0,19.0,0.0,1.0,3,0,0,0.0,12.0,1,5.0,24.0,3,0.002,22.0,93.0,183.0,0.002142857142857143,0.010285714285714285,0.023714285714285712,9,가을,2022,3. 가을 (9~11월)
2022-09-28,17.3,24.2,11.9,81.0,0.0,0.6,3.4,19.3,18.0,8.0,0.021,0.012,0.3,0.002,12.299999999999999,1.0999999999999979,0.5999999999999943,2.672701504721467,0.0,1,0,7.0,28.0,1,0,5.0,19.0,0.0,0.0,4,0,0,0.0,11.0,1,5.0,24.0,4,0.002,26.0,91.0,192.0,0.002142857142857143,0.010999999999999998,0.023714285714285716,9,가을,2022,3. 가을 (9~11월)
2022-09-29,18.0,27.6,10.7,78.6,0.0,0.6,9.3,21.9,28.0,19.0,0.03,0.015,0.4,0.003,16.900000000000002,0.6999999999999993,2.4000000000000057,1.5874507866407694,0.0,1,0,7.0,28.0,1,0,5.0,19.0,0.0,0.0,5,0,0,0.0,10.0,1,5.0,24.0,5,0.003,47.0,95.0,219.0,0.002285714285714286,0.011714285714285714,0.024857142857142855,9,가을,2022,3. 가을 (9~11월)
2022-09-30,18.6,28.9,11.3,75.4,0.0,0.5,9.2,22.4,34.0,23.0,0.029,0.019,0.4,0.002,17.599999999999998,0.6000000000000014,3.1999999999999886,2.809507667428435,0.0,1,0,7.0,28.0,1,0,6.0,19.0,0.0,0.0,6,0,0,0.0,9.0,1,6.0,24.0,6,0.002,57.0,130.0,247.0,0.002285714285714286,0.013142857142857142,0.024142857142857143,9,가을,2022,3. 가을 (9~11월)
2022-10-01,18.5,29.8,9.8,67.8,0.0,0.8,9.9,21.1,30.0,23.0,0.028,0.016,0.4,0.002,20.0,0.10000000000000142,7.6000000000000085,5.547371750057674,0.0,1,0,7.0,28.0,0,0,6.0,18.0,0.0,0.0,0,0,0,0.0,8.0,0,6.0,23.0,0,0.0,53.0,157.0,276.0,0.002285714285714286,0.014142857142857141,0.023571428571428573,10,가을,2022,3. 가을 (9~11월)
2022-10-02,19.8,28.2,11.9,75.5,0.0,0.8,3.6,22.5,22.0,17.0,0.037,0.012,0.3,0.003,16.299999999999997,1.3000000000000007,7.700000000000003,4.417012565072047,0.0,1,0,7.0,28.0,1,0,6.0,18.0,0.0,0.0,1,0,0,0.0,7.0,1,6.0,23.0,1,0.003,39.0,149.0,287.0,0.002285714285714286,0.014285714285714287,0.025714285714285714,10,가을,2022,3. 가을 (9~11월)
2022-10-03,23.6,28.5,18.8,81.3,7.2,1.4,1.6,23.4,26.0,20.0,0.031,0.008,0.3,0.003,9.7,3.8000000000000007,5.799999999999997,6.772247288259501,7.200000000000014,1,1,7.0,28.0,1,0,6.0,18.0,0.0,0.0,2,0,1,1.0,7.0,1,6.0,23.0,2,0.003,46.0,138.0,290.0,0.002428571428571429,0.013285714285714286,0.028285714285714286,10,가을,2022,3. 가을 (9~11월)
2022-10-04,19.9,25.6,14.6,88.0,13.5,2.2,0.0,20.4,12.0,8.0,0.029,0.008,0.3,0.002,11.000000000000002,3.700000000000003,6.700000000000003,6.255397669213897,20.700000000000014,1,0,7.0,28.0,1,0,6.0,18.0,0.0,0.0,3,0,0,1.0,6.0,1,6.0,23.0,3,0.002,20.0,105.0,288.0,0.002428571428571429,0.012857142857142857,0.029285714285714283,10,가을,2022,3. 가을 (9~11월)
2022-10-05,15.8,19.4,13.8,79.9,0.0,1.5,3.2,17.4,14.0,5.0,0.026,0.008,0.2,0.002,5.599999999999998,4.099999999999998,8.099999999999994,4.329357150125221,20.700000000000014,1,0,7.0,28.0,1,0,6.0,19.0,0.0,0.0,4,0,0,1.0,6.0,1,6.0,23.0,4,0.002,19.0,85.0,281.0,0.002428571428571429,0.012285714285714285,0.03,10,가을,2022,3. 가을 (9~11월)
2022-10-06,16.8,22.1,13.6,83.3,0.0,0.9,2.7,18.2,9.0,6.0,0.022,0.01,0.3,0.002,8.500000000000002,1.0,3.3999999999999915,4.067349669421175,20.700000000000014,1,0,7.0,28.0,1,0,6.0,20.0,0.0,0.0,5,0,0,1.0,6.0,1,6.0,23.0,5,0.002,15.0,54.0,249.0,0.002285714285714286,0.011571428571428571,0.02885714285714286,10,가을,2022,3. 가을 (9~11월)
2022-10-07,15.5,20.0,10.7,72.4,0.0,2.3,1.7,16.0,15.0,9.0,0.031,0.008,0.3,0.002,9.3,1.3000000000000007,10.899999999999991,5.577036249957433,20.700000000000014,1,0,7.0,28.0,0,0,5.0,19.0,0.0,0.0,0,0,0,1.0,6.0,1,6.0,23.0,6,0.002,24.0,58.0,216.0,0.002285714285714286,0.01,0.029142857142857144,10,가을,2022,3. 가을 (9~11월)
2022-10-08,13.1,20.1,7.0,74.8,0.0,1.4,10.0,15.4,12.0,6.0,0.025,0.01,0.2,0.002,13.100000000000001,2.4000000000000004,2.3999999999999915,5.727419430541024,20.700000000000014,1,0,7.0,28.0,0,0,5.0,18.0,0.0,0.0,0,0,0,1.0,6.0,1,7.0,23.0,7,0.002,18.0,57.0,181.0,0.002285714285714286,0.009142857142857144,0.028714285714285716,10,가을,2022,3. 가을 (9~11월)
2022-10-09,13.9,17.0,10.0,84.9,1.6,0.8,0.0,15.8,13.0,7.0,0.02,0.009,0.2,0.002,7.0,0.8000000000000007,10.100000000000009,6.633500835406527,22.300000000000015,1,0,7.0,28.0,1,0,5.0,18.0,0.0,0.0,1,0,0,1.0,5.0,1,7.0,23.0,8,0.002,20.0,62.0,162.0,0.002142857142857143,0.008714285714285714,0.026285714285714284,10,가을,2022,3. 가을 (9~11월)
2022-10-10,12.9,17.0,10.2,58.3,0.0,3.8,6.6,13.8,9.0,3.0,0.037,0.005,0.2,0.002,6.800000000000001,1.0,26.60000000000001,13.427707672322109,15.100000000000014,0,0,6.0,27.0,0,0,4.0,17.0,0.0,0.0,0,0,0,0.0,4.0,0,6.0,22.0,0,0.0,12.0,50.0,128.0,0.002,0.008285714285714287,0.027142857142857142,10,가을,2022,3. 가을 (9~11월)
2022-10-11,12.3,18.5,6.7,64.9,0.0,2.6,8.6,14.6,10.0,6.0,0.028,0.01,0.2,0.002,11.8,0.5999999999999996,6.6000000000000085,13.851113072000286,1.6000000000000143,1,0,6.0,27.0,0,0,3.0,17.0,0.0,0.0,0,0,0,0.0,4.0,0,5.0,22.0,0,0.0,16.0,48.0,124.0,0.002,0.008571428571428572,0.027,10,가을,2022,3. 가을 (9~11월)
2022-10-12,12.1,21.1,3.8,79.4,0.0,1.0,7.7,13.5,21.0,12.0,0.021,0.012,0.3,0.003,17.3,0.20000000000000107,14.5,10.793670985041963,1.6000000000000143,1,0,6.0,27.0,1,0,3.0,18.0,0.0,0.0,1,0,0,0.0,4.0,1,5.0,23.0,1,0.003,33.0,61.0,138.0,0.002142857142857143,0.009142857142857144,0.026285714285714284,10,가을,2022,3. 가을 (9~11월)
2022-10-13,14.6,21.8,9.2,75.8,0.0,1.3,7.6,16.6,14.0,7.0,0.026,0.011,0.3,0.002,12.600000000000001,2.5,3.6000000000000085,7.550055187436577,1.6000000000000143,1,0,6.0,27.0,1,0,3.0,19.0,0.0,0.0,2,0,0,0.0,4.0,1,5.0,23.0,2,0.002,21.0,70.0,144.0,0.002142857142857143,0.009285714285714286,0.026857142857142857,10,가을,2022,3. 가을 (9~11월)
2022-10-14,14.1,21.9,7.0,80.8,0.0,0.8,5.3,16.0,16.0,8.0,0.023,0.012,0.3,0.002,14.899999999999999,0.5,5.0,2.579405616288231,1.6000000000000143,1,0,6.0,27.0,1,0,4.0,19.0,0.0,0.0,3,0,0,0.0,3.0,1,5.0,23.0,3,0.002,24.0,78.0,144.0,0.002142857142857143,0.009857142857142858,0.025714285714285717,10,가을,2022,3. 가을 (9~11월)
2022-10-15,15.9,23.2,10.7,80.8,0.0,1.0,8.4,18.1,20.0,11.0,0.024,0.011,0.3,0.003,12.5,1.8000000000000007,0.0,2.8867513459491776,1.6000000000000143,1,0,6.0,27.0,1,0,5.0,19.0,0.0,0.0,4,0,0,0.0,2.0,1,5.0,23.0,4,0.003,31.0,76.0,157.0,0.002285714285714286,0.01,0.02557142857142857,10,가을,2022,3. 가을 (9~11월)
2022-10-16,17.0,24.8,9.9,75.8,0.0,0.8,9.0,18.2,17.0,9.0,0.027,0.009,0.3,0.003,14.9,1.0999999999999996,5.0,2.8867513459491776,0.0,1,0,6.0,27.0,1,0,5.0,19.0,0.0,0.0,5,0,0,0.0,1.0,1,5.0,23.0,5,0.003,26.0,81.0,163.0,0.002428571428571429,0.01,0.026571428571428572,10,가을,2022,3. 가을 (9~11월)
2022-10-17,15.1,20.4,8.3,48.1,0.0,3.1,7.1,16.4,41.0,24.0,0.039,0.009,0.3,0.003,12.099999999999998,1.9000000000000004,27.699999999999996,17.614293438379427,0.0,0,0,6.0,26.0,0,0,5.0,19.0,0.0,0.0,0,0,0,0.0,1.0,0,5.0,22.0,0,0.0,65.0,122.0,216.0,0.0025714285714285717,0.01057142857142857,0.026857142857142857,10,가을,2022,3. 가을 (9~11월)
2022-10-18,10.4,17.0,5.8,47.8,0.0,1.8,9.6,11.9,19.0,8.0,0.03,0.009,0.3,0.003,11.2,4.699999999999999,0.30000000000000426,16.079904643166696,0.0,0,0,5.0,25.0,0,0,5.0,19.0,0.0,0.0,0,0,0,0.0,1.0,0,5.0,21.0,0,0.0,27.0,118.0,227.0,0.0027142857142857142,0.010428571428571428,0.027142857142857142,10,가을,2022,3. 가을 (9~11월)
2022-10-19,8.8,17.7,1.6,58.5,0.0,1.3,9.6,10.4,25.0,14.0,0.02,0.016,0.3,0.003,16.099999999999998,1.5999999999999996,10.700000000000003,6.092892033618553,0.0,0,0,4.0,24.0,0,0,4.0,18.0,0.0,0.0,0,0,0,0.0,1.0,0,4.0,20.0,0,0.0,39.0,131.0,233.0,0.0027142857142857142,0.011,0.026999999999999996,10,가을,2022,3. 가을 (9~11월)
2022-10-20,9.4,20.4,0.0,65.5,0.0,0.7,9.2,10.6,34.0,22.0,0.018,0.022,0.4,0.003,20.4,0.5999999999999996,7.0,8.914220848359875,0.0,1,0,4.0,24.0,0,0,3.0,17.0,0.0,0.0,0,0,0,0.0,1.0,0,3.0,19.0,0,0.0,56.0,122.0,268.0,0.002857142857142857,0.01257142857142857,0.025857142857142856,10,가을,2022,3. 가을 (9~11월)
2022-10-21,13.3,19.8,3.7,60.8,0.0,1.1,5.0,13.0,35.0,23.0,0.026,0.021,0.3,0.003,16.1,3.9000000000000004,4.700000000000003,3.5679125549824633,0.0,1,0,4.0,24.0,0,0,2.0,17.0,0.0,0.0,0,0,0,0.0,1.0,0,2.0,19.0,0,0.0,58.0,153.0,302.0,0.003,0.013857142857142856,0.026285714285714284,10,가을,2022,3. 가을 (9~11월)
2022-10-22,16.1,23.3,9.6,54.3,0.0,2.0,7.7,15.9,28.0,19.0,0.03,0.017,0.3,0.003,13.700000000000001,2.8000000000000007,6.5,5.624055476255652,0.0,0,0,3.0,23.0,0,0,1.0,17.0,0.0,0.0,0,0,0,0.0,1.0,0,1.0,19.0,0,0.0,47.0,161.0,318.0,0.003,0.014714285714285713,0.027142857142857142,10,가을,2022,3. 가을 (9~11월)
2022-10-23,14.5,21.0,9.0,69.6,0.0,1.4,6.5,15.6,29.0,18.0,0.037,0.01,0.3,0.003,12.0,1.6000000000000014,15.299999999999997,7.67875858022212,0.0,1,0,3.0,23.0,0,0,0.0,16.0,0.0,0.0,0,0,0,0.0,1.0,0,0.0,18.0,0,0.0,47.0,152.0,339.0,0.003,0.014857142857142859,0.028571428571428574,10,가을,2022,3. 가을 (9~11월)
2022-10-24,11.6,17.0,5.1,51.5,0.0,2.0,7.0,11.7,22.0,12.0,0.031,0.01,0.3,0.004,11.9,2.9000000000000004,18.099999999999994,9.742860633989078,0.0,0,0,3.0,22.0,0,0,0.0,15.0,0.0,0.0,0,0,0,0.0,1.0,0,0.0,17.0,0,0.0,34.0,128.0,308.0,0.003142857142857143,0.015,0.02742857142857143,10,가을,2022,3. 가을 (9~11월)
2022-10-25,9.4,17.1,2.5,67.4,0.0,1.2,7.0,10.4,16.0,6.0,0.024,0.013,0.3,0.003,14.600000000000001,2.1999999999999993,15.900000000000006,9.876402853941062,0.0,1,0,4.0,22.0,0,0,0.0,14.0,0.0,0.0,0,0,0,0.0,1.0,0,0.0,16.0,0,0.0,22.0,103.0,303.0,0.0031428571428571426,0.015571428571428571,0.026571428571428572,10,가을,2022,3. 가을 (9~11월)
2022-10-26,10.5,18.6,1.9,74.8,0.0,0.7,7.2,11.0,23.0,14.0,0.013,0.019,0.4,0.003,16.700000000000003,1.0999999999999996,7.3999999999999915,11.905600922815095,0.0,1,0,5.0,22.0,0,0,0.0,13.0,0.0,0.0,0,0,0,0.0,1.0,1,1.0,16.0,1,0.003,37.0,93.0,301.0,0.0031428571428571426,0.016,0.02557142857142857,10,가을,2022,3. 가을 (9~11월)
2022-10-27,12.6,21.1,7.0,68.1,0.0,0.9,8.4,13.4,34.0,20.0,0.022,0.025,0.4,0.003,14.100000000000001,2.0999999999999996,6.700000000000003,4.085339643163565,0.0,1,0,5.0,22.0,0,0,0.0,12.0,0.0,0.0,0,0,0,0.0,1.0,0,1.0,15.0,0,0.0,54.0,113.0,299.0,0.003142857142857143,0.016428571428571428,0.02614285714285714,10,가을,2022,3. 가을 (9~11월)
2022-10-28,11.6,20.5,4.4,79.9,0.0,1.2,7.9,12.7,35.0,22.0,0.02,0.019,0.4,0.002,16.1,1.0,11.800000000000011,5.918051481132817,0.0,1,0,5.0,22.0,1,0,1.0,12.0,0.0,0.0,1,0,0,0.0,1.0,1,2.0,15.0,1,0.002,57.0,148.0,298.0,0.003,0.016142857142857143,0.025285714285714283,10,가을,2022,3. 가을 (9~11월)
2022-10-29,11.9,18.9,7.0,82.9,0.0,1.1,6.0,12.9,23.0,11.0,0.018,0.015,0.4,0.002,11.899999999999999,0.3000000000000007,3.0,7.823895023154328,0.0,1,0,6.0,22.0,1,0,2.0,13.0,0.0,0.0,2,0,0,0.0,1.0,1,3.0,16.0,2,0.002,34.0,145.0,285.0,0.002857142857142857,0.015857142857142858,0.02357142857142857,10,가을,2022,3. 가을 (9~11월)
2022-10-30,11.6,17.8,7.0,84.0,0.6,1.0,3.7,13.3,13.0,8.0,0.019,0.013,0.3,0.002,10.8,0.3000000000000007,1.0999999999999943,2.1221058723212427,0.6000000000000142,1,0,6.0,22.0,1,0,3.0,13.0,0.0,0.0,3,0,0,0.0,1.0,1,4.0,16.0,3,0.002,21.0,112.0,259.0,0.0027142857142857142,0.016285714285714285,0.021,10,가을,2022,3. 가을 (9~11월)
2022-10-31,11.0,19.1,5.4,76.6,0.0,0.7,7.2,12.1,21.0,14.0,0.018,0.018,0.3,0.002,13.700000000000001,0.5999999999999996,7.400000000000006,3.992910383835341,0.6000000000000142,1,0,7.0,22.0,1,0,4.0,13.0,0.0,0.0,4,0,0,0.0,0.0,1,5.0,16.0,4,0.002,35.0,90.0,260.0,0.002428571428571429,0.01742857142857143,0.019142857142857145,10,가을,2022,3. 가을 (9~11월)
2022-11-01,11.3,21.1,3.9,72.6,0.0,1.0,8.6,12.1,29.0,19.0,0.022,0.02,0.4,0.002,17.200000000000003,0.3000000000000007,4.0,5.78388566046557,0.6000000000000142,1,0,7.0,22.0,0,0,4.0,12.0,0.0,0.0,0,0,0,0.0,0.0,1,6.0,16.0,5,0.002,48.0,104.0,286.0,0.002285714285714286,0.01842857142857143,0.018857142857142857,11,가을,2022,3. 가을 (9~11월)
2022-11-02,10.1,20.6,3.2,67.5,0.0,0.7,8.3,11.0,47.0,34.0,0.023,0.027,0.4,0.002,17.400000000000002,1.200000000000001,5.099999999999994,4.561067126598543,0.6000000000000142,1,0,7.0,22.0,0,0,4.0,11.0,0.0,0.0,0,0,0,0.0,0.0,0,5.0,15.0,0,0.0,81.0,164.0,330.0,0.002142857142857143,0.019571428571428573,0.020285714285714285,11,가을,2022,3. 가을 (9~11월)
2022-11-03,10.4,19.6,0.3,59.1,0.0,1.6,5.8,10.7,44.0,29.0,0.027,0.021,0.3,0.003,19.3,0.3000000000000007,8.399999999999999,6.816890786861933,0.6000000000000142,0,0,6.0,21.0,0,0,4.0,10.0,0.0,0.0,0,0,0,0.0,0.0,0,5.0,14.0,0,0.0,73.0,202.0,349.0,0.002142857142857143,0.019,0.020999999999999998,11,가을,2022,3. 가을 (9~11월)
2022-11-04,8.8,13.9,4.7,38.1,0.0,2.9,8.4,10.2,24.0,13.0,0.032,0.011,0.2,0.003,9.2,1.5999999999999996,21.0,15.143315356948769,0.6000000000000142,0,0,5.0,20.0,0,0,3.0,10.0,0.0,0.0,0,0,0,0.0,0.0,0,4.0,13.0,0,0.0,37.0,191.0,329.0,0.002285714285714286,0.017857142857142856,0.022714285714285715,11,가을,2022,3. 가을 (9~11월)
2022-11-05,7.3,15.3,0.4,36.4,0.0,1.9,8.3,7.5,20.0,9.0,0.029,0.015,0.3,0.003,14.9,1.5000000000000009,1.7000000000000028,12.64370726224438,0.6000000000000142,0,0,4.0,19.0,0,0,2.0,10.0,0.0,0.0,0,0,0,0.0,0.0,0,3.0,12.0,0,0.0,29.0,139.0,324.0,0.002428571428571429,0.017857142857142856,0.024285714285714282,11,가을,2022,3. 가을 (9~11월)
2022-11-06,6.8,16.4,-1.7,59.8,0.0,1.0,8.2,7.6,30.0,21.0,0.022,0.025,0.4,0.003,18.099999999999998,0.5,23.4,13.046966441795243,0.0,0,0,3.0,18.0,0,0,1.0,9.0,0.0,0.0,0,0,0,0.0,0.0,0,2.0,11.0,0,0.0,51.0,117.0,354.0,0.0025714285714285717,0.019571428571428573,0.024714285714285713,11,가을,2022,3. 가을 (9~11월)
2022-11-07,7.1,17.5,-0.7,65.5,0.0,0.7,8.0,8.4,36.0,24.0,0.016,0.03,0.4,0.003,18.2,0.2999999999999998,5.700000000000003,15.42108945567725,0.0,1,0,3.0,19.0,0,0,0.0,9.0,0.0,0.0,0,0,0,0.0,0.0,0,1.0,11.0,0,0.0,60.0,140.0,379.0,0.0027142857142857142,0.021285714285714286,0.024428571428571428,11,가을,2022,3. 가을 (9~11월)
2022-11-08,8.9,19.1,0.9,65.6,0.0,0.7,7.9,9.5,45.0,29.0,0.02,0.033,0.5,0.003,18.200000000000003,1.8000000000000007,0.09999999999999432,3.3201405592739186,0.0,1,0,3.0,19.0,0,0,0.0,9.0,0.0,0.0,0,0,0,0.0,0.0,0,0.0,11.0,0,0.0,74.0,185.0,405.0,0.002857142857142857,0.023142857142857142,0.02414285714285714,11,가을,2022,3. 가을 (9~11월)
2022-11-09,9.4,19.5,0.8,68.0,0.0,0.7,7.8,9.4,45.0,36.0,0.024,0.027,0.4,0.003,18.7,0.5,2.4000000000000057,1.4153915830385704,0.0,1,0,3.0,19.0,0,0,0.0,8.0,0.0,0.0,0,0,0,0.0,0.0,0,0.0,10.0,0,0.0,81.0,215.0,405.0,0.003,0.023142857142857142,0.024285714285714282,11,가을,2022,3. 가을 (9~11월)
2022-11-10,10.7,21.1,2.2,66.0,0.0,0.8,7.1,10.4,61.0,48.0,0.029,0.023,0.5,0.003,18.900000000000002,1.299999999999999,2.0,1.2858201014669497,0.0,1,0,4.0,19.0,0,0,0.0,7.0,0.0,0.0,0,0,0,0.0,0.0,0,0.0,9.0,0,0.0,109.0,264.0,441.0,0.003,0.02342857142857143,0.024571428571428574,11,가을,2022,3. 가을 (9~11월)
2022-11-11,11.9,20.9,4.5,79.9,0.0,0.7,6.2,11.7,51.0,37.0,0.024,0.02,0.5,0.003,16.4,1.200000000000001,13.900000000000006,7.514652353901971,0.0,1,0,5.0,19.0,1,0,1.0,7.0,0.0,0.0,1,0,0,0.0,0.0,1,1.0,9.0,1,0.003,88.0,278.0,492.0,0.003,0.024714285714285716,0.02342857142857143,11,가을,2022,3. 가을 (9~11월)
2022-11-12,15.4,23.4,6.2,78.8,0.2,0.8,5.0,14.8,37.0,28.0,0.026,0.013,0.4,0.003,17.2,3.5,1.1000000000000085,7.727224598780944,0.20000000000001422,1,0,6.0,19.0,1,0,2.0,7.0,0.0,0.0,2,0,0,0.0,0.0,1,2.0,9.0,2,0.003,65.0,262.0,528.0,0.003,0.02442857142857143,0.023,11,가을,2022,3. 가을 (9~11월)
2022-11-13,15.6,19.7,11.6,72.9,14.2,2.4,5.0,15.7,13.0,9.0,0.033,0.006,0.3,0.003,8.1,0.1999999999999993,5.8999999999999915,3.7643060449445156,14.400000000000013,1,0,7.0,19.0,0,0,2.0,6.0,0.0,0.0,0,0,0,0.0,0.0,1,3.0,9.0,3,0.003,22.0,175.0,499.0,0.003,0.021714285714285714,0.024571428571428574,11,가을,2022,3. 가을 (9~11월)
2022-11-14,10.3,14.6,6.9,71.8,0.0,1.0,0.2,10.7,28.0,16.0,0.023,0.013,0.3,0.002,7.699999999999999,5.299999999999999,1.1000000000000085,3.7643060449444268,14.400000000000013,1,0,7.0,20.0,0,0,2.0,6.0,0.0,0.0,0,0,0,0.0,0.0,1,4.0,10.0,4,0.002,44.0,131.0,483.0,0.002857142857142857,0.019285714285714288,0.02557142857142857,11,가을,2022,3. 가을 (9~11월)
2022-11-15,8.7,14.5,3.5,63.6,0.0,2.1,7.3,7.8,26.0,19.0,0.03,0.011,0.3,0.003,11.0,1.6000000000000014,8.199999999999996,5.08166639335339,14.400000000000013,1,0,7.0,21.0,0,0,2.0,6.0,0.0,0.0,0,0,0,0.0,0.0,0,4.0,10.0,0,0.0,45.0,111.0,454.0,0.002857142857142857,0.016142857142857143,0.027,11,가을,2022,3. 가을 (9~11월)
2022-11-16,8.4,16.0,2.8,68.6,0.1,1.6,6.5,8.2,40.0,30.0,0.021,0.017,0.4,0.003,13.2,0.29999999999999893,4.999999999999993,4.132795663954793,14.500000000000012,1,0,7.0,22.0,0,0,2.0,6.0,0.0,0.0,0,0,0,0.0,0.0,0,4.0,10.0,0,0.0,70.0,159.0,443.0,0.0028571428571428576,0.014714285714285713,0.026571428571428572,11,가을,2022,3. 가을 (9~11월)
2022-11-17,6.9,16.3,1.4,68.0,0.0,0.7,6.5,6.7,40.0,30.0,0.015,0.022,0.4,0.002,14.9,1.5,0.5999999999999943,2.730079363926362,14.500000000000012,1,0,7.0,22.0,0,0,2.0,6.0,0.0,0.0,0,0,0,0.0,0.0,0,4.0,10.0,0,0.0,70.0,185.0,404.0,0.0027142857142857142,0.014571428571428572,0.02457142857142857,11,가을,2022,3. 가을 (9~11월)
2022-11-18,7.3,18.6,-1.1,65.6,0.0,0.5,7.7,6.4,43.0,31.0,0.018,0.022,0.5,0.003,19.700000000000003,0.39999999999999947,2.4000000000000057,1.5874507866398295,14.500000000000012,1,0,7.0,22.0,0,0,1.0,6.0,0.0,0.0,0,0,0,0.0,0.0,0,3.0,10.0,0,0.0,74.0,214.0,390.0,0.0027142857142857142,0.014857142857142857,0.023714285714285712,11,가을,2022,3. 가을 (9~11월)
2022-11-19,9.2,18.4,1.9,79.4,0.0,0.9,6.2,8.2,39.0,25.0,0.019,0.019,0.4,0.003,16.5,1.8999999999999995,13.800000000000011,7.372923436467003,14.300000000000013,1,0,7.0,23.0,1,0,1.0,7.0,0.0,0.0,1,0,0,0.0,0.0,1,3.0,11.0,1,0.003,64.0,208.0,389.0,0.0027142857142857147,0.015714285714285715,0.022714285714285715,11,가을,2022,3. 가을 (9~11월)
2022-11-20,10.9,18.2,5.2,82.0,0.0,0.6,5.2,10.0,27.0,18.0,0.019,0.012,0.4,0.003,13.0,1.700000000000001,2.5999999999999943,8.81438218670707,0.10000000000001422,1,0,7.0,23.0,1,0,2.0,8.0,0.0,0.0,2,0,0,0.0,0.0,1,3.0,12.0,2,0.003,45.0,183.0,412.0,0.0027142857142857142,0.01657142857142857,0.020714285714285713,11,가을,2022,3. 가을 (9~11월)
2022-11-21,10.0,18.8,4.0,80.4,0.0,0.6,5.0,9.7,31.0,22.0,0.011,0.021,0.4,0.002,14.8,0.9000000000000004,1.5999999999999943,1.311487704862963,0.10000000000001422,1,0,7.0,24.0,1,0,3.0,9.0,0.0,0.0,3,0,0,0.0,0.0,1,3.0,13.0,3,0.002,53.0,162.0,421.0,0.0027142857142857142,0.017714285714285714,0.019,11,가을,2022,3. 가을 (9~11월)
2022-11-22,11.3,15.5,7.6,81.4,1.0,0.5,0.0,11.0,43.0,31.0,0.014,0.02,0.4,0.003,7.9,1.3000000000000007,1.0,0.8082903768697399,1.1000000000000143,1,0,7.0,24.0,1,0,4.0,10.0,0.0,0.0,4,0,0,0.0,0.0,1,4.0,14.0,4,0.003,74.0,172.0,450.0,0.0027142857142857147,0.019,0.016714285714285716,11,가을,2022,3. 가을 (9~11월)
2022-11-23,11.8,18.1,5.1,79.8,0.4,1.7,3.6,11.4,22.0,17.0,0.025,0.011,0.3,0.002,13.000000000000002,0.5,1.6000000000000085,0.8082903768696207,1.4000000000000141,1,0,7.0,24.0,1,0,5.0,11.0,0.0,0.0,5,0,0,0.0,0.0,1,5.0,14.0,5,0.002,39.0,166.0,419.0,0.0025714285714285713,0.018142857142857145,0.017285714285714286,11,가을,2022,3. 가을 (9~11월)
2022-11-24,6.4,14.2,1.3,74.9,0.0,0.6,2.4,6.5,39.0,28.0,0.009,0.022,0.5,0.003,12.899999999999999,5.4,4.8999999999999915,3.386738844376136,1.4000000000000141,1,0,7.0,24.0,0,0,5.0,11.0,0.0,0.0,0,0,0,0.0,0.0,1,6.0,15.0,6,0.003,67.0,180.0,416.0,0.0027142857142857142,0.018142857142857145,0.016428571428571428,11,가을,2022,3. 가을 (9~11월)
2022-11-25,8.1,16.8,-1.4,67.6,0.0,0.7,7.5,5.8,35.0,24.0,0.016,0.022,0.4,0.003,18.2,1.6999999999999993,7.300000000000011,6.13921819126875,1.4000000000000141,1,0,7.0,24.0,0,0,5.0,10.0,0.0,0.0,0,0,0,0.0,0.0,0,6.0,14.0,0,0.0,59.0,165.0,401.0,0.0027142857142857147,0.018142857142857145,0.016142857142857143,11,가을,2022,3. 가을 (9~11월)
2022-11-26,9.5,16.6,2.1,51.9,0.0,2.3,7.3,7.0,45.0,23.0,0.03,0.014,0.4,0.003,14.500000000000002,1.4000000000000004,15.699999999999996,11.752871989433181,1.4000000000000141,0,0,6.0,23.0,0,0,4.0,9.0,0.0,0.0,0,0,0,0.0,0.0,0,5.0,13.0,0,0.0,68.0,194.0,405.0,0.0027142857142857142,0.01742857142857143,0.017714285714285714,11,가을,2022,3. 가을 (9~11월)
2022-11-27,5.5,15.4,-3.1,51.9,0.0,0.5,7.4,4.7,35.0,16.0,0.018,0.018,0.3,0.003,18.5,4.0,0.0,9.064399226277194,1.4000000000000141,0,0,5.0,22.0,0,0,3.0,8.0,0.0,0.0,0,0,0,0.0,0.0,0,4.0,12.0,0,0.0,51.0,178.0,411.0,0.0027142857142857142,0.018285714285714287,0.017571428571428575,11,가을,2022,3. 가을 (9~11월)
2022-11-28,10.7,19.9,2.0,76.9,1.4,0.5,3.9,10.2,41.0,25.0,0.01,0.028,0.5,0.003,17.9,5.199999999999999,25.000000000000007,14.433756729740649,2.800000000000014,1,0,5.0,22.0,1,0,3.0,8.0,0.0,0.0,1,0,0,0.0,0.0,1,4.0,12.0,1,0.003,66.0,185.0,424.0,0.002857142857142857,0.019285714285714285,0.01742857142857143,11,가을,2022,3. 가을 (9~11월)
2022-11-29,11.9,15.2,5.8,74.6,27.8,2.3,0.1,12.0,21.0,11.0,0.019,0.013,0.3,0.003,9.399999999999999,1.200000000000001,2.3000000000000114,13.817742217887842,29.600000000000016,1,0,5.0,22.0,0,0,2.0,8.0,0.0,0.0,0,0,0,0.0,0.0,1,4.0,12.0,2,0.003,32.0,149.0,382.0,0.0028571428571428576,0.018285714285714287,0.018142857142857145,11,가을,2022,3. 가을 (9~11월)
2022-11-30,-0.4,5.8,-3.6,35.5,0.0,4.0,4.3,1.4,14.0,3.0,0.032,0.008,0.2,0.002,9.4,12.3,39.099999999999994,23.266786055090066,29.200000000000017,0,0,4.0,21.0,0,0,1.0,8.0,0.0,0.0,0,0,0,0.0,0.0,0,3.0,12.0,0,0.0,17.0,115.0,360.0,0.002857142857142857,0.017857142857142856,0.019142857142857145,11,가을,2022,3. 가을 (9~11월)
2022-12-01,-1.7,2.1,-4.3,37.0,0.0,3.1,4.8,0.0,7.0,1.0,0.031,0.007,0.2,0.002,6.4,1.2999999999999998,1.5,22.15408164048633,29.200000000000017,0,0,3.0,21.0,0,0,1.0,8.0,0.0,0.0,0,0,0,0.0,0.0,0,2.0,12.0,0,0.0,8.0,57.0,301.0,0.0027142857142857147,0.015714285714285715,0.022285714285714287,12,겨울,2022,4. 겨울 (12~2월)
2022-12-02,-1.1,5.3,-5.1,53.1,0.0,1.8,7.2,0.1,26.0,17.0,0.017,0.02,0.4,0.001,10.399999999999999,0.5999999999999999,16.1,9.757219549304684,29.200000000000017,0,0,2.0,21.0,0,0,1.0,8.0,0.0,0.0,0,0,0,0.0,0.0,0,2.0,12.0,0,0.0,43.0,68.0,285.0,0.0024285714285714284,0.015428571428571429,0.022428571428571433,12,겨울,2022,4. 겨울 (12~2월)
2022-12-03,2.9,11.6,-5.7,67.8,0.0,1.2,5.6,2.2,28.0,16.0,0.018,0.015,0.4,0.002,17.3,4.0,14.699999999999996,15.405302117561131,29.200000000000017,1,0,3.0,22.0,0,0,1.0,8.0,0.0,0.0,0,0,0,0.0,0.0,0,2.0,12.0,0,0.0,44.0,95.0,261.0,0.002285714285714286,0.015571428571428571,0.020714285714285713,12,겨울,2022,4. 겨울 (12~2월)
2022-12-04,2.9,6.4,-0.4,36.5,0.0,2.8,6.2,2.8,25.0,13.0,0.031,0.006,0.2,0.002,6.800000000000001,0.0,31.299999999999997,15.659608339078392,29.200000000000017,0,0,3.0,22.0,0,0,1.0,8.0,0.0,0.0,0,0,0,0.0,0.0,0,2.0,12.0,0,0.0,38.0,125.0,248.0,0.002142857142857143,0.013857142857142856,0.022571428571428572,12,겨울,2022,4. 겨울 (12~2월)
2022-12-05,0.1,5.5,-3.5,30.4,0.0,2.4,4.4,0.7,12.0,6.0,0.025,0.011,0.2,0.002,9.0,2.8,6.100000000000001,20.065143906785227,27.800000000000015,0,0,2.0,21.0,0,0,0.0,8.0,0.0,0.0,0,0,0,0.0,0.0,0,1.0,12.0,0,0.0,18.0,100.0,200.0,0.0020000000000000005,0.011428571428571429,0.024714285714285713,12,겨울,2022,4. 겨울 (12~2월)
2022-12-06,1.1,7.4,-5.8,58.3,0.0,1.6,5.2,0.5,31.0,17.0,0.02,0.019,0.3,0.002,13.2,1.0,27.9,14.667765110381803,0.0,0,0,1.0,20.0,0,0,0.0,8.0,0.0,0.0,0,0,0,0.0,0.0,0,0.0,12.0,0,0.0,48.0,104.0,216.0,0.0018571428571428573,0.012285714285714285,0.024857142857142855,12,겨울,2022,4. 겨울 (12~2월)
2022-12-07,3.6,9.0,-2.0,64.9,0.0,1.8,2.8,1.4,40.0,25.0,0.007,0.027,0.5,0.002,11.0,2.5,6.6000000000000085,18.31311005809773,0.0,1,0,2.0,20.0,0,0,0.0,8.0,0.0,0.0,0,0,0,0.0,0.0,0,0.0,12.0,0,0.0,65.0,131.0,264.0,0.0018571428571428573,0.015000000000000001,0.021285714285714286,12,겨울,2022,4. 겨울 (12~2월)
2022-12-08,3.1,11.3,-2.7,62.5,0.0,0.8,6.7,2.4,35.0,20.0,0.021,0.022,0.4,0.002,14.0,0.5,2.4000000000000057,3.340658617697992,0.0,1,0,3.0,20.0,0,0,0.0,8.0,0.0,0.0,0,0,0,0.0,0.0,0,0.0,12.0,0,0.0,55.0,168.0,311.0,0.0018571428571428573,0.017142857142857144,0.019857142857142858,12,겨울,2022,4. 겨울 (12~2월)
2022-12-09,2.4,12.4,-4.9,69.4,0.0,0.8,7.1,1.9,49.0,28.0,0.014,0.024,0.5,0.002,17.3,0.7000000000000002,6.900000000000006,3.5028559776273633,0.0,1,0,4.0,20.0,0,0,0.0,7.0,0.0,0.0,0,0,0,0.0,0.0,0,0.0,11.0,0,0.0,77.0,197.0,345.0,0.002,0.017714285714285714,0.01942857142857143,12,겨울,2022,4. 겨울 (12~2월)
2022-12-10,3.5,10.1,-4.5,64.3,0.0,1.0,4.0,2.5,56.0,39.0,0.021,0.018,0.4,0.002,14.6,1.1,5.1000000000000085,3.5791060336346234,0.0,1,0,4.0,20.0,0,0,0.0,6.0,0.0,0.0,0,0,0,0.0,0.0,0,0.0,10.0,0,0.0,95.0,227.0,396.0,0.002,0.018142857142857145,0.019857142857142858,12,겨울,2022,4. 겨울 (12~2월)
2022-12-11,3.2,10.0,-1.9,55.5,0.0,1.6,5.8,2.2,33.0,22.0,0.028,0.014,0.4,0.002,11.9,0.2999999999999998,8.799999999999997,7.03159536188859,0.0,0,0,4.0,19.0,0,0,0.0,6.0,0.0,0.0,0,0,0,0.0,0.0,0,0.0,9.0,0,0.0,55.0,227.0,413.0,0.002,0.019285714285714288,0.01942857142857143,12,겨울,2022,4. 겨울 (12~2월)
2022-12-12,3.6,9.7,-1.7,75.6,1.7,0.9,3.7,3.0,38.0,25.0,0.013,0.022,0.4,0.002,11.399999999999999,0.3999999999999999,20.099999999999994,10.075878787149682,1.7000000000000142,1,0,5.0,19.0,1,0,1.0,7.0,0.0,0.0,1,0,0,0.0,0.0,1,1.0,9.0,1,0.002,63.0,213.0,458.0,0.002,0.020857142857142855,0.017714285714285714,12,겨울,2022,4. 겨울 (12~2월)
2022-12-13,4.5,8.8,0.3,63.3,0.3,2.8,5.4,2.8,94.0,33.0,0.024,0.014,0.3,0.002,8.5,0.8999999999999999,12.299999999999997,10.133607452432704,2.000000000000014,1,0,6.0,19.0,0,0,1.0,7.0,0.0,0.0,0,0,0,0.0,0.0,0,1.0,9.0,0,0.0,127.0,245.0,537.0,0.002,0.020142857142857146,0.018285714285714287,12,겨울,2022,4. 겨울 (12~2월)
2022-12-14,-4.3,1.3,-6.6,51.3,0.0,4.3,7.2,-1.9,25.0,9.0,0.029,0.007,0.2,0.002,7.8999999999999995,8.8,12.0,12.150308638055238,2.000000000000014,0,0,5.0,18.0,0,0,1.0,7.0,0.0,0.0,0,0,0,0.0,0.0,0,1.0,9.0,0,0.0,34.0,224.0,506.0,0.002,0.017285714285714286,0.02142857142857143,12,겨울,2022,4. 겨울 (12~2월)
2022-12-15,-1.3,4.8,-10.3,60.6,0.0,1.3,7.1,-1.2,24.0,13.0,0.02,0.016,0.3,0.002,15.100000000000001,3.0,9.300000000000004,6.2952362942148605,2.000000000000014,1,0,5.0,18.0,0,0,1.0,7.0,0.0,0.0,0,0,0,0.0,0.0,0,1.0,9.0,0,0.0,37.0,198.0,488.0,0.002,0.016428571428571428,0.02128571428571429,12,겨울,2022,4. 겨울 (12~2월)
2022-12-16,-0.1,3.4,-2.6,34.5,0.0,2.9,3.2,0.7,23.0,12.0,0.028,0.009,0.3,0.003,6.0,1.2,26.1,13.22837858545032,2.000000000000014,0,0,4.0,17.0,0,0,1.0,7.0,0.0,0.0,0,0,0,0.0,0.0,0,1.0,9.0,0,0.0,35.0,106.0,446.0,0.002142857142857143,0.014285714285714285,0.023285714285714288,12,겨울,2022,4. 겨울 (12~2월)
2022-12-17,-3.1,0.7,-6.3,45.0,0.0,2.3,2.6,-0.9,21.0,13.0,0.024,0.014,0.3,0.003,7.0,3.0,10.5,13.132783406422295,2.000000000000014,0,0,3.0,16.0,0,0,1.0,6.0,0.0,0.0,0,0,0,0.0,0.0,0,1.0,8.0,0,0.0,34.0,106.0,385.0,0.002285714285714286,0.013714285714285712,0.023714285714285716,12,겨울,2022,4. 겨울 (12~2월)
2022-12-18,-6.1,-2.1,-9.9,43.4,0.0,3.2,7.1,-4.2,16.0,9.0,0.03,0.007,0.3,0.003,7.800000000000001,2.9999999999999996,1.6000000000000014,5.657148869645766,2.000000000000014,0,0,3.0,15.0,0,0,1.0,5.0,0.0,0.0,0,0,0,0.0,0.0,0,1.0,7.0,0,0.0,25.0,94.0,355.0,0.002428571428571429,0.012714285714285714,0.024,12,겨울,2022,4. 겨울 (12~2월)
2022-12-19,-4.2,1.9,-9.7,52.1,0.0,2.1,7.2,-3.6,25.0,15.0,0.023,0.016,0.4,0.003,11.6,1.8999999999999995,8.700000000000003,4.630694692304179,0.3000000000000142,0,0,2.0,14.0,0,0,0.0,4.0,0.0,0.0,0,0,0,0.0,0.0,0,0.0,6.0,0,0.0,40.0,99.0,332.0,0.0025714285714285717,0.011857142857142858,0.02542857142857143,12,겨울,2022,4. 겨울 (12~2월)
2022-12-20,-1.7,4.9,-7.4,58.9,0.0,1.3,7.2,-1.6,37.0,22.0,0.016,0.023,0.5,0.003,12.3,2.5,6.799999999999997,7.769384359994931,0.0,0,0,1.0,13.0,0,0,0.0,3.0,0.0,0.0,0,0,0,0.0,0.0,0,0.0,5.0,0,0.0,59.0,124.0,264.0,0.0027142857142857142,0.013142857142857142,0.02428571428571429,12,겨울,2022,4. 겨울 (12~2월)
2022-12-21,-0.6,1.7,-4.5,89.0,3.8,0.7,0.0,-0.6,36.0,30.0,0.007,0.026,0.5,0.003,6.2,1.1,30.1,19.63780367895893,3.800000000000014,1,0,2.0,13.0,1,0,1.0,3.0,0.0,0.0,1,0,0,0.0,0.0,1,1.0,5.0,1,0.003,66.0,165.0,296.0,0.002857142857142857,0.015857142857142854,0.02114285714285714,12,겨울,2022,4. 겨울 (12~2월)
2022-12-22,-3.1,1.8,-7.6,58.1,0.0,4.3,3.6,-2.0,30.0,17.0,0.029,0.007,0.3,0.003,9.4,2.5,30.9,17.61372570847329,3.800000000000014,0,0,1.0,12.0,0,0,1.0,3.0,0.0,0.0,0,0,0,0.0,0.0,0,1.0,4.0,0,0.0,47.0,172.0,306.0,0.003,0.01457142857142857,0.022428571428571433,12,겨울,2022,4. 겨울 (12~2월)
2022-12-23,-6.1,-2.7,-8.3,49.0,0.0,5.1,6.2,-4.9,18.0,9.0,0.033,0.006,0.3,0.003,5.6000000000000005,2.9999999999999996,9.100000000000001,20.96671966077033,3.800000000000014,0,0,1.0,11.0,0,0,1.0,3.0,0.0,0.0,0,0,0,0.0,0.0,0,1.0,4.0,0,0.0,27.0,140.0,298.0,0.003,0.014142857142857143,0.02314285714285714,12,겨울,2022,4. 겨울 (12~2월)
2022-12-24,-6.0,0.6,-11.1,54.8,0.0,2.2,7.1,-4.4,20.0,12.0,0.027,0.011,0.3,0.003,11.7,0.09999999999999964,5.799999999999997,4.6068789145509195,3.800000000000014,0,0,1.0,11.0,0,0,1.0,3.0,0.0,0.0,0,0,0,0.0,0.0,0,1.0,4.0,0,0.0,32.0,106.0,296.0,0.003,0.013714285714285715,0.023571428571428573,12,겨울,2022,4. 겨울 (12~2월)
2022-12-25,-3.0,4.3,-11.2,58.6,0.0,2.0,7.2,-3.4,25.0,19.0,0.025,0.012,0.4,0.003,15.5,3.0,3.8000000000000043,4.834597535817625,3.800000000000014,0,0,1.0,11.0,0,0,1.0,3.0,0.0,0.0,0,0,0,0.0,0.0,0,1.0,4.0,0,0.0,44.0,103.0,315.0,0.003,0.014428571428571428,0.022857142857142857,12,겨울,2022,4. 겨울 (12~2월)
2022-12-26,-2.6,4.4,-8.4,60.3,0.0,1.3,6.9,-3.1,29.0,21.0,0.023,0.019,0.4,0.003,12.8,0.3999999999999999,1.6999999999999957,2.8160255680657946,3.800000000000014,1,0,2.0,11.0,0,0,1.0,2.0,0.0,0.0,0,0,0,0.0,0.0,0,1.0,3.0,0,0.0,50.0,126.0,325.0,0.003,0.014857142857142857,0.022857142857142857,12,겨울,2022,4. 겨울 (12~2월)
2022-12-27,-1.7,6.3,-10.3,55.8,0.0,1.5,7.1,-2.8,30.0,21.0,0.022,0.017,0.4,0.003,16.6,0.9000000000000001,4.5,2.2722969289539594,3.800000000000014,0,0,2.0,10.0,0,0,1.0,2.0,0.0,0.0,0,0,0,0.0,0.0,0,1.0,2.0,0,0.0,51.0,145.0,317.0,0.003,0.014,0.023714285714285712,12,겨울,2022,4. 겨울 (12~2월)
2022-12-28,0.5,4.9,-2.1,55.4,0.0,2.8,5.3,-1.0,42.0,28.0,0.027,0.016,0.4,0.003,7.0,2.2,0.3999999999999986,2.7209067116190635,0.0,0,0,1.0,10.0,0,0,0.0,2.0,0.0,0.0,0,0,0,0.0,0.0,0,0.0,2.0,0,0.0,70.0,171.0,321.0,0.003,0.012571428571428572,0.026571428571428572,12,겨울,2022,4. 겨울 (12~2월)
2022-12-29,-1.1,4.5,-4.5,53.5,0.0,2.8,7.2,-1.8,28.0,17.0,0.03,0.013,0.4,0.004,9.0,1.6,1.8999999999999986,1.2288205727446442,0.0,0,0,1.0,10.0,0,0,0.0,2.0,0.0,0.0,0,0,0,0.0,0.0,0,0.0,2.0,0,0.0,45.0,166.0,319.0,0.003142857142857143,0.013428571428571429,0.026714285714285715,12,겨울,2022,4. 겨울 (12~2월)
2022-12-30,-1.4,4.8,-7.9,63.6,0.0,1.6,3.2,-1.3,37.0,25.0,0.02,0.019,0.4,0.003,12.7,0.2999999999999998,10.100000000000001,5.367494760127887,0.0,1,0,2.0,11.0,0,0,0.0,2.0,0.0,0.0,0,0,0,0.0,0.0,0,0.0,2.0,0,0.0,62.0,177.0,354.0,0.0031428571428571426,0.015285714285714286,0.02485714285714286,12,겨울,2022,4. 겨울 (12~2월)
2022-12-31,1.0,5.3,-3.4,53.9,0.0,3.1,6.8,-0.7,26.0,20.0,0.035,0.009,0.3,0.003,8.7,2.4,9.700000000000003,5.7192656871315535,0.0,0,0,2.0,10.0,0,0,0.0,2.0,0.0,0.0,0,0,0,0.0,0.0,0,0.0,2.0,0,0.0,46.0,153.0,368.0,0.0031428571428571426,0.015,0.026,12,겨울,2022,4. 겨울 (12~2월)
2023-01-01,2.9,7.4,-0.2,45.0,0.0,3.4,5.5,-0.3,52.0,37.0,0.035,0.012,0.4,0.004,7.6000000000000005,1.9,8.899999999999999,9.302866941611809,0.0,0,0,2.0,10.0,0,0,0.0,2.0,0.0,0.0,0,0,0,0.0,0.0,0,0.0,2.0,0,0.0,89.0,197.0,413.0,0.0032857142857142855,0.015000000000000001,0.02742857142857143,1,겨울,2023,4. 겨울 (12~2월)
2023-01-02,-0.1,4.3,-2.8,29.0,0.0,3.7,6.3,-0.3,14.0,8.0,0.032,0.008,0.3,0.003,7.1,3.0,16.0,12.617580327992151,0.0,0,0,1.0,10.0,0,0,0.0,2.0,0.0,0.0,0,0,0,0.0,0.0,0,0.0,2.0,0,0.0,22.0,157.0,385.0,0.0032857142857142855,0.013428571428571429,0.028714285714285716,1,겨울,2023,4. 겨울 (12~2월)
2023-01-03,-0.7,4.5,-4.5,38.0,0.0,4.0,7.3,-2.0,18.0,8.0,0.033,0.008,0.3,0.003,9.0,0.6,9.0,8.020806277010738,0.0,0,0,1.0,10.0,0,0,0.0,2.0,0.0,0.0,0,0,0,0.0,0.0,0,0.0,2.0,0,0.0,26.0,137.0,360.0,0.0032857142857142855,0.012142857142857144,0.030285714285714287,1,겨울,2023,4. 겨울 (12~2월)
2023-01-04,-0.1,6.0,-4.1,45.0,0.0,2.8,7.1,-1.6,24.0,14.0,0.031,0.013,0.4,0.003,10.1,0.6,7.0,8.020806277010738,0.0,0,0,1.0,9.0,0,0,0.0,2.0,0.0,0.0,0,0,0,0.0,0.0,0,0.0,2.0,0,0.0,38.0,86.0,328.0,0.0032857142857142855,0.011714285714285715,0.030857142857142857,1,겨울,2023,4. 겨울 (12~2월)
2023-01-05,-0.9,6.7,-8.8,62.3,0.0,1.4,5.6,-1.7,71.0,53.0,0.025,0.023,0.6,0.004,15.5,0.8,17.299999999999997,12.508530422608974,0.0,1,0,2.0,9.0,0,0,0.0,2.0,0.0,0.0,0,0,0,0.0,0.0,0,0.0,2.0,0,0.0,124.0,188.0,407.0,0.0032857142857142855,0.013142857142857142,0.03014285714285714,1,겨울,2023,4. 겨울 (12~2월)
2023-01-06,0.5,8.1,-4.5,62.9,0.0,0.8,6.1,-0.2,100.0,77.0,0.019,0.031,0.7,0.004,12.6,1.4,0.6000000000000014,10.16579231212864,0.0,1,0,2.0,9.0,0,0,0.0,2.0,0.0,0.0,0,0,0,0.0,0.0,0,0.0,2.0,0,0.0,177.0,339.0,522.0,0.003428571428571429,0.014857142857142857,0.030000000000000002,1,겨울,2023,4. 겨울 (12~2월)
2023-01-07,2.1,7.4,-3.7,63.8,0.5,2.2,4.0,0.7,101.0,66.0,0.03,0.016,0.6,0.004,11.100000000000001,1.6,0.8999999999999986,0.7549834435271766,0.5000000000000142,1,0,3.0,9.0,0,0,0.0,2.0,0.0,0.0,0,0,0,0.0,0.0,0,0.0,2.0,0,0.0,167.0,468.0,643.0,0.0035714285714285713,0.015857142857142858,0.029285714285714286,1,겨울,2023,4. 겨울 (12~2월)
2023-01-08,0.5,9.2,-6.1,60.1,0.0,1.0,7.1,-0.4,71.0,37.0,0.022,0.02,0.5,0.004,15.299999999999999,1.6,3.6999999999999957,1.9295940851208866,0.5000000000000142,1,0,4.0,10.0,0,0,0.0,2.0,0.0,0.0,0,0,0,0.0,0.0,0,0.0,2.0,0,0.0,108.0,452.0,662.0,0.0035714285714285713,0.016999999999999998,0.02742857142857143,1,겨울,2023,4. 겨울 (12~2월)
2023-01-09,1.0,11.4,-6.2,72.1,0.0,1.1,2.1,0.4,68.0,34.0,0.016,0.023,0.5,0.003,17.6,0.5,11.999999999999993,6.145187819207267,0.5000000000000142,1,0,5.0,10.0,0,0,0.0,1.0,0.0,0.0,0,0,0,0.0,0.0,1,1.0,2.0,1,0.003,102.0,377.0,742.0,0.0035714285714285718,0.019142857142857145,0.02514285714285714,1,겨울,2023,4. 겨울 (12~2월)
2023-01-10,0.6,10.4,-6.6,71.5,0.0,0.5,7.3,0.3,62.0,38.0,0.011,0.025,0.6,0.003,17.0,0.4,0.5999999999999943,6.76165660175078,0.5000000000000142,1,0,6.0,10.0,0,0,0.0,1.0,0.0,0.0,0,0,0,0.0,0.0,1,2.0,3.0,2,0.003,100.0,310.0,816.0,0.0035714285714285718,0.02157142857142857,0.022,1,겨울,2023,4. 겨울 (12~2월)
2023-01-11,2.0,12.1,-5.6,61.4,0.0,0.8,7.2,0.9,42.0,27.0,0.013,0.025,0.6,0.003,17.7,1.4,10.100000000000001,6.011932578907817,0.5000000000000142,1,0,7.0,11.0,0,0,0.0,1.0,0.0,0.0,0,0,0,0.0,0.0,0,2.0,3.0,0,0.0,69.0,271.0,847.0,0.0035714285714285718,0.023285714285714288,0.01942857142857143,1,겨울,2023,4. 겨울 (12~2월)
2023-01-12,3.6,15.3,-6.3,54.8,0.0,0.4,7.3,2.0,53.0,34.0,0.01,0.032,0.5,0.003,21.6,1.6,6.600000000000001,8.41090561909557,0.5000000000000142,0,0,6.0,10.0,0,0,0.0,1.0,0.0,0.0,0,0,0,0.0,0.0,0,2.0,3.0,0,0.0,87.0,256.0,810.0,0.003428571428571429,0.02457142857142857,0.017285714285714286,1,겨울,2023,4. 겨울 (12~2월)
2023-01-13,10.2,14.9,4.9,96.3,14.7,0.4,0.1,8.6,36.0,29.0,0.005,0.026,0.5,0.003,10.0,6.6,41.5,22.300298951658316,15.200000000000014,1,0,6.0,11.0,1,1,1.0,2.0,1.0,1.0,1,1,0,0.0,0.0,1,3.0,4.0,1,0.003,65.0,221.0,698.0,0.0032857142857142855,0.023857142857142855,0.015285714285714286,1,겨울,2023,4. 겨울 (12~2월)
2023-01-14,8.3,10.1,5.8,91.8,0.1,1.1,0.0,7.4,17.0,11.0,0.028,0.01,0.3,0.003,4.3,1.8999999999999986,4.5,22.77242484526698,14.800000000000013,1,0,6.0,12.0,1,0,2.0,3.0,1.0,1.0,2,0,0,0.0,0.0,1,4.0,5.0,2,0.003,28.0,180.0,559.0,0.003142857142857143,0.023,0.015000000000000001,1,겨울,2023,4. 겨울 (12~2월)
2023-01-15,3.7,6.0,-0.4,87.9,3.0,1.4,0.0,4.4,8.0,5.0,0.026,0.006,0.2,0.002,6.4,4.6000000000000005,3.8999999999999915,4.2035699113966505,17.800000000000015,1,0,6.0,13.0,1,0,3.0,4.0,1.0,1.0,3,0,0,0.0,0.0,1,5.0,6.0,3,0.002,13.0,106.0,464.0,0.002857142857142857,0.021,0.015571428571428571,1,겨울,2023,4. 겨울 (12~2월)
2023-01-16,-1.2,3.4,-4.7,61.5,0.0,2.7,7.1,0.2,20.0,13.0,0.029,0.008,0.2,0.002,8.1,4.9,26.400000000000006,16.483628241379378,17.800000000000015,1,0,6.0,14.0,0,0,3.0,4.0,1.0,1.0,0,0,0,0.0,0.0,0,4.0,6.0,0,0.0,33.0,74.0,395.0,0.0027142857142857147,0.018857142857142857,0.01742857142857143,1,겨울,2023,4. 겨울 (12~2월)
2023-01-17,-1.0,3.1,-5.5,48.4,0.0,2.2,6.2,-1.2,24.0,14.0,0.028,0.01,0.2,0.003,8.6,0.19999999999999996,13.100000000000001,20.119724981553155,17.800000000000015,0,0,5.0,14.0,0,0,3.0,4.0,1.0,1.0,0,0,0,0.0,0.0,0,3.0,6.0,0,0.0,38.0,84.0,333.0,0.0027142857142857142,0.016714285714285716,0.019857142857142858,1,겨울,2023,4. 겨울 (12~2월)
2023-01-18,-0.3,5.2,-4.7,63.9,0.0,1.6,6.9,-0.4,49.0,25.0,0.024,0.016,0.3,0.003,9.9,0.7,15.5,8.342861219829462,17.800000000000015,1,0,5.0,14.0,0,0,3.0,3.0,1.0,1.0,0,0,0,0.0,0.0,0,3.0,5.0,0,0.0,74.0,145.0,338.0,0.0027142857142857142,0.015428571428571427,0.02142857142857143,1,겨울,2023,4. 겨울 (12~2월)
2023-01-19,-1.4,6.3,-8.0,68.5,0.0,1.0,7.4,-1.4,54.0,28.0,0.015,0.023,0.4,0.003,14.3,1.0999999999999999,4.600000000000001,10.531065156637014,17.800000000000015,1,0,6.0,15.0,0,0,3.0,3.0,1.0,1.0,0,0,0,0.0,0.0,0,3.0,5.0,0,0.0,82.0,194.0,333.0,0.0027142857142857147,0.014142857142857141,0.02214285714285714,1,겨울,2023,4. 겨울 (12~2월)
2023-01-20,0.0,5.1,-5.0,45.8,0.0,3.6,6.9,-1.3,60.0,19.0,0.028,0.011,0.2,0.003,10.1,1.4,22.700000000000003,12.000416659433158,3.1000000000000143,0,0,5.0,15.0,0,0,2.0,3.0,0.0,1.0,0,0,0,0.0,0.0,0,2.0,5.0,0,0.0,79.0,235.0,347.0,0.0027142857142857142,0.011999999999999999,0.02542857142857143,1,겨울,2023,4. 겨울 (12~2월)
2023-01-21,-3.5,3.4,-8.1,45.3,0.0,1.6,7.7,-3.6,24.0,11.0,0.026,0.012,0.2,0.003,11.5,3.5,0.5,13.252546925025444,3.000000000000014,0,0,4.0,15.0,0,0,1.0,3.0,0.0,1.0,0,0,0,0.0,0.0,0,1.0,5.0,0,0.0,35.0,196.0,354.0,0.0027142857142857142,0.012285714285714285,0.025142857142857144,1,겨울,2023,4. 겨울 (12~2월)
2023-01-22,-1.5,5.3,-7.9,55.4,0.0,0.6,1.7,-1.2,26.0,15.0,0.014,0.018,0.3,0.004,13.2,2.0,10.100000000000001,5.692392584259716,0.0,0,0,3.0,15.0,0,0,0.0,3.0,0.0,1.0,0,0,0,0.0,0.0,0,0.0,5.0,0,0.0,41.0,155.0,382.0,0.003,0.013999999999999999,0.02342857142857143,1,겨울,2023,4. 겨울 (12~2월)
2023-01-23,2.0,9.1,-6.2,56.0,0.0,1.6,7.4,1.0,41.0,23.0,0.025,0.013,0.3,0.003,15.3,3.5,0.6000000000000014,6.011932578907946,0.0,0,0,2.0,14.0,0,0,0.0,3.0,0.0,1.0,0,0,0,0.0,0.0,0,0.0,5.0,0,0.0,64.0,140.0,413.0,0.0031428571428571426,0.014714285714285713,0.02285714285714286,1,겨울,2023,4. 겨울 (12~2월)
2023-01-24,-8.3,1.2,-12.5,36.9,0.0,6.2,7.7,-4.3,30.0,12.0,0.035,0.004,0.2,0.003,13.7,10.3,19.1,10.858330135584149,0.0,0,0,2.0,14.0,0,0,0.0,3.0,0.0,1.0,0,0,0,0.0,0.0,0,0.0,5.0,0,0.0,42.0,147.0,417.0,0.0031428571428571426,0.013857142857142856,0.023857142857142855,1,겨울,2023,4. 겨울 (12~2월)
2023-01-25,-9.4,-2.8,-15.0,32.4,0.0,2.7,7.8,-6.8,9.0,5.0,0.032,0.007,0.2,0.003,12.2,1.0999999999999996,4.5,12.53009709991648,0.0,0,0,1.0,14.0,0,0,0.0,3.0,0.0,1.0,0,0,0,0.0,0.0,0,0.0,5.0,0,0.0,14.0,120.0,357.0,0.003142857142857143,0.01257142857142857,0.024999999999999998,1,겨울,2023,4. 겨울 (12~2월)
2023-01-26,-4.8,3.1,-14.2,58.5,0.0,1.1,3.2,-3.1,19.0,11.0,0.016,0.019,0.3,0.003,17.3,4.6000000000000005,26.1,13.952419145080253,0.0,0,0,0.0,14.0,0,0,0.0,3.0,0.0,1.0,0,0,0,0.0,0.0,0,0.0,5.0,0,0.0,30.0,86.0,305.0,0.003142857142857143,0.011999999999999999,0.025142857142857144,1,겨울,2023,4. 겨울 (12~2월)
2023-01-27,-3.7,0.2,-7.5,45.8,0.0,4.0,7.5,-2.1,29.0,15.0,0.03,0.009,0.2,0.003,7.7,1.0999999999999996,12.700000000000003,13.05156440176177,0.0,0,0,0.0,13.0,0,0,0.0,3.0,0.0,1.0,0,0,0,0.0,0.0,0,0.0,5.0,0,0.0,44.0,88.0,270.0,0.0031428571428571426,0.011714285714285715,0.025428571428571432,1,겨울,2023,4. 겨울 (12~2월)
2023-01-28,-4.2,1.3,-9.8,43.5,0.0,3.1,7.5,-3.8,27.0,10.0,0.031,0.008,0.2,0.003,11.100000000000001,0.5,2.299999999999997,8.078572481158714,0.0,0,0,0.0,13.0,0,0,0.0,3.0,0.0,1.0,0,0,0,0.0,0.0,0,0.0,5.0,0,0.0,37.0,111.0,272.0,0.0031428571428571426,0.011142857142857144,0.02614285714285714,1,겨울,2023,4. 겨울 (12~2월)
2023-01-29,0.3,5.2,-7.1,52.6,0.0,2.1,7.1,-0.9,42.0,13.0,0.033,0.008,0.2,0.003,12.3,4.5,9.100000000000001,4.731807265728565,0.0,0,0,0.0,13.0,0,0,0.0,3.0,0.0,1.0,0,0,0,0.0,0.0,0,0.0,5.0,0,0.0,55.0,136.0,286.0,0.003,0.009714285714285715,0.02885714285714286,1,겨울,2023,4. 겨울 (12~2월)
2023-01-30,0.3,5.7,-4.4,37.4,0.0,2.8,7.8,-0.8,36.0,13.0,0.03,0.012,0.2,0.003,10.100000000000001,0.0,15.200000000000003,7.649182962905377,0.0,0,0,0.0,13.0,0,0,0.0,3.0,0.0,1.0,0,0,0,0.0,0.0,0,0.0,5.0,0,0.0,49.0,141.0,271.0,0.003,0.009571428571428573,0.02957142857142857,1,겨울,2023,4. 겨울 (12~2월)
2023-01-31,-1.1,9.8,-9.6,48.8,0.0,0.8,7.9,-1.6,36.0,17.0,0.011,0.027,0.4,0.003,19.4,1.4000000000000001,11.399999999999999,7.9103307979714135,0.0,0,0,0.0,13.0,0,0,0.0,3.0,0.0,1.0,0,0,0,0.0,0.0,0,0.0,5.0,0,0.0,53.0,157.0,282.0,0.003,0.012857142857142857,0.02614285714285714,1,겨울,2023,4. 겨울 (12~2월)
2023-02-01,2.3,12.2,-4.9,48.4,0.0,2.1,6.8,1.3,45.0,23.0,0.026,0.019,0.5,0.003,17.1,3.4,0.3999999999999986,6.469415223444478,0.0,0,0,0.0,13.0,0,0,0.0,3.0,0.0,1.0,0,0,0,0.0,0.0,0,0.0,5.0,0,0.0,68.0,170.0,336.0,0.003,0.014571428571428572,0.02528571428571429,2,겨울,2023,4. 겨울 (12~2월)
2023-02-02,0.0,6.0,-5.0,43.5,0.0,1.3,5.5,0.8,37.0,20.0,0.027,0.014,0.4,0.002,11.0,2.3,4.899999999999999,2.951270912675026,0.0,0,0,0.0,12.0,0,0,0.0,3.0,0.0,1.0,0,0,0,0.0,0.0,0,0.0,5.0,0,0.0,57.0,178.0,363.0,0.002857142857142857,0.013857142857142858,0.026857142857142857,2,겨울,2023,4. 겨울 (12~2월)
2023-02-03,0.5,8.4,-5.6,39.8,0.0,1.0,4.7,2.1,38.0,23.0,0.019,0.02,0.5,0.003,14.0,0.5,3.700000000000003,4.313930922024825,0.0,0,0,0.0,11.0,0,0,0.0,3.0,0.0,1.0,0,0,0,0.0,0.0,0,0.0,5.0,0,0.0,61.0,186.0,380.0,0.002857142857142857,0.01542857142857143,0.025285714285714283,2,겨울,2023,4. 겨울 (12~2월)
2023-02-04,0.3,6.6,-5.5,45.0,0.0,2.5,8.0,0.4,42.0,25.0,0.034,0.012,0.4,0.003,12.1,0.2,5.200000000000003,2.676440422153161,0.0,0,0,0.0,10.0,0,0,0.0,3.0,0.0,1.0,0,0,0,0.0,0.0,0,0.0,5.0,0,0.0,67.0,185.0,410.0,0.0028571428571428576,0.016,0.025714285714285714,2,겨울,2023,4. 겨울 (12~2월)
2023-02-05,-0.9,9.5,-9.6,51.4,0.0,0.9,8.2,-0.6,51.0,35.0,0.024,0.019,0.5,0.003,19.1,1.2,6.399999999999999,5.810335618533737,0.0,0,0,0.0,9.0,0,0,0.0,3.0,0.0,1.0,0,0,0,0.0,0.0,0,0.0,5.0,0,0.0,86.0,214.0,441.0,0.002857142857142857,0.01757142857142857,0.024428571428571428,2,겨울,2023,4. 겨울 (12~2월)
2023-02-06,1.9,12.9,-8.3,48.1,0.0,0.5,8.0,2.7,56.0,38.0,0.018,0.028,0.6,0.003,21.200000000000003,2.8,3.299999999999997,3.2005207909549513,0.0,0,0,0.0,8.0,0,0,0.0,3.0,0.0,1.0,0,0,0,0.0,0.0,0,0.0,4.0,0,0.0,94.0,247.0,486.0,0.002857142857142857,0.019857142857142854,0.022714285714285715,2,겨울,2023,4. 겨울 (12~2월)
2023-02-07,2.9,12.8,-4.8,71.5,0.0,0.9,6.1,3.2,56.0,38.0,0.024,0.022,0.6,0.003,17.6,1.0,23.4,12.665306944563195,0.0,1,0,1.0,8.0,0,0,0.0,3.0,0.0,1.0,0,0,0,0.0,0.0,1,1.0,4.0,1,0.003,94.0,274.0,527.0,0.002857142857142857,0.019142857142857145,0.02457142857142857,2,겨울,2023,4. 겨울 (12~2월)
2023-02-08,2.1,11.9,-5.2,60.4,0.0,1.2,6.9,2.9,56.0,39.0,0.025,0.016,0.5,0.003,17.1,0.7999999999999998,11.100000000000001,11.705127081753549,0.0,1,0,2.0,8.0,0,0,0.0,3.0,0.0,1.0,0,0,0,0.0,0.0,0,1.0,4.0,0,0.0,95.0,283.0,554.0,0.0028571428571428576,0.018714285714285715,0.024428571428571428,2,겨울,2023,4. 겨울 (12~2월)
2023-02-09,2.4,9.1,-6.3,64.3,0.3,1.6,3.4,1.8,46.0,30.0,0.025,0.017,0.4,0.003,15.399999999999999,0.2999999999999998,3.8999999999999986,5.631163290120422,0.3000000000000142,1,0,3.0,9.0,0,0,0.0,3.0,0.0,1.0,0,0,0,0.0,0.0,0,1.0,4.0,0,0.0,76.0,265.0,573.0,0.003,0.019142857142857145,0.024142857142857143,2,겨울,2023,4. 겨울 (12~2월)
2023-02-10,3.5,7.9,-0.3,91.0,10.3,1.3,0.3,5.4,15.0,9.0,0.025,0.014,0.3,0.002,8.200000000000001,1.1,26.700000000000003,16.655629678880327,10.600000000000016,1,0,4.0,9.0,1,0,1.0,3.0,0.0,0.0,1,0,0,0.0,0.0,1,2.0,4.0,1,0.002,24.0,195.0,536.0,0.002857142857142857,0.018285714285714287,0.025,2,겨울,2023,4. 겨울 (12~2월)
2023-02-11,2.1,10.3,-3.5,86.0,0.0,0.7,4.5,3.1,47.0,36.0,0.014,0.016,0.5,0.002,13.8,1.4,5.0,14.193777979570193,10.600000000000016,1,0,5.0,9.0,1,0,2.0,3.0,0.0,0.0,2,0,0,0.0,0.0,1,3.0,4.0,2,0.002,83.0,183.0,552.0,0.0027142857142857147,0.018857142857142857,0.02214285714285714,2,겨울,2023,4. 겨울 (12~2월)
2023-02-12,3.7,10.2,-4.0,79.0,0.0,1.0,1.5,2.9,48.0,36.0,0.024,0.012,0.5,0.002,14.2,1.6,7.0,6.027713773341526,10.600000000000016,1,0,6.0,9.0,1,0,3.0,3.0,0.0,0.0,3,0,0,0.0,0.0,1,4.0,4.0,3,0.002,84.0,191.0,550.0,0.0025714285714285713,0.017857142857142856,0.022142857142857148,2,겨울,2023,4. 겨울 (12~2월)
2023-02-13,6.0,7.8,3.6,72.8,0.7,1.7,0.0,5.4,32.0,16.0,0.038,0.009,0.4,0.002,4.199999999999999,2.3,6.200000000000003,6.604039168064637,11.300000000000015,1,0,7.0,9.0,0,0,3.0,3.0,0.0,0.0,0,0,0,0.0,0.0,1,5.0,5.0,4,0.002,48.0,215.0,504.0,0.002428571428571429,0.015142857142857142,0.024999999999999998,2,겨울,2023,4. 겨울 (12~2월)
2023-02-14,3.7,9.3,0.5,70.9,0.0,1.5,3.5,4.1,15.0,8.0,0.028,0.011,0.3,0.002,8.8,2.3,1.8999999999999915,4.2359571921033945,11.300000000000015,1,0,7.0,10.0,0,0,3.0,3.0,0.0,0.0,0,0,0,0.0,0.0,1,5.0,6.0,5,0.002,23.0,155.0,433.0,0.002285714285714286,0.013571428571428571,0.025571428571428575,2,겨울,2023,4. 겨울 (12~2월)
2023-02-15,2.4,4.9,-0.5,76.4,0.0,1.6,0.2,3.8,10.0,4.0,0.033,0.008,0.3,0.002,5.4,1.3000000000000003,5.5,2.793444707405642,11.300000000000015,1,0,7.0,10.0,1,0,4.0,4.0,0.0,0.0,1,0,0,0.0,0.0,1,6.0,7.0,6,0.002,14.0,85.0,352.0,0.002142857142857143,0.01242857142857143,0.026714285714285715,2,겨울,2023,4. 겨울 (12~2월)
2023-02-16,3.2,9.8,-0.6,74.9,0.0,1.0,0.8,3.9,23.0,14.0,0.023,0.013,0.3,0.002,10.4,0.8000000000000003,1.5,2.843120351538515,11.000000000000014,1,0,7.0,10.0,0,0,4.0,4.0,0.0,0.0,0,0,0,0.0,0.0,1,7.0,8.0,7,0.002,37.0,74.0,313.0,0.002,0.011857142857142858,0.02642857142857143,2,겨울,2023,4. 겨울 (12~2월)
2023-02-17,3.4,7.8,-2.8,65.1,0.0,0.5,1.3,2.9,58.0,39.0,0.013,0.026,0.5,0.003,10.6,0.19999999999999973,9.800000000000011,6.137045977775696,0.7000000000000142,1,0,7.0,11.0,0,0,3.0,4.0,0.0,0.0,0,0,0,0.0,0.0,0,6.0,8.0,0,0.0,97.0,148.0,386.0,0.002142857142857143,0.013571428571428571,0.024714285714285713,2,겨울,2023,4. 겨울 (12~2월)
2023-02-18,6.2,8.1,4.3,74.3,0.0,0.5,0.0,6.2,81.0,55.0,0.005,0.037,0.6,0.003,3.8,2.8000000000000003,9.200000000000003,5.493025881363833,0.7000000000000142,1,0,7.0,12.0,0,0,2.0,4.0,0.0,0.0,0,0,0,0.0,0.0,1,6.0,9.0,1,0.003,136.0,270.0,439.0,0.002285714285714286,0.01657142857142857,0.02342857142857143,2,겨울,2023,4. 겨울 (12~2월)
2023-02-19,6.8,11.0,1.1,52.6,0.0,3.8,5.8,8.4,39.0,28.0,0.038,0.009,0.4,0.002,9.9,0.5999999999999996,21.699999999999996,10.891739989551747,0.7000000000000142,0,0,6.0,12.0,0,0,1.0,4.0,0.0,0.0,0,0,0,0.0,0.0,0,5.0,9.0,0,0.0,67.0,300.0,422.0,0.002285714285714286,0.016142857142857143,0.02542857142857143,2,겨울,2023,4. 겨울 (12~2월)
2023-02-20,1.9,7.5,-2.7,38.9,0.0,3.5,9.3,3.3,34.0,7.0,0.038,0.006,0.3,0.003,10.2,4.9,13.700000000000003,17.850023342655202,0.0,0,0,5.0,12.0,0,0,1.0,4.0,0.0,0.0,0,0,0,0.0,0.0,0,4.0,9.0,0,0.0,41.0,244.0,415.0,0.002428571428571429,0.015714285714285715,0.025428571428571432,2,겨울,2023,4. 겨울 (12~2월)
2023-02-21,-0.4,6.7,-6.5,49.5,0.0,1.5,9.4,2.8,25.0,9.0,0.033,0.01,0.3,0.002,13.2,2.3,10.600000000000001,7.184010022264979,0.0,0,0,4.0,12.0,0,0,1.0,4.0,0.0,0.0,0,0,0,0.0,0.0,0,3.0,9.0,0,0.0,34.0,142.0,426.0,0.002428571428571429,0.015571428571428571,0.02614285714285714,2,겨울,2023,4. 겨울 (12~2월)
2023-02-22,2.1,10.6,-7.7,58.9,0.0,0.8,8.7,5.1,30.0,17.0,0.021,0.019,0.4,0.002,18.3,2.5,9.399999999999999,10.005998201079354,0.0,0,0,3.0,12.0,0,0,0.0,4.0,0.0,0.0,0,0,0,0.0,0.0,0,2.0,9.0,0,0.0,47.0,122.0,459.0,0.002428571428571429,0.017142857142857144,0.02442857142857143,2,겨울,2023,4. 겨울 (12~2월)
2023-02-23,7.3,12.5,2.8,39.5,0.0,2.3,9.0,7.6,46.0,28.0,0.042,0.011,0.4,0.003,9.7,5.199999999999999,19.4,9.701546268508089,0.0,0,0,2.0,12.0,0,0,0.0,4.0,0.0,0.0,0,0,0,0.0,0.0,0,1.0,9.0,0,0.0,74.0,155.0,496.0,0.0025714285714285713,0.016857142857142855,0.027142857142857142,2,겨울,2023,4. 겨울 (12~2월)
2023-02-24,6.3,12.4,-1.2,39.8,0.0,2.5,7.7,8.4,69.0,44.0,0.048,0.01,0.4,0.003,13.6,1.0,0.29999999999999716,11.11500487329345,0.0,0,0,1.0,12.0,0,0,0.0,4.0,0.0,0.0,0,0,0,0.0,0.0,0,1.0,9.0,0,0.0,113.0,234.0,512.0,0.0025714285714285717,0.014571428571428572,0.03214285714285715,2,겨울,2023,4. 겨울 (12~2월)
2023-02-25,2.6,9.4,-4.4,45.8,0.0,1.7,9.7,5.4,36.0,17.0,0.04,0.009,0.3,0.003,13.8,3.6999999999999997,6.0,3.553871128784023,0.0,0,0,0.0,12.0,0,0,0.0,4.0,0.0,0.0,0,0,0,0.0,0.0,0,0.0,9.0,0,0.0,53.0,240.0,429.0,0.0025714285714285717,0.01057142857142857,0.037142857142857144,2,겨울,2023,4. 겨울 (12~2월)
2023-02-26,1.5,10.9,-7.4,50.0,0.0,0.9,9.9,5.2,37.0,21.0,0.027,0.015,0.4,0.003,18.3,1.1,4.200000000000003,5.126402247190909,0.0,0,0,0.0,12.0,0,0,0.0,4.0,0.0,0.0,0,0,0,0.0,0.0,0,0.0,9.0,0,0.0,58.0,224.0,420.0,0.0027142857142857142,0.011428571428571429,0.03557142857142857,2,겨울,2023,4. 겨울 (12~2월)
2023-02-27,3.7,16.3,-7.3,50.1,0.0,0.8,10.1,5.7,47.0,28.0,0.019,0.025,0.5,0.003,23.6,2.2,0.10000000000000142,2.4542480178940136,0.0,0,0,0.0,12.0,0,0,0.0,4.0,0.0,0.0,0,0,0,0.0,0.0,0,0.0,9.0,0,0.0,75.0,186.0,454.0,0.0027142857142857142,0.014142857142857143,0.032857142857142856,2,겨울,2023,4. 겨울 (12~2월)
2023-02-28,7.0,16.7,-5.3,44.9,0.0,1.6,10.1,5.6,39.0,23.0,0.03,0.019,0.4,0.003,22.0,3.3,5.200000000000003,2.973774257292701,0.0,0,0,0.0,12.0,0,0,0.0,4.0,0.0,0.0,0,0,0,0.0,0.0,0,0.0,9.0,0,0.0,62.0,195.0,482.0,0.0028571428571428576,0.015428571428571429,0.03242857142857143,2,겨울,2023,4. 겨울 (12~2월)
2023-03-01,8.0,13.6,3.8,55.9,0.0,2.2,0.3,7.5,44.0,26.0,0.039,0.011,0.3,0.003,9.8,1.0,11.0,5.502726596879316,0.0,0,0,0.0,12.0,0,0,0.0,4.0,0.0,0.0,0,0,0,0.0,0.0,0,0.0,9.0,0,0.0,70.0,207.0,505.0,0.003,0.014285714285714287,0.034999999999999996,3,봄,2023,1. 봄 (3~5월)
2023-03-02,4.0,8.8,0.0,27.9,0.0,2.7,10.4,4.4,41.0,8.0,0.037,0.007,0.2,0.003,8.8,4.0,28.0,14.106735979666047,0.0,0,0,0.0,12.0,0,0,0.0,4.0,0.0,0.0,0,0,0,0.0,0.0,0,0.0,9.0,0,0.0,49.0,181.0,480.0,0.003,0.013714285714285715,0.03428571428571429,3,봄,2023,1. 봄 (3~5월)
2023-03-03,6.2,14.1,-1.2,31.9,0.0,2.5,10.4,5.2,52.0,18.0,0.04,0.012,0.3,0.003,15.299999999999999,2.2,4.0,15.14375558880091,0.0,0,0,0.0,12.0,0,0,0.0,4.0,0.0,0.0,0,0,0,0.0,0.0,0,0.0,9.0,0,0.0,70.0,189.0,437.0,0.003,0.013999999999999999,0.03314285714285715,3,봄,2023,1. 봄 (3~5월)
2023-03-04,6.1,14.6,-2.3,62.0,0.0,1.2,7.8,6.2,71.0,36.0,0.034,0.017,0.4,0.003,16.9,0.10000000000000053,30.1,18.640547202268635,0.0,1,0,1.0,13.0,0,0,0.0,4.0,0.0,0.0,0,0,0,0.0,0.0,0,0.0,9.0,0,0.0,107.0,226.0,491.0,0.003,0.015142857142857142,0.032285714285714286,3,봄,2023,1. 봄 (3~5월)
2023-03-05,7.0,16.3,-1.8,64.6,0.0,0.8,10.0,8.4,43.0,22.0,0.033,0.01,0.4,0.003,18.1,0.9000000000000004,2.5999999999999943,18.17534960690814,0.0,1,0,2.0,14.0,0,0,0.0,4.0,0.0,0.0,0,0,0,0.0,0.0,0,0.0,9.0,0,0.0,65.0,242.0,498.0,0.003,0.01442857142857143,0.03314285714285715,3,봄,2023,1. 봄 (3~5월)
2023-03-06,7.5,18.9,-1.7,55.6,0.0,0.9,10.4,10.9,54.0,28.0,0.028,0.019,0.4,0.003,20.599999999999998,0.5,8.999999999999993,4.631774318048562,0.0,0,0,2.0,14.0,0,0,0.0,4.0,0.0,0.0,0,0,0,0.0,0.0,0,0.0,9.0,0,0.0,82.0,254.0,505.0,0.003,0.013571428571428571,0.034428571428571426,3,봄,2023,1. 봄 (3~5월)
2023-03-07,11.2,21.3,-1.3,46.0,0.0,1.5,9.3,13.1,69.0,36.0,0.043,0.018,0.4,0.003,22.6,3.6999999999999993,9.600000000000001,9.30161276338689,0.0,0,0,2.0,13.0,0,0,0.0,4.0,0.0,0.0,0,0,0,0.0,0.0,0,0.0,8.0,0,0.0,105.0,252.0,548.0,0.003,0.013428571428571429,0.03628571428571429,3,봄,2023,1. 봄 (3~5월)
2023-03-08,12.0,21.5,3.0,50.6,0.0,1.5,10.2,15.2,65.0,30.0,0.048,0.016,0.4,0.003,18.5,0.8000000000000007,4.600000000000001,4.80138868800852,0.0,0,0,2.0,12.0,0,0,0.0,4.0,0.0,0.0,0,0,0,0.0,0.0,0,0.0,8.0,0,0.0,95.0,282.0,573.0,0.003,0.014142857142857141,0.037571428571428575,3,봄,2023,1. 봄 (3~5월)
2023-03-09,14.1,22.1,4.6,55.4,0.5,1.7,7.8,13.7,71.0,30.0,0.042,0.013,0.3,0.003,17.5,2.0999999999999996,4.799999999999997,4.700354596552922,0.5000000000000142,0,0,2.0,11.0,0,0,0.0,4.0,0.0,0.0,0,0,0,0.0,0.0,0,0.0,8.0,0,0.0,101.0,301.0,625.0,0.003,0.015,0.03828571428571429,3,봄,2023,1. 봄 (3~5월)
2023-03-10,12.3,21.9,2.9,60.1,0.0,1.4,10.0,16.1,99.0,29.0,0.037,0.016,0.4,0.003,19.0,1.799999999999999,4.700000000000003,4.750087718488502,0.5000000000000142,1,0,3.0,11.0,0,0,0.0,3.0,0.0,0.0,0,0,0,0.0,0.0,0,0.0,7.0,0,0.0,128.0,324.0,683.0,0.003,0.015571428571428573,0.03785714285714286,3,봄,2023,1. 봄 (3~5월)
2023-03-11,14.4,24.3,4.0,57.0,0.0,1.1,8.3,13.3,98.0,38.0,0.047,0.014,0.4,0.003,20.3,2.0999999999999996,3.1000000000000014,2.389560629070031,0.5000000000000142,0,0,2.0,10.0,0,0,0.0,2.0,0.0,0.0,0,0,0,0.0,0.0,0,0.0,6.0,0,0.0,136.0,365.0,712.0,0.003,0.015142857142857144,0.039714285714285716,3,봄,2023,1. 봄 (3~5월)
2023-03-12,8.7,19.4,1.8,74.8,17.8,2.8,3.0,9.1,62.0,32.0,0.04,0.006,0.4,0.002,17.599999999999998,5.700000000000001,17.799999999999997,9.50911843092374,18.300000000000015,1,0,2.0,10.0,0,0,0.0,1.0,0.0,0.0,0,0,0,0.0,0.0,1,1.0,6.0,1,0.002,94.0,358.0,741.0,0.002857142857142857,0.01457142857142857,0.04071428571428571,3,봄,2023,1. 봄 (3~5월)
2023-03-13,4.1,10.6,-0.9,37.8,0.0,3.0,11.0,4.7,38.0,11.0,0.034,0.008,0.2,0.002,11.5,4.6,37.0,18.504413887862945,18.300000000000015,0,0,2.0,9.0,0,0,0.0,1.0,0.0,0.0,0,0,0,0.0,0.0,0,1.0,5.0,0,0.0,49.0,279.0,708.0,0.0027142857142857142,0.013,0.04157142857142857,3,봄,2023,1. 봄 (3~5월)
2023-03-14,8.0,17.3,1.1,50.4,0.0,1.4,6.5,7.9,56.0,15.0,0.029,0.014,0.3,0.002,16.2,3.9000000000000004,12.600000000000001,18.81098969574263,18.300000000000015,0,0,2.0,8.0,0,0,0.0,1.0,0.0,0.0,0,0,0,0.0,0.0,0,1.0,4.0,0,0.0,71.0,214.0,674.0,0.0025714285714285717,0.01242857142857143,0.03957142857142857,3,봄,2023,1. 봄 (3~5월)
2023-03-15,12.1,21.0,0.3,60.3,0.0,2.1,9.6,11.0,34.0,12.0,0.035,0.01,0.3,0.003,20.7,4.1,9.899999999999999,11.27696767752764,18.300000000000015,1,0,3.0,8.0,0,0,0.0,0.0,0.0,0.0,0,0,0,0.0,0.0,0,1.0,3.0,0,0.0,46.0,166.0,625.0,0.0025714285714285717,0.011571428571428571,0.037714285714285714,3,봄,2023,1. 봄 (3~5월)
2023-03-16,9.7,15.0,5.1,36.0,0.0,2.5,8.1,10.5,50.0,12.0,0.037,0.008,0.3,0.002,9.9,2.4000000000000004,24.299999999999997,12.219247112649912,17.800000000000015,0,0,3.0,7.0,0,0,0.0,0.0,0.0,0.0,0,0,0,0.0,0.0,0,1.0,2.0,0,0.0,62.0,179.0,586.0,0.002428571428571429,0.010857142857142859,0.037,3,봄,2023,1. 봄 (3~5월)
2023-03-17,8.2,12.2,4.2,60.4,0.0,1.7,3.1,10.5,47.0,13.0,0.031,0.011,0.3,0.002,7.999999999999999,1.5,24.4,14.058567968798812,17.800000000000015,1,0,3.0,7.0,0,0,0.0,0.0,0.0,0.0,0,0,0,0.0,0.0,0,1.0,2.0,0,0.0,60.0,168.0,518.0,0.002285714285714286,0.010142857142857144,0.03614285714285714,3,봄,2023,1. 봄 (3~5월)
2023-03-18,10.0,16.8,5.7,56.4,0.0,1.2,4.4,11.3,37.0,13.0,0.036,0.008,0.3,0.002,11.100000000000001,1.8000000000000007,4.0,13.086379687802742,17.800000000000015,0,0,3.0,6.0,0,0,0.0,0.0,0.0,0.0,0,0,0,0.0,0.0,0,1.0,1.0,0,0.0,50.0,172.0,432.0,0.002142857142857143,0.009285714285714286,0.03457142857142857,3,봄,2023,1. 봄 (3~5월)
2023-03-19,9.4,18.0,2.1,42.8,0.0,1.4,10.9,11.1,66.0,31.0,0.049,0.009,0.4,0.002,15.9,0.5999999999999996,13.600000000000001,9.22605007573677,0.0,0,0,2.0,6.0,0,0,0.0,0.0,0.0,0.0,0,0,0,0.0,0.0,0,0.0,1.0,0,0.0,97.0,207.0,435.0,0.002142857142857143,0.009714285714285713,0.03585714285714286,3,봄,2023,1. 봄 (3~5월)
2023-03-20,10.3,19.9,-1.0,50.4,0.0,1.2,10.4,12.3,63.0,30.0,0.043,0.014,0.4,0.002,20.9,0.9000000000000004,7.600000000000001,6.815668223537324,0.0,0,0,2.0,6.0,0,0,0.0,0.0,0.0,0.0,0,0,0,0.0,0.0,0,0.0,1.0,0,0.0,93.0,240.0,479.0,0.002142857142857143,0.010571428571428574,0.037142857142857144,3,봄,2023,1. 봄 (3~5월)
2023-03-21,13.0,22.4,5.6,53.8,0.0,1.3,8.7,14.3,66.0,29.0,0.044,0.015,0.4,0.003,16.799999999999997,2.6999999999999993,3.3999999999999986,5.632051136131778,0.0,0,0,2.0,6.0,0,0,0.0,0.0,0.0,0.0,0,0,0,0.0,0.0,0,0.0,1.0,0,0.0,95.0,285.0,503.0,0.002285714285714286,0.010714285714285714,0.03928571428571429,3,봄,2023,1. 봄 (3~5월)
2023-03-22,15.1,21.4,7.3,74.8,2.3,1.4,0.9,14.8,50.0,28.0,0.03,0.015,0.5,0.003,14.099999999999998,2.0999999999999996,21.0,13.215647291500122,2.300000000000014,1,0,2.0,7.0,0,0,0.0,0.0,0.0,0.0,0,0,0,0.0,0.0,1,1.0,2.0,1,0.003,78.0,266.0,535.0,0.002285714285714286,0.011428571428571429,0.038571428571428576,3,봄,2023,1. 봄 (3~5월)
2023-03-23,14.5,15.5,13.2,98.3,22.6,0.8,0.0,15.0,21.0,17.0,0.028,0.012,0.4,0.002,2.3000000000000007,0.5999999999999996,23.5,22.261701043121825,24.900000000000016,1,0,3.0,8.0,1,1,1.0,1.0,1.0,1.0,1,1,0,0.0,0.0,1,2.0,3.0,2,0.002,38.0,211.0,511.0,0.002285714285714286,0.011999999999999999,0.03728571428571429,3,봄,2023,1. 봄 (3~5월)
2023-03-24,11.6,15.4,9.3,73.9,0.0,2.8,2.9,13.1,133.0,35.0,0.039,0.005,0.4,0.002,6.1,2.9000000000000004,24.39999999999999,13.834859353579636,24.900000000000016,1,0,3.0,9.0,0,0,1.0,1.0,1.0,1.0,0,0,0,0.0,0.0,1,3.0,4.0,3,0.002,168.0,284.0,619.0,0.002285714285714286,0.011142857142857144,0.03842857142857143,3,봄,2023,1. 봄 (3~5월)
2023-03-25,9.6,11.9,8.1,69.5,0.0,1.7,0.0,10.4,118.0,17.0,0.039,0.004,0.2,0.001,3.8000000000000007,2.0,4.400000000000006,15.514294483905168,24.900000000000016,1,0,4.0,10.0,0,0,1.0,1.0,1.0,1.0,0,0,0,0.0,0.0,0,3.0,4.0,0,0.0,135.0,341.0,704.0,0.002142857142857143,0.010571428571428574,0.03885714285714286,3,봄,2023,1. 봄 (3~5월)
2023-03-26,10.1,17.1,5.9,74.3,0.0,1.0,3.6,12.0,89.0,20.0,0.031,0.005,0.3,0.001,11.200000000000001,0.5,4.799999999999997,2.663331247391505,24.900000000000016,1,0,5.0,11.0,0,0,1.0,1.0,1.0,1.0,0,0,0,0.0,0.0,1,4.0,5.0,1,0.001,109.0,412.0,716.0,0.002,0.009999999999999998,0.03628571428571429,3,봄,2023,1. 봄 (3~5월)
2023-03-27,8.5,16.2,2.5,41.8,0.0,1.6,10.4,11.9,39.0,13.0,0.04,0.007,0.3,0.002,13.7,1.5999999999999996,32.5,17.54318481158236,24.900000000000016,0,0,5.0,11.0,0,0,1.0,1.0,1.0,1.0,0,0,0,0.0,0.0,0,4.0,5.0,0,0.0,52.0,296.0,675.0,0.002,0.009,0.03585714285714286,3,봄,2023,1. 봄 (3~5월)
2023-03-28,9.3,18.9,-0.4,57.8,0.0,1.0,10.8,12.7,72.0,31.0,0.035,0.013,0.4,0.002,19.299999999999997,0.8000000000000007,16.0,16.250641012998063,24.900000000000016,0,0,5.0,11.0,0,0,1.0,1.0,1.0,1.0,0,0,0,0.0,0.0,0,4.0,5.0,0,0.0,103.0,264.0,683.0,0.0018571428571428571,0.008714285714285714,0.03457142857142857,3,봄,2023,1. 봄 (3~5월)
2023-03-29,11.0,20.3,1.5,56.9,0.0,1.0,10.8,14.3,91.0,44.0,0.04,0.016,0.4,0.002,18.8,1.6999999999999993,0.8999999999999986,8.989067434018706,22.600000000000016,0,0,4.0,11.0,0,0,1.0,1.0,1.0,1.0,0,0,0,0.0,0.0,0,3.0,5.0,0,0.0,135.0,290.0,740.0,0.0017142857142857144,0.008857142857142857,0.036,3,봄,2023,1. 봄 (3~5월)
2023-03-30,13.0,23.2,2.5,51.9,0.0,0.9,9.4,15.6,90.0,47.0,0.038,0.02,0.4,0.003,20.7,2.0,5.0,3.1785741037979705,0.0,0,0,3.0,11.0,0,0,0.0,1.0,0.0,1.0,0,0,0,0.0,0.0,0,2.0,5.0,0,0.0,137.0,375.0,839.0,0.0018571428571428573,0.01,0.03742857142857143,3,봄,2023,1. 봄 (3~5월)
2023-03-31,13.6,24.5,3.0,52.8,0.0,1.4,10.9,16.3,77.0,41.0,0.049,0.016,0.4,0.003,21.5,0.5999999999999996,0.8999999999999986,2.66520793435247,0.0,0,0,2.0,11.0,0,0,0.0,1.0,0.0,1.0,0,0,0,0.0,0.0,0,1.0,5.0,0,0.0,118.0,390.0,789.0,0.002,0.011571428571428571,0.03885714285714286,3,봄,2023,1. 봄 (3~5월)
2023-04-01,12.8,22.0,3.9,64.9,0.0,1.8,10.9,15.8,71.0,36.0,0.053,0.01,0.3,0.003,18.1,0.7999999999999989,12.100000000000009,7.2597061464865735,0.0,1,0,2.0,11.0,0,0,0.0,1.0,0.0,1.0,0,0,0,0.0,0.0,0,1.0,5.0,0,0.0,107.0,362.0,761.0,0.002285714285714286,0.012428571428571428,0.040857142857142856,4,봄,2023,1. 봄 (3~5월)
2023-04-02,12.2,19.2,4.8,61.5,0.0,2.2,11.1,15.8,43.0,28.0,0.055,0.007,0.3,0.002,14.399999999999999,0.6000000000000014,3.4000000000000057,6.240459384799674,0.0,1,0,2.0,11.0,0,0,0.0,1.0,0.0,1.0,0,0,0,0.0,0.0,0,0.0,5.0,0,0.0,71.0,296.0,723.0,0.002428571428571429,0.012714285714285716,0.044285714285714296,4,봄,2023,1. 봄 (3~5월)
2023-04-03,11.8,18.4,4.0,64.8,0.0,2.1,10.3,15.4,34.0,21.0,0.049,0.008,0.2,0.002,14.399999999999999,0.3999999999999986,3.299999999999997,1.93476958145757,0.0,1,0,3.0,12.0,0,0,0.0,1.0,0.0,1.0,0,0,0,0.0,0.0,0,0.0,5.0,0,0.0,55.0,233.0,726.0,0.002428571428571429,0.012857142857142857,0.045571428571428575,4,봄,2023,1. 봄 (3~5월)
2023-04-04,14.7,22.6,7.4,67.1,2.6,1.2,5.5,18.3,27.0,16.0,0.046,0.009,0.2,0.003,15.200000000000001,2.8999999999999986,2.299999999999997,2.814841617806115,2.6000000000000143,1,0,4.0,13.0,0,0,0.0,1.0,0.0,1.0,0,0,0,0.0,0.0,0,0.0,5.0,0,0.0,43.0,169.0,666.0,0.0025714285714285717,0.012285714285714287,0.047142857142857146,4,봄,2023,1. 봄 (3~5월)
2023-04-05,14.8,16.9,12.7,92.3,6.1,1.3,0.0,14.2,16.0,13.0,0.038,0.01,0.2,0.002,4.199999999999999,0.10000000000000142,25.200000000000003,15.256583278484456,8.700000000000014,1,0,5.0,14.0,1,0,1.0,2.0,0.0,1.0,1,0,0,0.0,0.0,1,1.0,6.0,1,0.002,29.0,127.0,560.0,0.0025714285714285713,0.011428571428571429,0.046857142857142854,4,봄,2023,1. 봄 (3~5월)
2023-04-06,13.4,18.7,9.7,75.8,2.7,3.1,5.7,15.6,23.0,19.0,0.045,0.005,0.4,0.002,9.0,1.4000000000000004,16.5,12.799609369039256,11.400000000000013,1,0,6.0,15.0,1,0,2.0,3.0,0.0,1.0,2,0,0,0.0,0.0,1,2.0,7.0,2,0.002,42.0,114.0,465.0,0.002428571428571429,0.009285714285714286,0.04785714285714286,4,봄,2023,1. 봄 (3~5월)
2023-04-07,12.0,18.3,7.6,52.9,4.1,3.5,10.7,14.2,71.0,49.0,0.057,0.006,0.4,0.002,10.700000000000001,1.4000000000000004,22.9,19.786443170345994,15.500000000000014,0,0,6.0,14.0,0,0,2.0,3.0,0.0,1.0,0,0,0,0.0,0.0,0,2.0,7.0,0,0.0,120.0,191.0,467.0,0.002285714285714286,0.007857142857142858,0.049,4,봄,2023,1. 봄 (3~5월)
2023-04-08,9.8,16.3,3.2,34.5,0.0,4.0,11.7,12.5,35.0,11.0,0.046,0.005,0.2,0.002,13.100000000000001,2.1999999999999993,18.4,20.690819220127608,15.500000000000014,0,0,5.0,14.0,0,0,2.0,3.0,0.0,1.0,0,0,0,0.0,0.0,0,2.0,7.0,0,0.0,46.0,208.0,406.0,0.002142857142857143,0.0071428571428571435,0.048,4,봄,2023,1. 봄 (3~5월)
2023-04-09,12.7,20.6,1.6,32.0,0.0,2.1,11.7,15.5,57.0,12.0,0.046,0.007,0.2,0.003,19.0,2.8999999999999986,2.5,11.413588392788869,15.500000000000014,0,0,4.0,13.0,0,0,2.0,3.0,0.0,1.0,0,0,0,0.0,0.0,0,2.0,6.0,0,0.0,69.0,235.0,404.0,0.002285714285714286,0.0071428571428571435,0.046714285714285715,4,봄,2023,1. 봄 (3~5월)
2023-04-10,13.1,22.1,1.7,47.8,0.0,1.8,11.4,16.7,47.0,15.0,0.043,0.01,0.2,0.003,20.400000000000002,0.40000000000000036,15.799999999999997,8.492938243034924,15.500000000000014,0,0,3.0,13.0,0,0,2.0,3.0,0.0,1.0,0,0,0,0.0,0.0,0,2.0,6.0,0,0.0,62.0,177.0,411.0,0.002428571428571429,0.0074285714285714285,0.04585714285714285,4,봄,2023,1. 봄 (3~5월)
2023-04-11,17.2,23.2,8.0,61.4,0.0,3.1,6.4,18.3,37.0,15.0,0.048,0.007,0.2,0.003,15.2,4.1,13.600000000000001,14.713712425262933,12.900000000000013,1,0,3.0,14.0,0,0,2.0,3.0,0.0,1.0,0,0,0,0.0,0.0,0,2.0,6.0,0,0.0,52.0,183.0,420.0,0.002428571428571429,0.0071428571428571435,0.046142857142857145,4,봄,2023,1. 봄 (3~5월)
2023-04-12,14.2,19.7,9.4,21.6,0.0,3.7,11.6,17.8,282.0,36.0,0.048,0.006,0.2,0.002,10.299999999999999,3.0,39.8,20.22968116407187,6.800000000000014,0,0,2.0,13.0,0,0,1.0,3.0,0.0,1.0,0,0,0,0.0,0.0,0,1.0,6.0,0,0.0,318.0,432.0,709.0,0.002428571428571429,0.006571428571428571,0.04757142857142858,4,봄,2023,1. 봄 (3~5월)
2023-04-13,15.0,24.7,2.8,28.8,0.0,1.3,10.7,18.0,139.0,28.0,0.035,0.014,0.2,0.003,21.9,0.8000000000000007,7.199999999999999,21.20786017808819,4.100000000000014,0,0,1.0,13.0,0,0,0.0,3.0,0.0,1.0,0,0,0,0.0,0.0,0,0.0,6.0,0,0.0,167.0,537.0,834.0,0.0025714285714285717,0.007857142857142858,0.04614285714285714,4,봄,2023,1. 봄 (3~5월)
2023-04-14,15.0,21.3,6.4,58.9,0.2,1.0,2.0,17.9,63.0,25.0,0.03,0.017,0.3,0.003,14.9,0.0,30.099999999999998,19.786948560435967,0.20000000000001422,0,0,1.0,12.0,0,0,0.0,3.0,0.0,1.0,0,0,0,0.0,0.0,0,0.0,6.0,0,0.0,88.0,573.0,802.0,0.0027142857142857142,0.009428571428571429,0.04228571428571428,4,봄,2023,1. 봄 (3~5월)
2023-04-15,11.9,15.8,6.3,90.1,1.9,1.0,0.0,12.9,33.0,20.0,0.031,0.01,0.2,0.003,9.5,3.0999999999999996,31.199999999999996,30.651644871578004,2.1000000000000143,1,0,2.0,13.0,1,0,1.0,4.0,0.0,1.0,1,0,0,0.0,0.0,1,1.0,7.0,1,0.003,53.0,308.0,809.0,0.002857142857142857,0.010142857142857144,0.04014285714285715,4,봄,2023,1. 봄 (3~5월)
2023-04-16,10.0,19.1,4.4,78.4,0.0,1.3,4.2,13.8,75.0,26.0,0.03,0.008,0.3,0.002,14.700000000000001,1.9000000000000004,11.699999999999989,15.761662348876705,2.100000000000014,1,0,3.0,14.0,1,0,2.0,5.0,0.0,1.0,2,0,0,0.0,0.0,1,2.0,8.0,2,0.002,101.0,242.0,841.0,0.0027142857142857147,0.010285714285714285,0.03785714285714286,4,봄,2023,1. 봄 (3~5월)
2023-04-17,12.8,21.0,2.1,55.8,0.0,1.1,10.9,17.4,84.0,30.0,0.036,0.012,0.3,0.003,18.9,2.8000000000000007,22.60000000000001,17.43626489054726,2.100000000000014,0,0,3.0,14.0,0,0,2.0,5.0,0.0,1.0,0,0,0,0.0,0.0,0,2.0,8.0,0,0.0,114.0,268.0,893.0,0.0027142857142857142,0.01057142857142857,0.03685714285714286,4,봄,2023,1. 봄 (3~5월)
2023-04-18,14.7,19.7,11.0,80.5,1.6,1.0,0.1,14.7,76.0,31.0,0.027,0.016,0.3,0.003,8.7,1.8999999999999986,24.700000000000003,13.694646155827902,3.7000000000000144,1,0,3.0,15.0,1,0,3.0,6.0,0.0,1.0,1,0,0,0.0,0.0,1,3.0,9.0,1,0.003,107.0,322.0,948.0,0.0027142857142857142,0.011857142857142856,0.033857142857142856,4,봄,2023,1. 봄 (3~5월)
2023-04-19,16.7,22.0,10.0,78.1,0.0,1.8,9.0,21.0,39.0,21.0,0.036,0.011,0.4,0.003,12.0,2.0,2.4000000000000057,13.620695038555555,3.7000000000000144,1,0,4.0,15.0,1,0,4.0,7.0,0.0,1.0,2,0,0,0.0,0.0,1,4.0,9.0,2,0.003,60.0,281.0,690.0,0.002857142857142857,0.012571428571428572,0.03214285714285714,4,봄,2023,1. 봄 (3~5월)
2023-04-20,21.3,28.5,13.6,66.4,0.0,1.8,7.2,22.8,47.0,26.0,0.042,0.009,0.3,0.003,14.9,4.600000000000001,11.699999999999989,7.543871685016777,3.7000000000000144,1,1,5.0,15.0,0,0,4.0,6.0,0.0,0.0,0,0,0,0.0,0.0,0,4.0,8.0,0,0.0,73.0,240.0,596.0,0.0028571428571428576,0.011857142857142858,0.03314285714285714,4,봄,2023,1. 봄 (3~5월)
2023-04-21,14.8,19.5,9.8,58.6,0.0,2.7,9.2,20.4,191.0,32.0,0.044,0.007,0.2,0.003,9.7,6.5,7.800000000000004,9.814784765851948,3.500000000000014,0,0,5.0,14.0,0,0,4.0,6.0,0.0,0.0,0,0,0,0.0,0.0,0,4.0,7.0,0,0.0,223.0,356.0,731.0,0.002857142857142857,0.01042857142857143,0.03514285714285714,4,봄,2023,1. 봄 (3~5월)
2023-04-22,12.4,17.5,6.3,52.9,0.0,2.4,10.8,19.3,296.0,48.0,0.042,0.006,0.2,0.003,11.2,2.4000000000000004,5.700000000000003,6.777167549943077,1.6000000000000143,0,0,4.0,13.0,0,0,3.0,6.0,0.0,0.0,0,0,0,0.0,0.0,0,3.0,7.0,0,0.0,344.0,640.0,1022.0,0.002857142857142857,0.009857142857142856,0.03671428571428571,4,봄,2023,1. 봄 (3~5월)
2023-04-23,12.1,17.9,4.8,59.0,0.0,1.8,6.1,17.3,77.0,18.0,0.045,0.006,0.2,0.003,13.099999999999998,0.3000000000000007,6.100000000000001,3.412232895529744,1.6000000000000143,0,0,3.0,12.0,0,0,2.0,6.0,0.0,0.0,0,0,0,0.0,0.0,0,2.0,6.0,0,0.0,95.0,662.0,1016.0,0.003,0.009571428571428573,0.03885714285714286,4,봄,2023,1. 봄 (3~5월)
2023-04-24,11.5,15.9,5.5,62.5,0.0,1.9,1.4,15.0,36.0,15.0,0.042,0.01,0.3,0.003,10.4,0.5999999999999996,3.5,4.858326186387141,1.6000000000000143,1,0,4.0,13.0,0,0,2.0,6.0,0.0,0.0,0,0,0,0.0,0.0,0,2.0,6.0,0,0.0,51.0,490.0,953.0,0.003,0.009285714285714286,0.03971428571428571,4,봄,2023,1. 봄 (3~5월)
2023-04-25,8.5,11.0,3.8,88.6,7.2,0.8,0.0,10.9,24.0,15.0,0.031,0.012,0.2,0.002,7.2,3.0,26.099999999999994,16.174156340697724,7.200000000000014,1,0,4.0,14.0,1,0,2.0,7.0,0.0,0.0,1,0,0,0.0,0.0,1,2.0,7.0,1,0.002,39.0,185.0,885.0,0.002857142857142857,0.008714285714285714,0.04028571428571429,4,봄,2023,1. 봄 (3~5월)
2023-04-26,11.9,18.7,6.2,64.5,0.0,2.2,9.7,15.4,38.0,22.0,0.045,0.007,0.2,0.003,12.5,3.4000000000000004,24.099999999999994,14.525953783945894,7.200000000000014,1,0,4.0,15.0,0,0,1.0,7.0,0.0,0.0,0,0,0,0.0,0.0,0,1.0,7.0,0,0.0,60.0,150.0,885.0,0.002857142857142857,0.008142857142857143,0.04157142857142857,4,봄,2023,1. 봄 (3~5월)
2023-04-27,13.3,23.2,1.7,62.1,0.0,1.2,12.1,18.0,34.0,20.0,0.042,0.011,0.3,0.002,21.5,1.4000000000000004,2.3999999999999986,14.656170486635727,7.200000000000014,1,0,4.0,16.0,0,0,1.0,7.0,0.0,0.0,0,0,0,0.0,0.0,0,1.0,7.0,0,0.0,54.0,153.0,866.0,0.0027142857142857147,0.008428571428571428,0.04157142857142858,4,봄,2023,1. 봄 (3~5월)
2023-04-28,16.5,24.9,5.2,58.4,0.0,1.9,12.3,21.2,36.0,19.0,0.045,0.009,0.3,0.003,19.7,3.1999999999999993,3.700000000000003,3.073000705065725,7.200000000000014,0,0,4.0,16.0,0,0,1.0,7.0,0.0,0.0,0,0,0,0.0,0.0,0,1.0,7.0,0,0.0,55.0,169.0,698.0,0.0027142857142857142,0.008714285714285714,0.04171428571428571,4,봄,2023,1. 봄 (3~5월)
2023-04-29,15.9,22.4,11.0,81.8,5.3,1.9,0.3,16.2,36.0,20.0,0.04,0.007,0.3,0.002,11.399999999999999,0.5999999999999996,23.4,12.57868567590959,12.500000000000014,1,0,5.0,16.0,1,0,2.0,8.0,0.0,0.0,1,0,0,0.0,0.0,1,2.0,8.0,1,0.002,56.0,165.0,410.0,0.0025714285714285717,0.008857142857142857,0.04142857142857143,4,봄,2023,1. 봄 (3~5월)
2023-04-30,15.1,22.9,8.5,46.3,0.0,3.4,12.3,17.9,45.0,15.0,0.055,0.004,0.3,0.002,14.399999999999999,0.8000000000000007,35.5,18.04725279186099,12.500000000000014,0,0,5.0,15.0,0,0,2.0,8.0,0.0,0.0,0,0,0,0.0,0.0,0,2.0,8.0,0,0.0,60.0,171.0,375.0,0.002428571428571429,0.008571428571428572,0.04285714285714286,4,봄,2023,1. 봄 (3~5월)
2023-05-01,15.3,22.2,8.0,45.0,0.0,2.5,11.5,19.1,50.0,19.0,0.0571,0.0056,0.3,0.0024,14.2,0.20000000000000107,1.2999999999999972,20.881331375178206,12.500000000000014,0,0,4.0,14.0,0,0,2.0,8.0,0.0,0.0,0,0,0,0.0,0.0,0,2.0,8.0,0,0.0,69.0,185.0,393.0,0.002342857142857143,0.007942857142857144,0.04501428571428572,5,봄,2023,1. 봄 (3~5월)
2023-05-02,14.9,24.9,3.7,57.5,0.0,1.1,10.2,20.3,37.0,20.0,0.0473,0.0113,0.34,0.0027,21.2,0.40000000000000036,12.5,6.872408602520916,5.300000000000014,0,0,3.0,13.0,0,0,1.0,8.0,0.0,0.0,0,0,0,0.0,0.0,0,1.0,8.0,0,0.0,57.0,186.0,411.0,0.002442857142857143,0.007842857142857143,0.04734285714285714,5,봄,2023,1. 봄 (3~5월)
2023-05-03,17.3,24.7,8.6,58.1,0.0,1.7,5.2,22.8,44.0,23.0,0.0475,0.0098,0.31,0.0029,16.1,2.4000000000000004,0.6000000000000014,7.396170180122678,5.300000000000014,0,0,2.0,12.0,0,0,1.0,7.0,0.0,0.0,0,0,0,0.0,0.0,0,1.0,7.0,0,0.0,67.0,193.0,418.0,0.002428571428571429,0.008242857142857144,0.047700000000000006,5,봄,2023,1. 봄 (3~5월)
2023-05-04,17.8,23.2,11.7,70.5,0.1,1.6,3.3,22.7,31.0,19.0,0.048,0.0067,0.24,0.0028,11.5,0.5,12.399999999999999,7.338483040338379,5.400000000000014,1,0,2.0,12.0,0,0,1.0,6.0,0.0,0.0,0,0,0,0.0,0.0,1,2.0,7.0,1,0.0028,50.0,174.0,414.0,0.0025428571428571427,0.007628571428571429,0.04855714285714286,5,봄,2023,1. 봄 (3~5월)
2023-05-05,18.4,20.5,16.1,97.1,28.5,1.0,0.0,19.5,11.0,8.0,0.0288,0.0062,0.27,0.0021,4.399999999999999,0.5999999999999979,26.599999999999994,19.926197161860337,33.90000000000001,1,0,3.0,13.0,1,1,2.0,7.0,1.0,1.0,1,1,0,0.0,0.0,1,3.0,8.0,2,0.0021,19.0,136.0,378.0,0.002414285714285714,0.007228571428571429,0.04624285714285714,5,봄,2023,1. 봄 (3~5월)
2023-05-06,13.0,18.8,10.9,93.3,30.6,1.9,0.0,15.5,8.0,8.0,0.0439,0.0039,0.29,0.002,7.9,5.399999999999999,3.799999999999997,14.386567809360521,59.20000000000002,1,0,3.0,14.0,1,0,2.0,8.0,1.0,1.0,2,0,0,0.0,0.0,1,3.0,9.0,3,0.002,16.0,85.0,338.0,0.002414285714285714,0.0067857142857142855,0.0468,5,봄,2023,1. 봄 (3~5월)
2023-05-07,11.1,13.4,8.9,84.1,4.5,1.2,0.0,13.1,32.0,24.0,0.0364,0.0057,0.3,0.002,4.5,1.9000000000000004,9.200000000000003,6.684309986826922,63.70000000000002,1,0,4.0,15.0,1,0,3.0,9.0,1.0,1.0,3,0,0,0.0,0.0,1,4.0,10.0,4,0.002,56.0,91.0,334.0,0.002414285714285714,0.007028571428571428,0.04414285714285714,5,봄,2023,1. 봄 (3~5월)
2023-05-08,12.1,20.3,3.2,61.5,0.0,1.4,11.1,16.3,26.0,18.0,0.0299,0.0095,0.35,0.0021,17.1,1.0,22.599999999999994,16.363781144140553,63.70000000000002,1,0,5.0,16.0,0,0,3.0,9.0,1.0,1.0,0,0,0,0.0,0.0,0,4.0,10.0,0,0.0,44.0,116.0,309.0,0.0023714285714285716,0.007585714285714285,0.040257142857142866,5,봄,2023,1. 봄 (3~5월)
2023-05-09,16.3,26.3,3.7,54.9,0.0,1.5,12.6,18.3,33.0,20.0,0.0424,0.0105,0.35,0.0024,22.6,4.200000000000001,6.600000000000001,15.313175155183606,63.70000000000002,0,0,5.0,15.0,0,0,3.0,9.0,1.0,1.0,0,0,0,0.0,0.0,0,4.0,10.0,0,0.0,53.0,153.0,305.0,0.0023285714285714285,0.007471428571428572,0.03955714285714285,5,봄,2023,1. 봄 (3~5월)
2023-05-10,17.4,26.0,8.7,54.0,0.0,1.7,12.0,20.0,44.0,23.0,0.0569,0.0107,0.34,0.0028,17.3,1.0999999999999979,0.8999999999999986,4.095119045888805,63.70000000000002,0,0,5.0,15.0,0,0,3.0,9.0,1.0,1.0,0,0,0,0.0,0.0,0,4.0,10.0,0,0.0,67.0,164.0,305.0,0.002314285714285714,0.0076,0.0409,5,봄,2023,1. 봄 (3~5월)
2023-05-11,15.6,22.4,8.5,66.8,0.0,2.2,9.8,19.4,35.0,18.0,0.049,0.0083,0.34,0.003,13.899999999999999,1.799999999999999,12.799999999999997,7.1444617245341995,63.60000000000001,1,0,5.0,16.0,0,0,3.0,9.0,1.0,1.0,0,0,0,0.0,0.0,0,3.0,10.0,0,0.0,53.0,173.0,308.0,0.0023428571428571426,0.00782857142857143,0.041042857142857145,5,봄,2023,1. 봄 (3~5월)
2023-05-12,17.8,25.9,8.1,54.3,0.0,1.0,7.8,21.2,29.0,16.0,0.0493,0.0096,0.33,0.0028,17.799999999999997,2.200000000000001,12.5,7.3050211042360615,35.10000000000001,0,0,4.0,16.0,0,0,2.0,9.0,0.0,1.0,0,0,0,0.0,0.0,0,2.0,10.0,0,0.0,45.0,165.0,334.0,0.002442857142857143,0.008314285714285715,0.04397142857142857,5,봄,2023,1. 봄 (3~5월)
2023-05-13,18.0,23.1,14.1,69.0,0.0,1.4,7.5,23.7,29.0,21.0,0.0549,0.0073,0.3,0.0029,9.000000000000002,0.1999999999999993,14.700000000000003,7.928640068342941,4.500000000000014,1,0,4.0,16.0,0,0,1.0,8.0,0.0,1.0,0,0,0,0.0,0.0,0,1.0,9.0,0,0.0,50.0,148.0,368.0,0.0025714285714285713,0.0088,0.04554285714285714,5,봄,2023,1. 봄 (3~5월)
2023-05-14,18.2,26.7,11.4,66.5,0.0,1.1,9.1,24.3,31.0,25.0,0.0513,0.008,0.33,0.0033,15.299999999999999,0.1999999999999993,2.5,7.865324744302247,0.0,1,0,4.0,16.0,0,0,0.0,7.0,0.0,1.0,0,0,0,0.0,0.0,0,0.0,8.0,0,0.0,56.0,151.0,368.0,0.0027571428571428573,0.009128571428571429,0.04767142857142857,5,봄,2023,1. 봄 (3~5월)
2023-05-15,19.8,28.0,10.3,59.6,0.0,1.3,12.5,25.2,39.0,26.0,0.055,0.0098,0.36,0.0027,17.7,1.6000000000000014,6.899999999999999,4.868606919164129,0.0,0,0,3.0,16.0,0,0,0.0,7.0,0.0,1.0,0,0,0,0.0,0.0,0,0.0,8.0,0,0.0,65.0,171.0,389.0,0.002842857142857143,0.009171428571428572,0.05125714285714285,5,봄,2023,1. 봄 (3~5월)
2023-05-16,23.2,32.9,12.3,59.0,0.0,1.5,11.6,27.0,59.0,37.0,0.0711,0.0125,0.44,0.0033,20.599999999999998,3.3999999999999986,0.6000000000000014,4.1677331968349804,0.0,0,1,3.0,15.0,0,0,0.0,6.0,0.0,1.0,0,0,0,0.0,0.0,0,0.0,7.0,0,0.0,96.0,217.0,432.0,0.0029714285714285715,0.009457142857142858,0.05535714285714285,5,봄,2023,1. 봄 (3~5월)
2023-05-17,23.2,31.6,13.6,55.4,0.0,1.8,12.6,28.0,56.0,32.0,0.0565,0.0103,0.37,0.003,18.0,0.0,3.6000000000000014,2.2715633383203846,0.0,0,1,3.0,14.0,0,0,0.0,5.0,0.0,1.0,0,0,0,0.0,0.0,0,0.0,6.0,0,0.0,88.0,249.0,453.0,0.003,0.0094,0.0553,5,봄,2023,1. 봄 (3~5월)
2023-05-18,17.4,20.8,15.5,85.3,5.9,1.2,0.0,18.8,38.0,27.0,0.0397,0.0116,0.37,0.0029,5.300000000000001,5.800000000000001,29.9,16.32309202734985,5.900000000000015,1,0,3.0,14.0,1,0,1.0,6.0,0.0,1.0,1,0,0,0.0,0.0,1,1.0,7.0,1,0.0029,65.0,249.0,465.0,0.002985714285714286,0.009871428571428571,0.053971428571428566,5,봄,2023,1. 봄 (3~5월)
2023-05-19,17.1,22.4,13.0,84.0,0.5,1.7,2.6,18.8,15.0,12.0,0.0481,0.0055,0.27,0.0023,9.399999999999999,0.29999999999999716,1.2999999999999972,16.89999999999991,6.400000000000015,1,0,4.0,15.0,1,0,2.0,7.0,0.0,1.0,2,0,0,0.0,0.0,1,2.0,8.0,2,0.0023,27.0,180.0,447.0,0.0029142857142857143,0.009285714285714286,0.0538,5,봄,2023,1. 봄 (3~5월)
2023-05-20,19.0,27.1,10.4,70.4,0.0,1.0,12.4,22.8,27.0,18.0,0.043,0.0088,0.33,0.0027,16.700000000000003,1.8999999999999986,13.599999999999994,8.252878285785854,6.400000000000015,1,0,4.0,16.0,0,0,2.0,7.0,0.0,1.0,0,0,0,0.0,0.0,1,3.0,9.0,3,0.0027,45.0,137.0,442.0,0.0028857142857142857,0.0095,0.052099999999999994,5,봄,2023,1. 봄 (3~5월)
2023-05-21,22.2,29.3,16.7,57.9,0.0,2.4,11.3,24.8,50.0,22.0,0.0531,0.0058,0.3,0.0029,12.600000000000001,3.1999999999999993,12.500000000000007,13.053862774417812,6.400000000000015,0,1,3.0,16.0,0,0,2.0,7.0,0.0,1.0,0,0,0,0.0,0.0,0,3.0,9.0,0,0.0,72.0,144.0,458.0,0.002828571428571428,0.009185714285714285,0.05235714285714286,5,봄,2023,1. 봄 (3~5월)
2023-05-22,16.2,19.0,11.1,75.9,0.5,1.0,1.3,17.4,118.0,33.0,0.0337,0.0122,0.32,0.0027,7.9,6.0,18.000000000000007,9.224062734681054,6.900000000000015,1,0,4.0,16.0,1,0,3.0,8.0,0.0,1.0,1,0,0,0.0,0.0,1,4.0,10.0,1,0.0027,151.0,268.0,544.0,0.002828571428571428,0.009528571428571428,0.04931428571428571,5,봄,2023,1. 봄 (3~5월)
2023-05-23,16.7,24.4,9.3,64.4,0.0,1.2,10.6,20.6,61.0,22.0,0.0253,0.0103,0.27,0.0025,15.099999999999998,0.5,11.5,9.115005942583476,6.900000000000015,1,0,5.0,16.0,0,0,3.0,7.0,0.0,1.0,0,0,0,0.0,0.0,0,4.0,9.0,0,0.0,83.0,306.0,531.0,0.0027142857142857147,0.009214285714285715,0.04277142857142857,5,봄,2023,1. 봄 (3~5월)
2023-05-24,17.3,24.9,8.4,58.8,0.0,1.3,8.7,21.9,30.0,14.0,0.0308,0.012,0.38,0.0036,16.5,0.6000000000000014,5.6000000000000085,8.717989064763273,6.900000000000015,0,0,5.0,15.0,0,0,3.0,7.0,0.0,1.0,0,0,0,0.0,0.0,0,4.0,9.0,0,0.0,44.0,278.0,487.0,0.0028,0.009457142857142857,0.0391,5,봄,2023,1. 봄 (3~5월)
2023-05-25,19.9,27.4,13.1,49.1,0.0,1.3,8.2,25.7,27.0,15.0,0.0496,0.0108,0.3,0.0033,14.299999999999999,2.599999999999998,9.699999999999996,7.74101629848004,1.0000000000000142,0,0,4.0,14.0,0,0,2.0,7.0,0.0,1.0,0,0,0,0.0,0.0,0,3.0,9.0,0,0.0,42.0,169.0,464.0,0.0028571428571428567,0.009342857142857142,0.04051428571428571,5,봄,2023,1. 봄 (3~5월)
2023-05-26,20.9,26.0,14.8,60.1,0.0,1.4,4.9,23.9,28.0,15.0,0.043,0.0098,0.25,0.0031,11.2,1.0,11.0,6.010823570859531,0.5000000000000142,1,1,4.0,15.0,0,0,1.0,7.0,0.0,1.0,0,0,0,0.0,0.0,0,2.0,9.0,0,0.0,43.0,129.0,480.0,0.0029714285714285715,0.009957142857142857,0.03978571428571429,5,봄,2023,1. 봄 (3~5월)
2023-05-27,22.4,27.5,17.8,68.1,0.0,1.3,1.4,26.0,33.0,20.0,0.0363,0.0063,0.22,0.0031,9.7,1.5,7.999999999999993,9.539392014169453,0.5000000000000142,1,1,4.0,15.0,0,0,1.0,6.0,0.0,1.0,0,0,0,0.0,0.0,0,1.0,8.0,0,0.0,53.0,138.0,488.0,0.0030285714285714286,0.0096,0.03882857142857143,5,봄,2023,1. 봄 (3~5월)
2023-05-28,20.9,22.6,18.9,91.6,20.8,0.7,0.0,21.2,17.0,10.0,0.0287,0.0063,0.22,0.0023,3.700000000000003,1.5,23.5,16.373250542678775,21.300000000000015,1,1,5.0,16.0,1,0,2.0,7.0,0.0,1.0,1,0,1,1.0,1.0,1,2.0,9.0,1,0.0023,27.0,123.0,443.0,0.002942857142857143,0.00967142857142857,0.03534285714285714,5,봄,2023,1. 봄 (3~5월)
2023-05-29,19.5,21.4,18.1,99.9,75.5,0.9,0.0,20.5,8.0,7.0,0.0218,0.0074,0.28,0.002,3.299999999999997,1.3999999999999986,8.300000000000011,16.49434246441272,96.30000000000001,1,0,5.0,17.0,1,1,2.0,8.0,1.0,2.0,2,1,0,1.0,1.0,1,2.0,10.0,2,0.002,15.0,95.0,307.0,0.002842857142857143,0.008985714285714286,0.03364285714285715,5,봄,2023,1. 봄 (3~5월)
2023-05-30,18.6,21.9,16.6,86.1,0.0,1.8,1.9,21.1,11.0,7.0,0.0304,0.0053,0.21,0.002,5.299999999999997,0.8999999999999986,13.800000000000011,6.947181682763712,96.30000000000001,1,0,5.0,18.0,1,0,3.0,9.0,1.0,2.0,3,0,0,1.0,1.0,1,3.0,11.0,3,0.002,18.0,60.0,242.0,0.002771428571428571,0.008271428571428572,0.03437142857142857,5,봄,2023,1. 봄 (3~5월)
2023-05-31,19.0,24.8,14.1,67.1,0.0,1.9,12.2,21.6,20.0,12.0,0.0378,0.0073,0.31,0.0027,10.700000000000001,0.3999999999999986,19.0,16.468555897021727,96.30000000000001,1,0,6.0,19.0,0,0,3.0,9.0,1.0,2.0,0,0,0,1.0,1.0,0,3.0,11.0,0,0.0,32.0,65.0,230.0,0.0026428571428571425,0.007600000000000001,0.03537142857142857,5,봄,2023,1. 봄 (3~5월)
2023-06-01,17.1,20.9,11.4,84.1,0.1,0.7,0.8,19.5,22.0,13.0,0.0253,0.0097,0.28,0.0021,9.499999999999998,1.8999999999999986,17.0,10.440306508910377,96.4,1,0,7.0,19.0,1,0,4.0,10.0,1.0,2.0,1,0,0,1.0,1.0,1,4.0,11.0,1,0.0021,35.0,85.0,223.0,0.0024714285714285715,0.0074428571428571426,0.0319,6,여름,2023,2. 여름 (6~8월)
2023-06-02,22.6,30.0,18.1,68.4,0.4,2.0,10.0,24.7,30.0,19.0,0.0445,0.0072,0.28,0.002,11.899999999999999,5.5,15.699999999999989,9.462029380634862,96.80000000000001,1,1,7.0,19.0,0,0,4.0,9.0,1.0,1.0,0,0,0,1.0,1.0,0,4.0,10.0,0,0.0,49.0,116.0,229.0,0.002314285714285714,0.007071428571428571,0.03211428571428571,6,여름,2023,2. 여름 (6~8월)
2023-06-03,22.1,29.1,14.8,55.9,0.0,1.7,10.6,27.2,33.0,20.0,0.0516,0.0065,0.28,0.0021,14.3,0.5,12.500000000000007,14.130227646196339,96.80000000000001,0,1,6.0,18.0,0,0,4.0,8.0,1.0,1.0,0,0,0,1.0,1.0,0,4.0,9.0,0,0.0,53.0,137.0,229.0,0.0021714285714285715,0.0071,0.034300000000000004,6,여름,2023,2. 여름 (6~8월)
2023-06-04,22.6,29.3,15.4,50.1,0.0,2.0,11.3,28.3,28.0,15.0,0.0568,0.0074,0.27,0.0025,13.9,0.5,5.799999999999997,9.352183345793296,76.00000000000001,0,1,5.0,17.0,0,0,3.0,7.0,1.0,1.0,0,0,0,0.0,1.0,0,3.0,8.0,0,0.0,43.0,145.0,245.0,0.0022,0.007257142857142858,0.03831428571428571,6,여름,2023,2. 여름 (6~8월)
2023-06-05,22.8,28.2,15.5,54.5,0.0,1.8,7.6,26.6,33.0,20.0,0.0553,0.0093,0.3,0.0025,12.7,0.1999999999999993,4.399999999999999,3.0265491900844665,0.5000000000000142,0,1,4.0,16.0,0,0,2.0,7.0,0.0,1.0,0,0,0,0.0,1.0,0,2.0,8.0,0,0.0,53.0,149.0,283.0,0.002271428571428571,0.007528571428571428,0.043100000000000006,6,여름,2023,2. 여름 (6~8월)
2023-06-06,22.8,28.9,17.7,58.1,0.0,1.7,10.0,29.6,26.0,17.0,0.0643,0.0058,0.25,0.0025,11.2,0.0,3.6000000000000014,4.006661120351226,0.5000000000000142,0,1,3.0,16.0,0,0,1.0,7.0,0.0,1.0,0,0,0,0.0,1.0,0,1.0,8.0,0,0.0,43.0,139.0,308.0,0.002342857142857143,0.0076,0.04794285714285714,6,여름,2023,2. 여름 (6~8월)
2023-06-07,22.7,28.3,15.9,65.6,0.0,1.5,7.8,27.5,36.0,23.0,0.0567,0.0092,0.29,0.0025,12.4,0.10000000000000142,7.499999999999993,5.663038053907088,0.5000000000000142,1,1,3.0,17.0,0,0,1.0,7.0,0.0,1.0,0,0,0,0.0,1.0,0,1.0,8.0,0,0.0,59.0,155.0,335.0,0.002314285714285714,0.007871428571428571,0.05064285714285715,6,여름,2023,2. 여름 (6~8월)
2023-06-08,22.8,28.2,17.9,63.9,0.0,1.4,8.4,29.9,32.0,21.0,0.0473,0.0102,0.3,0.0031,10.3,0.10000000000000142,1.6999999999999957,3.9323445084748774,0.40000000000001423,1,1,3.0,17.0,0,0,0.0,7.0,0.0,1.0,0,0,0,0.0,1.0,0,0.0,8.0,0,0.0,53.0,155.0,353.0,0.002457142857142857,0.007942857142857142,0.053785714285714284,6,여름,2023,2. 여름 (6~8월)
2023-06-09,23.0,30.1,16.2,62.5,0.0,1.4,11.6,31.0,30.0,22.0,0.0523,0.0089,0.34,0.0027,13.900000000000002,0.1999999999999993,1.3999999999999986,1.5524174696256585,0.0,1,1,3.0,18.0,0,0,0.0,7.0,0.0,1.0,0,0,0,0.0,1.0,0,0.0,8.0,0,0.0,52.0,164.0,356.0,0.0025571428571428572,0.008185714285714286,0.0549,6,여름,2023,2. 여름 (6~8월)
2023-06-10,23.0,30.4,15.9,70.5,0.0,1.5,6.8,27.8,41.0,32.0,0.0607,0.008,0.37,0.0028,14.499999999999998,0.0,8.0,4.272391992003071,0.0,1,1,4.0,18.0,0,0,0.0,7.0,0.0,1.0,0,0,0,0.0,1.0,1,1.0,9.0,1,0.0028,73.0,178.0,376.0,0.002657142857142857,0.0084,0.05619999999999999,6,여름,2023,2. 여름 (6~8월)
2023-06-11,23.4,28.8,18.5,71.3,0.0,1.4,6.6,30.8,31.0,25.0,0.0524,0.0048,0.27,0.003,10.3,0.3999999999999986,0.7999999999999972,4.866210024238384,0.0,1,1,5.0,18.0,0,0,0.0,7.0,0.0,1.0,0,0,0,0.0,1.0,1,2.0,10.0,2,0.003,56.0,181.0,389.0,0.0027285714285714283,0.008028571428571428,0.05557142857142857,6,여름,2023,2. 여름 (6~8월)
2023-06-12,21.8,26.9,17.8,81.0,3.3,1.8,9.2,29.5,26.0,19.0,0.043,0.0074,0.32,0.0031,9.099999999999998,1.5999999999999979,9.700000000000003,5.844940832320748,3.300000000000014,1,1,6.0,19.0,1,0,1.0,8.0,0.0,1.0,1,0,1,1.0,2.0,1,3.0,11.0,3,0.0031,45.0,174.0,381.0,0.002814285714285714,0.007757142857142857,0.05381428571428571,6,여름,2023,2. 여름 (6~8월)
2023-06-13,22.5,28.8,18.4,79.1,0.1,1.0,7.1,27.5,36.0,26.0,0.054,0.0084,0.32,0.003,10.400000000000002,0.6999999999999993,1.9000000000000057,5.140363151892076,3.400000000000014,1,1,7.0,20.0,1,0,2.0,9.0,0.0,1.0,2,0,1,2.0,3.0,1,4.0,12.0,4,0.003,62.0,163.0,400.0,0.0028857142857142857,0.008128571428571428,0.05234285714285714,6,여름,2023,2. 여름 (6~8월)
2023-06-14,20.0,28.7,16.0,84.0,45.3,1.3,6.5,26.7,28.0,22.0,0.0493,0.0087,0.3,0.0029,12.7,2.5,4.900000000000006,2.4704925284908263,48.70000000000001,1,0,7.0,21.0,1,0,3.0,10.0,0.0,1.0,3,0,1,3.0,4.0,1,5.0,13.0,5,0.0029,50.0,157.0,391.0,0.002942857142857143,0.008057142857142856,0.05128571428571428,6,여름,2023,2. 여름 (6~8월)
2023-06-15,19.1,27.1,15.2,85.5,38.9,1.1,7.0,23.9,24.0,17.0,0.0526,0.0069,0.29,0.0025,11.900000000000002,0.8999999999999986,1.5,3.347138081007222,87.60000000000001,1,0,7.0,21.0,1,0,4.0,10.0,0.0,1.0,4,0,0,3.0,4.0,1,6.0,13.0,6,0.0025,41.0,153.0,379.0,0.0028571428571428567,0.007585714285714285,0.05204285714285715,6,여름,2023,2. 여름 (6~8월)
2023-06-16,23.2,30.9,14.6,73.4,0.0,1.3,11.3,25.3,32.0,22.0,0.0388,0.0095,0.32,0.0027,16.299999999999997,4.099999999999998,12.099999999999994,6.595705673643196,87.60000000000001,1,1,7.0,21.0,0,0,4.0,9.0,0.0,1.0,0,0,0,3.0,4.0,1,7.0,13.0,7,0.0027,54.0,145.0,381.0,0.002857142857142857,0.007671428571428571,0.050114285714285715,6,여름,2023,2. 여름 (6~8월)
2023-06-17,25.7,33.0,17.5,65.4,0.0,1.3,11.2,27.0,38.0,28.0,0.0574,0.0098,0.35,0.003,15.5,2.5,8.0,10.119453213159803,87.60000000000001,1,1,7.0,21.0,0,0,4.0,9.0,0.0,1.0,0,0,0,3.0,4.0,0,6.0,12.0,0,0.0,66.0,161.0,374.0,0.002885714285714286,0.007928571428571429,0.04964285714285715,6,여름,2023,2. 여름 (6~8월)
2023-06-18,25.2,31.8,20.3,60.8,0.0,1.5,10.6,26.1,36.0,27.0,0.0697,0.0065,0.34,0.0031,11.5,0.5,4.6000000000000085,6.375996654118635,87.60000000000001,1,1,7.0,22.0,0,0,4.0,9.0,0.0,1.0,0,0,0,3.0,4.0,0,5.0,12.0,0,0.0,63.0,183.0,381.0,0.0029,0.00817142857142857,0.05211428571428572,6,여름,2023,2. 여름 (6~8월)
2023-06-19,22.6,28.6,17.3,72.6,0.0,2.1,11.8,26.3,37.0,24.0,0.0481,0.006,0.28,0.003,11.3,2.599999999999998,11.799999999999997,5.947548514584138,84.30000000000001,1,1,7.0,22.0,0,0,3.0,8.0,0.0,1.0,0,0,0,2.0,4.0,1,5.0,12.0,1,0.003,61.0,190.0,397.0,0.0028857142857142857,0.00797142857142857,0.052842857142857136,6,여름,2023,2. 여름 (6~8월)
2023-06-20,21.7,26.1,17.9,73.5,0.0,2.5,6.4,24.7,27.0,13.0,0.0383,0.006,0.25,0.0032,8.200000000000003,0.9000000000000021,0.9000000000000057,7.086842268128409,84.2,1,1,7.0,22.0,0,0,2.0,8.0,0.0,1.0,0,0,0,1.0,4.0,1,5.0,13.0,2,0.0032,40.0,164.0,375.0,0.0029142857142857143,0.007628571428571428,0.05059999999999999,6,여름,2023,2. 여름 (6~8월)
2023-06-21,21.1,23.3,18.4,93.5,10.4,1.1,0.0,22.1,25.0,17.0,0.0333,0.0095,0.3,0.003,4.900000000000002,0.5999999999999979,20.0,11.815385450053203,49.30000000000001,1,1,7.0,23.0,1,0,2.0,9.0,0.0,1.0,1,0,1,1.0,5.0,1,5.0,14.0,3,0.003,42.0,143.0,367.0,0.002928571428571429,0.0077428571428571425,0.048314285714285705,6,여름,2023,2. 여름 (6~8월)
2023-06-22,22.9,28.0,18.3,75.8,3.9,1.8,4.7,24.7,26.0,19.0,0.0376,0.0073,0.3,0.0027,9.7,1.7999999999999972,17.700000000000003,10.943643512712237,14.300000000000015,1,1,7.0,24.0,1,0,2.0,10.0,0.0,1.0,2,0,1,2.0,6.0,1,5.0,15.0,4,0.0027,45.0,127.0,371.0,0.0029571428571428574,0.0078,0.04617142857142857,6,여름,2023,2. 여름 (6~8월)
2023-06-23,22.9,28.7,18.4,73.1,0.0,1.9,11.5,26.5,23.0,18.0,0.0465,0.0065,0.29,0.003,10.3,0.0,2.700000000000003,11.081064930772467,14.300000000000015,1,1,7.0,24.0,0,0,2.0,10.0,0.0,1.0,0,0,0,2.0,6.0,1,5.0,16.0,5,0.003,41.0,128.0,358.0,0.003,0.007371428571428571,0.04727142857142857,6,여름,2023,2. 여름 (6~8월)
2023-06-24,22.6,28.9,17.5,75.6,0.0,1.8,10.1,26.5,19.0,15.0,0.0377,0.0076,0.35,0.0036,11.399999999999999,0.29999999999999716,2.5,1.5044378795185485,14.300000000000015,1,1,7.0,24.0,1,0,3.0,11.0,0.0,1.0,1,0,1,3.0,7.0,1,6.0,17.0,6,0.0036,34.0,120.0,326.0,0.003085714285714286,0.007057142857142857,0.044457142857142855,6,여름,2023,2. 여름 (6~8월)
2023-06-25,23.1,29.4,18.1,77.6,1.0,1.3,4.2,27.0,27.0,20.0,0.0415,0.0079,0.38,0.0036,11.299999999999997,0.5,2.0,2.2546248764107344,15.300000000000015,1,1,7.0,24.0,1,0,4.0,11.0,0.0,1.0,2,0,1,4.0,7.0,1,7.0,17.0,7,0.0036,47.0,122.0,310.0,0.0031571428571428575,0.007257142857142857,0.04042857142857143,6,여름,2023,2. 여름 (6~8월)
2023-06-26,23.5,26.5,20.4,92.9,29.7,1.0,0.1,23.7,17.0,13.0,0.0201,0.007,0.27,0.003,6.100000000000001,0.3999999999999986,15.300000000000011,9.463790642936306,45.000000000000014,1,1,7.0,24.0,1,0,5.0,11.0,0.0,0.0,3,0,1,5.0,8.0,1,7.0,17.0,8,0.003,30.0,111.0,279.0,0.0031571428571428575,0.0073999999999999995,0.03642857142857143,6,여름,2023,2. 여름 (6~8월)
2023-06-27,26.9,32.7,22.8,76.5,43.1,2.1,7.4,27.8,20.0,16.0,0.0422,0.0056,0.26,0.003,9.900000000000002,3.3999999999999986,16.400000000000006,9.167515112249815,88.10000000000002,1,1,7.0,24.0,1,0,6.0,11.0,0.0,0.0,4,0,1,6.0,9.0,1,7.0,17.0,9,0.003,36.0,113.0,275.0,0.0031285714285714285,0.007342857142857143,0.03698571428571429,6,여름,2023,2. 여름 (6~8월)
2023-06-28,24.1,29.3,19.5,80.5,23.2,2.1,5.6,26.1,20.0,15.0,0.0551,0.0065,0.23,0.0027,9.8,2.799999999999997,4.0,8.551023330572493,100.9,1,1,7.0,24.0,1,0,6.0,12.0,0.0,0.0,5,0,1,6.0,10.0,1,7.0,18.0,10,0.0027,35.0,101.0,268.0,0.003085714285714286,0.006914285714285714,0.040100000000000004,6,여름,2023,2. 여름 (6~8월)
2023-06-29,25.4,28.6,23.5,86.0,4.0,1.5,0.8,26.2,28.0,20.0,0.0288,0.0068,0.28,0.0029,5.100000000000001,1.2999999999999972,5.5,4.76969600708427,101.00000000000001,1,1,7.0,24.0,1,0,6.0,12.0,0.0,0.0,6,0,1,6.0,11.0,1,7.0,18.0,11,0.0029,48.0,119.0,271.0,0.0031142857142857144,0.006842857142857143,0.038842857142857144,6,여름,2023,2. 여름 (6~8월)
2023-06-30,22.8,25.5,20.8,97.5,44.2,1.2,0.0,24.3,18.0,16.0,0.0381,0.0084,0.33,0.0021,4.699999999999999,2.599999999999998,11.5,8.674675786448395,145.20000000000002,1,1,7.0,24.0,1,1,7.0,13.0,1.0,1.0,7,1,1,7.0,12.0,1,7.0,19.0,12,0.0021,34.0,117.0,264.0,0.0029857142857142856,0.007114285714285714,0.037642857142857145,6,여름,2023,2. 여름 (6~8월)
2023-07-01,24.2,29.6,20.2,82.6,0.0,1.1,8.0,26.9,27.0,21.0,0.0435,0.0063,0.38,0.002,9.400000000000002,1.3999999999999986,14.900000000000006,7.808328886515602,145.20000000000002,1,1,7.0,25.0,1,0,7.0,14.0,1.0,1.0,8,0,1,7.0,13.0,1,7.0,20.0,13,0.002,48.0,130.0,278.0,0.0027571428571428573,0.006928571428571428,0.038471428571428566,7,여름,2023,2. 여름 (6~8월)
2023-07-02,26.5,32.7,20.8,77.3,0.0,1.2,7.1,28.3,41.0,32.0,0.0528,0.0063,0.4,0.0023,11.900000000000002,2.3000000000000007,5.299999999999997,10.473299384625392,144.20000000000002,1,1,7.0,26.0,1,0,7.0,15.0,1.0,1.0,9,0,1,7.0,14.0,1,7.0,21.0,14,0.0023,73.0,155.0,304.0,0.0025714285714285713,0.006699999999999999,0.04008571428571429,7,여름,2023,2. 여름 (6~8월)
2023-07-03,25.1,30.6,20.0,80.6,0.0,1.8,9.4,27.4,39.0,31.0,0.0478,0.0082,0.46,0.0028,10.600000000000001,1.3999999999999986,3.299999999999997,2.6764404221519866,114.50000000000001,1,1,7.0,27.0,1,0,7.0,16.0,1.0,1.0,10,0,1,7.0,15.0,1,7.0,22.0,15,0.0028,70.0,191.0,344.0,0.0025428571428571427,0.006871428571428572,0.04404285714285715,7,여름,2023,2. 여름 (6~8월)
2023-07-04,24.8,28.8,22.1,87.1,4.9,1.2,2.6,26.3,30.0,26.0,0.036,0.0089,0.3,0.0023,6.699999999999999,0.3000000000000007,6.5,4.986314604327408,76.30000000000001,1,1,7.0,28.0,1,0,7.0,17.0,1.0,1.0,11,0,1,7.0,16.0,1,7.0,23.0,16,0.0023,56.0,199.0,364.0,0.002442857142857143,0.007342857142857143,0.04315714285714285,7,여름,2023,2. 여름 (6~8월)
2023-07-05,25.9,30.4,21.0,78.3,7.3,2.1,8.6,27.7,25.0,18.0,0.0434,0.0074,0.3,0.002,9.399999999999999,1.0999999999999979,8.799999999999997,4.563989482897105,60.40000000000002,1,1,7.0,28.0,1,0,7.0,18.0,1.0,1.0,12,0,1,7.0,17.0,1,7.0,24.0,17,0.002,43.0,169.0,372.0,0.0023428571428571426,0.007471428571428572,0.041485714285714285,7,여름,2023,2. 여름 (6~8월)
2023-07-06,25.7,32.3,19.2,75.1,0.0,1.1,5.5,27.4,54.0,30.0,0.0457,0.0108,0.38,0.0025,13.099999999999998,0.1999999999999993,3.200000000000003,6.213962772122881,56.40000000000002,1,1,7.0,28.0,1,0,7.0,19.0,1.0,1.0,13,0,1,7.0,18.0,1,7.0,25.0,18,0.0025,84.0,183.0,408.0,0.002285714285714286,0.008042857142857143,0.0439,7,여름,2023,2. 여름 (6~8월)
2023-07-07,21.0,24.9,17.8,92.9,37.0,1.0,0.0,23.1,39.0,27.0,0.0368,0.0096,0.37,0.0022,7.099999999999998,4.699999999999999,17.80000000000001,9.488940931420927,49.20000000000002,1,1,7.0,28.0,1,0,7.0,20.0,0.0,1.0,14,0,1,7.0,19.0,1,7.0,26.0,19,0.0022,66.0,193.0,440.0,0.0023,0.008214285714285714,0.04371428571428571,7,여름,2023,2. 여름 (6~8월)
2023-07-08,22.5,26.7,19.4,86.4,0.0,1.3,1.4,24.9,27.0,18.0,0.0458,0.0052,0.35,0.0023,7.300000000000001,1.5,6.5,9.007219326739797,49.20000000000002,1,1,7.0,28.0,1,0,7.0,21.0,0.0,1.0,15,0,1,7.0,20.0,1,7.0,26.0,20,0.0023,45.0,195.0,437.0,0.0023428571428571426,0.008057142857142858,0.04404285714285715,7,여름,2023,2. 여름 (6~8월)
2023-07-09,26.4,30.7,21.4,79.8,0.0,1.1,3.7,27.6,35.0,28.0,0.045,0.0043,0.39,0.0025,9.3,3.8999999999999986,6.6000000000000085,6.5500636129222345,49.20000000000002,1,1,7.0,28.0,1,0,7.0,22.0,0.0,1.0,16,0,1,7.0,21.0,1,7.0,26.0,21,0.0025,63.0,174.0,427.0,0.0023714285714285716,0.007771428571428572,0.04292857142857143,7,여름,2023,2. 여름 (6~8월)
2023-07-10,27.5,31.5,22.4,78.1,0.0,1.5,7.1,28.5,39.0,30.0,0.043,0.0062,0.34,0.0025,9.100000000000001,1.1000000000000014,1.7000000000000028,4.3844421918105825,49.20000000000002,1,1,7.0,28.0,1,0,7.0,22.0,0.0,1.0,17,0,1,7.0,21.0,1,7.0,26.0,22,0.0025,69.0,177.0,426.0,0.0023285714285714285,0.007485714285714286,0.04224285714285714,7,여름,2023,2. 여름 (6~8월)
2023-07-11,24.2,29.7,22.4,93.8,32.6,1.1,0.1,25.6,32.0,26.0,0.0333,0.0093,0.29,0.0023,7.300000000000001,3.3000000000000007,15.700000000000003,8.61568337394051,76.90000000000002,1,1,7.0,28.0,1,0,7.0,22.0,0.0,1.0,18,0,1,7.0,21.0,1,7.0,26.0,23,0.0023,58.0,190.0,428.0,0.0023285714285714285,0.007542857142857143,0.04185714285714286,7,여름,2023,2. 여름 (6~8월)
2023-07-12,26.4,30.7,22.2,84.4,0.0,1.3,4.4,28.7,23.0,19.0,0.0334,0.008,0.28,0.0022,8.5,2.1999999999999993,9.399999999999991,7.900843836789077,69.60000000000002,1,1,7.0,28.0,1,0,7.0,22.0,0.0,1.0,19,0,1,7.0,21.0,1,7.0,26.0,24,0.0022,42.0,169.0,427.0,0.002357142857142857,0.007628571428571429,0.04042857142857143,7,여름,2023,2. 여름 (6~8월)
2023-07-13,25.4,27.1,23.8,93.6,1.3,0.8,0.0,26.4,34.0,26.0,0.0176,0.0096,0.3,0.0024,3.3000000000000007,1.0,9.199999999999989,5.370288632838409,70.90000000000002,1,1,7.0,28.0,1,0,7.0,22.0,0.0,1.0,20,0,1,7.0,22.0,1,7.0,26.0,25,0.0024,60.0,160.0,403.0,0.002342857142857143,0.007457142857142857,0.03641428571428571,7,여름,2023,2. 여름 (6~8월)
2023-07-14,25.2,27.3,23.8,90.9,33.8,1.7,0.0,25.1,17.0,14.0,0.019,0.0045,0.2,0.002,3.5,0.1999999999999993,2.6999999999999886,4.728988616324528,67.70000000000002,1,1,7.0,28.0,1,0,7.0,23.0,0.0,1.0,21,0,1,7.0,23.0,1,7.0,26.0,26,0.002,31.0,133.0,368.0,0.002314285714285714,0.006728571428571428,0.033871428571428566,7,여름,2023,2. 여름 (6~8월)
2023-07-15,26.3,29.6,22.5,83.4,8.9,2.2,0.2,25.9,20.0,15.0,0.0203,0.0041,0.22,0.002,7.100000000000001,1.1000000000000014,7.5,5.284884104688924,76.60000000000001,1,1,7.0,28.0,1,0,7.0,24.0,0.0,1.0,22,0,1,7.0,24.0,1,7.0,27.0,27,0.002,35.0,126.0,358.0,0.0022714285714285714,0.00657142857142857,0.03022857142857143,7,여름,2023,2. 여름 (6~8월)
2023-07-16,24.3,27.8,21.9,91.1,3.5,0.9,0.7,26.4,19.0,15.0,0.027,0.0046,0.27,0.0022,5.900000000000002,2.0,7.699999999999989,4.389001405026789,80.10000000000001,1,1,7.0,28.0,1,0,7.0,25.0,0.0,1.0,23,0,1,7.0,25.0,1,7.0,28.0,28,0.0022,34.0,100.0,329.0,0.0022285714285714283,0.006614285714285713,0.027657142857142856,7,여름,2023,2. 여름 (6~8월)
2023-07-17,26.2,31.0,22.4,85.9,12.1,1.3,4.8,28.5,12.0,10.0,0.0177,0.0048,0.2,0.002,8.600000000000001,1.8999999999999986,5.199999999999989,3.9281038682797154,92.20000000000002,1,1,7.0,28.0,1,0,7.0,26.0,0.0,1.0,24,0,1,7.0,26.0,1,7.0,28.0,29,0.002,22.0,91.0,282.0,0.002157142857142857,0.0064142857142857135,0.024042857142857144,7,여름,2023,2. 여름 (6~8월)
2023-07-18,23.0,24.6,21.7,99.8,81.9,1.0,0.0,24.3,13.0,11.0,0.0093,0.0072,0.25,0.002,2.900000000000002,3.1999999999999993,13.899999999999991,7.023057263993116,141.50000000000003,1,1,7.0,28.0,1,1,7.0,27.0,1.0,2.0,25,1,1,7.0,27.0,1,7.0,28.0,30,0.002,24.0,80.0,248.0,0.002114285714285714,0.006114285714285714,0.020614285714285717,7,여름,2023,2. 여름 (6~8월)
2023-07-19,24.0,28.2,21.3,86.4,0.0,1.3,6.9,26.4,15.0,11.0,0.0257,0.0051,0.25,0.0021,6.899999999999999,1.0,13.399999999999991,7.884795495128163,141.50000000000003,1,1,7.0,28.0,1,0,7.0,27.0,1.0,2.0,26,0,1,7.0,27.0,1,7.0,28.0,31,0.0021,26.0,72.0,232.0,0.0021000000000000003,0.005699999999999999,0.019514285714285713,7,여름,2023,2. 여름 (6~8월)
2023-07-20,25.6,32.0,19.9,82.1,0.0,1.1,8.4,27.9,35.0,27.0,0.0378,0.0079,0.39,0.0026,12.100000000000001,1.6000000000000014,4.300000000000011,9.23164846239971,140.20000000000002,1,1,7.0,28.0,1,0,7.0,27.0,1.0,2.0,27,0,1,7.0,27.0,1,7.0,28.0,32,0.0026,62.0,112.0,234.0,0.0021285714285714285,0.005457142857142857,0.0224,7,여름,2023,2. 여름 (6~8월)
2023-07-21,25.0,29.2,22.0,85.6,0.0,1.8,5.2,27.1,49.0,38.0,0.0338,0.0106,0.52,0.0033,7.199999999999999,0.6000000000000014,3.5,2.286919325204606,106.40000000000003,1,1,7.0,28.0,1,0,7.0,28.0,1.0,2.0,28,0,1,7.0,28.0,1,7.0,28.0,33,0.0033,87.0,175.0,290.0,0.002314285714285714,0.006328571428571428,0.024514285714285714,7,여름,2023,2. 여름 (6~8월)
2023-07-22,24.8,28.8,19.7,80.8,0.0,1.3,5.0,26.6,23.0,19.0,0.0245,0.0055,0.3,0.0023,9.100000000000001,0.1999999999999993,4.799999999999997,2.482606157514288,97.50000000000003,1,1,7.0,28.0,1,0,7.0,28.0,1.0,2.0,29,0,1,7.0,28.0,1,7.0,28.0,34,0.0023,42.0,191.0,297.0,0.002357142857142857,0.00652857142857143,0.02511428571428571,7,여름,2023,2. 여름 (6~8월)
2023-07-23,26.6,29.6,23.3,80.6,0.0,1.2,0.0,26.9,17.0,13.0,0.0136,0.0036,0.23,0.0021,6.300000000000001,1.8000000000000007,0.20000000000000284,2.830783166073997,94.00000000000003,1,1,7.0,28.0,1,0,7.0,28.0,1.0,2.0,30,0,1,7.0,28.0,1,7.0,28.0,35,0.0021,30.0,159.0,293.0,0.002342857142857143,0.006385714285714286,0.0232,7,여름,2023,2. 여름 (6~8월)
2023-07-24,26.3,30.7,23.8,86.5,4.2,1.2,1.6,27.9,12.0,10.0,0.0181,0.0057,0.23,0.002,6.899999999999999,0.3000000000000007,5.900000000000006,3.3501243757997883,86.10000000000004,1,1,7.0,28.0,1,0,7.0,28.0,1.0,2.0,31,0,1,7.0,28.0,1,7.0,28.0,36,0.002,22.0,94.0,293.0,0.002342857142857143,0.006514285714285715,0.023257142857142858,7,여름,2023,2. 여름 (6~8월)
2023-07-25,26.1,32.0,23.2,85.6,0.3,1.3,4.5,27.6,20.0,15.0,0.02,0.0068,0.27,0.0023,8.8,0.1999999999999993,0.9000000000000057,3.178574103796817,4.500000000000028,1,1,7.0,28.0,1,0,7.0,28.0,0.0,2.0,32,0,1,7.0,28.0,1,7.0,28.0,37,0.0023,35.0,87.0,304.0,0.0023857142857142857,0.006457142857142857,0.024785714285714282,7,여름,2023,2. 여름 (6~8월)
2023-07-26,26.1,33.1,22.0,84.1,6.3,1.3,5.0,27.7,24.0,18.0,0.0219,0.0068,0.21,0.0021,11.100000000000001,0.0,1.5,1.212435565295856,10.80000000000003,1,1,7.0,28.0,1,0,7.0,28.0,0.0,2.0,33,0,1,7.0,28.0,1,7.0,28.0,38,0.0021,42.0,99.0,320.0,0.0023857142857142857,0.006699999999999999,0.024242857142857142,7,여름,2023,2. 여름 (6~8월)
2023-07-27,26.8,33.6,21.2,82.5,0.0,0.9,8.3,28.3,28.0,21.0,0.028,0.0078,0.24,0.0021,12.400000000000002,0.6999999999999993,1.5999999999999943,1.5502687938959727,10.80000000000003,1,1,7.0,28.0,1,0,7.0,28.0,0.0,2.0,34,0,1,7.0,28.0,1,7.0,28.0,39,0.0021,49.0,126.0,307.0,0.002314285714285714,0.006685714285714286,0.02284285714285714,7,여름,2023,2. 여름 (6~8월)
2023-07-28,28.5,34.6,23.2,79.1,0.0,0.9,10.3,29.6,40.0,34.0,0.0293,0.0079,0.26,0.0026,11.400000000000002,1.6999999999999993,3.4000000000000057,2.5534290669596484,10.80000000000003,1,1,7.0,28.0,1,0,7.0,28.0,0.0,1.0,35,0,1,7.0,28.0,1,7.0,28.0,40,0.0026,74.0,165.0,294.0,0.002214285714285714,0.0063,0.0222,7,여름,2023,2. 여름 (6~8월)
2023-07-29,29.2,35.5,23.6,71.3,0.0,1.0,11.3,30.3,42.0,36.0,0.0409,0.007,0.28,0.0029,11.899999999999999,0.6999999999999993,7.799999999999997,5.742241142039219,10.80000000000003,1,1,7.0,28.0,0,0,6.0,27.0,0.0,1.0,0,0,0,6.0,27.0,1,7.0,28.0,41,0.0029,78.0,201.0,330.0,0.0023,0.006514285714285714,0.024542857142857144,7,여름,2023,2. 여름 (6~8월)
2023-07-30,28.3,34.0,23.4,76.4,0.0,1.0,10.2,30.2,32.0,30.0,0.0385,0.0055,0.24,0.0022,10.600000000000001,0.8999999999999986,5.1000000000000085,3.961060464066991,10.80000000000003,1,1,7.0,28.0,1,0,6.0,27.0,0.0,1.0,1,0,1,6.0,27.0,1,7.0,28.0,42,0.0022,62.0,214.0,362.0,0.002314285714285714,0.006785714285714285,0.028100000000000003,7,여름,2023,2. 여름 (6~8월)
2023-07-31,28.1,34.5,22.5,75.0,0.0,1.3,11.8,30.1,34.0,30.0,0.0365,0.0065,0.27,0.0026,12.0,0.1999999999999993,1.4000000000000057,2.635020556528546,6.600000000000028,1,1,7.0,28.0,1,0,6.0,27.0,0.0,1.0,2,0,1,6.0,27.0,1,7.0,28.0,43,0.0026,64.0,204.0,404.0,0.0024,0.006899999999999999,0.03072857142857143,7,여름,2023,2. 여름 (6~8월)
2023-08-01,28.1,34.1,22.8,73.5,0.0,1.1,11.9,30.6,31.0,25.0,0.0406,0.0072,0.27,0.0031,11.3,0.0,1.5,1.4502873278519566,6.300000000000028,1,1,7.0,28.0,0,0,5.0,26.0,0.0,1.0,0,0,0,5.0,26.0,1,7.0,28.0,44,0.0031,56.0,182.0,425.0,0.0025142857142857146,0.006957142857142857,0.033671428571428574,8,여름,2023,2. 여름 (6~8월)
2023-08-02,27.9,34.8,21.9,75.0,0.0,1.0,9.8,29.8,27.0,21.0,0.0334,0.0078,0.22,0.0023,12.899999999999999,0.20000000000000284,1.5,0.8660254037813503,0.0,1,1,7.0,28.0,1,0,5.0,26.0,0.0,1.0,1,0,1,5.0,26.0,1,7.0,28.0,45,0.0023,48.0,168.0,431.0,0.0025428571428571427,0.0070999999999999995,0.035314285714285715,8,여름,2023,2. 여름 (6~8월)
2023-08-03,29.8,35.9,24.0,71.3,0.0,1.2,9.9,31.8,27.0,22.0,0.0342,0.0075,0.23,0.0023,11.899999999999999,1.9000000000000021,3.700000000000003,1.8610033136262951,0.0,1,1,7.0,28.0,0,0,4.0,25.0,0.0,1.0,0,0,0,4.0,25.0,1,7.0,28.0,46,0.0023,49.0,153.0,431.0,0.0025714285714285717,0.007057142857142857,0.0362,8,여름,2023,2. 여름 (6~8월)
2023-08-04,29.3,35.1,23.7,74.9,0.0,1.0,9.2,30.8,29.0,25.0,0.0363,0.0082,0.23,0.0024,11.400000000000002,0.5,3.6000000000000085,2.107921567167061,0.0,1,1,7.0,28.0,0,0,3.0,24.0,0.0,1.0,0,0,0,3.0,24.0,1,7.0,28.0,47,0.0024,54.0,151.0,411.0,0.0025428571428571427,0.0071,0.0372,8,여름,2023,2. 여름 (6~8월)
2023-08-05,29.6,35.7,24.4,75.3,0.0,1.1,7.3,31.1,29.0,23.0,0.0352,0.0067,0.27,0.0024,11.300000000000004,0.3000000000000007,0.3999999999999915,2.2030282189132384,0.0,1,1,7.0,28.0,1,0,4.0,24.0,0.0,1.0,1,0,1,4.0,24.0,1,7.0,28.0,48,0.0024,52.0,155.0,385.0,0.0024714285714285715,0.007057142857142857,0.036385714285714285,8,여름,2023,2. 여름 (6~8월)
2023-08-06,28.7,33.9,23.9,75.6,0.0,1.7,10.1,31.2,19.0,13.0,0.0285,0.0048,0.25,0.0032,10.0,0.9000000000000021,0.29999999999999716,0.3511884584207886,0.0,1,1,7.0,28.0,1,0,4.0,24.0,0.0,1.0,2,0,1,4.0,24.0,1,7.0,28.0,49,0.0032,32.0,138.0,355.0,0.002614285714285714,0.006957142857142857,0.03495714285714286,8,여름,2023,2. 여름 (6~8월)
2023-08-07,28.6,34.0,24.8,74.4,0.0,2.0,9.5,31.4,13.0,12.0,0.0232,0.0045,0.2,0.0021,9.2,0.09999999999999787,1.1999999999999886,0.6244997998355467,0.0,1,1,7.0,28.0,0,0,3.0,23.0,0.0,1.0,0,0,0,3.0,23.0,1,7.0,28.0,50,0.0021,25.0,109.0,316.0,0.0025428571428571427,0.006671428571428572,0.033057142857142854,8,여름,2023,2. 여름 (6~8월)
2023-08-08,27.5,32.5,24.7,75.9,0.0,1.8,4.1,34.1,13.0,11.0,0.0239,0.0046,0.22,0.002,7.800000000000001,1.1000000000000014,1.5,0.7937253933159983,0.0,1,1,7.0,28.0,1,0,4.0,23.0,0.0,1.0,1,0,1,4.0,23.0,1,7.0,28.0,51,0.002,24.0,81.0,284.0,0.0023857142857142857,0.0063,0.03067142857142857,8,여름,2023,2. 여름 (6~8월)
2023-08-09,25.5,27.1,24.5,90.0,25.2,1.1,0.0,26.7,13.0,11.0,0.018,0.0056,0.22,0.002,2.6000000000000014,2.0,14.099999999999994,8.60639297266831,25.200000000000028,1,1,7.0,28.0,1,0,4.0,23.0,0.0,1.0,2,0,1,4.0,23.0,1,7.0,28.0,52,0.002,24.0,73.0,260.0,0.002342857142857143,0.005985714285714284,0.02847142857142857,8,여름,2023,2. 여름 (6~8월)
2023-08-10,24.5,26.1,23.4,88.9,111.6,3.4,0.0,24.4,7.0,7.0,0.0334,0.0039,0.2,0.002,2.700000000000003,1.0,1.0999999999999943,7.842406093370051,136.8,1,1,7.0,28.0,1,0,5.0,23.0,0.0,1.0,3,0,1,5.0,23.0,1,7.0,28.0,53,0.002,14.0,62.0,225.0,0.0023,0.0054714285714285715,0.02835714285714286,8,여름,2023,2. 여름 (6~8월)
2023-08-11,26.5,31.7,22.2,71.3,0.0,1.7,11.0,28.8,21.0,15.0,0.0429,0.0053,0.27,0.002,9.5,2.0,17.60000000000001,10.493331215586137,136.8,1,1,7.0,28.0,0,0,5.0,22.0,0.0,1.0,0,0,0,5.0,22.0,1,7.0,28.0,54,0.002,36.0,74.0,207.0,0.0022428571428571432,0.005057142857142857,0.0293,8,여름,2023,2. 여름 (6~8월)
2023-08-12,26.1,32.0,21.8,77.6,0.0,1.0,4.4,28.7,30.0,25.0,0.0361,0.0068,0.32,0.002,10.2,0.3999999999999986,6.299999999999997,8.917585622427623,136.8,1,1,7.0,28.0,1,0,5.0,22.0,0.0,1.0,1,0,1,5.0,22.0,1,7.0,28.0,55,0.002,55.0,105.0,210.0,0.0021857142857142856,0.005071428571428571,0.029428571428571425,8,여름,2023,2. 여름 (6~8월)
2023-08-13,25.8,31.6,21.8,80.1,0.0,1.5,7.0,29.5,31.0,23.0,0.0407,0.0047,0.41,0.0024,9.8,0.3000000000000007,2.5,4.534681172180435,136.8,1,1,7.0,28.0,1,0,5.0,22.0,0.0,1.0,2,0,1,5.0,22.0,1,7.0,28.0,56,0.0024,54.0,145.0,232.0,0.0020714285714285713,0.005057142857142857,0.031171428571428572,8,여름,2023,2. 여름 (6~8월)
2023-08-14,25.5,30.5,22.4,81.9,0.0,1.4,6.3,29.9,22.0,16.0,0.026,0.005,0.26,0.002,8.100000000000001,0.3000000000000007,1.8000000000000114,2.1594752448981147,136.8,1,1,7.0,28.0,1,0,6.0,22.0,0.0,1.0,3,0,1,6.0,22.0,1,7.0,28.0,57,0.002,38.0,147.0,245.0,0.002057142857142857,0.0051285714285714285,0.03157142857142857,8,여름,2023,2. 여름 (6~8월)
2023-08-15,25.4,31.4,22.3,81.0,0.0,1.5,10.3,31.2,20.0,12.0,0.0215,0.0051,0.24,0.002,9.099999999999998,0.10000000000000142,0.9000000000000057,0.8999999999969077,136.8,1,1,7.0,28.0,1,0,6.0,22.0,0.0,0.0,4,0,1,6.0,22.0,1,7.0,28.0,58,0.002,32.0,124.0,253.0,0.002057142857142857,0.005200000000000001,0.03122857142857143,8,여름,2023,2. 여름 (6~8월)
2023-08-16,25.5,32.5,21.8,80.8,0.0,1.6,6.6,30.2,26.0,16.0,0.0293,0.0063,0.36,0.0028,10.7,0.10000000000000142,0.20000000000000284,0.5859465277034773,111.60000000000002,1,1,7.0,28.0,1,0,6.0,22.0,0.0,0.0,5,0,1,6.0,22.0,1,7.0,28.0,59,0.0028,42.0,112.0,271.0,0.0021714285714285715,0.0053,0.03284285714285714,8,여름,2023,2. 여름 (6~8월)
2023-08-17,25.0,27.9,23.2,81.8,0.0,1.4,1.5,27.4,20.0,16.0,0.0238,0.006,0.34,0.0025,4.699999999999999,0.5,1.0,0.5291502622076466,0.0,1,1,7.0,28.0,1,0,6.0,22.0,0.0,0.0,6,0,1,6.0,22.0,1,7.0,28.0,60,0.0025,36.0,110.0,293.0,0.002242857142857143,0.0056,0.031471428571428574,8,여름,2023,2. 여름 (6~8월)
2023-08-18,24.4,27.7,23.0,93.1,22.3,0.8,0.1,26.7,15.0,12.0,0.0151,0.0067,0.24,0.002,4.699999999999999,0.6000000000000014,11.299999999999997,6.831056531264227,22.30000000000003,1,1,7.0,28.0,1,0,7.0,22.0,0.0,0.0,7,0,1,7.0,22.0,1,7.0,28.0,61,0.002,27.0,105.0,284.0,0.002242857142857143,0.0058,0.0275,8,여름,2023,2. 여름 (6~8월)
2023-08-19,26.2,30.4,23.4,90.3,1.3,0.7,3.0,27.8,26.0,25.0,0.0196,0.0065,0.3,0.002,7.0,1.8000000000000007,2.799999999999997,5.884725991921313,23.60000000000003,1,1,7.0,28.0,1,0,7.0,22.0,0.0,0.0,8,0,1,7.0,22.0,1,7.0,28.0,62,0.002,51.0,114.0,280.0,0.002242857142857143,0.005757142857142857,0.02514285714285714,8,여름,2023,2. 여름 (6~8월)
2023-08-20,27.2,32.5,24.6,87.5,3.4,1.2,6.8,31.2,30.0,25.0,0.0263,0.0058,0.35,0.0023,7.899999999999999,1.0,2.799999999999997,2.799999999998967,27.00000000000003,1,1,7.0,28.0,1,0,7.0,22.0,0.0,0.0,9,0,1,7.0,22.0,1,7.0,28.0,63,0.0023,55.0,133.0,281.0,0.0022285714285714287,0.005914285714285715,0.023085714285714286,8,여름,2023,2. 여름 (6~8월)
2023-08-21,28.1,33.5,24.5,78.4,0.0,1.0,9.4,30.6,30.0,26.0,0.0285,0.0063,0.29,0.0023,9.0,0.9000000000000021,9.099999999999994,6.221736092120463,27.00000000000003,1,1,7.0,28.0,1,0,7.0,22.0,0.0,0.0,10,0,1,7.0,22.0,1,7.0,28.0,64,0.0023,56.0,162.0,299.0,0.0022714285714285714,0.0061,0.023442857142857144,8,여름,2023,2. 여름 (6~8월)
2023-08-22,27.7,33.4,22.8,76.6,0.0,1.3,9.5,30.9,38.0,30.0,0.0222,0.0055,0.21,0.0026,10.599999999999998,0.40000000000000213,1.8000000000000114,5.8432297005447325,27.00000000000003,1,1,7.0,28.0,1,0,7.0,22.0,0.0,0.0,11,0,1,7.0,22.0,1,7.0,28.0,65,0.0026,68.0,179.0,335.0,0.002357142857142857,0.006157142857142857,0.023542857142857143,8,여름,2023,2. 여름 (6~8월)
2023-08-23,27.4,33.7,22.0,75.6,0.0,1.4,9.7,29.8,30.0,26.0,0.0223,0.0055,0.2,0.002,11.700000000000003,0.3000000000000007,1.0,1.41891977691776,27.00000000000003,1,1,7.0,28.0,1,0,7.0,22.0,0.0,0.0,12,0,1,7.0,22.0,1,7.0,28.0,66,0.002,56.0,180.0,349.0,0.002242857142857143,0.006042857142857142,0.022542857142857142,8,여름,2023,2. 여름 (6~8월)
2023-08-24,24.2,27.6,22.0,93.3,24.8,1.9,0.1,26.2,13.0,11.0,0.0446,0.0058,0.31,0.002,5.600000000000001,3.1999999999999993,17.700000000000003,9.943004240838285,51.800000000000026,1,1,7.0,28.0,1,0,7.0,22.0,0.0,0.0,13,0,1,7.0,22.0,1,7.0,28.0,67,0.002,24.0,148.0,337.0,0.0021714285714285715,0.006014285714285714,0.02551428571428571,8,여름,2023,2. 여름 (6~8월)
2023-08-25,26.0,31.9,21.5,79.4,7.5,1.4,7.8,28.6,18.0,13.0,0.0372,0.0066,0.24,0.002,10.399999999999999,1.8000000000000007,13.899999999999991,9.31790391307659,37.00000000000003,1,1,7.0,28.0,1,0,7.0,22.0,0.0,0.0,14,0,1,7.0,22.0,1,7.0,28.0,68,0.002,31.0,111.0,341.0,0.0021714285714285715,0.006,0.02867142857142857,8,여름,2023,2. 여름 (6~8월)
2023-08-26,24.8,31.4,19.3,78.0,0.0,1.1,11.5,28.2,29.0,18.0,0.0392,0.0058,0.3,0.0021,12.099999999999998,1.1999999999999993,1.4000000000000057,8.458329228241707,35.70000000000003,1,1,7.0,28.0,1,0,7.0,23.0,0.0,0.0,15,0,1,7.0,23.0,1,7.0,28.0,69,0.0021,47.0,102.0,337.0,0.0021857142857142856,0.0059,0.031471428571428574,8,여름,2023,2. 여름 (6~8월)
2023-08-27,24.0,29.9,20.0,87.1,4.2,1.4,6.2,27.7,25.0,18.0,0.0334,0.0043,0.29,0.0023,9.899999999999999,0.8000000000000007,9.099999999999994,4.899999999999455,36.50000000000003,1,1,7.0,28.0,1,0,7.0,23.0,0.0,0.0,16,0,1,7.0,23.0,1,7.0,28.0,70,0.0023,43.0,121.0,325.0,0.0021857142857142856,0.005685714285714285,0.032485714285714284,8,여름,2023,2. 여름 (6~8월)
2023-08-28,24.6,28.2,21.2,87.3,0.0,1.7,1.8,27.7,21.0,16.0,0.0282,0.0048,0.25,0.002,7.0,0.6000000000000014,0.20000000000000284,5.312563725107487,36.50000000000003,1,1,7.0,28.0,1,0,7.0,23.0,0.0,0.0,17,0,1,7.0,23.0,1,7.0,28.0,71,0.002,37.0,127.0,306.0,0.002142857142857143,0.005471428571428571,0.03244285714285714,8,여름,2023,2. 여름 (6~8월)
2023-08-29,25.6,28.8,22.5,90.0,1.6,0.9,1.7,26.6,20.0,17.0,0.0165,0.0067,0.24,0.0026,6.300000000000001,1.0,2.700000000000003,1.6196707484324782,38.10000000000002,1,1,7.0,28.0,1,0,7.0,24.0,0.0,0.0,18,0,1,7.0,24.0,1,7.0,28.0,72,0.0026,37.0,117.0,275.0,0.002142857142857143,0.005642857142857143,0.03162857142857143,8,여름,2023,2. 여름 (6~8월)
2023-08-30,24.4,25.7,22.2,99.4,28.1,0.7,0.0,25.8,18.0,15.0,0.009,0.0085,0.23,0.002,3.5,1.2000000000000028,9.400000000000006,6.3516402081137935,66.20000000000003,1,1,7.0,28.0,1,1,7.0,24.0,1.0,1.0,19,1,1,7.0,24.0,1,7.0,28.0,73,0.002,33.0,107.0,252.0,0.002142857142857143,0.0060714285714285705,0.02972857142857143,8,여름,2023,2. 여름 (6~8월)
2023-08-31,23.1,25.4,20.8,93.1,37.1,1.0,0.3,25.1,11.0,9.0,0.0337,0.0055,0.3,0.002,4.599999999999998,1.2999999999999972,6.300000000000011,4.789919971495121,78.50000000000003,1,1,7.0,28.0,1,0,7.0,25.0,1.0,1.0,20,0,1,7.0,25.0,1,7.0,28.0,74,0.002,20.0,90.0,248.0,0.002142857142857143,0.006028571428571429,0.02817142857142857,8,여름,2023,2. 여름 (6~8월)
2023-09-01,24.6,29.3,22.2,85.3,0.1,1.1,4.9,28.0,23.0,16.0,0.028,0.0059,0.33,0.002,7.100000000000001,1.5,7.799999999999997,7.063285354563729,71.10000000000002,1,1,7.0,28.0,1,0,7.0,26.0,1.0,1.0,21,0,1,7.0,26.0,1,7.0,28.0,75,0.002,39.0,92.0,256.0,0.002142857142857143,0.005928571428571428,0.026857142857142857,9,가을,2023,3. 가을 (9~11월)
2023-09-02,24.2,28.6,21.2,84.5,1.1,1.4,2.3,27.0,26.0,20.0,0.0286,0.0058,0.38,0.002,7.400000000000002,0.40000000000000213,0.7999999999999972,4.751140214025224,72.20000000000003,1,1,7.0,28.0,1,0,7.0,26.0,1.0,1.0,22,0,1,7.0,26.0,1,7.0,28.0,76,0.002,46.0,105.0,255.0,0.0021285714285714285,0.005928571428571428,0.02534285714285714,9,가을,2023,3. 가을 (9~11월)
2023-09-03,25.2,30.3,22.1,85.5,0.0,1.1,4.9,27.3,19.0,12.0,0.0274,0.004,0.27,0.0023,8.2,1.0,1.0,0.5291502622075369,68.00000000000003,1,1,7.0,28.0,1,0,7.0,26.0,1.0,1.0,23,0,1,7.0,26.0,1,7.0,28.0,77,0.0023,31.0,116.0,243.0,0.0021285714285714285,0.005885714285714286,0.024485714285714284,9,가을,2023,3. 가을 (9~11월)
2023-09-04,25.2,29.7,21.0,82.3,0.0,1.4,6.4,28.4,19.0,12.0,0.0201,0.005,0.2,0.0022,8.7,0.0,3.200000000000003,1.6370705543727502,68.00000000000003,1,1,7.0,28.0,1,0,7.0,27.0,1.0,1.0,24,0,1,7.0,27.0,1,7.0,28.0,78,0.0022,31.0,108.0,237.0,0.002157142857142857,0.005914285714285714,0.023328571428571428,9,가을,2023,3. 가을 (9~11월)
2023-09-05,24.9,30.1,20.4,72.6,0.0,1.5,10.2,27.8,20.0,12.0,0.0263,0.0068,0.24,0.0022,9.700000000000003,0.3000000000000007,9.700000000000003,6.717390366305029,66.40000000000003,1,1,7.0,28.0,0,0,6.0,26.0,1.0,1.0,0,0,0,6.0,26.0,1,7.0,28.0,79,0.0022,32.0,94.0,232.0,0.0021000000000000003,0.005928571428571428,0.02472857142857143,9,가을,2023,3. 가을 (9~11월)
2023-09-06,23.8,29.8,18.8,77.5,0.0,1.4,8.3,28.4,22.0,14.0,0.0259,0.0072,0.26,0.0026,11.0,1.0999999999999979,4.900000000000006,4.8500859098914475,38.300000000000026,1,1,7.0,28.0,1,0,6.0,26.0,0.0,1.0,1,0,1,6.0,26.0,1,7.0,28.0,80,0.0026,36.0,99.0,235.0,0.002185714285714286,0.005742857142857142,0.027142857142857142,9,가을,2023,3. 가을 (9~11월)
2023-09-07,22.2,28.2,16.3,74.3,0.0,1.7,10.5,27.7,23.0,14.0,0.029,0.0066,0.26,0.0027,11.899999999999999,1.6000000000000014,3.200000000000003,2.487971060923768,1.2000000000000286,1,1,7.0,28.0,0,0,5.0,25.0,0.0,1.0,0,0,0,5.0,25.0,1,7.0,28.0,81,0.0027,37.0,105.0,252.0,0.002285714285714286,0.0059,0.02647142857142857,9,가을,2023,3. 가을 (9~11월)
2023-09-08,21.8,27.9,16.8,76.0,0.0,1.3,7.6,27.5,18.0,11.0,0.029,0.0073,0.21,0.0028,11.099999999999998,0.3999999999999986,1.7000000000000028,1.601041327801226,1.1000000000000285,1,1,7.0,28.0,1,0,5.0,26.0,0.0,1.0,1,0,1,5.0,26.0,1,7.0,28.0,82,0.0028,29.0,102.0,242.0,0.0024000000000000002,0.0061,0.026614285714285712,9,가을,2023,3. 가을 (9~11월)
2023-09-09,21.5,28.4,15.3,77.0,0.0,1.1,10.3,29.0,19.0,12.0,0.0291,0.0057,0.26,0.0028,13.099999999999998,0.3000000000000007,1.0,1.3650396819607522,0.0,1,1,7.0,28.0,1,0,5.0,26.0,0.0,1.0,2,0,1,5.0,26.0,1,7.0,28.0,83,0.0028,31.0,97.0,227.0,0.0025142857142857146,0.0060857142857142854,0.02668571428571429,9,가을,2023,3. 가을 (9~11월)
2023-09-10,22.2,29.3,15.9,77.4,0.0,1.1,9.9,29.8,18.0,12.0,0.0298,0.0049,0.26,0.0029,13.4,0.6999999999999993,0.4000000000000057,0.7211102550887976,0.0,1,1,7.0,28.0,1,0,5.0,26.0,0.0,1.0,3,0,1,5.0,26.0,1,7.0,28.0,84,0.0029,30.0,90.0,226.0,0.0026000000000000003,0.006214285714285714,0.02702857142857143,9,가을,2023,3. 가을 (9~11월)
2023-09-11,23.9,31.1,18.4,79.1,0.0,1.1,8.0,30.9,23.0,15.0,0.028,0.008,0.26,0.003,12.700000000000003,1.6999999999999993,1.6999999999999886,1.115048578909282,0.0,1,1,7.0,28.0,1,0,5.0,26.0,0.0,1.0,4,0,1,5.0,26.0,1,7.0,28.0,85,0.003,38.0,99.0,233.0,0.0027142857142857142,0.006642857142857143,0.028157142857142856,9,가을,2023,3. 가을 (9~11월)
2023-09-12,24.8,30.0,20.8,81.0,0.0,0.9,3.6,31.0,31.0,26.0,0.0322,0.0097,0.23,0.0023,9.2,0.9000000000000021,1.9000000000000057,1.8009256878971136,0.0,1,1,7.0,28.0,1,0,6.0,26.0,0.0,1.0,5,0,1,6.0,26.0,1,7.0,28.0,86,0.0023,57.0,125.0,258.0,0.0027285714285714283,0.007057142857142857,0.029,9,가을,2023,3. 가을 (9~11월)
2023-09-13,23.8,27.1,21.4,89.3,0.7,1.3,0.0,27.1,30.0,26.0,0.027,0.0083,0.25,0.0024,5.700000000000003,1.0,8.299999999999997,5.424327915357631,0.7000000000000284,1,1,7.0,28.0,1,0,6.0,26.0,0.0,1.0,6,0,1,6.0,26.0,1,7.0,28.0,87,0.0024,56.0,151.0,278.0,0.0027,0.007214285714285715,0.029157142857142857,9,가을,2023,3. 가을 (9~11월)
2023-09-14,22.1,24.7,20.8,92.4,6.4,1.0,0.0,23.7,12.0,10.0,0.035,0.0058,0.2,0.002,3.8999999999999986,1.6999999999999993,3.1000000000000085,5.894347574865986,7.100000000000029,1,1,7.0,28.0,1,0,7.0,26.0,0.0,1.0,7,0,1,7.0,26.0,1,7.0,28.0,88,0.002,22.0,135.0,263.0,0.0026000000000000003,0.0071,0.030014285714285716,9,가을,2023,3. 가을 (9~11월)
2023-09-15,22.3,24.7,20.8,97.1,11.9,0.6,0.0,23.3,14.0,13.0,0.0206,0.0082,0.23,0.002,3.8999999999999986,0.1999999999999993,4.699999999999989,3.927255190757157,19.00000000000003,1,1,7.0,28.0,1,1,7.0,26.0,1.0,2.0,8,1,1,7.0,26.0,1,7.0,28.0,89,0.002,27.0,105.0,261.0,0.0024857142857142855,0.007228571428571429,0.028814285714285716,9,가을,2023,3. 가을 (9~11월)
2023-09-16,22.6,24.3,21.3,98.9,20.3,0.6,0.0,24.6,21.0,17.0,0.0162,0.0081,0.28,0.002,3.0,0.3000000000000007,1.8000000000000114,3.3560889936545784,39.30000000000003,1,1,7.0,28.0,1,1,7.0,26.0,2.0,3.0,9,2,1,7.0,26.0,1,7.0,28.0,90,0.002,38.0,87.0,268.0,0.0023714285714285716,0.007571428571428571,0.02697142857142857,9,가을,2023,3. 가을 (9~11월)
2023-09-17,23.8,27.6,21.8,91.0,13.7,0.6,2.0,24.6,16.0,14.0,0.018,0.0068,0.21,0.002,5.800000000000001,1.1999999999999993,7.900000000000006,4.1404508611175865,53.00000000000003,1,1,7.0,28.0,1,0,7.0,26.0,2.0,3.0,10,0,1,7.0,26.0,1,7.0,28.0,91,0.002,30.0,95.0,268.0,0.002242857142857143,0.007842857142857143,0.025285714285714283,9,가을,2023,3. 가을 (9~11월)
2023-09-18,25.5,30.7,22.0,82.1,5.2,1.0,7.7,27.9,23.0,16.0,0.0268,0.0078,0.22,0.0022,8.7,1.6999999999999993,8.900000000000006,8.404958853755852,58.20000000000003,1,1,7.0,28.0,1,0,7.0,26.0,2.0,3.0,11,0,1,7.0,26.0,1,7.0,28.0,92,0.0022,39.0,107.0,269.0,0.0021285714285714285,0.007814285714285715,0.025114285714285717,9,가을,2023,3. 가을 (9~11월)
2023-09-19,24.3,29.1,20.6,77.6,0.0,1.5,8.1,26.0,31.0,23.0,0.0412,0.007,0.23,0.002,8.5,1.1999999999999993,4.5,6.819335255970922,58.20000000000003,1,1,7.0,28.0,1,0,7.0,26.0,2.0,3.0,12,0,1,7.0,26.0,1,7.0,28.0,93,0.002,54.0,123.0,266.0,0.002085714285714286,0.007428571428571429,0.0264,9,가을,2023,3. 가을 (9~11월)
2023-09-20,21.3,24.7,19.8,93.1,43.6,1.3,0.0,22.8,44.0,33.0,0.0299,0.0103,0.31,0.0023,4.899999999999999,3.0,15.5,7.973915809270124,101.10000000000002,1,1,7.0,28.0,1,0,7.0,26.0,2.0,3.0,13,0,1,7.0,26.0,1,7.0,28.0,94,0.0023,77.0,170.0,287.0,0.0020714285714285713,0.007714285714285714,0.026814285714285714,9,가을,2023,3. 가을 (9~11월)
2023-09-21,19.1,21.4,17.5,95.5,8.6,1.1,0.0,21.6,15.0,9.0,0.0317,0.006,0.22,0.0023,3.8999999999999986,2.1999999999999993,2.4000000000000057,9.716137778630383,103.30000000000004,1,0,7.0,28.0,1,1,7.0,26.0,3.0,4.0,14,1,0,6.0,25.0,1,7.0,28.0,95,0.0023,24.0,155.0,289.0,0.0021142857142857144,0.0077428571428571425,0.026342857142857144,9,가을,2023,3. 가을 (9~11월)
2023-09-22,19.4,24.4,15.2,80.6,0.0,0.8,7.6,24.3,27.0,12.0,0.024,0.0067,0.2,0.0022,9.2,0.29999999999999716,14.900000000000006,8.000208330620438,91.40000000000003,1,0,7.0,28.0,1,0,7.0,26.0,2.0,4.0,15,0,0,5.0,24.0,1,7.0,28.0,96,0.0022,39.0,140.0,301.0,0.002142857142857143,0.007528571428571429,0.026828571428571427,9,가을,2023,3. 가을 (9~11월)
2023-09-23,18.9,24.9,13.3,77.8,0.0,1.5,5.8,21.0,22.0,12.0,0.0215,0.0064,0.22,0.0026,11.599999999999998,0.5,2.799999999999997,9.514375088955035,71.10000000000004,1,0,7.0,28.0,1,0,7.0,26.0,1.0,4.0,16,0,0,4.0,23.0,1,7.0,28.0,97,0.0026,34.0,97.0,297.0,0.0022285714285714287,0.007285714285714285,0.027585714285714286,9,가을,2023,3. 가을 (9~11월)
2023-09-24,19.6,24.9,14.4,70.8,0.0,2.4,8.4,22.3,19.0,9.0,0.0348,0.0043,0.2,0.0027,10.499999999999998,0.7000000000000028,7.0,5.047771785648981,57.400000000000034,1,0,7.0,28.0,0,0,6.0,25.0,1.0,4.0,0,0,0,3.0,22.0,1,7.0,28.0,98,0.0027,28.0,101.0,295.0,0.002328571428571429,0.006928571428571429,0.029985714285714286,9,가을,2023,3. 가을 (9~11월)
2023-09-25,20.6,24.6,17.4,81.0,1.5,1.2,0.7,24.1,21.0,10.0,0.028,0.0075,0.2,0.003,7.200000000000003,1.0,10.200000000000003,5.216640042529987,53.70000000000003,1,1,7.0,28.0,1,0,6.0,25.0,1.0,4.0,1,0,1,3.0,22.0,1,7.0,28.0,99,0.003,31.0,93.0,287.0,0.002442857142857143,0.006885714285714287,0.030157142857142855,9,가을,2023,3. 가을 (9~11월)
2023-09-26,20.3,21.1,19.3,99.6,23.5,0.8,0.0,21.1,17.0,13.0,0.0195,0.0098,0.23,0.0029,1.8000000000000007,0.3000000000000007,18.599999999999994,14.602739469017262,77.20000000000003,1,1,7.0,28.0,1,1,6.0,25.0,2.0,5.0,2,1,1,3.0,22.0,1,7.0,28.0,100,0.0029,30.0,89.0,263.0,0.0025714285714285717,0.007285714285714285,0.02705714285714286,9,가을,2023,3. 가을 (9~11월)
2023-09-27,22.6,25.7,20.3,87.4,0.0,1.0,0.5,24.1,21.0,18.0,0.024,0.0091,0.26,0.0029,5.399999999999999,2.3000000000000007,12.199999999999989,9.449514978734534,33.60000000000003,1,1,7.0,28.0,1,0,6.0,25.0,2.0,4.0,3,0,1,3.0,22.0,1,7.0,28.0,101,0.0029,39.0,100.0,225.0,0.002657142857142857,0.007114285714285714,0.026214285714285714,9,가을,2023,3. 가을 (9~11월)
2023-09-28,22.4,28.1,17.4,77.3,0.0,2.0,9.2,24.8,29.0,20.0,0.039,0.0058,0.26,0.0029,10.700000000000003,0.20000000000000284,10.100000000000009,11.166467659918014,25.00000000000003,1,1,7.0,28.0,1,0,6.0,25.0,1.0,4.0,4,0,1,4.0,22.0,1,7.0,28.0,102,0.0029,49.0,118.0,250.0,0.0027428571428571432,0.007085714285714286,0.02725714285714285,9,가을,2023,3. 가을 (9~11월)
2023-09-29,20.7,26.2,15.1,82.5,0.0,0.9,5.4,23.0,52.0,35.0,0.0405,0.0063,0.39,0.0029,11.1,1.6999999999999993,5.200000000000003,5.050742519669202,25.00000000000003,1,1,7.0,28.0,1,0,6.0,25.0,1.0,4.0,5,0,1,5.0,22.0,1,7.0,28.0,103,0.0029,87.0,175.0,298.0,0.002842857142857143,0.007028571428571427,0.02961428571428571,9,가을,2023,3. 가을 (9~11월)
2023-09-30,19.0,24.3,14.8,79.1,3.7,1.7,5.3,21.4,29.0,20.0,0.0385,0.0049,0.29,0.0028,9.5,1.6999999999999993,3.4000000000000057,2.640706976043993,28.700000000000028,1,0,7.0,28.0,1,0,6.0,25.0,1.0,4.0,6,0,0,5.0,21.0,1,7.0,28.0,104,0.0028,49.0,185.0,313.0,0.002871428571428571,0.0068142857142857146,0.032042857142857144,9,가을,2023,3. 가을 (9~11월)
2023-10-01,17.9,24.1,11.5,69.3,0.0,1.7,9.7,21.0,31.0,14.0,0.0351,0.0059,0.23,0.0026,12.600000000000001,1.1000000000000014,9.799999999999997,6.853709457901409,28.70000000000003,1,0,7.0,28.0,0,0,6.0,24.0,1.0,4.0,0,0,0,5.0,20.0,0,6.0,27.0,0,0.0,45.0,181.0,330.0,0.002857142857142857,0.007042857142857142,0.03208571428571429,10,가을,2023,3. 가을 (9~11월)
2023-10-02,15.5,24.1,9.3,73.3,0.0,1.0,9.5,20.2,19.0,11.0,0.0237,0.0067,0.21,0.0025,14.8,2.3999999999999986,4.0,4.9274739979013225,27.20000000000003,1,0,7.0,28.0,0,0,5.0,23.0,1.0,4.0,0,0,0,4.0,19.0,1,6.0,27.0,1,0.0025,30.0,124.0,329.0,0.002785714285714286,0.006928571428571429,0.031471428571428574,10,가을,2023,3. 가을 (9~11월)
2023-10-03,15.2,20.9,9.8,86.9,0.2,0.6,0.4,17.3,23.0,12.0,0.0167,0.0088,0.23,0.0026,11.099999999999998,0.3000000000000007,13.600000000000009,9.226050075736303,3.9000000000000323,1,0,7.0,28.0,1,0,5.0,24.0,0.0,4.0,1,0,0,3.0,19.0,1,6.0,27.0,2,0.0026,35.0,110.0,334.0,0.002742857142857143,0.0067857142857142855,0.031071428571428566,10,가을,2023,3. 가을 (9~11월)
2023-10-04,18.5,24.2,12.9,73.5,0.0,1.5,7.9,22.2,26.0,17.0,0.028,0.0097,0.26,0.0027,11.299999999999999,3.3000000000000007,13.400000000000006,7.79487010796164,3.9000000000000323,1,0,7.0,28.0,0,0,4.0,23.0,0.0,4.0,0,0,0,2.0,18.0,1,6.0,27.0,3,0.0027,43.0,108.0,338.0,0.0027142857142857147,0.006871428571428572,0.031642857142857146,10,가을,2023,3. 가을 (9~11월)
2023-10-05,15.6,20.7,10.8,45.9,0.0,2.4,8.4,18.3,29.0,11.0,0.0403,0.0067,0.21,0.0025,9.899999999999999,2.9000000000000004,27.6,20.905820561109934,3.9000000000000323,0,0,6.0,27.0,0,0,3.0,23.0,0.0,4.0,0,0,0,1.0,18.0,0,5.0,26.0,0,0.0,40.0,118.0,329.0,0.0026571428571428575,0.007,0.03182857142857143,10,가을,2023,3. 가을 (9~11월)
2023-10-06,15.2,21.8,8.6,65.4,0.0,0.9,9.0,20.5,30.0,14.0,0.0272,0.0119,0.23,0.0026,13.200000000000001,0.40000000000000036,19.500000000000007,14.186965848975358,3.9000000000000323,1,0,6.0,27.0,0,0,2.0,22.0,0.0,4.0,0,0,0,0.0,17.0,0,4.0,25.0,0,0.0,44.0,127.0,286.0,0.002614285714285714,0.007800000000000001,0.029928571428571426,10,가을,2023,3. 가을 (9~11월)
2023-10-07,16.2,22.1,11.0,76.1,0.0,1.0,3.3,18.8,21.0,12.0,0.0227,0.0099,0.25,0.0026,11.100000000000001,1.0,10.699999999999989,15.312195575204962,0.20000000000003199,1,0,6.0,27.0,1,0,2.0,22.0,0.0,4.0,1,0,0,0.0,16.0,1,4.0,25.0,1,0.0026,33.0,117.0,270.0,0.0025857142857142854,0.008514285714285716,0.02767142857142857,10,가을,2023,3. 가을 (9~11월)
2023-10-08,16.6,19.8,14.1,75.0,0.0,1.3,0.0,17.8,16.0,9.0,0.0314,0.0058,0.2,0.0025,5.700000000000001,0.40000000000000213,1.0999999999999943,5.885858759206423,0.20000000000003199,1,0,6.0,27.0,1,0,3.0,22.0,0.0,4.0,2,0,0,0.0,15.0,1,5.0,25.0,2,0.0025,25.0,102.0,250.0,0.0025714285714285713,0.0085,0.027142857142857142,10,가을,2023,3. 가을 (9~11월)
2023-10-09,17.2,21.5,14.0,78.3,0.0,0.7,1.5,22.1,14.0,10.0,0.0279,0.0072,0.22,0.0025,7.5,0.5999999999999979,3.299999999999997,1.680277754815366,0.20000000000003199,1,0,6.0,27.0,1,0,4.0,22.0,0.0,4.0,3,0,0,0.0,14.0,1,5.0,25.0,3,0.0025,24.0,82.0,244.0,0.0025714285714285717,0.008571428571428572,0.027742857142857145,10,가을,2023,3. 가을 (9~11월)
2023-10-10,16.5,22.2,12.3,75.4,0.0,1.4,6.9,20.2,23.0,16.0,0.0304,0.0092,0.22,0.0025,9.899999999999999,0.6999999999999993,2.8999999999999915,1.800925687897016,0.0,1,0,6.0,27.0,1,0,4.0,22.0,0.0,4.0,4,0,0,0.0,13.0,1,5.0,25.0,4,0.0025,39.0,88.0,248.0,0.0025571428571428572,0.008628571428571428,0.029699999999999997,10,가을,2023,3. 가을 (9~11월)
2023-10-11,14.1,22.3,8.7,73.0,0.0,1.1,7.5,17.2,26.0,13.0,0.0208,0.0107,0.24,0.0025,13.600000000000001,2.4000000000000004,2.4000000000000057,2.6539279065806043,0.0,1,0,6.0,27.0,0,0,4.0,21.0,0.0,4.0,0,0,0,0.0,12.0,1,5.0,25.0,5,0.0025,39.0,102.0,244.0,0.0025285714285714286,0.008771428571428572,0.02867142857142857,10,가을,2023,3. 가을 (9~11월)
2023-10-12,14.1,23.1,6.4,74.1,0.0,0.8,9.6,18.6,24.0,15.0,0.0223,0.0109,0.24,0.0025,16.700000000000003,0.0,1.0999999999999943,1.201388086060139,0.0,1,0,7.0,27.0,0,0,4.0,20.0,0.0,4.0,0,0,0,0.0,11.0,1,6.0,25.0,6,0.0025,39.0,117.0,243.0,0.0025285714285714286,0.009371428571428572,0.026099999999999995,10,가을,2023,3. 가을 (9~11월)
2023-10-13,15.9,23.1,10.4,75.5,0.0,0.7,6.4,19.2,27.0,17.0,0.0256,0.0111,0.28,0.0028,12.700000000000001,1.8000000000000007,1.4000000000000057,1.2529964086117351,0.0,1,0,7.0,27.0,1,0,5.0,20.0,0.0,3.0,1,0,0,0.0,10.0,1,7.0,25.0,7,0.0028,44.0,122.0,243.0,0.0025571428571428572,0.009257142857142856,0.025871428571428573,10,가을,2023,3. 가을 (9~11월)
2023-10-14,15.9,23.3,11.6,83.0,0.6,0.9,5.5,19.2,33.0,23.0,0.0245,0.0106,0.29,0.0025,11.700000000000001,0.0,7.5,4.7857427149114,0.600000000000032,1,0,7.0,27.0,1,0,5.0,20.0,0.0,2.0,2,0,0,0.0,9.0,1,7.0,25.0,8,0.0025,56.0,139.0,266.0,0.0025428571428571427,0.009357142857142857,0.026128571428571425,10,가을,2023,3. 가을 (9~11월)
2023-10-15,15.2,21.9,10.1,75.1,0.0,2.0,8.0,17.8,27.0,20.0,0.0414,0.0061,0.28,0.0026,11.799999999999999,0.7000000000000011,7.900000000000006,4.450093631973101,0.600000000000032,1,0,7.0,27.0,1,0,5.0,20.0,0.0,2.0,3,0,0,0.0,8.0,1,7.0,25.0,9,0.0026,47.0,147.0,288.0,0.0025571428571428572,0.0094,0.02755714285714286,10,가을,2023,3. 가을 (9~11월)
2023-10-16,15.0,21.8,8.9,69.1,0.0,1.5,9.0,17.8,39.0,22.0,0.0373,0.011,0.31,0.0026,12.9,0.1999999999999993,6.0,6.971609092119797,0.600000000000032,1,0,7.0,27.0,0,0,4.0,19.0,0.0,2.0,0,0,0,0.0,7.0,0,6.0,24.0,0,0.0,61.0,164.0,325.0,0.0025714285714285717,0.009942857142857142,0.0289,10,가을,2023,3. 가을 (9~11월)
2023-10-17,13.1,21.6,6.3,62.6,0.0,1.4,9.8,15.7,32.0,14.0,0.0298,0.0123,0.25,0.0025,15.3,1.9000000000000004,6.499999999999993,6.251666444503171,0.600000000000032,1,0,7.0,27.0,0,0,3.0,18.0,0.0,2.0,0,0,0,0.0,6.0,0,5.0,23.0,0,0.0,46.0,154.0,332.0,0.0025714285714285713,0.010385714285714286,0.028814285714285716,10,가을,2023,3. 가을 (9~11월)
2023-10-18,12.9,23.2,4.3,72.6,0.0,0.9,9.5,15.0,32.0,18.0,0.0248,0.0171,0.3,0.0026,18.9,0.1999999999999993,9.999999999999993,5.074445782545471,0.600000000000032,1,0,7.0,27.0,0,0,3.0,17.0,0.0,2.0,0,0,0,0.0,5.0,1,5.0,23.0,1,0.0026,50.0,157.0,343.0,0.0025857142857142854,0.011300000000000001,0.029385714285714286,10,가을,2023,3. 가을 (9~11월)
2023-10-19,15.4,22.7,8.5,74.5,1.8,1.0,3.5,18.0,36.0,23.0,0.0304,0.0154,0.33,0.003,14.2,2.5,1.9000000000000057,6.3929648833693475,2.400000000000032,1,0,7.0,27.0,0,0,3.0,16.0,0.0,1.0,0,0,0,0.0,5.0,1,5.0,23.0,2,0.003,59.0,155.0,363.0,0.0026571428571428575,0.011942857142857144,0.030542857142857146,10,가을,2023,3. 가을 (9~11월)
2023-10-20,13.4,17.8,9.1,57.3,2.9,3.1,7.1,15.1,15.0,6.0,0.0353,0.0055,0.2,0.0024,8.700000000000001,2.0,17.200000000000003,9.4299169314118,5.300000000000033,0,0,6.0,26.0,0,0,2.0,15.0,0.0,1.0,0,0,0,0.0,5.0,0,4.0,22.0,0,0.0,21.0,130.0,340.0,0.0026000000000000003,0.011142857142857144,0.03192857142857143,10,가을,2023,3. 가을 (9~11월)
2023-10-21,10.1,16.9,3.7,61.3,0.0,1.9,5.6,10.2,23.0,11.0,0.025,0.0104,0.25,0.0025,13.2,3.3000000000000007,4.0,9.000740710259727,4.700000000000033,1,0,6.0,26.0,0,0,1.0,14.0,0.0,1.0,0,0,0,0.0,5.0,0,3.0,21.0,0,0.0,34.0,114.0,318.0,0.0025999999999999994,0.011114285714285714,0.032,10,가을,2023,3. 가을 (9~11월)
2023-10-22,11.6,19.1,2.5,63.1,0.0,1.7,7.6,11.0,20.0,10.0,0.0248,0.0088,0.24,0.0025,16.6,1.5,1.8000000000000043,2.9687258770938305,4.700000000000033,1,0,6.0,26.0,0,0,0.0,14.0,0.0,1.0,0,0,0,0.0,5.0,0,2.0,20.0,0,0.0,30.0,85.0,301.0,0.0025857142857142854,0.0115,0.029628571428571424,10,가을,2023,3. 가을 (9~11월)
2023-10-23,12.1,21.2,5.4,76.5,0.0,1.0,8.8,13.2,36.0,18.0,0.0238,0.015,0.3,0.0025,15.799999999999999,0.5,13.399999999999999,8.305018563093451,4.700000000000033,1,0,6.0,26.0,1,0,1.0,14.0,0.0,1.0,1,0,0,0.0,4.0,1,3.0,20.0,1,0.0025,54.0,118.0,294.0,0.0025714285714285713,0.012071428571428571,0.0277,10,가을,2023,3. 가을 (9~11월)
2023-10-24,12.6,21.5,5.3,76.4,0.0,0.8,7.8,14.6,34.0,22.0,0.0228,0.0156,0.31,0.0025,16.2,0.5,0.09999999999999432,7.707788269016844,4.700000000000033,1,0,6.0,26.0,1,0,2.0,14.0,0.0,0.0,2,0,0,0.0,3.0,1,4.0,20.0,2,0.0025,56.0,140.0,304.0,0.0025714285714285713,0.012542857142857142,0.026699999999999998,10,가을,2023,3. 가을 (9~11월)
2023-10-25,13.9,23.1,6.6,78.3,0.0,1.0,8.9,14.6,46.0,28.0,0.0247,0.0176,0.32,0.0025,16.5,1.3000000000000007,1.8999999999999915,1.069267662153524,4.700000000000033,1,0,6.0,26.0,1,0,3.0,14.0,0.0,0.0,3,0,0,0.0,2.0,1,4.0,20.0,3,0.0025,74.0,184.0,328.0,0.0025571428571428572,0.012614285714285713,0.026685714285714285,10,가을,2023,3. 가을 (9~11월)
2023-10-26,14.0,22.7,6.3,80.0,0.0,1.0,8.8,14.9,60.0,40.0,0.0333,0.0166,0.36,0.0026,16.4,0.09999999999999964,1.7000000000000028,1.8009256878970177,2.9000000000000323,1,0,6.0,26.0,1,0,4.0,14.0,0.0,0.0,4,0,0,0.0,1.0,1,4.0,20.0,4,0.0026,100.0,230.0,369.0,0.0025,0.012785714285714286,0.027099999999999996,10,가을,2023,3. 가을 (9~11월)
2023-10-27,12.1,19.4,7.4,85.4,0.0,1.1,3.2,12.2,49.0,34.0,0.0191,0.013,0.35,0.0025,11.999999999999998,1.9000000000000004,5.400000000000006,3.707200201409099,0.0,1,0,7.0,26.0,1,0,5.0,14.0,0.0,0.0,5,0,0,0.0,0.0,1,5.0,20.0,5,0.0025,83.0,257.0,431.0,0.0025142857142857146,0.013857142857142858,0.024785714285714282,10,가을,2023,3. 가을 (9~11월)
2023-10-28,11.4,20.7,4.2,79.1,0.0,0.8,8.8,12.9,29.0,18.0,0.0224,0.0098,0.29,0.0025,16.5,0.6999999999999993,6.300000000000011,3.4073450074793366,0.0,1,0,7.0,26.0,1,0,6.0,14.0,0.0,0.0,6,0,0,0.0,0.0,1,6.0,20.0,6,0.0025,47.0,230.0,444.0,0.0025142857142857146,0.013771428571428572,0.024414285714285715,10,가을,2023,3. 가을 (9~11월)
2023-10-29,11.5,20.1,5.0,77.5,0.0,0.7,8.8,12.8,22.0,13.0,0.0233,0.0083,0.27,0.0025,15.100000000000001,0.09999999999999964,1.5999999999999943,4.176521678780997,0.0,1,0,7.0,26.0,1,0,7.0,15.0,0.0,0.0,7,0,0,0.0,0.0,1,7.0,21.0,7,0.0025,35.0,165.0,449.0,0.0025142857142857146,0.0137,0.024200000000000003,10,가을,2023,3. 가을 (9~11월)
2023-10-30,12.0,21.8,5.0,78.3,0.0,0.9,8.9,13.1,35.0,20.0,0.021,0.014,0.28,0.0025,16.8,0.5,0.7999999999999972,0.7999999999962967,0.0,1,0,7.0,26.0,1,0,7.0,16.0,0.0,0.0,8,0,0,0.0,0.0,1,7.0,21.0,8,0.0025,55.0,137.0,450.0,0.0025142857142857146,0.013557142857142856,0.023799999999999998,10,가을,2023,3. 가을 (9~11월)
2023-10-31,12.4,23.9,4.3,71.1,0.0,1.1,8.0,12.7,48.0,29.0,0.021,0.0182,0.34,0.0025,19.599999999999998,0.40000000000000036,7.200000000000003,3.9463062898522168,0.0,1,0,7.0,26.0,0,0,6.0,15.0,0.0,0.0,0,0,0,0.0,0.0,1,7.0,21.0,9,0.0025,77.0,167.0,471.0,0.0025142857142857146,0.013928571428571429,0.023542857142857143,10,가을,2023,3. 가을 (9~11월)
2023-11-01,13.9,23.9,4.4,73.5,0.0,0.7,8.8,13.8,49.0,30.0,0.0291,0.0192,0.37,0.003,19.5,1.5,2.4000000000000057,3.6660605559638118,0.0,1,0,7.0,26.0,0,0,5.0,15.0,0.0,0.0,0,0,0,0.0,0.0,1,7.0,21.0,10,0.003,79.0,211.0,476.0,0.002585714285714286,0.014157142857142858,0.024171428571428573,11,가을,2023,3. 가을 (9~11월)
2023-11-02,16.0,26.2,8.6,75.4,0.0,0.9,7.8,15.9,54.0,35.0,0.027,0.0206,0.4,0.0028,17.6,2.0999999999999996,1.9000000000000057,2.1548395145177217,0.0,1,0,7.0,27.0,1,0,5.0,16.0,0.0,0.0,1,0,0,0.0,0.0,1,7.0,22.0,11,0.0028,89.0,245.0,465.0,0.0026142857142857144,0.014728571428571428,0.023271428571428575,11,가을,2023,3. 가을 (9~11월)
2023-11-03,16.0,25.7,8.2,73.3,0.0,1.1,8.5,16.2,45.0,28.0,0.0224,0.0182,0.34,0.0029,17.5,0.0,2.1000000000000085,1.159022576711525,0.0,1,0,7.0,27.0,0,0,4.0,16.0,0.0,0.0,0,0,0,0.0,0.0,1,7.0,23.0,12,0.0029,73.0,241.0,455.0,0.0026714285714285716,0.015471428571428572,0.023742857142857145,11,가을,2023,3. 가을 (9~11월)
2023-11-04,17.0,22.5,11.8,83.0,0.0,1.3,3.9,17.9,33.0,22.0,0.0284,0.0097,0.25,0.0028,10.7,1.0,9.700000000000003,5.103266927501178,0.0,1,0,7.0,27.0,1,0,4.0,16.0,0.0,0.0,1,0,0,0.0,0.0,1,7.0,23.0,13,0.0028,55.0,217.0,463.0,0.0027142857142857142,0.015457142857142859,0.024600000000000004,11,가을,2023,3. 가을 (9~11월)
2023-11-05,18.6,23.2,13.9,84.1,1.6,1.3,0.8,18.9,29.0,23.0,0.0336,0.0065,0.24,0.0033,9.299999999999999,1.6000000000000014,1.0999999999999943,5.943343615619712,1.6000000000000325,1,0,7.0,27.0,1,0,4.0,16.0,0.0,0.0,2,0,0,0.0,0.0,1,7.0,23.0,14,0.0033,52.0,180.0,480.0,0.002828571428571429,0.0152,0.026071428571428572,11,가을,2023,3. 가을 (9~11월)
2023-11-06,17.7,21.7,12.7,65.6,4.0,3.1,0.2,15.8,20.0,11.0,0.0361,0.0047,0.22,0.0027,9.0,0.9000000000000021,18.5,10.378021648335844,5.6000000000000325,1,0,7.0,27.0,0,0,3.0,15.0,0.0,0.0,0,0,0,0.0,0.0,0,6.0,22.0,0,0.0,31.0,138.0,456.0,0.0028571428571428567,0.013871428571428573,0.02822857142857143,11,가을,2023,3. 가을 (9~11월)
2023-11-07,10.5,14.9,4.0,44.3,0.0,4.1,7.5,10.8,20.0,8.0,0.0377,0.0053,0.23,0.002,10.9,7.199999999999999,21.299999999999997,19.916408645469346,5.6000000000000325,0,0,6.0,26.0,0,0,3.0,14.0,0.0,0.0,0,0,0,0.0,0.0,0,5.0,21.0,0,0.0,28.0,111.0,407.0,0.002785714285714286,0.012028571428571428,0.030614285714285715,11,가을,2023,3. 가을 (9~11월)
2023-11-08,8.2,18.1,-0.8,67.3,0.0,0.7,8.0,9.9,26.0,14.0,0.0179,0.0189,0.41,0.0022,18.900000000000002,2.3000000000000007,23.0,12.816525790296122,5.6000000000000325,1,0,6.0,26.0,0,0,3.0,14.0,0.0,0.0,0,0,0,0.0,0.0,0,4.0,20.0,0,0.0,40.0,99.0,368.0,0.0026714285714285716,0.011985714285714285,0.029014285714285715,11,가을,2023,3. 가을 (9~11월)
2023-11-09,12.6,20.5,3.3,76.4,0.1,0.8,7.1,13.8,37.0,23.0,0.0187,0.0201,0.43,0.0024,17.2,4.4,9.100000000000009,16.54398178593431,5.700000000000032,1,0,6.0,26.0,1,0,3.0,15.0,0.0,0.0,1,0,0,0.0,0.0,1,4.0,20.0,1,0.0024,60.0,128.0,339.0,0.0026142857142857144,0.011914285714285714,0.027828571428571428,11,가을,2023,3. 가을 (9~11월)
2023-11-10,9.7,14.2,3.8,61.1,10.6,2.5,3.2,10.5,24.0,17.0,0.0278,0.0099,0.31,0.002,10.399999999999999,2.9000000000000004,15.300000000000004,7.695669778084736,16.300000000000033,1,0,6.0,26.0,0,0,3.0,14.0,0.0,0.0,0,0,0,0.0,0.0,0,3.0,19.0,0,0.0,41.0,141.0,307.0,0.0024857142857142855,0.01072857142857143,0.028599999999999997,11,가을,2023,3. 가을 (9~11월)
2023-11-11,4.8,10.5,-1.4,55.6,0.0,1.8,4.7,5.4,19.0,10.0,0.0213,0.0114,0.29,0.0019,11.9,4.8999999999999995,5.5,10.777909506640253,16.300000000000033,0,0,5.0,25.0,0,0,2.0,13.0,0.0,0.0,0,0,0,0.0,0.0,0,2.0,18.0,0,0.0,29.0,130.0,281.0,0.002357142857142857,0.010971428571428571,0.027585714285714286,11,가을,2023,3. 가을 (9~11월)
2023-11-12,4.3,8.8,1.3,50.9,0.0,3.4,6.8,5.0,16.0,10.0,0.0333,0.0055,0.3,0.0016,7.500000000000001,0.5,4.700000000000003,5.105226080530159,14.700000000000031,0,0,4.0,24.0,0,0,1.0,12.0,0.0,0.0,0,0,0,0.0,0.0,0,1.0,17.0,0,0.0,26.0,96.0,255.0,0.002114285714285714,0.010828571428571429,0.027542857142857143,11,가을,2023,3. 가을 (9~11월)
2023-11-13,4.7,9.7,-0.4,44.3,0.0,3.0,7.8,4.7,15.0,9.0,0.0319,0.0074,0.28,0.0017,10.1,0.40000000000000036,6.600000000000001,5.6765599911676015,10.700000000000031,0,0,3.0,23.0,0,0,1.0,12.0,0.0,0.0,0,0,0,0.0,0.0,0,1.0,17.0,0,0.0,24.0,79.0,248.0,0.0019714285714285715,0.011214285714285715,0.02694285714285714,11,가을,2023,3. 가을 (9~11월)
2023-11-14,5.9,12.5,1.6,61.8,0.0,2.3,7.8,7.1,20.0,13.0,0.029,0.0123,0.3,0.0021,10.9,1.2000000000000002,17.5,8.837609028087005,10.700000000000031,1,0,4.0,23.0,0,0,1.0,12.0,0.0,0.0,0,0,0,0.0,0.0,0,1.0,17.0,0,0.0,33.0,83.0,253.0,0.0019857142857142855,0.012214285714285714,0.0257,11,가을,2023,3. 가을 (9~11월)
2023-11-15,5.2,14.1,-1.8,69.0,0.0,1.2,7.7,6.8,39.0,26.0,0.0163,0.0191,0.42,0.0022,15.9,0.7000000000000002,7.200000000000003,12.702886811009758,10.700000000000031,1,0,4.0,23.0,0,0,1.0,12.0,0.0,0.0,0,0,0,0.0,0.0,0,1.0,16.0,0,0.0,65.0,122.0,278.0,0.0019857142857142855,0.012242857142857142,0.02547142857142857,11,가을,2023,3. 가을 (9~11월)
2023-11-16,4.9,11.0,-0.6,88.5,8.2,1.0,0.3,5.4,46.0,34.0,0.01,0.0214,0.43,0.0018,11.6,0.2999999999999998,19.5,13.81412320778971,18.800000000000033,1,0,4.0,23.0,1,0,1.0,13.0,0.0,0.0,1,0,0,0.0,0.0,1,1.0,16.0,1,0.0018,80.0,178.0,298.0,0.0019,0.01242857142857143,0.02422857142857143,11,가을,2023,3. 가을 (9~11월)
2023-11-17,5.6,10.4,2.0,60.5,0.0,2.8,6.5,5.5,22.0,16.0,0.0241,0.0106,0.3,0.002,8.4,0.6999999999999993,28.0,14.355602855099031,8.200000000000031,1,0,4.0,24.0,0,0,1.0,13.0,0.0,0.0,0,0,0,0.0,0.0,0,1.0,16.0,0,0.0,38.0,183.0,295.0,0.0019,0.012528571428571429,0.0237,11,가을,2023,3. 가을 (9~11월)
2023-11-18,3.0,6.7,-1.9,55.0,0.1,4.8,7.6,3.2,16.0,9.0,0.0306,0.005,0.32,0.0015,8.6,2.5999999999999996,5.5,17.965244223221497,8.300000000000031,0,0,4.0,23.0,0,0,1.0,13.0,0.0,0.0,0,0,0,0.0,0.0,0,1.0,16.0,0,0.0,25.0,143.0,291.0,0.0018428571428571428,0.011614285714285716,0.025028571428571428,11,가을,2023,3. 가을 (9~11월)
2023-11-19,8.7,13.8,2.3,57.5,0.0,3.1,7.2,8.5,24.0,12.0,0.038,0.0064,0.31,0.0023,11.5,5.699999999999999,2.5,2.7537852736415105,8.300000000000031,0,0,4.0,22.0,0,0,1.0,13.0,0.0,0.0,0,0,0,0.0,0.0,0,1.0,16.0,0,0.0,36.0,99.0,301.0,0.001942857142857143,0.011742857142857142,0.0257,11,가을,2023,3. 가을 (9~11월)
2023-11-20,6.9,13.9,-0.3,53.1,0.0,1.7,7.7,7.8,36.0,22.0,0.0262,0.0136,0.38,0.0026,14.200000000000001,1.799999999999999,4.399999999999999,2.2068076490693724,8.300000000000031,0,0,4.0,21.0,0,0,1.0,12.0,0.0,0.0,0,0,0,0.0,0.0,0,1.0,15.0,0,0.0,58.0,119.0,335.0,0.0020714285714285717,0.012628571428571428,0.02488571428571429,11,가을,2023,3. 가을 (9~11월)
2023-11-21,4.8,16.1,-3.3,66.9,0.0,0.9,7.6,5.2,40.0,24.0,0.0107,0.0256,0.49,0.0023,19.400000000000002,2.1000000000000005,13.800000000000004,7.0493498518179045,8.300000000000031,1,0,4.0,21.0,0,0,1.0,11.0,0.0,0.0,0,0,0,0.0,0.0,0,1.0,14.0,0,0.0,64.0,158.0,366.0,0.0021000000000000003,0.01452857142857143,0.02227142857142857,11,가을,2023,3. 가을 (9~11월)
2023-11-22,7.0,17.5,-1.6,69.9,0.0,0.8,7.6,7.3,45.0,28.0,0.0145,0.0267,0.48,0.002,19.1,2.2,3.0,8.959910713840427,8.300000000000031,1,0,4.0,21.0,0,0,1.0,10.0,0.0,0.0,0,0,0,0.0,0.0,0,1.0,13.0,0,0.0,73.0,195.0,374.0,0.0020714285714285717,0.015614285714285716,0.022014285714285715,11,가을,2023,3. 가을 (9~11월)
2023-11-23,12.1,20.7,4.7,56.1,0.0,2.1,6.8,11.4,56.0,29.0,0.0306,0.0166,0.39,0.0022,16.0,5.1,13.800000000000004,7.258098924649118,0.10000000000003198,0,0,3.0,20.0,0,0,0.0,9.0,0.0,0.0,0,0,0,0.0,0.0,0,0.0,12.0,0,0.0,85.0,222.0,379.0,0.0021285714285714285,0.014928571428571428,0.024957142857142855,11,가을,2023,3. 가을 (9~11월)
2023-11-24,3.2,8.9,-1.1,39.0,0.0,4.6,7.6,5.0,17.0,7.0,0.0317,0.005,0.2,0.001,10.0,8.899999999999999,17.1,15.479341071246907,0.10000000000003198,0,0,2.0,19.0,0,0,0.0,8.0,0.0,0.0,0,0,0,0.0,0.0,0,0.0,11.0,0,0.0,24.0,182.0,365.0,0.001985714285714286,0.01412857142857143,0.026042857142857145,11,가을,2023,3. 가을 (9~11월)
2023-11-25,0.1,6.0,-3.9,42.5,0.0,1.2,7.5,2.9,17.0,10.0,0.0228,0.0122,0.26,0.0009,9.9,3.1,3.5,9.033456333725379,0.0,0,0,2.0,18.0,0,0,0.0,7.0,0.0,0.0,0,0,0,0.0,0.0,0,0.0,10.0,0,0.0,27.0,136.0,367.0,0.0019,0.015157142857142857,0.02492857142857143,11,가을,2023,3. 가을 (9~11월)
2023-11-26,3.4,10.0,-4.8,56.9,0.0,1.0,6.1,4.2,28.0,19.0,0.0174,0.0156,0.35,0.0013,14.8,3.3,14.399999999999999,9.48700866097018,0.0,0,0,2.0,17.0,0,0,0.0,6.0,0.0,0.0,0,0,0,0.0,0.0,0,0.0,9.0,0,0.0,47.0,98.0,378.0,0.001757142857142857,0.016471428571428574,0.021985714285714286,11,가을,2023,3. 가을 (9~11월)
2023-11-27,7.4,13.2,3.1,78.8,0.1,1.2,1.6,8.0,37.0,26.0,0.0163,0.0174,0.38,0.0021,10.1,4.0,21.9,18.27867610085566,0.10000000000003198,1,0,3.0,17.0,1,0,1.0,6.0,0.0,0.0,1,0,0,0.0,0.0,1,1.0,9.0,1,0.0021,63.0,137.0,383.0,0.0016857142857142856,0.017014285714285714,0.02057142857142857,11,가을,2023,3. 가을 (9~11월)
2023-11-28,5.5,9.1,1.7,50.0,0.0,3.4,7.0,5.7,33.0,19.0,0.0304,0.0069,0.28,0.002,7.3999999999999995,1.9000000000000004,28.799999999999997,15.036954478882755,0.10000000000003198,0,0,2.0,16.0,0,0,1.0,6.0,0.0,0.0,0,0,0,0.0,0.0,0,1.0,8.0,0,0.0,52.0,162.0,371.0,0.0016428571428571427,0.014342857142857142,0.023385714285714284,11,가을,2023,3. 가을 (9~11월)
2023-11-29,4.2,7.2,0.4,60.0,0.0,2.2,2.8,5.3,29.0,17.0,0.0243,0.0113,0.29,0.0016,6.8,1.2999999999999998,10.0,14.622357311094735,0.10000000000003198,0,0,1.0,15.0,0,0,1.0,6.0,0.0,0.0,0,0,0,0.0,0.0,0,1.0,7.0,0,0.0,46.0,161.0,344.0,0.0015857142857142858,0.012142857142857141,0.02478571428571429,11,가을,2023,3. 가을 (9~11월)
2023-11-30,-0.5,2.6,-3.3,43.6,0.0,4.1,7.3,1.3,15.0,8.0,0.0323,0.0064,0.22,0.0014,5.9,4.7,16.4,8.265591327908155,0.10000000000003198,0,0,1.0,14.0,0,0,1.0,5.0,0.0,0.0,0,0,0,0.0,0.0,0,1.0,6.0,0,0.0,23.0,121.0,282.0,0.0014714285714285714,0.010685714285714286,0.025028571428571428,11,가을,2023,3. 가을 (9~11월)
2023-12-01,0.5,5.3,-3.3,48.8,0.0,3.5,7.3,1.8,17.0,9.0,0.0326,0.0074,0.22,0.0026,8.6,1.0,5.199999999999996,8.380930735902215,0.10000000000003198,0,0,1.0,13.0,0,0,1.0,5.0,0.0,0.0,0,0,0,0.0,0.0,0,1.0,5.0,0,0.0,26.0,95.0,284.0,0.0017000000000000001,0.011028571428571428,0.025157142857142857,12,겨울,2023,4. 겨울 (12~2월)
2023-12-02,3.6,9.6,-3.8,57.0,0.0,1.6,6.8,4.0,26.0,15.0,0.029,0.0122,0.29,0.003,13.399999999999999,3.1,8.200000000000003,6.755738301621094,0.10000000000003198,0,0,1.0,12.0,0,0,1.0,4.0,0.0,0.0,0,0,0,0.0,0.0,0,1.0,4.0,0,0.0,41.0,90.0,298.0,0.002,0.011028571428571428,0.026042857142857142,12,겨울,2023,4. 겨울 (12~2월)
2023-12-03,3.8,10.1,-3.6,48.0,0.0,2.0,7.2,5.0,29.0,17.0,0.0289,0.0111,0.29,0.0028,13.7,0.19999999999999973,9.0,4.9812983581917525,0.10000000000003198,0,0,1.0,11.0,0,0,1.0,3.0,0.0,0.0,0,0,0,0.0,0.0,0,1.0,3.0,0,0.0,46.0,113.0,297.0,0.002214285714285714,0.010385714285714286,0.027685714285714286,12,겨울,2023,4. 겨울 (12~2월)
2023-12-04,1.8,11.9,-6.6,57.9,0.0,0.8,7.2,3.5,37.0,21.0,0.0135,0.0228,0.39,0.0028,18.5,1.9999999999999998,9.899999999999999,5.4744862772675695,0.0,0,0,0.0,10.0,0,0,0.0,3.0,0.0,0.0,0,0,0,0.0,0.0,0,0.0,3.0,0,0.0,58.0,145.0,292.0,0.002314285714285714,0.011157142857142857,0.027285714285714285,12,겨울,2023,4. 겨울 (12~2월)
2023-12-05,3.6,13.4,-3.1,59.3,0.0,0.6,6.8,5.0,42.0,25.0,0.0125,0.0258,0.43,0.0028,16.5,1.8,1.3999999999999986,6.159816014567672,0.0,0,0,0.0,10.0,0,0,0.0,3.0,0.0,0.0,0,0,0,0.0,0.0,0,0.0,3.0,0,0.0,67.0,171.0,307.0,0.002428571428571429,0.013857142857142858,0.02472857142857143,12,겨울,2023,4. 겨울 (12~2월)
2023-12-06,4.4,11.7,-4.0,73.8,0.3,1.1,3.7,3.7,41.0,26.0,0.0061,0.0245,0.42,0.0025,15.7,0.8000000000000003,14.5,8.803597749404814,0.30000000000003196,1,0,1.0,10.0,0,0,0.0,3.0,0.0,0.0,0,0,0,0.0,0.0,1,1.0,4.0,1,0.0025,67.0,192.0,328.0,0.0025571428571428572,0.015742857142857145,0.022128571428571425,12,겨울,2023,4. 겨울 (12~2월)
2023-12-07,5.9,11.3,-0.8,48.0,0.0,2.6,7.2,5.4,92.0,33.0,0.0155,0.0243,0.4,0.002,12.100000000000001,1.5,25.799999999999997,12.933032642552364,0.30000000000003196,0,0,1.0,9.0,0,0,0.0,2.0,0.0,0.0,0,0,0,0.0,0.0,0,1.0,3.0,0,0.0,125.0,259.0,430.0,0.0026428571428571434,0.0183,0.01972857142857143,12,겨울,2023,4. 겨울 (12~2월)
2023-12-08,8.6,17.9,-2.5,69.9,0.0,1.2,7.0,7.3,68.0,24.0,0.0294,0.0163,0.39,0.0026,20.4,2.6999999999999993,21.900000000000006,13.90719238379883,0.30000000000003196,1,0,2.0,9.0,0,0,0.0,2.0,0.0,0.0,0,0,0,0.0,0.0,0,1.0,3.0,0,0.0,92.0,284.0,496.0,0.0026428571428571425,0.019571428571428573,0.019271428571428575,12,겨울,2023,4. 겨울 (12~2월)
2023-12-09,10.6,19.1,4.3,79.4,0.0,1.0,6.8,9.5,66.0,30.0,0.0309,0.0199,0.44,0.0025,14.8,2.0,9.5,16.10289828985223,0.30000000000003196,1,0,3.0,10.0,1,0,1.0,3.0,0.0,0.0,1,0,0,0.0,0.0,1,2.0,4.0,1,0.0025,96.0,313.0,551.0,0.0025714285714285713,0.02067142857142857,0.019542857142857143,12,겨울,2023,4. 겨울 (12~2월)
2023-12-10,9.3,16.3,2.2,81.0,0.0,1.0,6.8,8.9,65.0,31.0,0.0217,0.0135,0.43,0.0023,14.100000000000001,1.299999999999999,1.5999999999999943,6.000277771347534,0.30000000000003196,1,0,4.0,11.0,1,0,2.0,4.0,0.0,0.0,2,0,0,0.0,0.0,1,3.0,5.0,2,0.0023,96.0,284.0,601.0,0.0024999999999999996,0.021014285714285715,0.018514285714285712,12,겨울,2023,4. 겨울 (12~2월)
2023-12-11,12.4,13.5,7.7,91.8,25.4,2.5,0.0,10.8,38.0,19.0,0.0256,0.0128,0.39,0.002,5.8,3.0999999999999996,10.799999999999997,6.74487459730189,25.70000000000003,1,0,5.0,12.0,1,0,3.0,5.0,0.0,0.0,3,0,0,0.0,0.0,1,4.0,6.0,3,0.002,57.0,249.0,600.0,0.0023857142857142857,0.019585714285714286,0.020242857142857142,12,겨울,2023,4. 겨울 (12~2월)
2023-12-12,8.7,12.2,5.9,72.3,0.0,1.9,0.0,8.5,7.0,4.0,0.026,0.0096,0.29,0.002,6.299999999999999,3.700000000000001,19.5,9.768827974736512,25.70000000000003,1,0,6.0,12.0,0,0,3.0,5.0,0.0,0.0,0,0,0,0.0,0.0,1,5.0,7.0,4,0.002,11.0,164.0,544.0,0.0022714285714285714,0.01727142857142857,0.02217142857142857,12,겨울,2023,4. 겨울 (12~2월)
2023-12-13,7.1,12.3,1.5,82.6,0.0,0.8,4.2,7.2,12.0,8.0,0.0159,0.0134,0.31,0.0022,10.8,1.5999999999999996,10.299999999999997,9.755169569686016,25.40000000000003,1,0,6.0,12.0,1,0,4.0,6.0,0.0,0.0,1,0,0,0.0,0.0,1,5.0,8.0,5,0.0022,20.0,88.0,497.0,0.0022285714285714283,0.015685714285714285,0.023571428571428573,12,겨울,2023,4. 겨울 (12~2월)
2023-12-14,8.4,11.0,4.6,94.9,23.9,0.5,0.0,8.1,14.0,9.0,0.0113,0.0176,0.35,0.002,6.4,1.3000000000000007,12.300000000000011,11.314739649383382,49.300000000000026,1,0,7.0,12.0,1,0,5.0,6.0,0.0,0.0,2,0,0,0.0,0.0,1,6.0,8.0,6,0.002,23.0,54.0,395.0,0.0022285714285714283,0.014728571428571428,0.02297142857142857,12,겨울,2023,4. 겨울 (12~2월)
2023-12-15,7.6,10.1,5.4,97.9,53.3,1.7,0.0,8.0,3.0,3.0,0.0273,0.01,0.25,0.002,4.699999999999999,0.8000000000000007,3.0,8.107404023483506,102.60000000000002,1,0,7.0,12.0,1,1,6.0,7.0,1.0,1.0,3,1,0,0.0,0.0,1,7.0,9.0,7,0.002,6.0,49.0,309.0,0.002142857142857143,0.01382857142857143,0.02267142857142857,12,겨울,2023,4. 겨울 (12~2월)
2023-12-16,1.7,6.5,-4.1,67.0,0.1,4.2,3.1,3.8,8.0,4.0,0.0331,0.0052,0.24,0.002,10.6,5.8999999999999995,30.900000000000006,17.040246477090516,102.70000000000002,1,0,7.0,13.0,0,0,5.0,7.0,1.0,1.0,0,0,0,0.0,0.0,0,6.0,9.0,0,0.0,12.0,41.0,225.0,0.0020714285714285713,0.01172857142857143,0.022985714285714283,12,겨울,2023,4. 겨울 (12~2월)
2023-12-17,-5.6,-2.5,-8.0,48.3,0.0,3.8,7.2,-3.0,10.0,8.0,0.0338,0.0054,0.2,0.002,5.5,7.3,18.700000000000003,25.048819000769818,102.70000000000002,0,0,6.0,13.0,0,0,4.0,7.0,1.0,1.0,0,0,0,0.0,0.0,0,5.0,9.0,0,0.0,18.0,36.0,147.0,0.0020285714285714286,0.010571428571428574,0.024714285714285713,12,겨울,2023,4. 겨울 (12~2월)
2023-12-18,-3.4,0.1,-7.6,46.0,0.0,2.6,5.9,-2.3,9.0,6.0,0.0322,0.0088,0.21,0.002,7.699999999999999,2.1999999999999997,2.299999999999997,11.51795699476797,77.30000000000001,0,0,5.0,13.0,0,0,3.0,7.0,1.0,1.0,0,0,0,0.0,0.0,0,4.0,9.0,0,0.0,15.0,45.0,105.0,0.0020285714285714286,0.01,0.025657142857142858,12,겨울,2023,4. 겨울 (12~2월)
2023-12-19,-0.6,3.3,-4.4,44.8,0.0,1.4,3.4,0.1,14.0,9.0,0.0228,0.017,0.28,0.002,7.7,2.8,1.2000000000000028,1.7785762095910385,77.30000000000001,0,0,4.0,12.0,0,0,3.0,7.0,1.0,1.0,0,0,0,0.0,0.0,0,3.0,9.0,0,0.0,23.0,56.0,117.0,0.0020285714285714286,0.011057142857142857,0.0252,12,겨울,2023,4. 겨울 (12~2월)
2023-12-20,-2.8,0.5,-7.4,60.4,0.1,3.5,6.6,-1.0,28.0,21.0,0.0274,0.0112,0.33,0.0021,7.9,2.1999999999999997,15.600000000000001,8.681013765683735,77.40000000000002,1,0,4.0,12.0,0,0,2.0,7.0,1.0,1.0,0,0,0,0.0,0.0,0,2.0,9.0,0,0.0,49.0,87.0,146.0,0.002014285714285714,0.010742857142857143,0.02684285714285714,12,겨울,2023,4. 겨울 (12~2월)
2023-12-21,-7.1,-3.3,-9.4,46.0,0.0,4.0,7.2,-4.7,11.0,8.0,0.0311,0.0076,0.21,0.002,6.1000000000000005,4.3,14.399999999999999,8.681013765683735,53.50000000000003,0,0,3.0,12.0,0,0,1.0,7.0,1.0,1.0,0,0,0,0.0,0.0,0,1.0,9.0,0,0.0,19.0,91.0,142.0,0.002014285714285714,0.009314285714285716,0.02967142857142857,12,겨울,2023,4. 겨울 (12~2월)
2023-12-22,-7.0,-3.0,-10.3,44.4,0.0,3.8,7.2,-4.8,12.0,8.0,0.0302,0.0088,0.26,0.002,7.300000000000001,0.09999999999999964,1.6000000000000014,8.812112875657224,0.20000000000002843,0,0,2.0,12.0,0,0,0.0,7.0,0.0,1.0,0,0,0,0.0,0.0,0,0.0,9.0,0,0.0,20.0,88.0,156.0,0.002014285714285714,0.009142857142857144,0.03008571428571428,12,겨울,2023,4. 겨울 (12~2월)
2023-12-23,-4.2,1.3,-8.2,51.1,0.0,2.6,7.2,-3.3,13.0,8.0,0.0281,0.0125,0.31,0.002,9.5,2.8,6.700000000000003,3.4990474894352848,0.10000000000002843,0,0,1.0,12.0,0,0,0.0,7.0,0.0,1.0,0,0,0,0.0,0.0,0,0.0,9.0,0,0.0,21.0,60.0,165.0,0.002014285714285714,0.010185714285714286,0.029371428571428573,12,겨울,2023,4. 겨울 (12~2월)
2023-12-24,-2.3,4.0,-8.0,68.3,0.0,1.4,4.7,-2.3,24.0,17.0,0.0217,0.0145,0.35,0.002,12.0,1.9000000000000004,17.199999999999996,12.328422445714262,0.10000000000002843,1,0,2.0,13.0,0,0,0.0,7.0,0.0,1.0,0,0,0,0.0,0.0,0,0.0,9.0,0,0.0,41.0,82.0,188.0,0.002014285714285714,0.011485714285714285,0.027642857142857143,12,겨울,2023,4. 겨울 (12~2월)
2023-12-25,-1.1,5.3,-7.9,68.9,0.0,1.9,6.5,-1.0,33.0,25.0,0.0233,0.0156,0.37,0.0021,13.2,1.1999999999999997,0.6000000000000085,10.108082574520544,0.10000000000002843,1,0,3.0,13.0,0,0,0.0,6.0,0.0,1.0,0,0,0,0.0,0.0,0,0.0,8.0,0,0.0,58.0,120.0,231.0,0.0020285714285714286,0.012457142857142858,0.02637142857142857,12,겨울,2023,4. 겨울 (12~2월)
2023-12-26,2.1,8.1,-3.3,64.0,0.0,2.0,7.1,0.7,35.0,25.0,0.0188,0.0212,0.39,0.0025,11.399999999999999,3.2,4.900000000000006,2.672701504718882,0.10000000000002843,1,0,4.0,14.0,0,0,0.0,6.0,0.0,1.0,0,0,0,0.0,0.0,0,0.0,8.0,0,0.0,60.0,159.0,268.0,0.0021,0.01305714285714286,0.0258,12,겨울,2023,4. 겨울 (12~2월)
2023-12-27,2.2,10.0,-3.0,69.8,0.0,0.5,7.0,2.4,43.0,29.0,0.0151,0.0258,0.5,0.0027,13.0,0.10000000000000009,5.799999999999997,3.1214312956281196,0.0,1,0,4.0,15.0,0,0,0.0,6.0,0.0,1.0,0,0,0,0.0,0.0,0,0.0,8.0,0,0.0,72.0,190.0,291.0,0.0021857142857142856,0.015142857142857144,0.024042857142857144,12,겨울,2023,4. 겨울 (12~2월)
2023-12-28,1.8,9.9,-5.3,69.6,0.0,1.5,7.0,1.0,56.0,41.0,0.0233,0.0174,0.47,0.0028,15.2,0.40000000000000013,0.20000000000000284,3.292415526629854,0.0,1,0,5.0,16.0,0,0,0.0,6.0,0.0,1.0,0,0,0,0.0,0.0,0,0.0,8.0,0,0.0,97.0,229.0,369.0,0.0023,0.016542857142857144,0.022928571428571434,12,겨울,2023,4. 겨울 (12~2월)
2023-12-29,2.0,8.6,-5.3,68.8,0.0,1.3,7.0,1.4,66.0,52.0,0.0268,0.0186,0.45,0.0025,13.899999999999999,0.19999999999999996,0.7999999999999972,0.5291502622069044,0.0,1,0,6.0,17.0,0,0,0.0,6.0,0.0,1.0,0,0,0,0.0,0.0,0,0.0,8.0,0,0.0,118.0,287.0,467.0,0.0023714285714285716,0.017942857142857146,0.022442857142857146,12,겨울,2023,4. 겨울 (12~2월)
2023-12-30,2.4,8.8,-4.4,77.5,0.6,0.8,4.6,1.8,78.0,65.0,0.0135,0.0221,0.54,0.0024,13.200000000000001,0.3999999999999999,8.700000000000003,4.808672720546439,0.6000000000000284,1,0,7.0,18.0,1,0,1.0,7.0,0.0,1.0,1,0,0,0.0,0.0,1,1.0,9.0,1,0.0024,143.0,358.0,589.0,0.002428571428571429,0.01931428571428571,0.020357142857142855,12,겨울,2023,4. 겨울 (12~2월)
2023-12-31,4.1,8.2,0.1,84.5,1.6,1.9,0.9,3.8,43.0,37.0,0.0225,0.0122,0.44,0.0021,8.1,1.6999999999999997,7.0,7.865324744301948,2.2000000000000286,1,0,7.0,19.0,1,0,2.0,8.0,0.0,1.0,2,0,0,0.0,0.0,1,2.0,10.0,2,0.0021,80.0,341.0,628.0,0.002442857142857143,0.018985714285714283,0.020471428571428574,12,겨울,2023,4. 겨울 (12~2월)
2024-01-01,2.9,9.4,-1.9,79.8,0.0,0.8,3.6,2.5,22.0,16.0,0.0174,0.0137,0.42,0.0024,11.3,1.1999999999999997,4.700000000000003,3.5679125549816786,2.2000000000000286,1,0,7.0,20.0,1,0,3.0,9.0,0.0,1.0,3,0,0,0.0,0.0,1,3.0,11.0,3,0.0024,38.0,261.0,608.0,0.0024857142857142855,0.018714285714285715,0.01962857142857143,1,겨울,2024,4. 겨울 (12~2월)
2024-01-02,4.6,9.5,0.4,71.9,0.0,1.4,2.7,4.5,31.0,22.0,0.0208,0.0135,0.38,0.0024,9.1,1.6999999999999997,7.8999999999999915,6.3673647086788465,2.2000000000000286,1,0,7.0,21.0,0,0,3.0,9.0,0.0,1.0,0,0,0,0.0,0.0,1,4.0,12.0,4,0.0024,53.0,171.0,601.0,0.0024714285714285715,0.017614285714285714,0.019914285714285714,1,겨울,2024,4. 겨울 (12~2월)
2024-01-03,3.4,6.5,1.1,75.6,3.7,2.7,2.6,3.9,40.0,32.0,0.0301,0.0092,0.33,0.0023,5.4,1.1999999999999997,3.6999999999999886,3.952636251077037,5.900000000000029,1,0,7.0,21.0,1,0,4.0,10.0,0.0,1.0,1,0,0,0.0,0.0,1,5.0,12.0,5,0.0023,72.0,163.0,601.0,0.002414285714285714,0.015242857142857141,0.02205714285714286,1,겨울,2024,4. 겨울 (12~2월)
2024-01-04,1.7,8.3,-2.9,61.5,0.0,1.6,7.2,2.2,39.0,27.0,0.023,0.0185,0.39,0.0026,11.200000000000001,1.7,14.099999999999994,7.310494739299615,5.900000000000029,1,0,7.0,22.0,0,0,4.0,10.0,0.0,1.0,0,0,0,0.0,0.0,0,5.0,12.0,0,0.0,66.0,191.0,570.0,0.0023857142857142857,0.015399999999999999,0.022014285714285712,1,겨울,2024,4. 겨울 (12~2월)
2024-01-05,2.1,11.6,-5.4,76.6,0.0,1.1,7.1,1.4,51.0,34.0,0.0153,0.0247,0.51,0.0027,17.0,0.40000000000000013,15.099999999999994,8.444130111108398,5.900000000000029,1,0,7.0,22.0,1,0,5.0,11.0,0.0,1.0,1,0,0,0.0,0.0,1,6.0,13.0,1,0.0027,85.0,223.0,537.0,0.002414285714285714,0.016271428571428572,0.02037142857142857,1,겨울,2024,4. 겨울 (12~2월)
2024-01-06,3.1,8.1,-3.5,52.8,0.0,2.3,7.2,1.3,40.0,27.0,0.0292,0.0113,0.34,0.0026,11.6,1.0,23.799999999999997,12.042563403749488,5.300000000000029,0,0,6.0,21.0,0,0,4.0,10.0,0.0,1.0,0,0,0,0.0,0.0,0,5.0,12.0,0,0.0,67.0,218.0,461.0,0.002442857142857143,0.014728571428571428,0.022614285714285715,1,겨울,2024,4. 겨울 (12~2월)
2024-01-07,-0.4,2.7,-4.0,46.6,0.0,4.1,7.2,-0.2,20.0,13.0,0.0318,0.0063,0.26,0.0028,6.7,3.5,6.199999999999996,15.837087274285185,3.7000000000000286,0,0,5.0,20.0,0,0,3.0,9.0,0.0,1.0,0,0,0,0.0,0.0,0,4.0,11.0,0,0.0,33.0,185.0,414.0,0.0025428571428571427,0.013885714285714284,0.023942857142857144,1,겨울,2024,4. 겨울 (12~2월)
2024-01-08,-3.2,3.4,-8.8,44.9,0.0,1.4,7.3,-1.7,16.0,10.0,0.0203,0.0152,0.3,0.0027,12.200000000000001,2.8000000000000003,1.7000000000000028,4.158124577257291,3.7000000000000286,0,0,4.0,19.0,0,0,2.0,8.0,0.0,1.0,0,0,0,0.0,0.0,0,3.0,10.0,0,0.0,26.0,126.0,402.0,0.002585714285714286,0.014100000000000001,0.024357142857142855,1,겨울,2024,4. 겨울 (12~2월)
2024-01-09,-0.6,6.0,-7.5,63.9,1.6,0.8,1.3,0.2,36.0,23.0,0.009,0.0271,0.44,0.0029,13.5,2.6,19.0,10.513324878457414,5.300000000000029,1,0,4.0,19.0,0,0,2.0,8.0,0.0,1.0,0,0,0,0.0,0.0,0,2.0,9.0,0,0.0,59.0,118.0,408.0,0.0026571428571428575,0.01604285714285714,0.02267142857142857,1,겨울,2024,4. 겨울 (12~2월)
2024-01-10,2.6,6.7,-0.9,82.4,0.2,1.2,3.0,3.1,36.0,31.0,0.0199,0.0157,0.34,0.0024,7.6000000000000005,3.2,18.500000000000007,18.75055554732517,1.8000000000000285,1,0,4.0,19.0,1,0,2.0,8.0,0.0,1.0,1,0,0,0.0,0.0,1,2.0,9.0,1,0.0024,67.0,152.0,403.0,0.0026714285714285716,0.01697142857142857,0.021214285714285713,1,겨울,2024,4. 겨울 (12~2월)
2024-01-11,1.6,6.2,-3.4,67.9,0.0,2.5,7.2,1.8,41.0,34.0,0.0258,0.0122,0.32,0.0024,9.6,1.0,14.5,9.733961166965598,1.8000000000000285,1,0,4.0,19.0,0,0,2.0,7.0,0.0,1.0,0,0,0,0.0,0.0,0,2.0,8.0,0,0.0,75.0,201.0,412.0,0.0026428571428571425,0.016071428571428573,0.021614285714285714,1,겨울,2024,4. 겨울 (12~2월)
2024-01-12,4.3,9.6,-0.3,47.4,0.0,2.4,7.0,2.5,37.0,25.0,0.0288,0.0154,0.37,0.0027,9.9,2.6999999999999997,20.500000000000007,17.585505395068793,1.8000000000000285,0,0,3.0,18.0,0,0,1.0,6.0,0.0,0.0,0,0,0,0.0,0.0,0,1.0,7.0,0,0.0,62.0,204.0,389.0,0.0026428571428571425,0.014742857142857143,0.023542857142857143,1,겨울,2024,4. 겨울 (12~2월)
2024-01-13,1.3,7.5,-4.0,44.4,0.0,1.6,7.3,1.2,22.0,13.0,0.0304,0.0117,0.37,0.0028,11.5,3.0,3.0,12.789970028632805,1.8000000000000285,0,0,3.0,17.0,0,0,1.0,6.0,0.0,0.0,0,0,0,0.0,0.0,0,1.0,7.0,0,0.0,35.0,172.0,357.0,0.0026714285714285716,0.014799999999999999,0.023714285714285712,1,겨울,2024,4. 겨울 (12~2월)
2024-01-14,3.6,13.1,-7.2,70.8,0.0,1.7,7.4,3.5,26.0,19.0,0.0282,0.0121,0.47,0.0026,20.3,2.3,26.4,14.454065172123451,1.8000000000000285,1,0,4.0,18.0,0,0,1.0,6.0,0.0,0.0,0,0,0,0.0,0.0,1,2.0,8.0,1,0.0026,45.0,142.0,369.0,0.0026428571428571425,0.01562857142857143,0.0232,1,겨울,2024,4. 겨울 (12~2월)
2024-01-15,1.4,5.9,-1.9,49.9,0.0,2.7,7.4,2.0,29.0,22.0,0.0313,0.009,0.37,0.0022,7.800000000000001,2.2,20.9,13.928507936362944,1.8000000000000285,0,0,4.0,18.0,0,0,1.0,6.0,0.0,0.0,0,0,0,0.0,0.0,0,2.0,8.0,0,0.0,51.0,131.0,394.0,0.0025714285714285713,0.014742857142857143,0.024771428571428573,1,겨울,2024,4. 겨울 (12~2월)
2024-01-16,-0.4,7.7,-8.1,52.8,0.0,0.8,7.4,0.6,25.0,14.0,0.0171,0.0215,0.42,0.0026,15.8,1.7999999999999998,2.8999999999999986,11.322691081775831,0.20000000000002843,0,0,3.0,18.0,0,0,1.0,6.0,0.0,0.0,0,0,0,0.0,0.0,0,2.0,8.0,0,0.0,39.0,135.0,374.0,0.0025285714285714286,0.013942857142857144,0.02592857142857143,1,겨울,2024,4. 겨울 (12~2월)
2024-01-17,2.5,8.2,-4.4,77.8,1.3,0.5,1.1,2.2,47.0,31.0,0.0041,0.0356,0.6,0.003,12.6,2.9,25.0,15.339600168626506,1.3000000000000285,1,0,3.0,18.0,1,0,1.0,7.0,0.0,0.0,1,0,0,0.0,0.0,1,2.0,9.0,1,0.003,78.0,168.0,385.0,0.0026142857142857144,0.016785714285714286,0.023671428571428572,1,겨울,2024,4. 겨울 (12~2월)
2024-01-18,5.7,7.4,4.0,90.5,4.0,1.4,0.0,5.0,35.0,28.0,0.014,0.0209,0.51,0.0025,3.4000000000000004,3.2,12.700000000000003,19.181501505356533,5.300000000000028,1,0,3.0,19.0,1,0,2.0,8.0,0.0,0.0,2,0,0,0.0,0.0,1,3.0,10.0,2,0.0025,63.0,180.0,373.0,0.0026285714285714285,0.01802857142857143,0.021985714285714286,1,겨울,2024,4. 겨울 (12~2월)
2024-01-19,5.9,6.8,5.2,71.8,0.0,3.1,0.0,4.6,20.0,10.0,0.0375,0.0073,0.34,0.0022,1.5999999999999996,0.20000000000000018,18.700000000000003,9.547949168974938,5.300000000000028,1,0,4.0,20.0,0,0,2.0,8.0,0.0,0.0,0,0,0,0.0,0.0,1,4.0,11.0,3,0.0022,30.0,171.0,341.0,0.0025571428571428572,0.016871428571428572,0.02322857142857143,1,겨울,2024,4. 겨울 (12~2월)
2024-01-20,5.6,7.2,3.7,87.6,8.3,2.4,0.0,5.0,6.0,5.0,0.0347,0.007,0.31,0.0022,3.5,0.3000000000000007,15.799999999999997,10.06429331845989,13.60000000000003,1,0,5.0,21.0,1,0,3.0,9.0,0.0,0.0,1,0,0,0.0,0.0,1,5.0,12.0,4,0.0022,11.0,104.0,317.0,0.0024714285714285715,0.0162,0.023842857142857145,1,겨울,2024,4. 겨울 (12~2월)
2024-01-21,5.1,8.6,1.9,84.4,0.5,1.2,0.2,5.7,5.0,3.0,0.0295,0.0064,0.27,0.0022,6.699999999999999,0.5,3.1999999999999886,8.35304335756312,14.10000000000003,1,0,5.0,21.0,1,0,4.0,10.0,0.0,0.0,2,0,0,0.0,0.0,1,5.0,13.0,5,0.0022,8.0,49.0,280.0,0.0024142857142857147,0.015385714285714286,0.02402857142857143,1,겨울,2024,4. 겨울 (12~2월)
2024-01-22,-1.9,4.4,-7.5,58.0,0.0,5.0,7.2,0.8,14.0,10.0,0.0322,0.0053,0.29,0.0021,11.9,7.0,26.400000000000006,16.244794037885757,14.10000000000003,0,0,5.0,20.0,0,0,4.0,10.0,0.0,0.0,0,0,0,0.0,0.0,0,5.0,13.0,0,0.0,24.0,43.0,253.0,0.0024,0.014857142857142859,0.02415714285714286,1,겨울,2024,4. 겨울 (12~2월)
2024-01-23,-7.2,-2.8,-10.2,51.5,0.0,4.7,7.6,-5.0,15.0,8.0,0.0335,0.0061,0.29,0.0022,7.3999999999999995,5.300000000000001,6.5,17.424216864276197,14.10000000000003,0,0,5.0,19.0,0,0,4.0,10.0,0.0,0.0,0,0,0,0.0,0.0,0,5.0,13.0,0,0.0,23.0,55.0,237.0,0.002342857142857143,0.012657142857142856,0.0265,1,겨울,2024,4. 겨울 (12~2월)
2024-01-24,-6.0,-0.9,-10.1,50.5,0.0,4.2,7.8,-4.3,15.0,8.0,0.033,0.0075,0.31,0.0024,9.2,1.2000000000000002,1.0,4.072263907622527,12.80000000000003,0,0,4.0,18.0,0,0,3.0,10.0,0.0,0.0,0,0,0,0.0,0.0,0,4.0,13.0,0,0.0,23.0,70.0,182.0,0.0022571428571428573,0.008642857142857143,0.030628571428571425,1,겨울,2024,4. 겨울 (12~2월)
2024-01-25,-3.1,2.1,-8.6,40.3,0.0,2.6,7.8,-2.7,19.0,12.0,0.0306,0.0098,0.33,0.0027,10.7,2.9,10.200000000000003,6.197849089266703,8.80000000000003,0,0,3.0,17.0,0,0,2.0,10.0,0.0,0.0,0,0,0,0.0,0.0,0,3.0,13.0,0,0.0,31.0,77.0,150.0,0.002285714285714286,0.007057142857142857,0.033,1,겨울,2024,4. 겨울 (12~2월)
2024-01-26,0.9,6.8,-4.0,48.3,0.0,3.5,7.8,0.7,24.0,16.0,0.0368,0.0083,0.36,0.0029,10.8,4.0,8.0,5.367805262239298,8.80000000000003,0,0,2.0,16.0,0,0,2.0,10.0,0.0,0.0,0,0,0,0.0,0.0,0,2.0,13.0,0,0.0,40.0,94.0,160.0,0.0023857142857142857,0.0072,0.0329,1,겨울,2024,4. 겨울 (12~2월)
2024-01-27,2.1,8.6,-2.2,52.3,0.0,2.2,7.7,1.7,38.0,28.0,0.0356,0.0108,0.43,0.003,10.8,1.2000000000000002,4.0,6.110100926607022,0.5000000000000284,0,0,1.0,15.0,0,0,1.0,9.0,0.0,0.0,0,0,0,0.0,0.0,0,1.0,12.0,0,0.0,66.0,137.0,215.0,0.0024999999999999996,0.0077428571428571425,0.03302857142857143,1,겨울,2024,4. 겨울 (12~2월)
2024-01-28,0.7,6.2,-4.4,56.6,0.0,2.4,7.6,1.4,34.0,23.0,0.0372,0.0102,0.41,0.003,10.600000000000001,1.4000000000000001,4.300000000000004,4.150903516102441,0.0,0,0,0.0,14.0,0,0,0.0,8.0,0.0,0.0,0,0,0,0.0,0.0,0,0.0,11.0,0,0.0,57.0,163.0,264.0,0.0026142857142857144,0.008285714285714287,0.03412857142857143,1,겨울,2024,4. 겨울 (12~2월)
2024-01-29,-1.4,7.1,-8.1,64.6,0.0,1.1,7.8,0.1,37.0,26.0,0.0216,0.0187,0.46,0.0026,15.2,2.0999999999999996,7.999999999999993,6.24206162524256,0.0,1,0,1.0,14.0,0,0,0.0,7.0,0.0,0.0,0,0,0,0.0,0.0,0,0.0,10.0,0,0.0,63.0,186.0,303.0,0.0026857142857142856,0.0102,0.032614285714285714,1,겨울,2024,4. 겨울 (12~2월)
2024-01-30,0.5,9.7,-8.4,68.9,0.0,0.6,7.8,1.4,48.0,34.0,0.0179,0.0234,0.55,0.0029,18.1,1.9,4.300000000000011,6.24206162524263,0.0,1,0,2.0,14.0,0,0,0.0,7.0,0.0,0.0,0,0,0,0.0,0.0,0,0.0,9.0,0,0.0,82.0,202.0,362.0,0.002785714285714286,0.012671428571428571,0.030385714285714287,1,겨울,2024,4. 겨울 (12~2월)
2024-01-31,6.2,13.6,1.1,61.1,0.0,0.8,5.5,6.7,50.0,38.0,0.0179,0.0244,0.54,0.0025,12.5,5.7,7.800000000000004,3.9068316233652665,0.0,1,0,3.0,14.0,0,0,0.0,6.0,0.0,0.0,0,0,0,0.0,0.0,0,0.0,8.0,0,0.0,88.0,233.0,427.0,0.0028,0.015085714285714286,0.02822857142857143,1,겨울,2024,4. 겨울 (12~2월)
2024-02-01,5.5,8.9,2.7,65.4,0.0,2.4,0.2,5.3,40.0,28.0,0.0325,0.013,0.43,0.0022,6.2,0.7000000000000002,4.300000000000004,3.9068316233652713,0.0,1,0,4.0,14.0,0,0,0.0,6.0,0.0,0.0,0,0,0,0.0,0.0,0,0.0,8.0,0,0.0,68.0,238.0,464.0,0.0027285714285714283,0.015542857142857145,0.0285,2,겨울,2024,4. 겨울 (12~2월)
2024-02-02,3.9,7.2,2.2,82.6,0.0,1.0,0.2,5.0,12.0,9.0,0.0295,0.0098,0.38,0.0018,5.0,1.6,17.19999999999999,11.376730637577484,0.0,1,0,5.0,14.0,1,0,1.0,6.0,0.0,0.0,1,0,0,0.0,0.0,1,1.0,8.0,1,0.0018,21.0,177.0,445.0,0.0025714285714285717,0.015757142857142855,0.027457142857142854,2,겨울,2024,4. 겨울 (12~2월)
2024-02-03,4.5,8.1,0.9,86.3,2.1,1.2,0.4,5.7,13.0,10.0,0.0246,0.012,0.39,0.0019,7.199999999999999,0.6000000000000001,3.700000000000003,11.153026495081757,2.1000000000000285,1,0,6.0,15.0,1,0,2.0,7.0,0.0,0.0,2,0,0,0.0,0.0,1,2.0,9.0,2,0.0019,23.0,112.0,402.0,0.002414285714285714,0.01592857142857143,0.025885714285714286,2,겨울,2024,4. 겨울 (12~2월)
2024-02-04,5.4,8.6,2.7,86.6,2.0,1.1,0.1,6.2,7.0,4.0,0.0285,0.0065,0.3,0.0018,5.8999999999999995,0.9000000000000004,0.29999999999999716,2.2278539748669393,4.100000000000028,1,0,7.0,16.0,1,0,3.0,8.0,0.0,0.0,3,0,0,0.0,0.0,1,3.0,10.0,3,0.0018,11.0,55.0,356.0,0.002242857142857143,0.0154,0.02464285714285714,2,겨울,2024,4. 겨울 (12~2월)
2024-02-05,5.0,6.7,2.8,84.4,13.3,2.7,0.0,5.2,5.0,5.0,0.0357,0.008,0.33,0.0018,3.9000000000000004,0.40000000000000036,2.1999999999999886,1.193035344543706,17.400000000000027,1,0,7.0,17.0,1,0,4.0,9.0,0.0,0.0,4,0,0,0.0,0.0,1,4.0,11.0,4,0.0018,10.0,44.0,303.0,0.0021285714285714285,0.013871428571428573,0.026657142857142855,2,겨울,2024,4. 겨울 (12~2월)
2024-02-06,2.9,5.0,0.8,84.6,0.1,0.8,0.0,4.4,11.0,8.0,0.0295,0.0093,0.31,0.0018,4.2,2.1,0.19999999999998863,1.2165525060584506,17.50000000000003,1,0,7.0,17.0,1,0,5.0,10.0,0.0,0.0,5,0,0,0.0,0.0,1,5.0,12.0,5,0.0018,19.0,40.0,240.0,0.0019714285714285715,0.011857142857142856,0.028314285714285715,2,겨울,2024,4. 겨울 (12~2월)
2024-02-07,2.5,7.4,-2.2,71.6,0.0,1.4,8.1,4.4,20.0,15.0,0.0302,0.0094,0.35,0.0018,9.600000000000001,0.3999999999999999,13.0,7.448489779814183,17.50000000000003,1,0,7.0,17.0,0,0,5.0,9.0,0.0,0.0,0,0,0,0.0,0.0,1,6.0,12.0,6,0.0018,35.0,64.0,187.0,0.0018714285714285714,0.009714285714285715,0.030071428571428575,2,겨울,2024,4. 겨울 (12~2월)
2024-02-08,0.9,8.1,-4.7,73.5,0.0,0.9,8.4,3.2,39.0,30.0,0.0196,0.0165,0.45,0.0019,12.8,1.6,1.9000000000000057,7.021633238309233,17.50000000000003,1,0,7.0,17.0,0,0,5.0,9.0,0.0,0.0,0,0,0,0.0,0.0,1,7.0,13.0,7,0.0019,69.0,123.0,188.0,0.0018285714285714283,0.010214285714285716,0.02822857142857143,2,겨울,2024,4. 겨울 (12~2월)
2024-02-09,2.2,9.5,-4.0,60.9,0.0,1.6,8.0,3.0,34.0,26.0,0.0273,0.0125,0.41,0.0021,13.5,1.3000000000000003,12.600000000000001,6.792888438162931,17.50000000000003,1,0,7.0,18.0,0,0,4.0,9.0,0.0,0.0,0,0,0,0.0,0.0,0,6.0,13.0,0,0.0,60.0,164.0,227.0,0.0018714285714285714,0.0106,0.027914285714285718,2,겨울,2024,4. 겨울 (12~2월)
2024-02-10,3.2,8.3,-2.5,57.0,0.0,2.4,8.2,2.4,44.0,34.0,0.0471,0.0081,0.46,0.0023,10.8,1.0,3.8999999999999986,8.62380426493977,15.400000000000029,0,0,6.0,18.0,0,0,3.0,9.0,0.0,0.0,0,0,0,0.0,0.0,0,5.0,13.0,0,0.0,78.0,207.0,282.0,0.0019285714285714284,0.010042857142857143,0.03112857142857143,2,겨울,2024,4. 겨울 (12~2월)
2024-02-11,2.5,7.6,-4.6,60.4,0.0,2.3,7.4,1.1,59.0,48.0,0.0402,0.0089,0.52,0.0021,12.2,0.7000000000000002,3.3999999999999986,2.1221058723178334,13.400000000000029,1,0,6.0,18.0,0,0,2.0,9.0,0.0,0.0,0,0,0,0.0,0.0,0,4.0,12.0,0,0.0,107.0,245.0,378.0,0.0019714285714285715,0.010385714285714286,0.0328,2,겨울,2024,4. 겨울 (12~2월)
2024-02-12,2.6,11.9,-5.2,59.0,0.0,1.0,9.0,3.9,55.0,43.0,0.0296,0.0152,0.5,0.0021,17.1,0.10000000000000009,1.3999999999999986,1.708800749061276,0.10000000000002843,0,0,5.0,18.0,0,0,1.0,9.0,0.0,0.0,0,0,0,0.0,0.0,0,3.0,12.0,0,0.0,98.0,283.0,466.0,0.002014285714285714,0.011414285714285714,0.03192857142857143,2,겨울,2024,4. 겨울 (12~2월)
2024-02-13,7.3,16.5,-4.5,64.5,0.0,1.8,8.9,6.7,42.0,27.0,0.0298,0.016,0.48,0.0027,21.0,4.699999999999999,5.5,2.858321185590043,0.0,1,0,5.0,19.0,0,0,0.0,9.0,0.0,0.0,0,0,0,0.0,0.0,0,2.0,12.0,0,0.0,69.0,274.0,516.0,0.002142857142857143,0.012371428571428571,0.031971428571428574,2,겨울,2024,4. 겨울 (12~2월)
2024-02-14,9.6,17.6,3.0,85.5,0.7,1.0,2.2,10.7,36.0,24.0,0.0174,0.0188,0.48,0.0023,14.600000000000001,2.3,21.0,13.985111130531923,0.7000000000000284,1,0,5.0,19.0,1,0,1.0,9.0,0.0,0.0,1,0,0,0.0,0.0,1,2.0,12.0,1,0.0023,60.0,227.0,541.0,0.002214285714285714,0.013714285714285715,0.03014285714285714,2,겨울,2024,4. 겨울 (12~2월)
2024-02-15,7.2,17.6,3.1,82.1,0.0,2.0,1.9,7.2,17.0,13.0,0.0192,0.0108,0.39,0.0019,14.500000000000002,2.3999999999999995,3.4000000000000057,11.271793705232957,0.7000000000000284,1,0,5.0,19.0,1,0,2.0,9.0,0.0,0.0,2,0,0,0.0,0.0,1,2.0,12.0,2,0.0019,30.0,159.0,502.0,0.002214285714285714,0.0129,0.03008571428571428,2,겨울,2024,4. 겨울 (12~2월)
2024-02-16,2.8,8.8,-2.5,67.4,0.0,0.9,5.7,6.8,12.0,7.0,0.0279,0.0109,0.36,0.0019,11.3,4.4,14.699999999999989,9.619944559784606,0.7000000000000284,1,0,5.0,19.0,0,0,2.0,9.0,0.0,0.0,0,0,0,0.0,0.0,0,2.0,11.0,0,0.0,19.0,109.0,461.0,0.0021857142857142856,0.012671428571428571,0.03017142857142857,2,겨울,2024,4. 겨울 (12~2월)
2024-02-17,3.7,14.8,-4.8,66.1,0.0,0.9,9.1,5.4,31.0,22.0,0.021,0.0184,0.49,0.0024,19.6,0.9000000000000004,1.3000000000000114,8.886131516769732,0.7000000000000284,1,0,6.0,19.0,0,0,2.0,8.0,0.0,0.0,0,0,0,0.0,0.0,0,2.0,10.0,0,0.0,53.0,102.0,436.0,0.0022,0.014142857142857143,0.02644285714285714,2,겨울,2024,4. 겨울 (12~2월)
2024-02-18,7.0,14.4,-4.3,81.6,8.2,0.8,4.0,5.2,38.0,30.0,0.02,0.015,0.46,0.0023,18.7,3.3,15.5,8.598255637046092,8.900000000000027,1,0,6.0,19.0,1,0,3.0,8.0,0.0,0.0,1,0,0,0.0,0.0,1,3.0,10.0,1,0.0023,68.0,140.0,397.0,0.0022285714285714283,0.015014285714285714,0.023557142857142856,2,겨울,2024,4. 겨울 (12~2월)
2024-02-19,14.4,19.0,11.4,91.1,15.1,1.4,1.1,14.4,15.0,12.0,0.0223,0.0135,0.42,0.002,7.6,7.4,9.5,12.619429464123815,24.00000000000003,1,0,7.0,20.0,1,0,4.0,9.0,0.0,0.0,2,0,0,0.0,0.0,1,4.0,11.0,2,0.002,27.0,148.0,326.0,0.002214285714285714,0.014771428571428573,0.022514285714285712,2,겨울,2024,4. 겨울 (12~2월)
2024-02-20,7.0,12.7,5.5,87.3,3.1,2.5,0.0,7.3,6.0,4.0,0.0324,0.0071,0.34,0.0018,7.199999999999999,7.4,3.799999999999997,4.781561809004543,27.100000000000026,1,0,7.0,21.0,1,0,5.0,10.0,0.0,0.0,3,0,0,0.0,0.0,1,5.0,12.0,3,0.0018,10.0,105.0,267.0,0.0020857142857142854,0.0135,0.022885714285714287,2,겨울,2024,4. 겨울 (12~2월)
2024-02-21,4.9,6.0,3.6,89.0,6.2,2.9,0.0,5.0,3.0,1.0,0.0356,0.0072,0.33,0.0018,2.4,2.0999999999999996,1.7000000000000028,1.9035055380353512,32.60000000000003,1,0,7.0,22.0,1,0,5.0,11.0,0.0,0.0,4,0,0,0.0,0.0,1,5.0,13.0,4,0.0018,4.0,41.0,211.0,0.002014285714285714,0.011842857142857141,0.025485714285714285,2,겨울,2024,4. 겨울 (12~2월)
2024-02-22,2.9,4.3,1.9,81.4,1.9,2.2,0.0,3.7,5.0,3.0,0.035,0.0085,0.32,0.0018,2.4,2.0000000000000004,7.599999999999994,3.9887341350354855,34.50000000000003,1,0,7.0,23.0,1,0,5.0,12.0,0.0,0.0,5,0,0,0.0,0.0,1,5.0,14.0,5,0.0018,8.0,22.0,189.0,0.002,0.011514285714285715,0.027742857142857145,2,겨울,2024,4. 겨울 (12~2월)
2024-02-23,2.9,5.1,1.6,68.3,0.1,2.4,0.0,3.6,8.0,4.0,0.0368,0.0081,0.3,0.0018,3.4999999999999996,0.0,13.100000000000009,10.471071260063578,34.60000000000003,1,0,7.0,24.0,0,0,5.0,12.0,0.0,0.0,0,0,0,0.0,0.0,0,5.0,14.0,0,0.0,12.0,24.0,182.0,0.0019857142857142855,0.011114285714285714,0.029014285714285715,2,겨울,2024,4. 겨울 (12~2월)
2024-02-24,3.3,5.7,1.5,68.9,0.8,2.0,0.0,3.4,13.0,4.0,0.0364,0.0072,0.29,0.0019,4.2,0.3999999999999999,0.6000000000000085,7.396170180122156,35.40000000000003,1,0,7.0,25.0,0,0,5.0,12.0,0.0,0.0,0,0,0,0.0,0.0,0,5.0,14.0,0,0.0,17.0,37.0,146.0,0.0019142857142857143,0.009514285714285713,0.031214285714285715,2,겨울,2024,4. 겨울 (12~2월)
2024-02-25,4.0,7.8,1.0,85.5,1.7,1.3,0.4,6.5,5.0,5.0,0.0278,0.0061,0.3,0.0019,6.8,0.7000000000000002,16.599999999999994,9.761830429449608,28.900000000000027,1,0,7.0,26.0,1,0,5.0,13.0,0.0,0.0,1,0,0,0.0,0.0,1,5.0,15.0,1,0.0019,10.0,39.0,88.0,0.0018571428571428571,0.008242857142857142,0.03232857142857143,2,겨울,2024,4. 겨울 (12~2월)
2024-02-26,4.6,9.8,-0.1,69.9,0.0,1.4,1.8,5.5,10.0,6.0,0.0292,0.0099,0.32,0.0021,9.9,0.5999999999999996,15.599999999999994,9.308777220093322,13.80000000000003,1,0,7.0,26.0,0,0,4.0,13.0,0.0,0.0,0,0,0,0.0,0.0,0,4.0,15.0,0,0.0,16.0,43.0,77.0,0.0018714285714285714,0.0077285714285714275,0.03331428571428572,2,겨울,2024,4. 겨울 (12~2월)
2024-02-27,1.6,6.1,-2.1,74.3,0.0,1.0,0.5,2.3,24.0,10.0,0.0237,0.0168,0.36,0.0021,8.2,2.9999999999999996,4.3999999999999915,8.043216603656074,10.70000000000003,1,0,7.0,26.0,0,0,3.0,13.0,0.0,0.0,0,0,0,0.0,0.0,1,4.0,16.0,1,0.0021,34.0,60.0,101.0,0.0019142857142857143,0.009114285714285714,0.03207142857142857,2,겨울,2024,4. 겨울 (12~2월)
2024-02-28,3.3,10.7,-4.4,74.1,0.0,0.8,6.9,4.5,25.0,11.0,0.0244,0.016,0.4,0.0025,15.1,1.6999999999999997,0.20000000000000284,2.484619353810163,4.500000000000028,1,0,7.0,26.0,0,0,2.0,13.0,0.0,0.0,0,0,0,0.0,0.0,1,4.0,17.0,2,0.0025,36.0,86.0,133.0,0.002014285714285714,0.010371428571428571,0.030471428571428573,2,겨울,2024,4. 겨울 (12~2월)
2024-02-29,3.1,6.0,0.4,93.1,8.4,1.0,0.0,3.5,19.0,11.0,0.0204,0.0155,0.37,0.002,5.6,0.19999999999999973,19.0,10.912378292562817,11.000000000000028,1,0,7.0,26.0,1,0,2.0,14.0,0.0,0.0,1,0,0,0.0,0.0,1,4.0,18.0,3,0.002,30.0,100.0,155.0,0.0020428571428571427,0.011371428571428572,0.02838571428571429,2,겨울,2024,4. 겨울 (12~2월)
2024-03-01,-0.1,3.6,-4.9,40.1,0.0,4.5,9.3,2.3,29.0,12.0,0.0393,0.0061,0.3,0.0022,8.5,3.2,52.99999999999999,26.85144316419499,10.900000000000029,0,0,6.0,25.0,0,0,2.0,13.0,0.0,0.0,0,0,0,0.0,0.0,0,4.0,17.0,0,0.0,41.0,107.0,184.0,0.0021,0.011085714285714284,0.028742857142857146,3,봄,2024,1. 봄 (3~5월)
2024-03-02,-0.4,5.2,-6.6,43.5,0.0,2.3,10.5,3.1,28.0,10.0,0.0382,0.0076,0.34,0.0023,11.8,0.30000000000000004,3.3999999999999986,29.66681647902235,10.100000000000028,0,0,5.0,24.0,0,0,2.0,12.0,0.0,0.0,0,0,0,0.0,0.0,0,4.0,16.0,0,0.0,38.0,109.0,205.0,0.002157142857142857,0.011142857142857144,0.028999999999999998,3,봄,2024,1. 봄 (3~5월)
2024-03-03,5.5,11.1,-2.0,56.0,0.0,2.2,5.3,5.4,53.0,27.0,0.0463,0.0077,0.39,0.0021,13.1,5.9,12.5,8.37277333583822,8.400000000000029,0,0,4.0,23.0,0,0,1.0,11.0,0.0,0.0,0,0,0,0.0,0.0,0,3.0,15.0,0,0.0,80.0,159.0,275.0,0.002185714285714286,0.011371428571428572,0.031642857142857146,3,봄,2024,1. 봄 (3~5월)
2024-03-04,6.3,13.3,-2.6,63.6,0.0,0.9,7.8,8.4,79.0,46.0,0.0371,0.0169,0.49,0.0025,15.9,0.7999999999999998,7.600000000000001,10.14905578530953,8.400000000000029,1,0,4.0,23.0,0,0,1.0,10.0,0.0,0.0,0,0,0,0.0,0.0,0,3.0,14.0,0,0.0,125.0,243.0,384.0,0.002242857142857143,0.012371428571428571,0.03277142857142857,3,봄,2024,1. 봄 (3~5월)
2024-03-05,6.4,7.4,5.4,89.0,8.1,1.8,0.0,6.3,19.0,12.0,0.0402,0.0107,0.4,0.002,2.0,0.10000000000000053,25.4,17.281589433073783,16.50000000000003,1,0,4.0,23.0,1,0,2.0,10.0,0.0,0.0,1,0,0,0.0,0.0,1,3.0,14.0,1,0.002,31.0,236.0,381.0,0.0022285714285714283,0.0115,0.03512857142857143,3,봄,2024,1. 봄 (3~5월)
2024-03-06,6.9,10.5,4.6,65.3,0.0,2.2,1.1,6.7,16.0,8.0,0.0409,0.0081,0.33,0.002,5.9,0.5,23.700000000000003,14.199413133412524,16.50000000000003,1,0,4.0,23.0,0,0,2.0,10.0,0.0,0.0,0,0,0,0.0,0.0,0,2.0,13.0,0,0.0,24.0,180.0,369.0,0.002157142857142857,0.010371428571428571,0.03748571428571428,3,봄,2024,1. 봄 (3~5월)
2024-03-07,5.0,8.5,2.7,70.6,0.0,1.2,1.9,7.0,22.0,12.0,0.0316,0.0114,0.34,0.0021,5.8,1.9000000000000004,5.299999999999997,12.438783434618054,8.100000000000028,1,0,4.0,23.0,0,0,1.0,10.0,0.0,0.0,0,0,0,0.0,0.0,1,2.0,13.0,1,0.0021,34.0,89.0,373.0,0.0021714285714285715,0.009785714285714286,0.039085714285714286,3,봄,2024,1. 봄 (3~5월)
2024-03-08,4.0,9.6,0.3,43.5,0.0,3.8,9.2,5.1,38.0,20.0,0.046,0.0068,0.34,0.0024,9.299999999999999,1.0,27.099999999999994,14.362799170077961,8.100000000000028,0,0,4.0,22.0,0,0,1.0,10.0,0.0,0.0,0,0,0,0.0,0.0,0,2.0,13.0,0,0.0,58.0,116.0,390.0,0.0022,0.009885714285714286,0.040042857142857144,3,봄,2024,1. 봄 (3~5월)
2024-03-09,2.5,9.5,-3.3,51.9,0.0,1.7,10.9,7.7,27.0,13.0,0.0401,0.0083,0.35,0.0025,12.8,1.5,8.399999999999999,13.872394650287477,8.100000000000028,0,0,4.0,22.0,0,0,1.0,10.0,0.0,0.0,0,0,0,0.0,0.0,0,2.0,13.0,0,0.0,40.0,132.0,392.0,0.0022285714285714283,0.009985714285714287,0.04031428571428571,3,봄,2024,1. 봄 (3~5월)
2024-03-10,3.4,13.0,-5.3,57.4,0.0,1.3,10.9,8.4,27.0,17.0,0.0288,0.0126,0.38,0.0024,18.3,0.8999999999999999,5.5,7.000238091188315,8.100000000000028,0,0,4.0,21.0,0,0,1.0,10.0,0.0,0.0,0,0,0,0.0,0.0,0,2.0,13.0,0,0.0,44.0,142.0,356.0,0.002271428571428571,0.010685714285714286,0.03781428571428571,3,봄,2024,1. 봄 (3~5월)
2024-03-11,6.3,12.8,-2.2,56.8,0.0,1.2,4.6,8.3,37.0,22.0,0.0276,0.0179,0.43,0.0028,15.0,2.9,0.6000000000000014,3.017173069832873,8.100000000000028,0,0,3.0,21.0,0,0,1.0,10.0,0.0,0.0,0,0,0,0.0,0.0,0,2.0,13.0,0,0.0,59.0,143.0,290.0,0.002314285714285714,0.010828571428571429,0.036457142857142855,3,봄,2024,1. 봄 (3~5월)
2024-03-12,5.0,12.6,-1.2,81.6,2.7,1.0,3.6,7.3,27.0,17.0,0.0265,0.0142,0.37,0.0022,13.799999999999999,1.2999999999999998,24.799999999999997,14.148262555286664,2.7000000000000286,1,0,3.0,21.0,1,0,1.0,11.0,0.0,0.0,1,0,0,0.0,0.0,1,2.0,14.0,1,0.0022,44.0,147.0,303.0,0.002342857142857143,0.011328571428571427,0.034499999999999996,3,봄,2024,1. 봄 (3~5월)
2024-03-13,7.3,14.8,1.1,61.5,0.0,1.9,8.0,9.7,24.0,19.0,0.0345,0.0101,0.35,0.0023,13.700000000000001,2.3,20.099999999999994,13.172825563762963,2.7000000000000286,1,0,3.0,21.0,0,0,1.0,10.0,0.0,0.0,0,0,0,0.0,0.0,0,2.0,13.0,0,0.0,43.0,146.0,322.0,0.0023857142857142857,0.011614285714285714,0.03358571428571429,3,봄,2024,1. 봄 (3~5월)
2024-03-14,8.8,17.1,1.9,44.3,0.0,2.1,10.0,11.5,48.0,29.0,0.0466,0.0162,0.41,0.0026,15.200000000000001,1.5000000000000009,17.200000000000003,18.668779642315297,2.7000000000000286,0,0,2.0,20.0,0,0,1.0,9.0,0.0,0.0,0,0,0,0.0,0.0,0,1.0,12.0,0,0.0,77.0,164.0,365.0,0.002457142857142857,0.0123,0.03572857142857143,3,봄,2024,1. 봄 (3~5월)
2024-03-15,10.4,19.9,-1.3,43.5,0.0,1.9,10.8,11.4,46.0,27.0,0.0388,0.0162,0.38,0.0025,21.2,1.5999999999999996,0.7999999999999972,10.169234648355964,2.7000000000000286,0,0,2.0,19.0,0,0,1.0,9.0,0.0,0.0,0,0,0,0.0,0.0,0,1.0,12.0,0,0.0,73.0,193.0,380.0,0.0024714285714285715,0.013642857142857142,0.0347,3,봄,2024,1. 봄 (3~5월)
2024-03-16,11.1,19.5,1.4,57.0,0.0,1.4,9.5,14.1,64.0,33.0,0.0459,0.0158,0.5,0.0034,18.1,0.6999999999999993,13.5,7.573858549862357,2.7000000000000286,0,0,2.0,18.0,0,0,1.0,9.0,0.0,0.0,0,0,0,0.0,0.0,0,1.0,12.0,0,0.0,97.0,247.0,437.0,0.0026000000000000003,0.014714285714285713,0.03552857142857143,3,봄,2024,1. 봄 (3~5월)
2024-03-17,12.0,18.2,4.2,46.4,0.0,3.0,4.6,12.8,63.0,21.0,0.0503,0.0065,0.34,0.0025,14.0,0.9000000000000004,10.600000000000001,7.106569730420103,2.7000000000000286,0,0,2.0,17.0,0,0,1.0,8.0,0.0,0.0,0,0,0,0.0,0.0,0,1.0,11.0,0,0.0,84.0,254.0,477.0,0.0026142857142857144,0.013842857142857145,0.0386,3,봄,2024,1. 봄 (3~5월)
2024-03-18,7.3,15.4,-1.0,57.1,0.0,1.1,10.4,12.7,66.0,18.0,0.0336,0.0115,0.35,0.0024,16.4,4.7,10.700000000000003,6.148983655856542,2.7000000000000286,0,0,2.0,16.0,0,0,1.0,7.0,0.0,0.0,0,0,0,0.0,0.0,0,1.0,10.0,0,0.0,84.0,265.0,502.0,0.0025571428571428572,0.01292857142857143,0.03945714285714286,3,봄,2024,1. 봄 (3~5월)
2024-03-19,8.8,15.7,4.7,51.5,0.0,3.2,3.0,9.1,48.0,16.0,0.0393,0.0095,0.32,0.0022,11.0,1.5000000000000009,5.600000000000001,5.351946686330481,0.0,0,0,1.0,15.0,0,0,0.0,6.0,0.0,0.0,0,0,0,0.0,0.0,0,0.0,9.0,0,0.0,64.0,232.0,522.0,0.0025571428571428572,0.012257142857142857,0.041285714285714294,3,봄,2024,1. 봄 (3~5월)
2024-03-20,6.0,11.1,2.7,38.4,0.0,3.5,8.5,10.6,29.0,19.0,0.0442,0.0066,0.31,0.0022,8.399999999999999,2.8000000000000007,13.100000000000001,9.59739548002425,0.0,0,0,0.0,14.0,0,0,0.0,5.0,0.0,0.0,0,0,0,0.0,0.0,0,0.0,8.0,0,0.0,48.0,196.0,527.0,0.0025428571428571427,0.011757142857142858,0.042671428571428575,3,봄,2024,1. 봄 (3~5월)
2024-03-21,5.4,12.1,-2.0,49.0,0.0,1.7,10.7,10.7,28.0,17.0,0.0425,0.01,0.35,0.0025,14.1,0.5999999999999996,10.600000000000001,6.9548544197552635,0.0,0,0,0.0,13.0,0,0,0.0,4.0,0.0,0.0,0,0,0,0.0,0.0,0,0.0,7.0,0,0.0,45.0,157.0,495.0,0.0025285714285714286,0.010871428571428572,0.04208571428571429,3,봄,2024,1. 봄 (3~5월)
2024-03-22,9.0,16.2,-0.6,64.8,1.5,1.7,8.4,13.7,33.0,19.0,0.0387,0.0122,0.37,0.0025,16.8,3.5999999999999996,15.799999999999997,13.285079349906933,1.5000000000000284,1,0,1.0,13.0,0,0,0.0,4.0,0.0,0.0,0,0,0,0.0,0.0,0,0.0,7.0,0,0.0,52.0,145.0,474.0,0.0025285714285714286,0.0103,0.04207142857142857,3,봄,2024,1. 봄 (3~5월)
2024-03-23,14.4,23.4,10.2,71.1,0.8,2.4,8.6,17.7,33.0,19.0,0.05,0.0061,0.34,0.0025,13.2,5.4,6.299999999999997,11.38522434268759,2.3000000000000282,1,0,2.0,13.0,0,0,0.0,4.0,0.0,0.0,0,0,0,0.0,0.0,1,1.0,8.0,1,0.0025,52.0,149.0,429.0,0.0024,0.008914285714285713,0.04265714285714286,3,봄,2024,1. 봄 (3~5월)
2024-03-24,10.5,12.7,9.4,74.9,0.2,2.1,0.0,11.6,22.0,11.0,0.0485,0.0056,0.33,0.0025,3.299999999999999,3.9000000000000004,3.8000000000000114,5.101307022060936,2.5000000000000284,1,0,3.0,13.0,0,0,0.0,3.0,0.0,0.0,0,0,0,0.0,0.0,1,2.0,8.0,2,0.0025,33.0,137.0,378.0,0.0024000000000000002,0.008785714285714286,0.0424,3,봄,2024,1. 봄 (3~5월)
2024-03-25,9.5,12.5,7.2,78.5,15.3,2.7,0.0,9.4,16.0,8.0,0.0451,0.0069,0.31,0.0022,5.3,1.0,3.5999999999999943,3.700450423033577,17.80000000000003,1,0,4.0,13.0,1,0,1.0,4.0,0.0,0.0,1,0,0,0.0,0.0,1,3.0,9.0,3,0.0022,24.0,109.0,318.0,0.0023714285714285716,0.00812857142857143,0.04404285714285714,3,봄,2024,1. 봄 (3~5월)
2024-03-26,7.4,10.1,4.7,81.5,14.7,1.8,0.0,9.2,5.0,2.0,0.0418,0.0063,0.29,0.0021,5.3999999999999995,2.0999999999999996,3.0,3.3045423283711948,32.50000000000003,1,0,5.0,13.0,1,0,2.0,5.0,0.0,0.0,2,0,0,0.0,0.0,1,4.0,9.0,4,0.0021,7.0,64.0,261.0,0.002357142857142857,0.007671428571428572,0.0444,3,봄,2024,1. 봄 (3~5월)
2024-03-27,8.5,16.7,-0.2,75.3,0.0,1.0,7.1,12.2,16.0,11.0,0.0267,0.0121,0.35,0.0022,16.9,1.0999999999999996,6.200000000000003,3.100537587795108,32.50000000000003,1,0,6.0,13.0,1,0,3.0,6.0,0.0,0.0,3,0,0,0.0,0.0,1,5.0,9.0,5,0.0022,27.0,58.0,240.0,0.002357142857142857,0.008457142857142858,0.0419,3,봄,2024,1. 봄 (3~5월)
2024-03-28,9.0,11.2,7.4,95.8,25.9,1.2,0.0,9.7,18.0,15.0,0.0186,0.0147,0.37,0.0021,3.799999999999999,0.5,20.5,10.513324878457745,58.40000000000003,1,0,7.0,13.0,1,1,4.0,6.0,1.0,1.0,4,1,0,0.0,0.0,1,6.0,9.0,6,0.0021,33.0,67.0,228.0,0.0023,0.009128571428571429,0.03848571428571428,3,봄,2024,1. 봄 (3~5월)
2024-03-29,12.3,19.5,4.1,59.5,0.0,3.0,7.8,11.8,116.0,28.0,0.0428,0.0086,0.37,0.0023,15.4,3.3000000000000007,36.3,18.200641014352485,56.90000000000003,0,0,6.0,13.0,0,0,4.0,6.0,1.0,1.0,0,0,0,0.0,0.0,0,6.0,9.0,0,0.0,144.0,204.0,320.0,0.0022714285714285714,0.008614285714285713,0.03907142857142857,3,봄,2024,1. 봄 (3~5월)
2024-03-30,9.8,15.9,1.7,62.3,2.2,1.3,6.8,12.2,82.0,23.0,0.0372,0.0114,0.37,0.0022,14.200000000000001,2.5,2.799999999999997,20.198102221083264,58.30000000000003,1,0,6.0,14.0,0,0,4.0,6.0,1.0,1.0,0,0,0,0.0,0.0,0,5.0,9.0,0,0.0,105.0,282.0,373.0,0.0022285714285714287,0.009371428571428572,0.03724285714285714,3,봄,2024,1. 봄 (3~5월)
2024-03-31,12.0,18.8,3.7,55.5,0.0,1.5,8.7,13.9,72.0,26.0,0.0456,0.0086,0.43,0.0027,15.100000000000001,2.1999999999999993,6.799999999999997,3.417601498125828,58.10000000000003,0,0,5.0,14.0,0,0,4.0,6.0,1.0,1.0,0,0,0,0.0,0.0,0,4.0,9.0,0,0.0,98.0,347.0,438.0,0.0022571428571428573,0.0098,0.036828571428571426,3,봄,2024,1. 봄 (3~5월)
2024-04-01,12.3,22.8,2.2,55.4,0.0,1.4,11.0,15.9,37.0,17.0,0.0305,0.0139,0.42,0.0025,20.6,0.3000000000000007,0.10000000000000142,3.9551653989845863,42.800000000000026,0,0,4.0,13.0,0,0,3.0,6.0,1.0,1.0,0,0,0,0.0,0.0,0,3.0,9.0,0,0.0,54.0,257.0,468.0,0.0023,0.0108,0.03474285714285714,4,봄,2024,1. 봄 (3~5월)
2024-04-02,13.3,24.3,3.8,63.1,2.7,1.2,8.5,15.8,42.0,22.0,0.0377,0.0164,0.45,0.003,20.5,1.0,7.700000000000003,4.417012565070611,30.800000000000026,1,0,4.0,13.0,0,0,2.0,5.0,1.0,1.0,0,0,0,0.0,0.0,0,2.0,8.0,0,0.0,64.0,216.0,525.0,0.002428571428571429,0.012242857142857142,0.03415714285714285,4,봄,2024,1. 봄 (3~5월)
2024-04-03,11.9,13.3,10.7,98.8,29.9,1.1,0.0,12.9,14.0,14.0,0.0462,0.0082,0.38,0.0022,2.6000000000000014,1.4000000000000004,35.699999999999996,23.156496568637678,60.700000000000024,1,0,4.0,13.0,1,1,2.0,6.0,2.0,2.0,1,1,0,0.0,0.0,1,2.0,9.0,1,0.0022,28.0,146.0,526.0,0.002428571428571429,0.011685714285714285,0.036942857142857145,4,봄,2024,1. 봄 (3~5월)
2024-04-04,12.0,15.6,9.9,66.0,0.0,2.1,1.5,14.2,34.0,17.0,0.0461,0.0069,0.34,0.0023,5.699999999999999,0.09999999999999964,32.8,19.827338029431218,34.800000000000026,1,0,4.0,13.0,0,0,1.0,6.0,1.0,2.0,0,0,0,0.0,0.0,0,1.0,8.0,0,0.0,51.0,143.0,544.0,0.002457142857142857,0.01057142857142857,0.04087142857142857,4,봄,2024,1. 봄 (3~5월)
2024-04-05,12.3,18.2,8.0,65.4,0.0,1.4,3.6,15.6,37.0,18.0,0.0425,0.0106,0.39,0.0029,10.2,0.3000000000000007,0.5999999999999943,19.11264851697246,34.800000000000026,1,0,5.0,14.0,0,0,1.0,6.0,1.0,2.0,0,0,0,0.0,0.0,0,1.0,8.0,0,0.0,55.0,134.0,455.0,0.0025428571428571427,0.010857142857142857,0.04082857142857143,4,봄,2024,1. 봄 (3~5월)
2024-04-06,12.8,20.6,6.1,68.8,0.0,1.0,4.4,14.0,46.0,27.0,0.0313,0.0129,0.42,0.0025,14.500000000000002,0.5,3.3999999999999915,1.8147543451737704,32.60000000000002,1,0,5.0,15.0,0,0,1.0,6.0,1.0,2.0,0,0,0,0.0,0.0,0,1.0,8.0,0,0.0,73.0,179.0,423.0,0.002585714285714286,0.01107142857142857,0.039985714285714284,4,봄,2024,1. 봄 (3~5월)
2024-04-07,15.2,24.6,6.0,56.9,0.0,1.2,10.7,19.0,46.0,27.0,0.0413,0.0126,0.46,0.0031,18.6,2.3999999999999986,11.899999999999999,6.129437168288213,32.60000000000002,0,0,5.0,15.0,0,0,1.0,6.0,1.0,2.0,0,0,0,0.0,0.0,0,1.0,8.0,0,0.0,73.0,201.0,398.0,0.0026428571428571425,0.01164285714285714,0.03937142857142857,4,봄,2024,1. 봄 (3~5월)
2024-04-08,16.1,23.3,8.2,53.6,0.0,0.8,2.3,18.4,54.0,32.0,0.0496,0.0142,0.5,0.0029,15.100000000000001,0.9000000000000021,3.299999999999997,7.995206897468341,32.60000000000002,0,0,5.0,15.0,0,0,1.0,6.0,1.0,2.0,0,0,0,0.0,0.0,0,1.0,8.0,0,0.0,86.0,232.0,430.0,0.0027,0.011685714285714285,0.04209999999999999,4,봄,2024,1. 봄 (3~5월)
2024-04-09,11.3,16.1,4.8,55.8,0.0,3.1,11.4,17.9,34.0,17.0,0.0505,0.0053,0.31,0.0023,11.3,4.800000000000001,2.1999999999999957,1.6802777548144372,29.900000000000027,0,0,4.0,14.0,0,0,1.0,5.0,1.0,2.0,0,0,0,0.0,0.0,0,1.0,7.0,0,0.0,51.0,210.0,417.0,0.0026000000000000003,0.0101,0.043928571428571435,4,봄,2024,1. 봄 (3~5월)
2024-04-10,11.0,18.9,2.1,64.3,0.0,0.9,9.4,17.2,28.0,13.0,0.0364,0.0096,0.33,0.0027,16.799999999999997,0.3000000000000007,8.5,5.650663677833918,0.0,1,0,4.0,14.0,0,0,0.0,5.0,0.0,2.0,0,0,0,0.0,0.0,0,0.0,7.0,0,0.0,41.0,178.0,430.0,0.0026714285714285716,0.0103,0.04252857142857143,4,봄,2024,1. 봄 (3~5월)
2024-04-11,13.4,20.5,7.8,63.4,0.0,1.1,1.7,16.8,37.0,19.0,0.0321,0.0151,0.38,0.0028,12.7,2.4000000000000004,0.8999999999999986,4.669403959107171,0.0,1,0,4.0,15.0,0,0,0.0,5.0,0.0,2.0,0,0,0,0.0,0.0,0,0.0,7.0,0,0.0,56.0,148.0,435.0,0.0027428571428571432,0.011471428571428572,0.04052857142857143,4,봄,2024,1. 봄 (3~5월)
2024-04-12,16.0,25.0,6.3,62.4,0.0,0.9,10.3,21.6,41.0,24.0,0.0385,0.0136,0.39,0.0027,18.7,2.5999999999999996,1.0,0.950438495288512,0.0,1,0,4.0,16.0,0,0,0.0,5.0,0.0,2.0,0,0,0,0.0,0.0,0,0.0,7.0,0,0.0,65.0,162.0,445.0,0.0027142857142857142,0.011899999999999999,0.03995714285714286,4,봄,2024,1. 봄 (3~5월)
2024-04-13,17.4,27.7,7.9,57.9,0.0,1.1,11.7,23.2,46.0,25.0,0.0407,0.0135,0.41,0.0028,19.799999999999997,1.3999999999999986,4.5,2.9297326385398574,0.0,0,0,3.0,16.0,0,0,0.0,5.0,0.0,2.0,0,0,0,0.0,0.0,0,0.0,7.0,0,0.0,71.0,192.0,443.0,0.002757142857142857,0.011985714285714285,0.0413,4,봄,2024,1. 봄 (3~5월)
2024-04-14,17.5,27.5,7.2,54.0,0.0,1.3,11.1,22.9,26.0,16.0,0.0421,0.009,0.34,0.0029,20.3,0.10000000000000142,3.8999999999999986,4.203569911395733,0.0,0,0,3.0,16.0,0,0,0.0,5.0,0.0,2.0,0,0,0,0.0,0.0,0,0.0,7.0,0,0.0,42.0,178.0,412.0,0.0027285714285714283,0.011471428571428573,0.041414285714285716,4,봄,2024,1. 봄 (3~5월)
2024-04-15,15.5,19.2,14.0,87.4,11.3,1.0,0.0,15.3,22.0,15.0,0.0326,0.0128,0.36,0.0031,5.199999999999999,2.0,33.400000000000006,18.262073631801165,11.30000000000003,1,0,4.0,17.0,1,0,1.0,6.0,0.0,2.0,1,0,0,0.0,0.0,1,1.0,8.0,1,0.0031,37.0,150.0,363.0,0.0027571428571428573,0.011271428571428571,0.03898571428571428,4,봄,2024,1. 봄 (3~5월)
2024-04-16,16.8,22.8,11.8,66.3,0.0,2.1,8.4,19.8,69.0,19.0,0.0246,0.0088,0.32,0.0025,11.0,1.3000000000000007,21.10000000000001,16.89210861122223,11.30000000000003,1,0,5.0,18.0,0,0,1.0,6.0,0.0,2.0,0,0,0,0.0,0.0,0,1.0,8.0,0,0.0,88.0,167.0,400.0,0.002785714285714286,0.011771428571428572,0.03528571428571429,4,봄,2024,1. 봄 (3~5월)
2024-04-17,15.3,24.5,7.2,60.0,0.0,1.3,10.6,20.2,214.0,50.0,0.0258,0.0103,0.38,0.0026,17.3,1.5,6.299999999999997,14.350725881756949,11.30000000000003,0,0,4.0,18.0,0,0,1.0,6.0,0.0,2.0,0,0,0,0.0,0.0,0,1.0,8.0,0,0.0,264.0,389.0,623.0,0.0027714285714285714,0.011871428571428573,0.03377142857142857,4,봄,2024,1. 봄 (3~5월)
2024-04-18,15.6,25.0,8.1,61.9,0.0,1.3,10.6,22.0,251.0,59.0,0.0248,0.0091,0.4,0.0027,16.9,0.29999999999999893,1.8999999999999986,3.2316146634965808,11.30000000000003,1,0,4.0,19.0,0,0,1.0,6.0,0.0,2.0,0,0,0,0.0,0.0,0,1.0,8.0,0,0.0,310.0,662.0,877.0,0.002757142857142857,0.011014285714285714,0.032728571428571426,4,봄,2024,1. 봄 (3~5월)
2024-04-19,18.3,27.9,7.4,55.0,0.0,1.2,10.5,23.5,144.0,40.0,0.0288,0.0117,0.37,0.0029,20.5,2.700000000000001,6.899999999999999,3.564173583500813,11.30000000000003,0,0,3.0,18.0,0,0,1.0,6.0,0.0,2.0,0,0,0,0.0,0.0,0,1.0,8.0,0,0.0,184.0,758.0,996.0,0.002785714285714286,0.010742857142857143,0.03134285714285714,4,봄,2024,1. 봄 (3~5월)
2024-04-20,14.5,15.9,13.2,84.1,1.3,2.0,0.0,14.9,68.0,28.0,0.0275,0.0081,0.38,0.0029,2.700000000000001,3.8000000000000007,29.099999999999994,15.205591076968824,12.60000000000003,1,0,4.0,18.0,1,0,2.0,7.0,0.0,2.0,1,0,0,0.0,0.0,1,2.0,8.0,1,0.0029,96.0,590.0,1021.0,0.0028,0.009971428571428572,0.029457142857142855,4,봄,2024,1. 봄 (3~5월)
2024-04-21,15.4,17.3,13.3,81.5,0.5,2.0,0.0,16.2,17.0,8.0,0.0305,0.0046,0.29,0.0025,4.0,0.9000000000000004,2.5999999999999943,16.102898289852334,13.10000000000003,1,0,5.0,18.0,1,0,3.0,8.0,0.0,2.0,2,0,0,0.0,0.0,1,3.0,8.0,2,0.0025,25.0,305.0,1004.0,0.0027428571428571432,0.009342857142857142,0.0278,4,봄,2024,1. 봄 (3~5월)
2024-04-22,14.7,17.6,12.6,70.5,0.0,1.7,0.0,16.7,28.0,13.0,0.0291,0.0058,0.29,0.0025,5.000000000000002,0.7000000000000011,11.0,7.219418259111839,1.8000000000000285,1,0,5.0,18.0,0,0,2.0,7.0,0.0,2.0,0,0,0,0.0,0.0,1,3.0,8.0,3,0.0025,41.0,162.0,1008.0,0.002657142857142857,0.008342857142857143,0.027299999999999998,4,봄,2024,1. 봄 (3~5월)
2024-04-23,13.8,17.7,10.5,72.5,5.2,3.2,4.0,18.3,21.0,9.0,0.0299,0.0044,0.27,0.0024,7.199999999999999,0.8999999999999986,2.0,5.859465277081985,7.000000000000028,1,0,5.0,18.0,0,0,2.0,6.0,0.0,2.0,0,0,0,0.0,0.0,1,4.0,8.0,4,0.0024,30.0,96.0,950.0,0.0026428571428571425,0.007714285714285714,0.02805714285714286,4,봄,2024,1. 봄 (3~5월)
2024-04-24,13.3,19.2,10.3,80.4,4.2,1.2,3.8,17.0,17.0,9.0,0.0242,0.0067,0.31,0.0024,8.899999999999999,0.5,7.900000000000006,5.23481932193742,11.200000000000028,1,0,6.0,18.0,1,0,3.0,6.0,0.0,2.0,1,0,0,0.0,0.0,1,5.0,8.0,5,0.0024,26.0,97.0,712.0,0.002614285714285714,0.0072,0.027828571428571428,4,봄,2024,1. 봄 (3~5월)
2024-04-25,17.1,25.5,10.4,63.4,0.0,2.0,11.5,19.3,55.0,16.0,0.0262,0.0084,0.32,0.0025,15.1,3.8000000000000007,17.000000000000007,8.507055894961264,11.200000000000028,1,0,6.0,18.0,0,0,3.0,5.0,0.0,1.0,0,0,0,0.0,0.0,0,5.0,7.0,0,0.0,71.0,127.0,473.0,0.002585714285714286,0.0071,0.02802857142857143,4,봄,2024,1. 봄 (3~5월)
2024-04-26,16.4,24.4,9.6,71.9,0.0,0.8,2.1,18.4,61.0,23.0,0.0289,0.0149,0.39,0.0029,14.799999999999999,0.7000000000000028,8.500000000000007,8.499999999999712,11.200000000000028,1,0,7.0,19.0,0,0,3.0,5.0,0.0,1.0,0,0,0,0.0,0.0,1,6.0,8.0,1,0.0029,84.0,181.0,373.0,0.002585714285714286,0.007557142857142857,0.028042857142857144,4,봄,2024,1. 봄 (3~5월)
2024-04-27,18.7,29.2,9.1,64.3,0.0,1.0,12.0,22.9,55.0,28.0,0.0515,0.0119,0.48,0.0031,20.1,2.3000000000000007,7.6000000000000085,4.669403959107239,9.900000000000027,1,0,7.0,19.0,0,0,2.0,5.0,0.0,1.0,0,0,0,0.0,0.0,0,5.0,8.0,0,0.0,83.0,238.0,360.0,0.0026142857142857144,0.0081,0.031471428571428574,4,봄,2024,1. 봄 (3~5월)
2024-04-28,17.0,26.7,9.5,69.8,0.0,2.1,11.1,21.9,54.0,27.0,0.0526,0.0073,0.4,0.0029,17.2,1.6999999999999993,5.5,3.924708057082356,9.400000000000027,1,0,7.0,20.0,0,0,1.0,5.0,0.0,1.0,0,0,0,0.0,0.0,0,4.0,8.0,0,0.0,81.0,248.0,416.0,0.002671428571428571,0.008485714285714286,0.034628571428571425,4,봄,2024,1. 봄 (3~5월)
2024-04-29,14.3,16.3,13.0,85.0,1.9,1.3,0.0,16.2,26.0,16.0,0.0509,0.0062,0.33,0.0025,3.3000000000000007,2.6999999999999993,15.200000000000003,10.722095566321391,11.300000000000027,1,0,7.0,21.0,1,0,2.0,6.0,0.0,1.0,1,0,0,0.0,0.0,1,4.0,9.0,1,0.0025,42.0,206.0,417.0,0.002671428571428571,0.008542857142857144,0.03774285714285714,4,봄,2024,1. 봄 (3~5월)
2024-04-30,16.1,22.9,12.8,78.9,0.0,1.8,3.0,21.8,22.0,15.0,0.0436,0.0055,0.32,0.0026,10.099999999999998,1.8000000000000007,6.099999999999994,7.649182962905082,6.100000000000028,1,0,7.0,21.0,1,0,3.0,7.0,0.0,1.0,2,0,0,0.0,0.0,1,4.0,10.0,2,0.0026,37.0,160.0,424.0,0.0027,0.008700000000000001,0.0397,4,봄,2024,1. 봄 (3~5월)
2024-05-01,12.4,17.9,7.1,72.0,1.6,2.1,5.6,17.3,20.0,11.0,0.0472,0.0057,0.29,0.0025,10.799999999999999,3.700000000000001,6.900000000000006,6.5041012702241146,3.5000000000000284,1,0,7.0,21.0,0,0,2.0,6.0,0.0,0.0,0,0,0,0.0,0.0,1,4.0,10.0,3,0.0025,31.0,110.0,429.0,0.0027142857142857142,0.008557142857142857,0.04298571428571429,5,봄,2024,1. 봄 (3~5월)
2024-05-02,13.8,23.6,4.2,63.3,0.0,1.1,12.3,21.1,22.0,14.0,0.0361,0.0091,0.4,0.0032,19.400000000000002,1.4000000000000004,8.700000000000003,7.81728853247691,3.5000000000000284,1,0,7.0,21.0,0,0,2.0,6.0,0.0,0.0,0,0,0,0.0,0.0,0,4.0,10.0,0,0.0,36.0,104.0,394.0,0.002814285714285714,0.008657142857142858,0.044399999999999995,5,봄,2024,1. 봄 (3~5월)
2024-05-03,17.0,27.9,6.6,58.6,0.0,1.2,12.3,23.8,30.0,19.0,0.0429,0.0129,0.46,0.0034,21.299999999999997,3.1999999999999993,4.699999999999996,6.798774399355057,3.5000000000000284,0,0,6.0,20.0,0,0,2.0,6.0,0.0,0.0,0,0,0,0.0,0.0,0,3.0,10.0,0,0.0,49.0,116.0,359.0,0.0028857142857142857,0.008371428571428571,0.0464,5,봄,2024,1. 봄 (3~5월)
2024-05-04,18.4,28.0,6.4,55.9,0.0,1.3,12.3,25.0,26.0,16.0,0.045,0.0098,0.33,0.0031,21.6,1.3999999999999986,2.700000000000003,3.744774136489914,3.5000000000000284,0,0,5.0,19.0,0,0,2.0,6.0,0.0,0.0,0,0,0,0.0,0.0,0,3.0,10.0,0,0.0,42.0,127.0,318.0,0.0028857142857142857,0.008071428571428571,0.04547142857142857,5,봄,2024,1. 봄 (3~5월)
2024-05-05,17.4,18.9,16.1,91.5,19.8,1.0,0.0,18.4,17.0,14.0,0.0287,0.0084,0.3,0.0029,2.799999999999997,1.0,35.6,19.82027581375515,23.30000000000003,1,0,5.0,20.0,1,0,3.0,7.0,0.0,0.0,1,0,0,0.0,0.0,1,4.0,11.0,1,0.0029,31.0,122.0,268.0,0.0028857142857142857,0.008228571428571429,0.042057142857142855,5,봄,2024,1. 봄 (3~5월)
2024-05-06,19.2,24.1,15.9,78.0,14.6,1.7,3.6,22.1,13.0,8.0,0.0396,0.005,0.32,0.0027,8.200000000000001,1.8000000000000007,13.5,17.972293491186086,36.00000000000003,1,0,5.0,21.0,1,0,3.0,8.0,0.0,0.0,2,0,0,0.0,0.0,1,4.0,12.0,2,0.0027,21.0,94.0,247.0,0.0029142857142857143,0.008057142857142858,0.04044285714285715,5,봄,2024,1. 봄 (3~5월)
2024-05-07,13.2,16.1,11.1,92.3,5.3,1.3,0.0,15.6,12.0,11.0,0.033,0.0069,0.34,0.0026,5.000000000000002,6.0,14.299999999999997,8.03513119577609,41.30000000000003,1,0,5.0,22.0,1,0,3.0,9.0,0.0,0.0,3,0,0,0.0,0.0,1,4.0,13.0,3,0.0026,23.0,75.0,233.0,0.002914285714285714,0.008257142857142857,0.03892857142857143,5,봄,2024,1. 봄 (3~5월)
2024-05-08,12.1,17.4,7.3,74.0,0.6,1.8,6.4,16.2,14.0,7.0,0.0347,0.0059,0.26,0.0026,10.099999999999998,1.0999999999999996,18.299999999999997,9.62098401065774,40.300000000000026,1,0,5.0,22.0,0,0,3.0,9.0,0.0,0.0,0,0,0,0.0,0.0,1,4.0,14.0,4,0.0026,21.0,65.0,223.0,0.002928571428571429,0.008285714285714287,0.037142857142857144,5,봄,2024,1. 봄 (3~5월)
2024-05-09,15.7,24.7,4.3,58.0,0.0,1.7,11.2,18.5,19.0,9.0,0.0353,0.0078,0.29,0.0028,20.4,3.5999999999999996,16.0,17.16284747159775,40.300000000000026,0,0,4.0,21.0,0,0,3.0,9.0,0.0,0.0,0,0,0,0.0,0.0,0,4.0,14.0,0,0.0,28.0,72.0,215.0,0.002871428571428571,0.0081,0.037028571428571425,5,봄,2024,1. 봄 (3~5월)
2024-05-10,19.6,28.1,12.2,44.6,0.0,1.9,12.3,22.0,34.0,18.0,0.0652,0.0088,0.31,0.0029,15.900000000000002,3.900000000000002,13.399999999999999,14.719148526097664,40.300000000000026,0,0,4.0,20.0,0,0,3.0,9.0,0.0,0.0,0,0,0,0.0,0.0,0,4.0,14.0,0,0.0,52.0,101.0,218.0,0.0028,0.007514285714285715,0.04021428571428571,5,봄,2024,1. 봄 (3~5월)
2024-05-11,19.8,25.3,11.3,67.1,3.7,2.3,5.6,22.5,17.0,9.0,0.0525,0.0042,0.23,0.0023,14.0,0.1999999999999993,22.499999999999993,11.318274308980236,44.00000000000003,1,0,5.0,21.0,0,0,3.0,9.0,0.0,0.0,0,0,0,0.0,0.0,0,4.0,14.0,0,0.0,26.0,106.0,202.0,0.0026857142857142856,0.006714285714285714,0.041285714285714294,5,봄,2024,1. 봄 (3~5월)
2024-05-12,18.3,24.3,12.4,64.0,4.5,2.4,6.7,20.1,97.0,23.0,0.0517,0.0044,0.26,0.0023,11.9,1.5,3.0999999999999943,12.194397620765155,28.700000000000028,1,0,5.0,22.0,0,0,2.0,9.0,0.0,0.0,0,0,0,0.0,0.0,0,3.0,14.0,0,0.0,120.0,198.0,291.0,0.0026000000000000003,0.0061428571428571435,0.044571428571428574,5,봄,2024,1. 봄 (3~5월)
2024-05-13,16.4,25.5,8.7,61.8,0.0,1.4,12.8,21.8,35.0,14.0,0.0374,0.0084,0.3,0.0024,16.8,1.9000000000000021,2.200000000000003,2.662705391137361,14.100000000000028,1,0,5.0,22.0,0,0,1.0,8.0,0.0,0.0,0,0,0,0.0,0.0,0,2.0,13.0,0,0.0,49.0,195.0,319.0,0.0025571428571428572,0.006628571428571428,0.04425714285714285,5,봄,2024,1. 봄 (3~5월)
2024-05-14,17.7,27.4,7.6,61.9,0.0,1.1,12.9,23.0,32.0,18.0,0.0413,0.0117,0.32,0.0024,19.799999999999997,1.3000000000000007,0.10000000000000142,1.2423096769020887,8.80000000000003,1,0,5.0,22.0,0,0,0.0,8.0,0.0,0.0,0,0,0,0.0,0.0,0,1.0,13.0,0,0.0,50.0,219.0,346.0,0.0025285714285714286,0.007314285714285715,0.04544285714285715,5,봄,2024,1. 봄 (3~5월)
2024-05-15,16.6,26.9,9.5,64.4,17.9,2.0,11.8,23.4,22.0,13.0,0.0474,0.0074,0.27,0.0023,17.4,1.0999999999999979,2.500000000000007,1.473091986262674,26.100000000000026,1,0,5.0,23.0,0,0,0.0,8.0,0.0,0.0,0,0,0,0.0,0.0,0,0.0,13.0,0,0.0,35.0,134.0,360.0,0.0024857142857142855,0.007528571428571428,0.04725714285714285,5,봄,2024,1. 봄 (3~5월)
2024-05-16,13.8,21.0,7.8,63.1,6.2,3.5,9.7,17.1,13.0,6.0,0.048,0.0059,0.26,0.0023,13.2,2.8000000000000007,1.3000000000000043,1.2503332888973366,32.300000000000026,1,0,6.0,23.0,0,0,0.0,8.0,0.0,0.0,0,0,0,0.0,0.0,0,0.0,13.0,0,0.0,19.0,104.0,351.0,0.002414285714285714,0.007257142857142857,0.04907142857142858,5,봄,2024,1. 봄 (3~5월)
2024-05-17,17.0,27.1,7.1,62.1,0.0,1.2,8.4,19.2,31.0,16.0,0.0496,0.0118,0.33,0.0026,20.0,3.1999999999999993,1.0,1.1532562594634033,32.300000000000026,1,0,7.0,24.0,0,0,0.0,8.0,0.0,0.0,0,0,0,0.0,0.0,0,0.0,13.0,0,0.0,47.0,101.0,346.0,0.0023714285714285708,0.007685714285714286,0.04684285714285714,5,봄,2024,1. 봄 (3~5월)
2024-05-18,19.3,28.8,9.5,58.0,0.0,1.3,12.8,23.4,22.0,13.0,0.0454,0.0099,0.31,0.0027,19.3,2.3000000000000007,4.100000000000001,2.702468007826153,28.600000000000026,0,0,6.0,23.0,0,0,0.0,7.0,0.0,0.0,0,0,0,0.0,0.0,0,0.0,12.0,0,0.0,35.0,101.0,355.0,0.0024285714285714284,0.008499999999999999,0.04582857142857143,5,봄,2024,1. 봄 (3~5월)
2024-05-19,20.0,30.2,10.7,59.3,0.0,1.4,12.7,25.2,23.0,13.0,0.0486,0.0072,0.29,0.0027,19.5,0.6999999999999993,1.2999999999999972,2.0952326839732955,24.100000000000026,0,0,5.0,22.0,0,0,0.0,6.0,0.0,0.0,0,0,0,0.0,0.0,0,0.0,11.0,0,0.0,36.0,118.0,271.0,0.0024857142857142855,0.0089,0.04538571428571429,5,봄,2024,1. 봄 (3~5월)
2024-05-20,18.9,28.5,11.4,65.0,0.0,1.8,9.8,23.9,23.0,13.0,0.0424,0.0074,0.29,0.0028,17.1,1.1000000000000014,5.700000000000003,3.7233497463069067,24.100000000000026,1,0,5.0,22.0,0,0,0.0,6.0,0.0,0.0,0,0,0,0.0,0.0,0,0.0,10.0,0,0.0,36.0,107.0,258.0,0.0025428571428571427,0.008757142857142857,0.046099999999999995,5,봄,2024,1. 봄 (3~5월)
2024-05-21,16.2,21.1,11.7,75.9,0.0,2.5,6.2,21.2,25.0,13.0,0.0468,0.0049,0.24,0.0023,9.400000000000002,2.6999999999999993,10.900000000000006,8.434650753488633,24.100000000000026,1,0,5.0,22.0,1,0,1.0,7.0,0.0,0.0,1,0,0,0.0,0.0,1,1.0,10.0,1,0.0023,38.0,110.0,246.0,0.0025285714285714286,0.007785714285714286,0.04688571428571429,5,봄,2024,1. 봄 (3~5월)
2024-05-22,19.8,29.2,9.2,65.4,0.0,1.1,12.7,24.5,29.0,16.0,0.0455,0.0097,0.29,0.0024,20.0,3.6000000000000014,10.5,6.1808845105961305,6.200000000000029,1,0,5.0,22.0,0,0,1.0,6.0,0.0,0.0,0,0,0,0.0,0.0,0,1.0,9.0,0,0.0,45.0,119.0,256.0,0.0025428571428571427,0.008114285714285715,0.04661428571428572,5,봄,2024,1. 봄 (3~5월)
2024-05-23,23.4,31.3,15.4,50.8,0.0,1.8,9.4,26.7,39.0,23.0,0.0548,0.0097,0.3,0.0027,15.9,3.599999999999998,14.600000000000009,12.605686547480275,0.0,0,1,4.0,21.0,0,0,1.0,6.0,0.0,0.0,0,0,0,0.0,0.0,0,1.0,9.0,0,0.0,62.0,145.0,299.0,0.0026000000000000003,0.008657142857142858,0.04758571428571429,5,봄,2024,1. 봄 (3~5월)
2024-05-24,19.2,23.2,13.9,61.9,0.0,2.6,11.5,24.9,29.0,16.0,0.0502,0.0064,0.26,0.0026,9.299999999999999,4.199999999999999,11.100000000000001,7.622554252566723,0.0,1,0,4.0,21.0,0,0,1.0,6.0,0.0,0.0,0,0,0,0.0,0.0,0,1.0,8.0,0,0.0,45.0,152.0,297.0,0.0026000000000000003,0.007885714285714286,0.04767142857142857,5,봄,2024,1. 봄 (3~5월)
2024-05-25,18.5,22.6,15.7,58.1,0.0,2.6,5.3,24.4,16.0,5.0,0.0466,0.0051,0.31,0.0027,6.900000000000002,0.6999999999999993,3.799999999999997,5.641217362708328,0.0,0,0,4.0,20.0,0,0,1.0,6.0,0.0,0.0,0,0,0,0.0,0.0,0,1.0,8.0,0,0.0,21.0,128.0,283.0,0.0026000000000000003,0.0072,0.047842857142857145,5,봄,2024,1. 봄 (3~5월)
2024-05-26,20.1,26.8,12.1,73.8,7.9,1.7,7.2,23.8,19.0,10.0,0.0396,0.0042,0.29,0.0022,14.700000000000001,1.6000000000000014,15.699999999999996,8.190848551889601,7.900000000000029,1,1,5.0,20.0,0,0,1.0,6.0,0.0,0.0,0,0,0,0.0,0.0,1,2.0,9.0,1,0.0022,29.0,95.0,276.0,0.0025285714285714286,0.006771428571428572,0.04655714285714285,5,봄,2024,1. 봄 (3~5월)
2024-05-27,20.7,24.4,17.4,56.5,0.5,3.1,9.1,22.2,17.0,5.0,0.0512,0.0044,0.27,0.002,7.0,0.5999999999999979,17.299999999999997,9.559811713626537,8.400000000000029,0,1,4.0,19.0,0,0,1.0,5.0,0.0,0.0,0,0,0,0.0,0.0,0,2.0,8.0,0,0.0,22.0,72.0,262.0,0.002414285714285714,0.006342857142857143,0.04781428571428571,5,봄,2024,1. 봄 (3~5월)
2024-05-28,17.4,24.1,11.2,63.8,0.0,1.8,4.9,20.7,14.0,6.0,0.0397,0.0066,0.26,0.002,12.900000000000002,3.3000000000000007,7.299999999999997,8.685044617040953,8.400000000000029,1,0,4.0,19.0,0,0,0.0,4.0,0.0,0.0,0,0,0,0.0,0.0,0,1.0,7.0,0,0.0,20.0,71.0,244.0,0.0023714285714285716,0.006585714285714286,0.0468,5,봄,2024,1. 봄 (3~5월)
2024-05-29,19.2,29.0,8.3,63.5,0.0,1.2,12.8,23.2,19.0,11.0,0.0356,0.0093,0.29,0.0022,20.7,1.8000000000000007,0.29999999999999716,4.13077878048726,8.400000000000029,1,0,4.0,19.0,0,0,0.0,4.0,0.0,0.0,0,0,0,0.0,0.0,0,1.0,6.0,0,0.0,30.0,72.0,229.0,0.002342857142857143,0.006528571428571428,0.045385714285714286,5,봄,2024,1. 봄 (3~5월)
2024-05-30,19.9,25.9,13.8,66.4,0.0,1.0,0.6,21.1,34.0,23.0,0.0511,0.0123,0.36,0.0024,12.099999999999998,0.6999999999999993,2.9000000000000057,1.5947831618515724,8.400000000000029,1,0,5.0,19.0,0,0,0.0,4.0,0.0,0.0,0,0,0,0.0,0.0,0,1.0,6.0,0,0.0,57.0,107.0,224.0,0.0023,0.006899999999999999,0.04485714285714286,5,봄,2024,1. 봄 (3~5월)
2024-05-31,22.1,29.2,16.9,52.3,0.0,1.6,10.2,26.2,22.0,16.0,0.0537,0.0085,0.31,0.0025,12.3,2.200000000000003,14.100000000000009,7.446028023941604,8.400000000000029,0,1,4.0,19.0,0,0,0.0,4.0,0.0,0.0,0,0,0,0.0,0.0,0,1.0,6.0,0,0.0,38.0,125.0,217.0,0.002285714285714286,0.0072,0.04535714285714286,5,봄,2024,1. 봄 (3~5월)
2024-06-01,20.3,27.2,16.2,63.3,0.0,2.3,7.9,26.5,18.0,10.0,0.0551,0.0042,0.28,0.0021,11.0,1.8000000000000007,11.0,7.40967835559167,8.400000000000029,1,1,5.0,20.0,0,0,0.0,4.0,0.0,0.0,0,0,0,0.0,0.0,0,1.0,6.0,0,0.0,28.0,123.0,224.0,0.0022,0.007071428571428571,0.046571428571428576,6,여름,2024,2. 여름 (6~8월)
2024-06-02,18.1,25.9,12.1,73.6,1.8,2.1,8.5,24.1,16.0,10.0,0.0375,0.0043,0.29,0.0022,13.799999999999999,2.1999999999999993,10.299999999999997,10.651916885393193,2.3000000000000282,1,0,5.0,20.0,0,0,0.0,3.0,0.0,0.0,0,0,0,0.0,0.0,1,1.0,6.0,1,0.0022,26.0,92.0,221.0,0.0022,0.0070857142857142855,0.046271428571428574,6,여름,2024,2. 여름 (6~8월)
2024-06-03,18.0,24.2,15.0,73.9,0.1,1.9,7.5,23.9,10.0,8.0,0.0373,0.0039,0.26,0.002,9.2,0.10000000000000142,0.30000000000001137,6.035174672975728,1.9000000000000286,1,0,6.0,20.0,0,0,0.0,2.0,0.0,0.0,0,0,0,0.0,0.0,1,2.0,6.0,2,0.002,18.0,72.0,217.0,0.0022,0.007014285714285714,0.04428571428571428,6,여름,2024,2. 여름 (6~8월)
2024-06-04,17.5,24.4,10.8,71.1,0.0,1.6,11.2,25.6,11.0,7.0,0.0365,0.0054,0.26,0.0019,13.599999999999998,0.5,2.8000000000000114,1.5373136743452143,1.9000000000000286,1,0,6.0,20.0,0,0,0.0,1.0,0.0,0.0,0,0,0,0.0,0.0,1,3.0,6.0,3,0.0019,18.0,62.0,215.0,0.0021857142857142856,0.006842857142857143,0.043828571428571425,6,여름,2024,2. 여름 (6~8월)
2024-06-05,19.4,27.4,10.6,62.5,0.0,1.5,12.2,27.2,16.0,9.0,0.0323,0.0088,0.36,0.0028,16.799999999999997,1.8999999999999986,8.599999999999994,5.940819247656598,1.9000000000000286,1,0,6.0,20.0,0,0,0.0,1.0,0.0,0.0,0,0,0,0.0,0.0,0,3.0,5.0,0,0.0,25.0,61.0,210.0,0.0022714285714285714,0.0067714285714285715,0.04335714285714286,6,여름,2024,2. 여름 (6~8월)
2024-06-06,20.8,27.4,14.0,64.8,0.0,1.0,3.8,25.9,21.0,11.0,0.0395,0.0098,0.48,0.0037,13.399999999999999,1.4000000000000021,2.299999999999997,4.452340208623515,1.9000000000000286,1,1,6.0,21.0,0,0,0.0,1.0,0.0,0.0,0,0,0,0.0,0.0,0,3.0,5.0,0,0.0,32.0,75.0,185.0,0.002457142857142857,0.006414285714285714,0.0417,6,여름,2024,2. 여름 (6~8월)
2024-06-07,22.5,29.5,14.5,62.5,0.0,1.1,9.2,29.5,30.0,21.0,0.0518,0.0089,0.36,0.0032,15.0,1.6999999999999993,2.299999999999997,1.3279056191327925,1.9000000000000286,1,1,7.0,22.0,0,0,0.0,1.0,0.0,0.0,0,0,0,0.0,0.0,0,3.0,5.0,0,0.0,51.0,108.0,198.0,0.0025571428571428577,0.0064714285714285716,0.04142857142857143,6,여름,2024,2. 여름 (6~8월)
2024-06-08,19.6,23.5,18.3,85.8,18.2,0.9,0.2,22.1,13.0,9.0,0.0424,0.0056,0.27,0.0026,5.199999999999999,2.8999999999999986,23.299999999999997,12.83991173386047,20.100000000000026,1,0,7.0,22.0,1,0,1.0,2.0,0.0,0.0,1,0,0,0.0,0.0,1,4.0,6.0,1,0.0026,22.0,105.0,192.0,0.0026285714285714285,0.006671428571428571,0.03961428571428571,6,여름,2024,2. 여름 (6~8월)
2024-06-09,22.1,28.2,18.3,79.3,1.5,1.1,7.4,27.9,12.0,6.0,0.0382,0.0051,0.28,0.0021,9.899999999999999,2.5,6.5,12.023449310964383,19.800000000000026,1,1,7.0,22.0,1,0,2.0,3.0,0.0,0.0,2,0,1,1.0,1.0,1,4.0,7.0,2,0.0021,18.0,91.0,184.0,0.0026142857142857144,0.0067857142857142855,0.039714285714285716,6,여름,2024,2. 여름 (6~8월)
2024-06-10,24.2,31.9,16.1,68.6,0.0,1.1,12.4,29.7,29.0,17.0,0.0411,0.0094,0.32,0.0022,15.799999999999997,2.099999999999998,10.700000000000003,8.685044617041267,19.700000000000028,1,1,7.0,22.0,0,0,2.0,3.0,0.0,0.0,0,0,0,1.0,1.0,0,3.0,7.0,0,0.0,46.0,86.0,212.0,0.0026428571428571434,0.007571428571428572,0.04025714285714286,6,여름,2024,2. 여름 (6~8월)
2024-06-11,25.9,33.6,17.7,62.0,0.0,1.4,12.6,31.8,42.0,25.0,0.0592,0.0096,0.38,0.0023,15.900000000000002,1.6999999999999993,6.599999999999994,8.730597535869311,19.700000000000028,1,1,7.0,22.0,0,0,2.0,3.0,0.0,0.0,0,0,0,1.0,1.0,0,2.0,7.0,0,0.0,67.0,131.0,261.0,0.0027,0.00817142857142857,0.0435,6,여름,2024,2. 여름 (6~8월)
2024-06-12,25.7,33.4,18.5,63.1,0.0,1.5,12.6,31.7,43.0,26.0,0.0605,0.0098,0.39,0.0027,14.899999999999999,0.1999999999999993,1.1000000000000014,3.536005279029546,19.700000000000028,1,1,7.0,22.0,0,0,2.0,3.0,0.0,0.0,0,0,0,1.0,1.0,0,2.0,7.0,0,0.0,69.0,182.0,305.0,0.0026857142857142856,0.008314285714285713,0.04752857142857143,6,여름,2024,2. 여름 (6~8월)
2024-06-13,25.6,33.5,18.3,62.0,0.0,1.4,12.3,33.7,43.0,32.0,0.0725,0.0103,0.44,0.0025,15.2,0.09999999999999787,1.1000000000000014,0.6350852961011537,19.700000000000028,1,1,7.0,22.0,0,0,2.0,3.0,0.0,0.0,0,0,0,1.0,1.0,0,2.0,7.0,0,0.0,75.0,211.0,348.0,0.0025142857142857146,0.008385714285714286,0.052242857142857146,6,여름,2024,2. 여름 (6~8월)
2024-06-14,25.8,34.2,16.7,59.4,0.0,1.3,10.8,33.4,38.0,33.0,0.0652,0.0096,0.38,0.0023,17.500000000000004,0.1999999999999993,2.6000000000000014,1.899999999997418,19.700000000000028,0,1,6.0,21.0,0,0,2.0,3.0,0.0,0.0,0,0,0,1.0,1.0,0,2.0,7.0,0,0.0,71.0,215.0,368.0,0.0023857142857142857,0.008485714285714286,0.054157142857142855,6,여름,2024,2. 여름 (6~8월)
2024-06-15,24.3,32.8,18.8,71.8,2.3,1.5,7.9,30.5,30.0,28.0,0.0508,0.0078,0.32,0.0018,13.999999999999996,1.5,12.399999999999999,6.5391130897080645,3.8000000000000282,1,1,6.0,22.0,0,0,1.0,3.0,0.0,0.0,0,0,0,1.0,1.0,1,2.0,8.0,1,0.0018,58.0,204.0,404.0,0.0022714285714285714,0.0088,0.05535714285714286,6,여름,2024,2. 여름 (6~8월)
2024-06-16,24.5,31.3,19.1,60.3,0.3,2.1,12.3,29.7,19.0,19.0,0.0507,0.0048,0.31,0.0016,12.2,0.1999999999999993,11.5,6.913995468130165,2.600000000000028,1,1,6.0,23.0,0,0,0.0,3.0,0.0,0.0,0,0,0,0.0,1.0,0,1.0,8.0,0,0.0,38.0,167.0,424.0,0.0021999999999999997,0.008757142857142857,0.05714285714285714,6,여름,2024,2. 여름 (6~8월)
2024-06-17,23.1,30.1,16.0,60.0,0.0,1.4,4.6,26.0,22.0,18.0,0.0489,0.0093,0.32,0.0019,14.100000000000001,1.3999999999999986,0.29999999999999716,6.7278030094024395,2.600000000000028,0,1,5.0,22.0,0,0,0.0,3.0,0.0,0.0,0,0,0,0.0,1.0,0,1.0,8.0,0,0.0,40.0,136.0,418.0,0.002157142857142857,0.008742857142857144,0.058257142857142855,6,여름,2024,2. 여름 (6~8월)
2024-06-18,26.3,34.8,17.1,51.4,0.0,1.5,12.9,34.6,29.0,22.0,0.062,0.0094,0.36,0.0021,17.699999999999996,3.1999999999999993,8.600000000000001,5.0540412872593,2.600000000000028,0,1,4.0,21.0,0,0,0.0,2.0,0.0,0.0,0,0,0,0.0,1.0,0,1.0,7.0,0,0.0,51.0,129.0,402.0,0.0021285714285714285,0.008714285714285714,0.05865714285714285,6,여름,2024,2. 여름 (6~8월)
2024-06-19,27.5,36.3,18.0,54.9,0.0,1.2,11.9,35.5,39.0,29.0,0.0742,0.011,0.39,0.0025,18.299999999999997,1.1999999999999993,3.5,4.324735059321079,2.600000000000028,0,1,3.0,20.0,0,0,0.0,2.0,0.0,0.0,0,0,0,0.0,1.0,0,1.0,7.0,0,0.0,68.0,159.0,401.0,0.0021,0.008885714285714285,0.06061428571428572,6,여름,2024,2. 여름 (6~8월)
2024-06-20,23.8,29.6,18.0,63.8,0.0,1.4,3.4,29.1,29.0,25.0,0.0507,0.0108,0.34,0.0033,11.600000000000001,3.6999999999999993,8.899999999999999,6.3929648833689106,2.600000000000028,1,1,3.0,21.0,0,0,0.0,2.0,0.0,0.0,0,0,0,0.0,1.0,0,1.0,7.0,0,0.0,54.0,173.0,380.0,0.002214285714285714,0.008957142857142856,0.057499999999999996,6,여름,2024,2. 여름 (6~8월)
2024-06-21,24.6,29.6,19.8,68.5,0.0,1.4,5.5,32.9,23.0,22.0,0.0489,0.0078,0.4,0.0026,9.8,0.8000000000000007,4.700000000000003,6.9072425757309555,2.600000000000028,1,1,4.0,21.0,0,0,0.0,2.0,0.0,0.0,0,0,0,0.0,1.0,0,1.0,7.0,0,0.0,45.0,167.0,354.0,0.002257142857142857,0.0087,0.05517142857142857,6,여름,2024,2. 여름 (6~8월)
2024-06-22,22.4,23.5,20.4,94.9,21.8,0.9,0.0,24.0,18.0,17.0,0.0247,0.0113,0.38,0.0019,3.1000000000000014,2.200000000000003,26.400000000000006,16.76434708938375,22.10000000000003,1,1,4.0,22.0,1,0,1.0,3.0,0.0,0.0,1,0,1,1.0,2.0,1,1.0,8.0,1,0.0019,35.0,134.0,331.0,0.0022714285714285714,0.0092,0.05144285714285714,6,여름,2024,2. 여름 (6~8월)
2024-06-23,24.2,29.4,21.7,88.5,0.0,1.3,1.8,25.4,21.0,17.0,0.0282,0.0076,0.45,0.0017,7.699999999999999,1.8000000000000007,6.400000000000006,13.771468089253696,21.80000000000003,1,1,4.0,22.0,1,0,2.0,4.0,0.0,0.0,2,0,1,2.0,3.0,1,2.0,8.0,2,0.0017,38.0,118.0,331.0,0.002285714285714286,0.0096,0.04822857142857143,6,여름,2024,2. 여름 (6~8월)
2024-06-24,24.8,31.2,20.0,75.5,0.0,1.4,5.2,27.5,36.0,27.0,0.0444,0.0083,0.4,0.0018,11.2,0.6000000000000014,13.0,9.885342685005941,21.80000000000003,1,1,5.0,23.0,1,0,3.0,5.0,0.0,0.0,3,0,1,3.0,4.0,1,3.0,9.0,3,0.0018,63.0,136.0,354.0,0.0022714285714285714,0.009457142857142857,0.04758571428571429,6,여름,2024,2. 여름 (6~8월)
2024-06-25,23.2,29.4,19.1,59.8,0.0,2.4,6.1,25.2,46.0,22.0,0.0514,0.0061,0.3,0.0018,10.299999999999997,1.6000000000000014,15.700000000000003,14.371151658791833,21.80000000000003,0,1,5.0,22.0,0,0,3.0,5.0,0.0,0.0,0,0,0,3.0,4.0,0,3.0,9.0,0,0.0,68.0,169.0,371.0,0.0022285714285714283,0.008985714285714286,0.046071428571428576,6,여름,2024,2. 여름 (6~8월)
2024-06-26,22.7,29.2,16.2,64.0,0.0,1.3,12.1,29.6,21.0,18.0,0.047,0.009,0.33,0.0021,13.0,0.5,4.200000000000003,8.127935367196578,21.80000000000003,1,1,6.0,22.0,0,0,3.0,5.0,0.0,0.0,0,0,0,3.0,4.0,0,3.0,9.0,0,0.0,39.0,170.0,342.0,0.0021714285714285715,0.0087,0.042185714285714285,6,여름,2024,2. 여름 (6~8월)
2024-06-27,21.0,25.5,15.6,76.8,0.5,0.8,0.2,24.0,34.0,28.0,0.0463,0.0132,0.39,0.0026,9.9,1.6999999999999993,12.799999999999997,8.855130339714098,22.30000000000003,1,1,6.0,22.0,1,0,4.0,6.0,0.0,0.0,1,0,1,4.0,5.0,1,4.0,10.0,1,0.0026,62.0,169.0,350.0,0.0020714285714285717,0.009042857142857142,0.041557142857142855,6,여름,2024,2. 여름 (6~8월)
2024-06-28,24.2,32.6,17.2,73.1,0.0,1.2,10.2,32.2,24.0,24.0,0.0572,0.0091,0.31,0.0022,15.400000000000002,3.1999999999999993,3.700000000000003,6.587108622149305,22.30000000000003,1,1,6.0,23.0,0,0,4.0,6.0,0.0,0.0,0,0,0,4.0,5.0,1,5.0,11.0,2,0.0022,48.0,149.0,353.0,0.0020142857142857146,0.009228571428571428,0.042742857142857145,6,여름,2024,2. 여름 (6~8월)
2024-06-29,23.7,30.0,19.7,86.5,19.9,1.3,6.8,27.6,13.0,16.0,0.0313,0.0075,0.29,0.0018,10.3,0.5,13.400000000000006,6.920260110718161,20.400000000000027,1,1,6.0,23.0,1,0,4.0,7.0,0.0,0.0,1,0,1,4.0,6.0,1,5.0,12.0,3,0.0018,29.0,139.0,347.0,0.002,0.008685714285714284,0.043685714285714286,6,여름,2024,2. 여름 (6~8월)
2024-06-30,25.2,29.3,22.9,92.1,32.6,1.5,0.2,25.9,6.0,10.0,0.0261,0.0045,0.25,0.0017,6.400000000000002,1.5,5.599999999999994,9.763196197967094,53.00000000000003,1,1,6.0,23.0,1,0,4.0,8.0,0.0,0.0,2,0,1,4.0,7.0,1,5.0,12.0,4,0.0017,16.0,93.0,325.0,0.002,0.008242857142857144,0.04338571428571429,6,여름,2024,2. 여름 (6~8월)
2024-07-01,26.8,31.9,22.7,72.4,0.0,1.4,10.1,29.5,16.0,17.0,0.0421,0.0054,0.3,0.0017,9.2,1.6000000000000014,19.69999999999999,10.151026220699674,53.00000000000003,1,1,6.0,23.0,0,0,3.0,8.0,0.0,0.0,0,0,0,3.0,7.0,1,5.0,12.0,5,0.0017,33.0,78.0,295.0,0.0019857142857142855,0.00782857142857143,0.043057142857142856,7,여름,2024,2. 여름 (6~8월)
2024-07-02,22.8,25.4,21.3,93.8,30.4,2.1,0.4,25.0,19.0,22.0,0.0364,0.0072,0.45,0.0018,4.099999999999998,4.0,21.39999999999999,11.894956914591994,83.40000000000003,1,1,7.0,23.0,1,0,4.0,9.0,0.0,0.0,1,0,1,4.0,8.0,1,6.0,12.0,6,0.0018,41.0,90.0,268.0,0.001985714285714286,0.007985714285714285,0.040914285714285716,7,여름,2024,2. 여름 (6~8월)
2024-07-03,27.3,32.6,22.6,76.4,7.9,2.0,5.7,27.9,15.0,16.0,0.0377,0.0055,0.31,0.0017,10.0,4.5,17.39999999999999,11.377756076368096,91.30000000000003,1,1,7.0,23.0,1,0,5.0,10.0,0.0,0.0,2,0,1,5.0,9.0,1,7.0,13.0,7,0.0017,31.0,105.0,260.0,0.0019285714285714286,0.007485714285714285,0.03958571428571429,7,여름,2024,2. 여름 (6~8월)
2024-07-04,28.0,34.1,20.8,69.4,0.0,1.6,10.8,30.9,24.0,23.0,0.0544,0.0061,0.35,0.0019,13.3,0.6999999999999993,7.0,12.563969648695062,90.80000000000003,1,1,7.0,23.0,0,0,4.0,10.0,0.0,0.0,0,0,0,4.0,9.0,0,6.0,13.0,0,0.0,47.0,119.0,245.0,0.0018285714285714283,0.0064714285714285716,0.04074285714285714,7,여름,2024,2. 여름 (6~8월)
2024-07-05,28.1,32.5,23.7,66.3,0.9,2.5,8.3,31.3,11.0,14.0,0.053,0.0048,0.31,0.0017,8.8,0.10000000000000142,3.1000000000000085,5.173973328110018,91.70000000000003,1,1,7.0,23.0,0,0,4.0,10.0,0.0,0.0,0,0,0,4.0,9.0,0,5.0,13.0,0,0.0,25.0,103.0,222.0,0.0017571428571428569,0.005857142857142857,0.04014285714285714,7,여름,2024,2. 여름 (6~8월)
2024-07-06,27.4,32.0,21.9,74.3,0.0,2.0,6.3,31.8,19.0,19.0,0.0333,0.0061,0.31,0.0019,10.100000000000001,0.7000000000000028,8.0,4.0336088060189415,71.80000000000004,1,1,7.0,23.0,0,0,3.0,9.0,0.0,0.0,0,0,0,3.0,9.0,1,5.0,13.0,1,0.0019,38.0,110.0,231.0,0.0017714285714285714,0.005657142857142858,0.040428571428571425,7,여름,2024,2. 여름 (6~8월)
2024-07-07,28.4,31.3,25.7,74.8,3.5,2.2,3.1,30.6,20.0,22.0,0.0424,0.0039,0.29,0.0018,5.600000000000001,1.0,0.5,4.769696007084124,42.700000000000024,1,1,7.0,23.0,0,0,2.0,8.0,0.0,0.0,0,0,0,2.0,8.0,1,5.0,13.0,2,0.0018,42.0,105.0,257.0,0.0017857142857142857,0.005571428571428572,0.04275714285714286,7,여름,2024,2. 여름 (6~8월)
2024-07-08,27.0,28.2,25.7,83.1,1.0,1.3,0.0,26.5,23.0,24.0,0.0333,0.0072,0.31,0.0018,2.5,1.3999999999999986,8.299999999999997,4.9426713425025826,43.700000000000024,1,1,7.0,23.0,1,0,3.0,9.0,0.0,0.0,1,0,1,3.0,9.0,1,5.0,14.0,3,0.0018,47.0,127.0,271.0,0.0018,0.005828571428571428,0.0415,7,여름,2024,2. 여름 (6~8월)
2024-07-09,23.7,26.5,22.0,97.6,158.8,1.0,0.0,24.3,7.0,10.0,0.0308,0.0087,0.28,0.0016,4.5,3.3000000000000007,14.5,11.539641819975712,172.10000000000002,1,1,7.0,23.0,1,1,3.0,10.0,1.0,1.0,2,1,1,3.0,10.0,1,5.0,15.0,4,0.0016,17.0,106.0,247.0,0.0017714285714285714,0.006042857142857142,0.0407,7,여름,2024,2. 여름 (6~8월)
2024-07-10,22.7,25.5,21.2,96.0,96.1,1.5,0.1,24.3,9.0,10.0,0.0294,0.0061,0.3,0.0015,4.300000000000001,1.0,1.5999999999999943,7.950052410728803,260.3,1,1,7.0,23.0,1,1,3.0,11.0,2.0,2.0,3,2,1,3.0,11.0,1,5.0,16.0,5,0.0015,19.0,83.0,235.0,0.0017428571428571428,0.0061285714285714285,0.03951428571428572,7,여름,2024,2. 여름 (6~8월)
2024-07-11,23.8,27.7,20.8,89.9,0.1,0.6,0.7,25.5,21.0,19.0,0.0334,0.0072,0.36,0.0015,6.899999999999999,1.1000000000000014,6.099999999999994,4.063249930782281,260.40000000000003,1,1,7.0,23.0,1,0,4.0,12.0,2.0,2.0,4,0,1,4.0,12.0,1,6.0,17.0,6,0.0015,40.0,76.0,228.0,0.0016857142857142856,0.006285714285714285,0.036514285714285714,7,여름,2024,2. 여름 (6~8월)
2024-07-12,25.6,31.7,20.6,79.9,0.0,1.1,6.2,30.6,36.0,30.0,0.0414,0.0092,0.48,0.0023,11.099999999999998,1.8000000000000007,10.0,8.128345465099299,259.50000000000006,1,1,7.0,24.0,1,0,5.0,13.0,2.0,2.0,5,0,1,5.0,13.0,1,7.0,18.0,7,0.0023,66.0,125.0,269.0,0.0017714285714285716,0.006914285714285714,0.03485714285714286,7,여름,2024,2. 여름 (6~8월)
2024-07-13,24.3,29.2,19.8,84.4,0.0,1.6,0.0,26.2,42.0,35.0,0.0428,0.0079,0.59,0.0027,9.399999999999999,1.3000000000000007,4.5,5.008326400438817,259.50000000000006,1,1,7.0,24.0,1,0,6.0,14.0,2.0,2.0,6,0,1,6.0,14.0,1,7.0,18.0,8,0.0027,77.0,183.0,308.0,0.0018857142857142857,0.007171428571428571,0.03621428571428571,7,여름,2024,2. 여름 (6~8월)
2024-07-14,23.0,24.5,21.9,94.3,2.8,1.5,0.0,25.1,15.0,14.0,0.0339,0.004,0.27,0.0017,2.6000000000000014,1.3000000000000007,9.899999999999991,7.366817494685171,258.8,1,1,7.0,24.0,1,0,7.0,15.0,2.0,2.0,7,0,1,7.0,15.0,1,7.0,19.0,9,0.0017,29.0,172.0,295.0,0.0018714285714285714,0.007185714285714286,0.034999999999999996,7,여름,2024,2. 여름 (6~8월)
2024-07-15,23.3,26.1,21.5,90.3,0.0,1.5,0.0,25.6,18.0,13.0,0.0335,0.0042,0.29,0.0017,4.600000000000001,0.3000000000000007,4.0,4.980294502670909,257.8,1,1,7.0,25.0,1,0,7.0,16.0,2.0,2.0,8,0,1,7.0,16.0,1,7.0,20.0,10,0.0017,31.0,137.0,279.0,0.0018571428571428573,0.006757142857142857,0.03502857142857143,7,여름,2024,2. 여름 (6~8월)
2024-07-16,24.3,28.1,21.8,89.9,19.6,1.2,0.0,26.0,14.0,13.0,0.0318,0.006,0.33,0.0018,6.300000000000001,1.0,0.3999999999999915,2.433105012119585,118.6,1,1,7.0,26.0,1,0,7.0,17.0,1.0,2.0,9,0,1,7.0,17.0,1,7.0,21.0,11,0.0018,27.0,87.0,289.0,0.0018857142857142857,0.006371428571428571,0.03517142857142857,7,여름,2024,2. 여름 (6~8월)
2024-07-17,26.4,30.1,22.3,81.6,0.2,1.2,0.0,26.4,20.0,14.0,0.0187,0.0068,0.24,0.0019,7.800000000000001,2.099999999999998,8.300000000000011,4.911551010967229,22.7,1,1,7.0,27.0,1,0,7.0,18.0,0.0,2.0,10,0,1,7.0,18.0,1,7.0,22.0,12,0.0019,34.0,92.0,304.0,0.001942857142857143,0.0064714285714285716,0.03364285714285714,7,여름,2024,2. 여름 (6~8월)
2024-07-18,27.2,29.1,24.9,80.4,2.0,1.7,0.0,26.5,20.0,15.0,0.0222,0.0051,0.22,0.0018,4.200000000000003,0.8000000000000007,1.1999999999999886,5.173329037798766,24.599999999999998,1,1,7.0,27.0,1,0,7.0,19.0,0.0,2.0,11,0,1,7.0,19.0,1,7.0,23.0,13,0.0018,35.0,96.0,299.0,0.001985714285714286,0.006171428571428572,0.032042857142857144,7,여름,2024,2. 여름 (6~8월)
2024-07-19,26.7,30.1,24.2,80.1,0.4,1.6,0.0,27.7,21.0,17.0,0.0389,0.0063,0.29,0.002,5.900000000000002,0.5,0.30000000000001137,0.793725393317653,25.0,1,1,7.0,27.0,1,0,7.0,20.0,0.0,2.0,12,0,1,7.0,20.0,1,7.0,24.0,14,0.002,38.0,107.0,271.0,0.0019428571428571427,0.005757142857142857,0.03168571428571428,7,여름,2024,2. 여름 (6~8월)
2024-07-20,26.2,30.9,22.1,83.8,15.0,1.5,0.0,27.0,22.0,17.0,0.0329,0.0059,0.28,0.002,8.799999999999997,0.5,3.700000000000003,2.055075018905853,40.0,1,1,7.0,27.0,1,0,7.0,20.0,0.0,2.0,13,0,1,7.0,20.0,1,7.0,24.0,15,0.002,39.0,112.0,233.0,0.0018428571428571428,0.005471428571428571,0.030271428571428567,7,여름,2024,2. 여름 (6~8월)
2024-07-21,29.0,33.2,25.6,73.5,0.4,2.2,6.7,28.8,16.0,12.0,0.0316,0.004,0.23,0.0019,7.600000000000001,2.8000000000000007,10.299999999999997,5.217598425840182,37.6,1,1,7.0,27.0,0,0,6.0,19.0,0.0,2.0,0,0,0,6.0,19.0,1,7.0,24.0,16,0.0019,28.0,105.0,232.0,0.0018714285714285714,0.0054714285714285715,0.029942857142857143,7,여름,2024,2. 여름 (6~8월)
2024-07-22,29.2,32.9,24.5,72.0,0.0,1.7,9.5,29.2,18.0,13.0,0.0241,0.0051,0.24,0.002,8.399999999999999,0.1999999999999993,1.5,6.423654204059316,37.6,1,1,7.0,27.0,0,0,5.0,18.0,0.0,2.0,0,0,0,5.0,18.0,1,7.0,24.0,17,0.002,31.0,98.0,232.0,0.001914285714285714,0.0056,0.028600000000000004,7,여름,2024,2. 여름 (6~8월)
2024-07-23,29.4,31.8,27.3,70.3,0.0,2.2,2.9,28.4,15.0,11.0,0.0201,0.0048,0.21,0.002,4.5,0.1999999999999993,1.7000000000000028,1.601041327801158,18.0,1,1,7.0,28.0,0,0,4.0,18.0,0.0,2.0,0,0,0,4.0,18.0,1,7.0,25.0,18,0.002,26.0,85.0,231.0,0.001942857142857143,0.0054285714285714284,0.02692857142857143,7,여름,2024,2. 여름 (6~8월)
2024-07-24,27.6,31.8,24.2,82.0,27.2,1.3,7.7,29.1,15.0,12.0,0.0187,0.0064,0.22,0.0018,7.600000000000001,1.7999999999999972,11.700000000000003,6.321655901211992,45.0,1,1,7.0,28.0,1,0,4.0,19.0,0.0,2.0,1,0,1,4.0,19.0,1,7.0,26.0,19,0.0018,27.0,84.0,224.0,0.0019285714285714286,0.005371428571428571,0.026928571428571434,7,여름,2024,2. 여름 (6~8월)
2024-07-25,28.7,33.7,24.0,79.1,0.0,1.0,9.4,30.2,21.0,13.0,0.0187,0.0068,0.23,0.002,9.700000000000003,1.0999999999999979,2.9000000000000057,6.092892033618297,43.0,1,1,7.0,28.0,1,0,4.0,19.0,0.0,2.0,2,0,1,4.0,19.0,1,7.0,26.0,20,0.002,34.0,87.0,223.0,0.0019571428571428574,0.005614285714285715,0.02642857142857143,7,여름,2024,2. 여름 (6~8월)
2024-07-26,28.9,33.8,24.8,75.6,0.0,1.2,7.3,30.2,19.0,13.0,0.0161,0.0056,0.22,0.0021,8.999999999999996,0.1999999999999993,3.5,3.2046840717918963,42.6,1,1,7.0,28.0,1,0,4.0,20.0,0.0,2.0,3,0,1,4.0,20.0,1,7.0,26.0,21,0.0021,32.0,93.0,217.0,0.0019714285714285715,0.005514285714285714,0.023171428571428572,7,여름,2024,2. 여름 (6~8월)
2024-07-27,29.0,33.0,25.3,75.8,0.0,1.5,6.9,29.6,17.0,11.0,0.0181,0.0045,0.2,0.0019,7.699999999999999,0.10000000000000142,0.20000000000000284,1.9655363983730194,27.6,1,1,7.0,28.0,1,0,4.0,20.0,0.0,2.0,4,0,1,4.0,20.0,1,7.0,26.0,22,0.0019,28.0,94.0,206.0,0.0019571428571428574,0.005314285714285715,0.02105714285714286,7,여름,2024,2. 여름 (6~8월)
2024-07-28,29.8,34.1,25.4,69.3,0.0,1.8,11.1,30.4,17.0,11.0,0.0181,0.0045,0.21,0.0019,8.700000000000003,0.8000000000000007,6.5,3.696394639825126,27.2,1,1,7.0,28.0,0,0,4.0,19.0,0.0,2.0,0,0,0,4.0,19.0,0,6.0,25.0,0,0.0,28.0,88.0,206.0,0.001957142857142857,0.005385714285714285,0.019128571428571432,7,여름,2024,2. 여름 (6~8월)
2024-07-29,29.7,34.9,25.4,68.3,0.0,2.5,11.8,31.4,14.0,10.0,0.0252,0.0042,0.19,0.0018,9.5,0.10000000000000142,1.0,4.072263907622765,27.2,1,1,7.0,28.0,0,0,4.0,19.0,0.0,2.0,0,0,0,4.0,19.0,0,5.0,24.0,0,0.0,24.0,80.0,199.0,0.0019285714285714284,0.005257142857142857,0.019285714285714288,7,여름,2024,2. 여름 (6~8월)
2024-07-30,29.2,34.3,23.7,70.0,0.0,2.1,12.1,32.0,14.0,11.0,0.0228,0.0042,0.2,0.0017,10.599999999999998,0.5,1.7000000000000028,0.8544003745276599,27.2,1,1,7.0,28.0,0,0,4.0,18.0,0.0,2.0,0,0,0,4.0,18.0,1,5.0,24.0,1,0.0017,25.0,77.0,198.0,0.0018857142857142857,0.005171428571428571,0.01967142857142857,7,여름,2024,2. 여름 (6~8월)
2024-07-31,29.7,35.3,25.2,70.9,0.0,1.8,12.7,32.8,15.0,12.0,0.0215,0.005,0.2,0.0017,10.099999999999998,0.5,0.9000000000000057,1.3203534880199894,0.0,1,1,7.0,28.0,0,0,3.0,17.0,0.0,2.0,0,0,0,3.0,17.0,1,5.0,24.0,2,0.0017,27.0,76.0,198.0,0.0018714285714285712,0.004971428571428571,0.020071428571428573,7,여름,2024,2. 여름 (6~8월)
2024-08-01,30.3,36.0,24.9,71.5,0.0,1.4,10.7,33.3,18.0,13.0,0.0278,0.0058,0.23,0.0018,11.100000000000001,0.6000000000000014,0.5999999999999943,0.7549834435228403,0.0,1,1,7.0,28.0,0,0,2.0,17.0,0.0,2.0,0,0,0,2.0,17.0,1,5.0,25.0,3,0.0018,31.0,83.0,195.0,0.0018428571428571426,0.004828571428571428,0.021371428571428572,8,여름,2024,2. 여름 (6~8월)
2024-08-02,31.0,36.8,25.4,73.1,10.9,1.4,10.9,34.2,23.0,17.0,0.0381,0.0058,0.26,0.002,11.399999999999999,0.6999999999999993,1.5999999999999943,1.137248140612813,10.9,1,1,7.0,28.0,0,0,1.0,17.0,0.0,2.0,0,0,0,1.0,17.0,1,5.0,26.0,4,0.002,40.0,98.0,203.0,0.0018285714285714283,0.004857142857142857,0.024514285714285714,8,여름,2024,2. 여름 (6~8월)
2024-08-03,30.9,35.9,26.9,75.0,0.0,1.5,10.6,31.6,24.0,20.0,0.0382,0.0056,0.3,0.0019,9.0,0.10000000000000142,1.9000000000000057,1.7521415467919486,10.9,1,1,7.0,28.0,1,0,1.0,18.0,0.0,2.0,1,0,0,0.0,17.0,1,5.0,26.0,5,0.0019,44.0,115.0,219.0,0.0018285714285714283,0.005014285714285714,0.027385714285714284,8,여름,2024,2. 여름 (6~8월)
2024-08-04,28.8,33.4,25.5,80.0,0.0,1.7,6.1,31.2,30.0,26.0,0.0396,0.0061,0.45,0.0025,7.899999999999999,2.099999999999998,5.0,3.564173583501355,10.9,1,1,7.0,28.0,1,0,2.0,19.0,0.0,2.0,2,0,1,1.0,18.0,1,6.0,26.0,6,0.0025,56.0,140.0,247.0,0.0019142857142857143,0.005242857142857142,0.030457142857142856,8,여름,2024,2. 여름 (6~8월)
2024-08-05,28.0,34.2,24.1,77.6,0.0,1.2,7.3,31.1,26.0,21.0,0.0475,0.0059,0.22,0.0023,10.100000000000001,0.8000000000000007,2.4000000000000057,2.5006665778006996,10.9,1,1,7.0,28.0,1,0,3.0,19.0,0.0,2.0,3,0,1,2.0,18.0,1,7.0,26.0,7,0.0023,47.0,147.0,270.0,0.0019857142857142855,0.005485714285714286,0.03364285714285714,8,여름,2024,2. 여름 (6~8월)
2024-08-06,27.8,35.9,22.7,79.1,1.8,1.3,7.5,31.3,21.0,16.0,0.0366,0.0074,0.25,0.0022,13.2,0.1999999999999993,1.5,1.2124355652968317,12.700000000000001,1,1,7.0,28.0,1,0,4.0,19.0,0.0,1.0,4,0,1,3.0,18.0,1,7.0,26.0,8,0.0022,37.0,140.0,282.0,0.002057142857142857,0.005942857142857144,0.035614285714285716,8,여름,2024,2. 여름 (6~8월)
2024-08-07,29.7,36.2,24.0,73.9,0.0,1.2,10.9,31.7,23.0,21.0,0.0393,0.0069,0.3,0.0021,12.200000000000003,1.8999999999999986,5.199999999999989,2.6764404221520106,12.700000000000001,1,1,7.0,28.0,0,0,4.0,18.0,0.0,0.0,0,0,0,3.0,17.0,1,7.0,26.0,9,0.0021,44.0,128.0,299.0,0.0021142857142857144,0.006214285714285714,0.038157142857142855,8,여름,2024,2. 여름 (6~8월)
2024-08-08,28.0,34.3,23.3,77.3,28.5,1.3,8.7,29.5,23.0,18.0,0.0419,0.0062,0.27,0.0019,10.999999999999996,1.6999999999999993,3.3999999999999915,2.640706976044332,41.2,1,1,7.0,28.0,1,0,5.0,18.0,0.0,0.0,1,0,1,4.0,17.0,1,7.0,26.0,10,0.0019,41.0,122.0,309.0,0.002128571428571429,0.006271428571428571,0.04017142857142857,8,여름,2024,2. 여름 (6~8월)
2024-08-09,27.8,33.9,23.1,75.6,0.0,1.2,10.1,30.0,27.0,22.0,0.0391,0.0079,0.33,0.0025,10.799999999999997,0.1999999999999993,1.7000000000000028,1.6999999999986695,30.300000000000004,1,1,7.0,28.0,1,0,6.0,18.0,0.0,0.0,2,0,1,5.0,17.0,1,7.0,26.0,11,0.0025,49.0,134.0,318.0,0.0022,0.006571428571428571,0.04031428571428571,8,여름,2024,2. 여름 (6~8월)
2024-08-10,27.4,33.7,22.1,73.6,0.0,1.3,10.5,30.9,24.0,17.0,0.0373,0.0063,0.37,0.0029,11.600000000000001,0.40000000000000213,2.0,1.852025917743986,30.300000000000004,1,1,7.0,28.0,0,0,5.0,17.0,0.0,0.0,0,0,0,5.0,16.0,1,7.0,26.0,12,0.0029,41.0,131.0,315.0,0.002342857142857143,0.006671428571428571,0.04018571428571428,8,여름,2024,2. 여름 (6~8월)
2024-08-11,27.5,34.1,22.4,74.0,0.0,1.2,11.6,31.5,21.0,17.0,0.0391,0.0052,0.34,0.0028,11.700000000000003,0.10000000000000142,0.4000000000000057,1.0583005244234933,30.300000000000004,1,1,7.0,28.0,0,0,4.0,16.0,0.0,0.0,0,0,0,4.0,15.0,1,7.0,26.0,13,0.0028,38.0,128.0,297.0,0.0023857142857142857,0.006542857142857142,0.04011428571428571,8,여름,2024,2. 여름 (6~8월)
2024-08-12,27.0,33.8,21.3,73.9,0.0,1.4,12.2,31.6,21.0,14.0,0.0364,0.0056,0.3,0.0024,12.499999999999996,0.5,0.09999999999999432,0.20816659993421865,30.300000000000004,1,1,7.0,28.0,0,0,3.0,15.0,0.0,0.0,0,0,0,3.0,14.0,1,7.0,26.0,14,0.0024,35.0,114.0,285.0,0.0024,0.0065,0.038528571428571426,8,여름,2024,2. 여름 (6~8월)
2024-08-13,26.6,32.4,21.1,74.8,0.0,1.5,11.6,31.6,18.0,12.0,0.0276,0.005,0.22,0.002,11.299999999999997,0.3999999999999986,0.8999999999999915,0.49328828622654,28.500000000000004,1,1,7.0,28.0,0,0,2.0,14.0,0.0,0.0,0,0,0,2.0,13.0,1,7.0,26.0,15,0.002,30.0,103.0,278.0,0.0023714285714285716,0.006157142857142857,0.03724285714285715,8,여름,2024,2. 여름 (6~8월)
2024-08-14,26.3,32.1,20.7,77.0,0.0,1.5,7.9,30.8,13.0,6.0,0.0207,0.0051,0.23,0.0017,11.400000000000002,0.3000000000000007,2.200000000000003,1.5947831618526382,28.500000000000004,1,1,7.0,28.0,1,0,3.0,14.0,0.0,0.0,1,0,1,3.0,13.0,1,7.0,26.0,16,0.0017,19.0,84.0,253.0,0.002314285714285714,0.005900000000000001,0.03458571428571429,8,여름,2024,2. 여름 (6~8월)
2024-08-15,26.5,32.6,21.5,78.0,0.0,1.5,6.7,30.8,8.0,4.0,0.0197,0.0044,0.24,0.0016,11.100000000000001,0.1999999999999993,1.0,1.6370705543732393,0.0,1,1,7.0,28.0,1,0,3.0,14.0,0.0,0.0,2,0,1,3.0,13.0,1,7.0,26.0,17,0.0016,12.0,61.0,224.0,0.002271428571428571,0.005642857142857144,0.031414285714285714,8,여름,2024,2. 여름 (6~8월)
2024-08-16,27.3,33.3,21.7,72.4,0.0,1.5,10.7,32.1,10.0,3.0,0.022,0.0049,0.26,0.0016,11.599999999999998,0.8000000000000007,5.599999999999994,2.9866369046128725,0.0,1,1,7.0,28.0,0,0,2.0,13.0,0.0,0.0,0,0,0,2.0,12.0,1,7.0,26.0,18,0.0016,13.0,44.0,188.0,0.002142857142857143,0.005214285714285714,0.028971428571428568,8,여름,2024,2. 여름 (6~8월)
2024-08-17,27.7,33.3,22.6,72.3,0.0,1.4,9.2,31.5,12.0,4.0,0.0235,0.004,0.26,0.0015,10.699999999999996,0.3999999999999986,0.10000000000000853,3.2624121954971126,0.0,1,1,7.0,28.0,0,0,2.0,12.0,0.0,0.0,0,0,0,2.0,11.0,1,7.0,26.0,19,0.0015,16.0,41.0,163.0,0.0019428571428571427,0.004885714285714286,0.027,8,여름,2024,2. 여름 (6~8월)
2024-08-18,27.4,32.9,22.2,73.1,0.0,1.6,11.0,32.4,12.0,5.0,0.0271,0.0047,0.34,0.0024,10.7,0.3000000000000007,0.7999999999999972,0.4358898943475688,0.0,1,1,7.0,28.0,0,0,2.0,12.0,0.0,0.0,0,0,0,2.0,11.0,1,7.0,26.0,20,0.0024,17.0,46.0,142.0,0.0018857142857142857,0.0048142857142857145,0.025285714285714283,8,여름,2024,2. 여름 (6~8월)
2024-08-19,28.3,34.4,22.5,75.6,0.0,1.2,6.1,30.5,20.0,12.0,0.0359,0.0062,0.31,0.0028,11.899999999999999,0.9000000000000021,2.5,1.721433511155194,0.0,1,1,7.0,28.0,1,0,3.0,13.0,0.0,0.0,1,0,1,3.0,12.0,1,7.0,26.0,21,0.0028,32.0,65.0,139.0,0.001942857142857143,0.0049,0.025214285714285717,8,여름,2024,2. 여름 (6~8월)
2024-08-20,28.7,33.2,25.7,77.5,0.3,1.5,2.4,30.1,13.0,6.0,0.0255,0.0059,0.26,0.0018,7.5000000000000036,0.3999999999999986,1.9000000000000057,2.206807649070365,0.30000000000000354,1,1,7.0,28.0,1,0,4.0,14.0,0.0,0.0,2,0,1,4.0,13.0,1,7.0,26.0,22,0.0018,19.0,68.0,128.0,0.001914285714285714,0.005028571428571429,0.024914285714285715,8,여름,2024,2. 여름 (6~8월)
2024-08-21,27.0,30.5,25.1,91.3,3.2,0.9,1.1,28.9,9.0,5.0,0.0162,0.0075,0.25,0.0017,5.399999999999999,1.6999999999999993,13.799999999999997,8.568741642349316,3.5000000000000036,1,1,7.0,28.0,1,0,4.0,14.0,0.0,0.0,3,0,1,4.0,13.0,1,7.0,26.0,23,0.0017,14.0,65.0,123.0,0.0019142857142857143,0.005371428571428571,0.024271428571428572,8,여름,2024,2. 여름 (6~8월)
2024-08-22,28.3,34.1,23.7,79.8,0.0,1.6,3.6,29.3,12.0,4.0,0.0204,0.0055,0.26,0.0017,10.400000000000002,1.3000000000000007,11.5,7.393465583427829,3.5000000000000036,1,1,7.0,28.0,1,0,4.0,14.0,0.0,0.0,4,0,1,4.0,13.0,1,7.0,26.0,24,0.0017,16.0,49.0,127.0,0.0019285714285714286,0.005528571428571429,0.02437142857142857,8,여름,2024,2. 여름 (6~8월)
2024-08-23,29.1,35.5,23.6,67.4,0.0,1.6,11.4,31.2,17.0,9.0,0.0473,0.0067,0.31,0.0017,11.899999999999999,0.8000000000000007,12.399999999999991,11.952823934116871,3.5000000000000036,1,1,7.0,28.0,0,0,4.0,13.0,0.0,0.0,0,0,0,4.0,12.0,0,6.0,25.0,0,0.0,26.0,56.0,140.0,0.0019428571428571427,0.0057857142857142855,0.027985714285714287,8,여름,2024,2. 여름 (6~8월)
2024-08-24,28.8,35.4,22.6,69.0,0.0,1.0,10.6,31.5,29.0,18.0,0.0437,0.0093,0.38,0.0019,12.799999999999997,0.3000000000000007,1.5999999999999943,6.7448745973018385,3.5000000000000036,1,1,7.0,28.0,0,0,4.0,12.0,0.0,0.0,0,0,0,4.0,11.0,0,5.0,24.0,0,0.0,47.0,89.0,171.0,0.0019999999999999996,0.006542857142857143,0.030871428571428574,8,여름,2024,2. 여름 (6~8월)
2024-08-25,27.4,34.4,23.3,82.0,11.6,1.1,8.2,31.3,32.0,23.0,0.0476,0.0066,0.46,0.002,11.099999999999998,1.4000000000000021,13.0,8.007496487666705,15.100000000000003,1,1,7.0,28.0,1,0,5.0,13.0,0.0,0.0,1,0,1,5.0,12.0,1,5.0,25.0,1,0.002,55.0,128.0,209.0,0.0019428571428571427,0.0068142857142857146,0.033800000000000004,8,여름,2024,2. 여름 (6~8월)
2024-08-26,27.7,33.6,23.9,80.4,0.0,1.0,6.1,29.7,32.0,24.0,0.0405,0.0082,0.41,0.002,9.700000000000003,0.3000000000000007,1.5999999999999943,7.088958550684982,15.100000000000003,1,1,7.0,28.0,1,0,5.0,14.0,0.0,0.0,2,0,1,5.0,13.0,1,5.0,26.0,2,0.002,56.0,158.0,233.0,0.0018285714285714283,0.0071,0.03445714285714286,8,여름,2024,2. 여름 (6~8월)
2024-08-27,25.5,30.0,23.3,83.1,0.0,1.9,0.9,27.6,19.0,11.0,0.0349,0.007,0.36,0.002,6.699999999999999,2.1999999999999993,2.6999999999999886,1.357694123627139,14.800000000000002,1,1,7.0,28.0,1,0,5.0,15.0,0.0,0.0,3,0,1,5.0,14.0,1,5.0,26.0,3,0.002,30.0,141.0,244.0,0.0018571428571428571,0.007257142857142857,0.0358,8,여름,2024,2. 여름 (6~8월)
2024-08-28,26.0,29.6,22.4,72.6,0.0,2.8,1.6,27.0,10.0,4.0,0.0476,0.0051,0.33,0.0017,7.200000000000003,0.5,10.5,5.452522352085953,11.600000000000003,1,1,7.0,28.0,0,0,4.0,15.0,0.0,0.0,0,0,0,4.0,14.0,1,5.0,26.0,4,0.0017,14.0,100.0,244.0,0.0018571428571428571,0.006914285714285714,0.04028571428571429,8,여름,2024,2. 여름 (6~8월)
2024-08-29,27.5,31.5,25.0,73.1,2.1,3.2,7.6,29.5,10.0,3.0,0.0334,0.0043,0.26,0.0017,6.5,1.5,0.5,5.923118547971934,13.700000000000003,1,1,7.0,28.0,0,0,3.0,15.0,0.0,0.0,0,0,0,3.0,14.0,1,5.0,26.0,5,0.0017,13.0,57.0,241.0,0.0018571428571428571,0.0067428571428571425,0.04214285714285714,8,여름,2024,2. 여름 (6~8월)
2024-08-30,28.0,34.6,23.5,68.3,0.0,1.8,7.7,32.2,9.0,2.0,0.0297,0.0039,0.24,0.0017,11.100000000000001,0.5,4.799999999999997,2.63881286440075,13.700000000000003,1,1,7.0,28.0,0,0,3.0,15.0,0.0,0.0,0,0,0,3.0,14.0,0,5.0,25.0,0,0.0,11.0,38.0,226.0,0.0018571428571428571,0.006342857142857142,0.03962857142857144,8,여름,2024,2. 여름 (6~8월)
2024-08-31,25.9,32.7,21.6,73.1,0.0,1.8,10.3,31.1,20.0,9.0,0.0386,0.0047,0.32,0.0019,11.100000000000001,2.1000000000000014,4.799999999999997,2.7712812921090544,13.700000000000003,1,1,7.0,28.0,0,0,3.0,14.0,0.0,0.0,0,0,0,3.0,14.0,1,6.0,25.0,1,0.0019,29.0,53.0,208.0,0.0018571428571428573,0.005685714285714286,0.0389,8,여름,2024,2. 여름 (6~8월)
2024-09-01,26.3,33.9,20.5,68.5,0.0,1.2,8.2,31.7,19.0,9.0,0.0367,0.0062,0.34,0.0018,13.399999999999999,0.40000000000000213,4.599999999999994,2.715388247254203,2.1000000000000036,1,1,7.0,28.0,0,0,2.0,13.0,0.0,0.0,0,0,0,2.0,13.0,0,5.0,24.0,0,0.0,28.0,68.0,181.0,0.0018285714285714288,0.005628571428571428,0.03734285714285714,9,가을,2024,3. 가을 (9~11월)
2024-09-02,25.5,31.0,20.2,74.6,0.0,1.2,3.0,29.2,26.0,15.0,0.0394,0.0081,0.36,0.002,10.8,0.8000000000000007,6.099999999999994,3.178574103796733,2.1000000000000036,1,1,7.0,28.0,0,0,1.0,12.0,0.0,0.0,0,0,0,1.0,12.0,1,5.0,24.0,1,0.002,41.0,98.0,166.0,0.0018285714285714288,0.005614285714285715,0.03718571428571429,9,가을,2024,3. 가을 (9~11월)
2024-09-03,24.5,28.7,19.5,65.3,0.0,2.0,4.6,30.6,12.0,2.0,0.0362,0.0047,0.3,0.0019,9.2,1.0,9.299999999999997,4.724757489366617,2.1000000000000036,1,1,7.0,28.0,0,0,0.0,11.0,0.0,0.0,0,0,0,0.0,11.0,0,4.0,23.0,0,0.0,14.0,83.0,150.0,0.0018142857142857142,0.005285714285714285,0.03737142857142857,9,가을,2024,3. 가을 (9~11월)
2024-09-04,23.7,30.5,17.4,70.9,0.0,1.4,10.5,31.9,14.0,4.0,0.0349,0.0072,0.35,0.0025,13.100000000000001,0.8000000000000007,5.6000000000000085,4.682235933112123,2.1000000000000036,1,1,7.0,28.0,0,0,0.0,11.0,0.0,0.0,0,0,0,0.0,11.0,1,4.0,23.0,1,0.0025,18.0,73.0,154.0,0.0019285714285714286,0.005585714285714286,0.03555714285714286,9,가을,2024,3. 가을 (9~11월)
2024-09-05,27.0,34.7,18.0,64.0,0.0,1.5,9.9,33.5,20.0,8.0,0.0447,0.0081,0.33,0.0022,16.700000000000003,3.3000000000000007,6.900000000000006,3.6665151483833465,0.0,1,1,7.0,28.0,0,0,0.0,10.0,0.0,0.0,0,0,0,0.0,10.0,0,3.0,22.0,0,0.0,28.0,60.0,169.0,0.002,0.0061285714285714285,0.03717142857142857,9,가을,2024,3. 가을 (9~11월)
2024-09-06,24.2,28.0,22.0,90.0,12.6,1.3,0.1,27.2,14.0,8.0,0.0358,0.0064,0.32,0.0019,6.0,2.8000000000000007,26.0,13.468605470995456,12.600000000000003,1,1,7.0,28.0,1,0,1.0,10.0,0.0,0.0,1,0,1,1.0,10.0,1,4.0,22.0,1,0.0019,22.0,68.0,180.0,0.0020285714285714286,0.0064857142857142865,0.03804285714285714,9,가을,2024,3. 가을 (9~11월)
2024-09-07,24.9,30.2,21.3,88.1,3.1,1.0,0.9,27.5,22.0,13.0,0.0323,0.0065,0.46,0.0023,8.899999999999999,0.6999999999999993,1.9000000000000057,14.493791774411495,15.700000000000003,1,1,7.0,28.0,1,0,2.0,11.0,0.0,0.0,2,0,1,2.0,11.0,1,4.0,22.0,2,0.0023,35.0,85.0,186.0,0.0020857142857142854,0.0067428571428571425,0.037142857142857144,9,가을,2024,3. 가을 (9~11월)
2024-09-08,26.1,31.1,23.9,83.1,0.4,1.5,5.4,29.2,21.0,9.0,0.0355,0.0048,0.4,0.0021,7.200000000000003,1.2000000000000028,5.0,3.564173583502187,16.100000000000005,1,1,7.0,28.0,1,0,3.0,12.0,0.0,0.0,3,0,1,3.0,12.0,1,5.0,22.0,3,0.0021,30.0,87.0,188.0,0.0021285714285714285,0.006542857142857143,0.03697142857142858,9,가을,2024,3. 가을 (9~11월)
2024-09-09,26.6,31.3,24.0,78.3,0.0,1.5,6.4,30.1,13.0,3.0,0.0378,0.006,0.33,0.0021,7.300000000000001,0.5,4.799999999999997,4.9003401242498486,16.100000000000005,1,1,7.0,28.0,1,0,4.0,13.0,0.0,0.0,4,0,1,4.0,13.0,1,5.0,22.0,4,0.0021,16.0,81.0,163.0,0.002142857142857143,0.006242857142857142,0.03674285714285714,9,가을,2024,3. 가을 (9~11월)
2024-09-10,27.5,34.6,21.7,74.4,0.0,0.9,9.9,30.6,17.0,10.0,0.0376,0.0086,0.32,0.0024,12.900000000000002,0.8999999999999986,3.8999999999999915,4.357751713899915,16.100000000000005,1,1,7.0,28.0,0,0,4.0,13.0,0.0,0.0,0,0,0,4.0,13.0,1,6.0,22.0,5,0.0024,27.0,73.0,176.0,0.002214285714285714,0.0068000000000000005,0.036942857142857145,9,가을,2024,3. 가을 (9~11월)
2024-09-11,26.4,32.2,23.8,86.4,61.5,1.0,0.8,30.2,23.0,15.0,0.0279,0.0104,0.33,0.0022,8.400000000000002,1.1000000000000014,12.0,6.121274377121006,77.60000000000001,1,1,7.0,28.0,1,0,5.0,13.0,0.0,0.0,1,0,1,5.0,13.0,1,6.0,22.0,6,0.0022,38.0,81.0,196.0,0.0021714285714285715,0.007257142857142857,0.035942857142857144,9,가을,2024,3. 가을 (9~11월)
2024-09-12,26.4,31.0,23.7,89.1,0.1,1.2,2.6,28.3,24.0,15.0,0.027,0.0073,0.38,0.0023,7.300000000000001,0.0,2.6999999999999886,7.82496006379583,77.7,1,1,7.0,28.0,1,0,6.0,13.0,0.0,0.0,2,0,1,6.0,13.0,1,7.0,22.0,7,0.0023,39.0,104.0,207.0,0.0021857142857142856,0.007142857142857143,0.033414285714285716,9,가을,2024,3. 가을 (9~11월)
2024-09-13,28.2,33.2,24.9,79.6,0.0,0.9,7.3,30.1,29.0,17.0,0.0346,0.0084,0.31,0.002,8.300000000000004,1.8000000000000007,9.5,4.895235779136057,65.10000000000001,1,1,7.0,28.0,1,0,6.0,14.0,0.0,0.0,3,0,1,6.0,14.0,1,7.0,22.0,8,0.002,46.0,123.0,231.0,0.0022,0.007428571428571428,0.03324285714285714,9,가을,2024,3. 가을 (9~11월)
2024-09-14,26.8,34.1,23.9,84.6,0.0,1.4,8.4,29.3,25.0,15.0,0.0294,0.0087,0.31,0.002,10.200000000000003,1.3999999999999986,5.0,4.752192476461102,62.00000000000001,1,1,7.0,28.0,1,0,6.0,15.0,0.0,0.0,4,0,1,6.0,15.0,1,7.0,22.0,9,0.002,40.0,125.0,236.0,0.002157142857142857,0.0077428571428571425,0.03282857142857143,9,가을,2024,3. 가을 (9~11월)
2024-09-15,26.0,29.2,23.5,82.9,0.0,1.7,0.1,27.5,13.0,4.0,0.0256,0.0051,0.26,0.0018,5.699999999999999,0.8000000000000007,1.6999999999999886,2.5423086620889648,61.60000000000001,1,1,7.0,28.0,1,0,6.0,16.0,0.0,0.0,5,0,1,6.0,16.0,1,7.0,22.0,10,0.0018,17.0,103.0,223.0,0.002114285714285714,0.007785714285714285,0.031414285714285714,9,가을,2024,3. 가을 (9~11월)
2024-09-16,25.2,28.4,23.6,84.6,0.0,1.4,0.1,27.3,6.0,2.0,0.0303,0.0039,0.24,0.0018,4.799999999999997,0.8000000000000007,1.6999999999999886,0.9814954576223534,61.60000000000001,1,1,7.0,28.0,1,0,6.0,16.0,0.0,0.0,6,0,1,6.0,16.0,1,7.0,22.0,11,0.0018,8.0,65.0,215.0,0.0020714285714285713,0.007485714285714285,0.030342857142857144,9,가을,2024,3. 가을 (9~11월)
2024-09-17,28.0,34.2,23.8,77.8,0.0,1.0,7.9,30.5,6.0,3.0,0.0246,0.0049,0.26,0.0019,10.400000000000002,2.8000000000000007,6.799999999999997,3.538832199092277,61.60000000000001,1,1,7.0,28.0,1,0,7.0,16.0,0.0,0.0,7,0,1,7.0,16.0,1,7.0,22.0,12,0.0019,9.0,34.0,197.0,0.002,0.006957142857142856,0.028485714285714288,9,가을,2024,3. 가을 (9~11월)
2024-09-18,27.9,34.8,24.4,81.9,0.0,1.2,8.0,31.4,15.0,7.0,0.0253,0.006,0.26,0.0022,10.399999999999999,0.10000000000000142,4.1000000000000085,3.4239353576450764,0.10000000000000711,1,1,7.0,28.0,1,0,7.0,16.0,0.0,0.0,8,0,1,7.0,16.0,1,7.0,22.0,13,0.0022,22.0,39.0,181.0,0.002,0.006328571428571428,0.028114285714285713,9,가을,2024,3. 가을 (9~11월)
2024-09-19,27.4,33.0,22.8,81.6,0.0,0.9,4.9,29.0,16.0,6.0,0.0308,0.0089,0.28,0.0025,10.2,0.5,0.30000000000001137,2.2854612955225626,0.0,1,1,7.0,28.0,1,0,7.0,16.0,0.0,0.0,9,0,1,7.0,16.0,1,7.0,22.0,14,0.0025,22.0,53.0,164.0,0.0020285714285714286,0.006557142857142857,0.028657142857142857,9,가을,2024,3. 가을 (9~11월)
2024-09-20,25.5,28.2,24.3,94.5,15.4,0.6,0.4,26.7,20.0,12.0,0.0095,0.0116,0.29,0.0023,3.8999999999999986,1.8999999999999986,12.900000000000006,7.362744053680047,15.400000000000007,1,1,7.0,28.0,1,0,7.0,17.0,0.0,0.0,10,0,1,7.0,17.0,1,7.0,23.0,15,0.0023,32.0,76.0,150.0,0.0020714285714285717,0.007014285714285713,0.02507142857142857,9,가을,2024,3. 가을 (9~11월)
2024-09-21,20.3,24.5,19.1,99.1,112.0,1.3,0.0,22.8,5.0,2.0,0.0327,0.0055,0.24,0.0019,5.399999999999999,5.199999999999999,4.599999999999994,9.072118458956377,127.4,1,1,7.0,28.0,1,1,7.0,18.0,1.0,1.0,11,1,1,7.0,18.0,1,7.0,24.0,16,0.0019,7.0,61.0,117.0,0.002057142857142857,0.006557142857142857,0.025542857142857145,9,가을,2024,3. 가을 (9~11월)
2024-09-22,21.2,24.8,19.2,78.4,0.0,1.8,1.4,23.3,7.0,2.0,0.0298,0.0037,0.23,0.0018,5.600000000000001,0.8999999999999986,20.69999999999999,10.869375940381138,127.4,1,1,7.0,28.0,1,0,7.0,18.0,1.0,1.0,12,0,1,7.0,18.0,1,7.0,24.0,17,0.0018,9.0,48.0,109.0,0.002057142857142857,0.006357142857142857,0.02614285714285714,9,가을,2024,3. 가을 (9~11월)
2024-09-23,18.7,23.4,13.6,65.0,0.0,2.3,9.7,21.6,12.0,3.0,0.0367,0.0056,0.25,0.0018,9.799999999999999,2.5,13.400000000000006,17.179736125253243,127.4,1,0,7.0,28.0,0,0,6.0,17.0,1.0,1.0,0,0,0,6.0,17.0,0,6.0,23.0,0,0.0,15.0,31.0,116.0,0.002057142857142857,0.0066,0.02705714285714286,9,가을,2024,3. 가을 (9~11월)
2024-09-24,18.5,25.4,12.0,81.1,0.0,1.2,6.8,21.4,15.0,4.0,0.024,0.008,0.24,0.0017,13.399999999999999,0.1999999999999993,16.099999999999994,8.622258018253001,127.4,1,0,7.0,28.0,1,0,6.0,17.0,1.0,1.0,1,0,0,5.0,16.0,1,6.0,23.0,1,0.0017,19.0,43.0,126.0,0.0020285714285714286,0.007042857142857142,0.02697142857142857,9,가을,2024,3. 가을 (9~11월)
2024-09-25,21.1,27.3,16.2,81.3,0.0,1.0,8.5,22.4,15.0,5.0,0.026,0.0089,0.29,0.0021,11.100000000000001,2.6000000000000014,0.20000000000000284,9.353608929177836,127.4,1,1,7.0,28.0,1,0,6.0,18.0,1.0,1.0,2,0,1,5.0,17.0,1,6.0,23.0,2,0.0021,20.0,54.0,124.0,0.002014285714285714,0.0074571428571428575,0.027071428571428573,9,가을,2024,3. 가을 (9~11월)
2024-09-26,22.2,29.0,15.6,78.0,0.0,0.8,9.6,24.4,16.0,6.0,0.0259,0.0097,0.29,0.002,13.4,1.0999999999999979,3.299999999999997,1.8502252115164588,127.4,1,1,7.0,28.0,1,0,6.0,19.0,1.0,1.0,3,0,1,5.0,18.0,1,6.0,23.0,3,0.002,22.0,61.0,124.0,0.0019428571428571427,0.007571428571428572,0.026371428571428573,9,가을,2024,3. 가을 (9~11월)
2024-09-27,22.1,27.8,18.9,85.0,0.0,1.1,6.0,24.5,19.0,8.0,0.0269,0.0088,0.34,0.0019,8.900000000000002,0.09999999999999787,7.0,3.501904243883867,112.0,1,1,7.0,28.0,1,0,6.0,20.0,1.0,1.0,4,0,1,5.0,19.0,1,6.0,24.0,4,0.0019,27.0,69.0,119.0,0.0018857142857142857,0.0071714285714285725,0.02885714285714286,9,가을,2024,3. 가을 (9~11월)
2024-09-28,20.6,25.2,17.1,87.3,0.3,1.4,3.2,22.8,11.0,3.0,0.029,0.0061,0.25,0.0018,8.099999999999998,1.5,2.299999999999997,4.843896503160746,0.3,1,1,7.0,28.0,1,0,6.0,21.0,0.0,1.0,5,0,1,5.0,20.0,1,6.0,24.0,5,0.0018,14.0,63.0,126.0,0.0018714285714285714,0.007257142857142857,0.02832857142857143,9,가을,2024,3. 가을 (9~11월)
2024-09-29,19.6,25.3,15.3,80.9,0.0,1.5,5.7,23.2,11.0,3.0,0.0294,0.0064,0.25,0.0019,10.0,1.0,6.3999999999999915,3.241913015489478,0.3,1,0,7.0,28.0,1,0,6.0,22.0,0.0,1.0,6,0,0,4.0,20.0,1,6.0,25.0,6,0.0019,14.0,55.0,131.0,0.0018857142857142857,0.007642857142857144,0.02827142857142857,9,가을,2024,3. 가을 (9~11월)
2024-09-30,19.6,26.9,12.8,81.5,0.0,0.9,9.2,22.7,16.0,6.0,0.027,0.0088,0.29,0.0021,14.099999999999998,0.0,0.5999999999999943,3.534590971149676,0.3,1,0,7.0,28.0,1,0,7.0,23.0,0.0,1.0,7,0,0,4.0,20.0,1,7.0,25.0,7,0.0021,22.0,50.0,138.0,0.0019285714285714286,0.008100000000000001,0.026885714285714284,9,가을,2024,3. 가을 (9~11월)
2024-10-01,20.0,28.7,15.6,72.8,0.0,2.0,4.5,22.6,16.0,6.0,0.0308,0.0081,0.29,0.002,13.1,0.3999999999999986,8.700000000000003,4.859012245302236,0.3,1,0,7.0,28.0,0,0,6.0,23.0,0.0,1.0,0,0,0,4.0,20.0,1,7.0,26.0,8,0.002,22.0,58.0,141.0,0.0019714285714285715,0.008114285714285715,0.027857142857142858,10,가을,2024,3. 가을 (9~11월)
2024-10-02,16.5,22.3,11.7,48.6,0.0,2.0,9.6,21.3,13.0,4.0,0.0363,0.0071,0.26,0.0019,10.600000000000001,3.5,24.199999999999996,17.04767823879032,0.3,0,0,6.0,27.0,0,0,5.0,23.0,0.0,1.0,0,0,0,3.0,20.0,0,6.0,25.0,0,0.0,17.0,61.0,138.0,0.0019428571428571427,0.007857142857142858,0.02932857142857143,10,가을,2024,3. 가을 (9~11월)
2024-10-03,16.9,20.6,12.9,70.3,5.2,2.1,0.1,19.1,14.0,3.0,0.0333,0.0056,0.24,0.0018,7.700000000000001,0.3999999999999986,21.699999999999996,13.30901949806934,5.5,1,0,6.0,27.0,0,0,4.0,23.0,0.0,1.0,0,0,0,2.0,20.0,1,6.0,26.0,1,0.0018,17.0,56.0,133.0,0.0019142857142857143,0.007271428571428572,0.030385714285714287,10,가을,2024,3. 가을 (9~11월)
2024-10-04,16.1,22.7,11.2,82.4,0.0,1.2,8.1,20.3,12.0,4.0,0.025,0.0081,0.27,0.0018,11.5,0.7999999999999972,12.100000000000009,17.12571166404455,5.5,1,0,6.0,27.0,1,0,4.0,23.0,0.0,1.0,1,0,0,1.0,19.0,1,6.0,26.0,2,0.0018,16.0,50.0,122.0,0.0019,0.007171428571428571,0.03011428571428571,10,가을,2024,3. 가을 (9~11월)
2024-10-05,15.5,23.7,8.6,81.0,0.0,0.9,6.9,19.1,15.0,7.0,0.0233,0.0082,0.3,0.0019,15.1,0.6000000000000014,1.4000000000000057,6.618912297348928,5.2,1,0,6.0,27.0,1,0,4.0,23.0,0.0,1.0,2,0,0,0.0,18.0,1,6.0,26.0,3,0.0019,22.0,55.0,130.0,0.001914285714285714,0.0074714285714285724,0.0293,10,가을,2024,3. 가을 (9~11월)
2024-10-06,17.5,21.9,13.0,86.5,2.6,0.7,0.8,19.9,11.0,3.0,0.0258,0.0064,0.25,0.0019,8.899999999999999,2.0,5.5,2.858321185591193,7.800000000000001,1,0,6.0,27.0,1,0,4.0,23.0,0.0,1.0,3,0,0,0.0,17.0,1,6.0,26.0,4,0.0019,14.0,52.0,130.0,0.0019142857142857143,0.007471428571428572,0.028785714285714286,10,가을,2024,3. 가을 (9~11월)
2024-10-07,16.7,19.0,14.5,86.1,1.9,1.2,0.2,19.7,14.0,7.0,0.0268,0.0085,0.28,0.0019,4.5,0.8000000000000007,0.4000000000000057,3.0664855018951847,9.7,1,0,6.0,27.0,1,0,4.0,23.0,0.0,1.0,4,0,0,0.0,16.0,1,6.0,26.0,5,0.0019,21.0,57.0,129.0,0.0018857142857142857,0.007428571428571429,0.028757142857142853,10,가을,2024,3. 가을 (9~11월)
2024-10-08,17.2,23.4,13.1,83.5,0.0,1.1,4.5,19.7,33.0,22.0,0.0297,0.0092,0.34,0.002,10.299999999999999,0.5,2.5999999999999943,1.6289055630495457,9.7,1,0,6.0,27.0,1,0,5.0,24.0,0.0,1.0,5,0,0,0.0,16.0,1,6.0,26.0,6,0.002,55.0,90.0,162.0,0.0018857142857142857,0.007585714285714287,0.028599999999999997,10,가을,2024,3. 가을 (9~11월)
2024-10-09,16.1,21.8,11.1,77.9,0.0,1.3,6.6,18.0,15.0,5.0,0.0278,0.0073,0.27,0.0019,10.700000000000001,1.0999999999999979,5.599999999999994,4.190465367951275,9.7,1,0,7.0,27.0,1,0,6.0,24.0,0.0,1.0,6,0,0,0.0,15.0,1,7.0,26.0,7,0.0019,20.0,96.0,165.0,0.0018857142857142857,0.007614285714285714,0.027385714285714288,10,가을,2024,3. 가을 (9~11월)
2024-10-10,15.7,24.0,9.2,80.0,0.0,0.9,9.3,19.0,17.0,7.0,0.0233,0.0101,0.28,0.0019,14.8,0.40000000000000213,2.0999999999999943,2.8290163190288267,4.5,1,0,7.0,27.0,1,0,7.0,24.0,0.0,1.0,7,0,0,0.0,14.0,1,7.0,26.0,8,0.0019,24.0,99.0,172.0,0.0019,0.008257142857142857,0.025957142857142856,10,가을,2024,3. 가을 (9~11월)
2024-10-11,16.2,24.4,10.2,81.1,0.0,0.8,8.1,19.3,22.0,12.0,0.0238,0.0105,0.34,0.002,14.2,0.5,1.0999999999999943,1.6258331197669205,4.5,1,0,7.0,27.0,1,0,7.0,24.0,0.0,1.0,8,0,0,0.0,13.0,1,7.0,26.0,9,0.002,34.0,78.0,190.0,0.0019285714285714286,0.0086,0.02578571428571429,10,가을,2024,3. 가을 (9~11월)
2024-10-12,15.8,24.8,10.3,79.3,0.0,0.7,7.8,19.4,27.0,17.0,0.0308,0.0099,0.37,0.002,14.5,0.3999999999999986,1.7999999999999972,0.9073771725866175,4.5,1,0,7.0,27.0,1,0,7.0,24.0,0.0,1.0,9,0,0,0.0,12.0,1,7.0,26.0,10,0.002,44.0,102.0,212.0,0.0019428571428571427,0.008842857142857142,0.026857142857142857,10,가을,2024,3. 가을 (9~11월)
2024-10-13,16.5,23.7,8.2,79.4,0.0,1.2,6.0,18.0,21.0,13.0,0.0296,0.0083,0.33,0.0022,15.5,0.6999999999999993,0.10000000000000853,1.0115993936985077,1.9,1,0,7.0,27.0,1,0,7.0,24.0,0.0,1.0,10,0,0,0.0,11.0,1,7.0,26.0,11,0.0022,34.0,112.0,232.0,0.001985714285714286,0.009114285714285715,0.0274,10,가을,2024,3. 가을 (9~11월)
2024-10-14,18.3,22.3,15.0,92.8,7.2,0.5,0.0,19.4,18.0,6.0,0.0205,0.0122,0.3,0.0022,7.300000000000001,1.8000000000000007,13.399999999999991,7.765522090196707,7.2,1,0,7.0,27.0,1,0,7.0,24.0,0.0,1.0,11,0,0,0.0,10.0,1,7.0,26.0,12,0.0022,24.0,102.0,235.0,0.0020285714285714286,0.009642857142857144,0.0265,10,가을,2024,3. 가을 (9~11월)
2024-10-15,18.9,21.9,17.2,96.1,6.1,1.0,0.0,20.1,15.0,7.0,0.0192,0.0104,0.3,0.002,4.699999999999999,0.5999999999999979,3.299999999999997,8.844395588921584,13.3,1,0,7.0,27.0,1,1,7.0,24.0,1.0,2.0,12,1,0,0.0,9.0,1,7.0,26.0,13,0.002,22.0,80.0,202.0,0.0020285714285714286,0.009814285714285715,0.025,10,가을,2024,3. 가을 (9~11월)
2024-10-16,18.4,24.6,15.3,86.1,0.0,0.9,5.0,20.5,25.0,12.0,0.0206,0.0116,0.35,0.0021,9.3,0.5,10.0,5.095422782589947,13.3,1,0,7.0,27.0,1,0,7.0,24.0,1.0,2.0,13,0,0,0.0,8.0,1,7.0,26.0,14,0.0021,37.0,83.0,219.0,0.002057142857142857,0.01042857142857143,0.02397142857142857,10,가을,2024,3. 가을 (9~11월)
2024-10-17,17.3,23.3,13.4,88.0,0.0,0.8,2.7,19.0,27.0,11.0,0.0195,0.0097,0.37,0.0023,9.9,1.0999999999999979,1.9000000000000057,5.310681061157401,13.3,1,0,7.0,27.0,1,0,7.0,24.0,1.0,2.0,14,0,0,0.0,7.0,1,7.0,26.0,15,0.0023,38.0,97.0,233.0,0.0021142857142857144,0.010371428571428571,0.02342857142857143,10,가을,2024,3. 가을 (9~11월)
2024-10-18,20.0,25.4,15.3,91.8,11.0,0.8,1.0,20.1,23.0,12.0,0.018,0.0127,0.37,0.0023,10.099999999999998,2.6999999999999993,3.799999999999997,2.902297940139027,24.3,1,0,7.0,27.0,1,0,7.0,24.0,1.0,2.0,15,0,1,1.0,7.0,1,7.0,26.0,16,0.0023,35.0,110.0,234.0,0.002157142857142857,0.010685714285714286,0.0226,10,가을,2024,3. 가을 (9~11월)
2024-10-19,16.5,20.7,12.8,86.3,12.6,2.1,0.6,18.8,12.0,3.0,0.0262,0.0067,0.31,0.0021,7.899999999999999,3.5,5.5,2.8160255680660864,36.9,1,0,7.0,27.0,1,0,7.0,24.0,1.0,1.0,16,0,0,1.0,6.0,1,7.0,26.0,17,0.0021,15.0,88.0,205.0,0.0021714285714285715,0.010228571428571429,0.021942857142857142,10,가을,2024,3. 가을 (9~11월)
2024-10-20,14.1,15.4,11.8,61.6,0.0,3.0,0.0,14.3,18.0,3.0,0.0362,0.0038,0.25,0.002,3.5999999999999996,2.4000000000000004,24.699999999999996,16.085086260259768,36.9,1,0,7.0,27.0,0,0,6.0,23.0,1.0,1.0,0,0,0,1.0,5.0,0,6.0,25.0,0,0.0,21.0,71.0,192.0,0.002142857142857143,0.009585714285714284,0.022885714285714287,10,가을,2024,3. 가을 (9~11월)
2024-10-21,15.0,17.9,12.0,83.3,2.6,0.8,0.0,16.8,22.0,5.0,0.0193,0.0104,0.28,0.0021,5.899999999999999,0.9000000000000004,21.699999999999996,13.47825409069474,32.300000000000004,1,0,7.0,27.0,1,0,6.0,24.0,1.0,1.0,1,0,0,1.0,5.0,1,6.0,26.0,1,0.0021,27.0,63.0,195.0,0.0021285714285714285,0.009328571428571427,0.022714285714285715,10,가을,2024,3. 가을 (9~11월)
2024-10-22,17.9,19.9,15.0,99.9,24.7,0.9,0.0,18.3,13.0,6.0,0.0114,0.0172,0.38,0.0022,4.899999999999999,2.8999999999999986,16.60000000000001,19.20650931325103,50.9,1,0,7.0,27.0,1,1,6.0,24.0,1.0,2.0,2,1,0,1.0,5.0,1,6.0,26.0,2,0.0022,19.0,67.0,192.0,0.002157142857142857,0.0103,0.0216,10,가을,2024,3. 가을 (9~11월)
2024-10-23,15.7,19.5,9.8,66.3,0.9,3.3,6.1,16.5,14.0,5.0,0.0367,0.0069,0.31,0.0021,9.7,2.1999999999999993,33.60000000000001,16.800396820710297,51.8,1,0,7.0,27.0,0,0,5.0,23.0,1.0,2.0,0,0,0,1.0,4.0,0,5.0,25.0,0,0.0,19.0,65.0,174.0,0.002157142857142857,0.009628571428571429,0.0239,10,가을,2024,3. 가을 (9~11월)
2024-10-24,12.8,19.9,6.7,74.1,0.0,1.3,9.1,14.1,23.0,12.0,0.0283,0.01,0.32,0.002,13.2,2.8999999999999986,7.799999999999997,17.58522106770335,51.8,1,0,7.0,27.0,0,0,4.0,22.0,1.0,2.0,0,0,0,1.0,3.0,1,5.0,25.0,1,0.002,35.0,73.0,171.0,0.002114285714285714,0.00967142857142857,0.025157142857142854,10,가을,2024,3. 가을 (9~11월)
2024-10-25,14.0,20.4,5.9,83.4,0.0,0.8,5.5,14.4,23.0,11.0,0.0163,0.011,0.34,0.002,14.499999999999998,1.1999999999999993,9.300000000000011,8.56095789032951,40.8,1,0,7.0,27.0,1,0,4.0,22.0,1.0,2.0,1,0,0,0.0,2.0,1,5.0,25.0,2,0.002,34.0,88.0,170.0,0.0020714285714285713,0.009428571428571427,0.024914285714285715,10,가을,2024,3. 가을 (9~11월)
2024-10-26,15.7,21.8,10.7,83.4,0.0,1.0,3.2,17.0,25.0,12.0,0.0217,0.009,0.33,0.002,11.100000000000001,1.6999999999999993,0.0,5.369357503463319,28.199999999999996,1,0,7.0,27.0,1,0,4.0,22.0,1.0,2.0,2,0,0,0.0,1.0,1,5.0,25.0,3,0.002,37.0,106.0,192.0,0.002057142857142857,0.009757142857142857,0.024271428571428572,10,가을,2024,3. 가을 (9~11월)
2024-10-27,13.8,18.5,9.3,94.5,3.6,0.6,0.4,15.3,24.0,13.0,0.0119,0.0117,0.35,0.002,9.2,1.8999999999999986,11.099999999999994,6.40858798800484,31.799999999999997,1,0,7.0,27.0,1,0,5.0,22.0,1.0,2.0,3,0,0,0.0,1.0,1,6.0,25.0,4,0.002,37.0,108.0,208.0,0.002057142857142857,0.010885714285714287,0.020799999999999996,10,가을,2024,3. 가을 (9~11월)
2024-10-28,13.9,15.9,10.6,90.8,1.4,1.0,0.9,15.5,25.0,16.0,0.0224,0.0098,0.34,0.002,5.300000000000001,0.09999999999999964,3.700000000000003,5.651843357112192,30.599999999999998,1,0,7.0,27.0,1,0,5.0,22.0,1.0,2.0,4,0,0,0.0,1.0,1,6.0,25.0,5,0.002,41.0,115.0,222.0,0.0020428571428571427,0.010799999999999999,0.021242857142857143,10,가을,2024,3. 가을 (9~11월)
2024-10-29,13.4,19.4,9.2,82.4,0.0,1.1,4.1,14.9,19.0,6.0,0.0217,0.0097,0.29,0.002,10.2,0.5,8.399999999999991,6.200268811376903,5.9,1,0,7.0,27.0,1,0,5.0,23.0,0.0,2.0,5,0,0,0.0,1.0,1,6.0,25.0,6,0.002,25.0,103.0,228.0,0.002014285714285714,0.009728571428571428,0.022714285714285715,10,가을,2024,3. 가을 (9~11월)
2024-10-30,12.6,21.4,6.9,83.6,0.0,0.7,6.9,15.1,24.0,11.0,0.018,0.0114,0.35,0.002,14.499999999999998,0.8000000000000007,1.1999999999999886,4.543126676640198,5.0,1,0,7.0,28.0,1,0,6.0,24.0,0.0,2.0,6,0,0,0.0,1.0,1,7.0,26.0,7,0.002,35.0,101.0,244.0,0.002,0.010371428571428571,0.020042857142857144,10,가을,2024,3. 가을 (9~11월)
2024-10-31,13.5,21.2,7.4,86.4,0.0,0.5,4.9,15.0,32.0,16.0,0.0159,0.0132,0.42,0.0023,13.799999999999999,0.9000000000000004,2.8000000000000114,2.052640575778708,5.0,1,0,7.0,28.0,1,0,7.0,25.0,0.0,2.0,7,0,0,0.0,1.0,1,7.0,26.0,8,0.0023,48.0,108.0,257.0,0.0020428571428571427,0.010828571428571429,0.018271428571428574,10,가을,2024,3. 가을 (9~11월)
2024-11-01,13.1,14.8,10.6,99.3,11.4,0.5,0.0,14.2,28.0,16.0,0.0076,0.0127,0.4,0.002,4.200000000000001,0.40000000000000036,12.899999999999991,8.373967598058469,16.4,1,0,7.0,28.0,1,1,7.0,25.0,1.0,3.0,8,1,0,0.0,1.0,1,7.0,26.0,9,0.002,44.0,127.0,267.0,0.0020428571428571427,0.01107142857142857,0.017028571428571428,11,가을,2024,3. 가을 (9~11월)
2024-11-02,15.6,21.0,11.0,87.6,19.0,1.2,1.5,16.6,21.0,11.0,0.0269,0.0084,0.35,0.0021,10.0,2.5,11.700000000000003,7.1267103210387175,35.4,1,0,7.0,28.0,1,0,7.0,25.0,1.0,3.0,9,0,0,0.0,1.0,1,7.0,26.0,10,0.0021,32.0,124.0,262.0,0.002057142857142857,0.010985714285714284,0.01777142857142857,11,가을,2024,3. 가을 (9~11월)
2024-11-03,13.0,20.6,7.8,86.1,0.0,0.6,6.5,14.8,25.0,13.0,0.0171,0.0092,0.38,0.0022,12.8,2.5999999999999996,1.5,7.227032586061848,31.799999999999997,1,0,7.0,28.0,1,0,7.0,25.0,1.0,3.0,10,0,0,0.0,1.0,1,7.0,26.0,11,0.0022,38.0,114.0,263.0,0.002085714285714286,0.010628571428571428,0.018514285714285712,11,가을,2024,3. 가을 (9~11월)
2024-11-04,13.0,21.2,8.4,82.0,0.0,1.1,3.5,14.5,29.0,15.0,0.0234,0.0107,0.38,0.0021,12.799999999999999,0.0,4.099999999999994,2.89885034683285,30.4,1,0,7.0,28.0,1,0,7.0,25.0,1.0,3.0,11,0,0,0.0,1.0,1,7.0,26.0,12,0.0021,44.0,114.0,266.0,0.0021000000000000003,0.010757142857142857,0.018657142857142855,11,가을,2024,3. 가을 (9~11월)
2024-11-05,11.3,17.5,6.9,68.1,0.0,1.7,3.8,12.6,29.0,14.0,0.032,0.0098,0.33,0.0022,10.6,1.6999999999999993,13.900000000000006,9.43415779671576,30.4,1,0,7.0,28.0,0,0,6.0,24.0,1.0,3.0,0,0,0,0.0,1.0,0,6.0,25.0,0,0.0,43.0,125.0,284.0,0.0021285714285714285,0.010771428571428572,0.020128571428571433,11,가을,2024,3. 가을 (9~11월)
2024-11-06,7.5,14.7,1.5,50.0,0.0,2.2,8.1,8.5,21.0,7.0,0.0256,0.0095,0.31,0.0022,13.2,3.8000000000000007,18.099999999999994,16.045871743224144,30.4,0,0,6.0,27.0,0,0,5.0,23.0,1.0,3.0,0,0,0,0.0,1.0,0,5.0,24.0,0,0.0,28.0,115.0,277.0,0.002157142857142857,0.010499999999999999,0.021214285714285717,11,가을,2024,3. 가을 (9~11월)
2024-11-07,8.2,18.0,-0.5,77.9,0.0,0.6,7.9,9.6,26.0,11.0,0.0252,0.0137,0.34,0.0021,18.5,0.6999999999999993,27.900000000000006,14.15426908509699,30.4,1,0,6.0,27.0,1,0,5.0,23.0,1.0,3.0,1,0,0,0.0,1.0,1,5.0,24.0,1,0.0021,37.0,108.0,266.0,0.0021285714285714285,0.01057142857142857,0.022542857142857146,11,가을,2024,3. 가을 (9~11월)
2024-11-08,10.4,19.2,4.7,85.6,0.0,0.6,5.7,12.0,27.0,13.0,0.0174,0.012,0.34,0.0021,14.5,2.200000000000001,7.699999999999989,18.730812404520325,19.0,1,0,6.0,27.0,1,0,5.0,23.0,0.0,3.0,2,0,0,0.0,1.0,1,5.0,24.0,2,0.0021,40.0,105.0,262.0,0.002142857142857143,0.010471428571428573,0.023942857142857148,11,가을,2024,3. 가을 (9~11월)
2024-11-09,10.8,18.3,5.4,89.4,0.0,0.5,2.1,12.2,23.0,12.0,0.014,0.0117,0.31,0.0019,12.9,0.40000000000000036,3.8000000000000114,5.859180830116058,0.0,1,0,6.0,27.0,1,0,5.0,23.0,0.0,3.0,3,0,0,0.0,1.0,1,5.0,24.0,3,0.0019,35.0,112.0,265.0,0.002114285714285714,0.010942857142857143,0.0221,11,가을,2024,3. 가을 (9~11월)
2024-11-10,11.5,17.1,7.7,93.3,0.0,0.2,0.0,12.5,29.0,14.0,0.0075,0.0125,0.37,0.002,9.400000000000002,0.6999999999999993,3.8999999999999915,3.850108223587081,0.0,1,0,6.0,27.0,1,0,5.0,23.0,0.0,3.0,4,0,0,0.0,1.0,1,5.0,24.0,4,0.002,43.0,118.0,270.0,0.002085714285714286,0.011414285714285714,0.02072857142857143,11,가을,2024,3. 가을 (9~11월)
2024-11-11,12.3,20.7,8.0,87.9,0.0,0.6,4.0,14.1,27.0,13.0,0.0169,0.0145,0.37,0.002,12.7,0.8000000000000007,5.3999999999999915,2.787471972953177,0.0,1,0,6.0,27.0,1,0,5.0,23.0,0.0,3.0,5,0,0,0.0,1.0,1,5.0,24.0,5,0.002,40.0,118.0,266.0,0.0020714285714285717,0.011957142857142859,0.0198,11,가을,2024,3. 가을 (9~11월)
2024-11-12,12.0,20.6,6.3,76.8,0.0,1.1,6.8,12.4,32.0,17.0,0.0188,0.0145,0.34,0.002,14.3,0.3000000000000007,11.100000000000009,8.412490713219212,0.0,1,0,6.0,27.0,1,0,6.0,23.0,0.0,2.0,6,0,0,0.0,1.0,1,6.0,24.0,6,0.002,49.0,132.0,272.0,0.0020428571428571427,0.01262857142857143,0.017914285714285716,11,가을,2024,3. 가을 (9~11월)
2024-11-13,11.2,19.3,5.1,80.6,0.0,0.9,4.0,12.0,35.0,16.0,0.0157,0.0153,0.33,0.0023,14.200000000000001,0.8000000000000007,3.799999999999997,5.6412173627092965,0.0,1,0,7.0,27.0,1,0,7.0,23.0,0.0,2.0,7,0,0,0.0,1.0,1,7.0,24.0,7,0.0023,51.0,140.0,295.0,0.002057142857142857,0.013457142857142857,0.0165,11,가을,2024,3. 가을 (9~11월)
2024-11-14,11.8,18.8,5.5,87.4,0.0,0.3,1.6,12.7,36.0,17.0,0.0101,0.0171,0.39,0.0022,13.3,0.6000000000000014,6.800000000000011,5.370288632838975,0.0,1,0,7.0,27.0,1,0,7.0,23.0,0.0,2.0,8,0,0,0.0,1.0,1,7.0,24.0,8,0.0022,53.0,153.0,311.0,0.0020714285714285717,0.013942857142857144,0.014342857142857143,11,가을,2024,3. 가을 (9~11월)
2024-11-15,14.1,17.6,11.4,89.5,0.2,0.3,0.1,14.3,36.0,20.0,0.0112,0.0152,0.36,0.0021,6.200000000000001,2.299999999999999,2.0999999999999943,4.652239604032971,0.2,1,0,7.0,27.0,1,0,7.0,23.0,0.0,2.0,9,0,0,0.0,0.0,1,7.0,24.0,9,0.0021,56.0,160.0,327.0,0.0020714285714285717,0.014400000000000001,0.013457142857142858,11,가을,2024,3. 가을 (9~11월)
2024-11-16,15.2,22.4,10.1,82.9,0.0,0.5,6.4,14.6,29.0,13.0,0.02,0.0131,0.31,0.0021,12.299999999999999,1.0999999999999996,6.599999999999994,3.371943060017395,0.2,1,0,7.0,27.0,1,0,7.0,23.0,0.0,2.0,10,0,0,0.0,0.0,1,7.0,24.0,10,0.0021,42.0,151.0,334.0,0.0021,0.014600000000000002,0.014314285714285715,11,가을,2024,3. 가을 (9~11월)
2024-11-17,11.7,16.2,5.8,59.6,0.0,2.6,0.0,11.2,25.0,12.0,0.0281,0.0072,0.29,0.0019,10.399999999999999,3.5,23.300000000000004,15.708065868633623,0.2,0,0,6.0,26.0,0,0,6.0,23.0,0.0,2.0,0,0,0,0.0,0.0,0,6.0,24.0,0,0.0,37.0,135.0,328.0,0.002085714285714286,0.013842857142857143,0.017257142857142856,11,가을,2024,3. 가을 (9~11월)
2024-11-18,4.1,9.7,-0.3,47.8,0.0,1.4,7.5,6.3,23.0,9.0,0.024,0.0099,0.24,0.0019,10.0,7.6,11.800000000000004,17.861224295476852,0.2,0,0,5.0,25.0,0,0,5.0,22.0,0.0,2.0,0,0,0,0.0,0.0,0,5.0,23.0,0,0.0,32.0,111.0,320.0,0.0020714285714285713,0.013185714285714285,0.018271428571428574,11,가을,2024,3. 가을 (9~11월)
2024-11-19,6.0,13.2,-1.3,76.5,0.0,0.7,2.1,8.1,22.0,10.0,0.017,0.0147,0.29,0.0021,14.5,1.9000000000000004,28.700000000000003,14.425324953012293,0.2,1,0,5.0,25.0,1,0,5.0,22.0,0.0,1.0,1,0,0,0.0,0.0,1,5.0,23.0,1,0.0021,32.0,101.0,303.0,0.002085714285714286,0.013214285714285715,0.018014285714285712,11,가을,2024,3. 가을 (9~11월)
2024-11-20,7.1,14.0,0.5,70.0,0.0,1.1,2.1,8.4,35.0,19.0,0.0193,0.0135,0.32,0.002,13.5,1.0999999999999996,6.5,15.048698725581977,0.2,1,0,5.0,25.0,0,0,4.0,22.0,0.0,1.0,0,0,0,0.0,0.0,1,5.0,24.0,2,0.002,54.0,118.0,306.0,0.0020428571428571427,0.012957142857142858,0.01852857142857143,11,가을,2024,3. 가을 (9~11월)
2024-11-21,7.5,15.6,1.7,75.9,0.0,1.2,2.1,8.4,55.0,34.0,0.0183,0.019,0.4,0.0021,13.9,0.40000000000000036,5.900000000000006,3.5921210076127768,0.2,1,0,5.0,25.0,1,0,4.0,23.0,0.0,1.0,1,0,0,0.0,0.0,1,5.0,24.0,3,0.0021,89.0,175.0,342.0,0.0020285714285714286,0.013228571428571428,0.0197,11,가을,2024,3. 가을 (9~11월)
2024-11-22,7.0,13.7,0.5,61.6,0.0,1.6,2.1,7.5,38.0,23.0,0.0207,0.0148,0.34,0.002,13.2,0.5,14.300000000000004,7.186329614854348,0.0,1,0,5.0,25.0,0,0,3.0,22.0,0.0,1.0,0,0,0,0.0,0.0,0,4.0,23.0,0,0.0,61.0,204.0,347.0,0.002014285714285714,0.013171428571428572,0.021057142857142858,11,가을,2024,3. 가을 (9~11월)
2024-11-23,4.3,12.4,-2.5,80.0,0.0,0.9,2.1,6.6,25.0,14.0,0.0161,0.0119,0.28,0.0018,14.9,2.7,18.4,9.659710140578726,0.0,1,0,5.0,25.0,1,0,3.0,22.0,0.0,1.0,1,0,0,0.0,0.0,1,4.0,23.0,1,0.0018,39.0,189.0,344.0,0.0019714285714285715,0.013,0.020499999999999997,11,가을,2024,3. 가을 (9~11월)
2024-11-24,5.9,14.1,0.6,81.5,0.0,0.4,2.1,7.8,20.0,9.0,0.0152,0.0124,0.3,0.0018,13.5,1.6000000000000005,1.5,11.081666541334512,0.0,1,0,6.0,25.0,1,0,4.0,22.0,0.0,1.0,2,0,0,0.0,0.0,1,5.0,23.0,2,0.0018,29.0,129.0,336.0,0.0019571428571428574,0.013742857142857142,0.01865714285714286,11,가을,2024,3. 가을 (9~11월)
2024-11-25,7.9,15.5,-0.1,78.5,0.0,0.9,2.1,7.8,27.0,12.0,0.0084,0.0128,0.35,0.0019,15.6,2.0,3.0,1.4999999999998728,0.0,1,0,7.0,25.0,1,0,5.0,22.0,0.0,1.0,3,0,0,0.0,0.0,1,6.0,23.0,3,0.0019,39.0,107.0,343.0,0.0019571428571428574,0.014157142857142858,0.016428571428571428,11,가을,2024,3. 가을 (9~11월)
2024-11-26,9.1,12.7,5.5,69.4,13.0,2.8,2.0,9.1,23.0,6.0,0.0378,0.0047,0.19,0.0017,7.199999999999999,1.1999999999999993,9.099999999999994,6.301058112200898,13.0,1,0,7.0,25.0,0,0,4.0,21.0,0.0,1.0,0,0,0,0.0,0.0,0,5.0,22.0,0,0.0,29.0,97.0,340.0,0.0019,0.012728571428571428,0.0194,11,가을,2024,3. 가을 (9~11월)
2024-11-27,4.1,7.2,1.8,72.8,0.5,2.5,1.5,5.6,16.0,8.0,0.0305,0.0072,0.21,0.0017,5.4,5.0,3.3999999999999915,4.598188048931085,13.5,1,0,7.0,25.0,0,0,4.0,20.0,0.0,1.0,0,0,0,0.0,0.0,1,5.0,22.0,1,0.0017,24.0,92.0,310.0,0.0018571428571428571,0.011828571428571428,0.021,11,가을,2024,3. 가을 (9~11월)
2024-11-28,5.0,9.0,1.2,63.3,0.0,3.4,3.5,4.8,21.0,9.0,0.0301,0.0071,0.22,0.0017,7.8,0.9000000000000004,9.5,4.8135226186234235,13.5,1,0,7.0,25.0,0,0,3.0,19.0,0.0,1.0,0,0,0,0.0,0.0,0,4.0,21.0,0,0.0,30.0,83.0,251.0,0.0018,0.01012857142857143,0.022685714285714285,11,가을,2024,3. 가을 (9~11월)
2024-11-29,4.4,7.1,1.3,59.9,0.0,3.7,4.6,4.2,20.0,10.0,0.0298,0.0062,0.24,0.0019,5.8,0.5999999999999996,3.3999999999999986,6.686055139866303,13.5,0,0,6.0,24.0,0,0,3.0,18.0,0.0,0.0,0,0,0,0.0,0.0,0,4.0,20.0,0,0.0,30.0,84.0,220.0,0.0017857142857142857,0.0089,0.023985714285714284,11,가을,2024,3. 가을 (9~11월)
2024-11-30,7.2,12.1,2.9,55.4,0.0,3.1,6.6,5.2,19.0,6.0,0.0301,0.0077,0.23,0.0023,9.2,2.8,4.5,3.9627431576286365,13.5,0,0,5.0,23.0,0,0,2.0,17.0,0.0,0.0,0,0,0,0.0,0.0,0,3.0,19.0,0,0.0,25.0,85.0,206.0,0.0018571428571428573,0.0083,0.025985714285714286,11,가을,2024,3. 가을 (9~11월)
2024-12-01,6.6,14.3,0.5,77.1,0.1,0.7,6.2,6.7,32.0,16.0,0.0172,0.0169,0.35,0.0024,13.8,0.6000000000000005,21.699999999999996,11.452656169349213,13.6,1,0,5.0,23.0,1,0,2.0,17.0,0.0,0.0,1,0,0,0.0,0.0,1,3.0,19.0,1,0.0024,48.0,103.0,225.0,0.001942857142857143,0.008942857142857141,0.026271428571428574,12,겨울,2024,4. 겨울 (12~2월)
2024-12-02,9.0,17.7,0.3,70.0,0.0,1.2,7.1,7.2,39.0,21.0,0.0258,0.0155,0.37,0.0026,17.4,2.4000000000000004,7.099999999999994,11.063905277974833,13.6,1,0,5.0,23.0,0,0,1.0,16.0,0.0,0.0,0,0,0,0.0,0.0,1,3.0,19.0,2,0.0026,60.0,133.0,246.0,0.0020428571428571427,0.009328571428571427,0.02875714285714286,12,겨울,2024,4. 겨울 (12~2월)
2024-12-03,5.3,10.1,-0.7,43.8,0.0,2.7,5.7,5.5,30.0,15.0,0.0327,0.0086,0.25,0.0023,10.799999999999999,3.7,26.200000000000003,17.539194204219662,0.6,0,0,4.0,22.0,0,0,1.0,16.0,0.0,0.0,0,0,0,0.0,0.0,0,3.0,19.0,0,0.0,45.0,153.0,262.0,0.0021285714285714285,0.009885714285714286,0.028028571428571427,12,겨울,2024,4. 겨울 (12~2월)
2024-12-04,3.2,8.9,-2.4,47.8,0.0,2.1,7.1,3.5,24.0,10.0,0.0229,0.0147,0.26,0.0024,11.3,2.0999999999999996,4.0,14.114295353765709,0.1,0,0,3.0,22.0,0,0,1.0,16.0,0.0,0.0,0,0,0,0.0,0.0,0,2.0,19.0,0,0.0,34.0,139.0,272.0,0.0022285714285714283,0.010957142857142856,0.026942857142857147,12,겨울,2024,4. 겨울 (12~2월)
2024-12-05,5.4,8.8,0.4,56.0,0.0,2.4,0.5,4.1,26.0,12.0,0.0271,0.0132,0.27,0.0025,8.4,2.2,8.200000000000003,6.219324722186385,0.1,0,0,2.0,21.0,0,0,1.0,15.0,0.0,0.0,0,0,0,0.0,0.0,0,2.0,18.0,0,0.0,38.0,117.0,280.0,0.0023428571428571426,0.011828571428571428,0.026514285714285712,12,겨울,2024,4. 겨울 (12~2월)
2024-12-06,5.5,9.4,2.1,50.8,0.0,3.1,6.0,4.4,20.0,7.0,0.0326,0.0074,0.23,0.0024,7.300000000000001,0.09999999999999964,5.200000000000003,4.148895435333619,0.1,0,0,2.0,20.0,0,0,1.0,14.0,0.0,0.0,0,0,0,0.0,0.0,0,2.0,17.0,0,0.0,27.0,99.0,277.0,0.002414285714285714,0.012,0.026914285714285717,12,겨울,2024,4. 겨울 (12~2월)
2024-12-07,3.2,7.7,0.4,50.4,0.0,2.9,6.3,2.3,23.0,10.0,0.0303,0.0079,0.25,0.0025,7.3,2.3,0.3999999999999986,3.1240998703624734,0.1,0,0,2.0,19.0,0,0,1.0,13.0,0.0,0.0,0,0,0,0.0,0.0,0,2.0,16.0,0,0.0,33.0,98.0,285.0,0.002442857142857143,0.012028571428571428,0.02694285714285714,12,겨울,2024,4. 겨울 (12~2월)
2024-12-08,1.4,6.4,-2.7,46.0,0.0,3.8,7.2,2.0,18.0,8.0,0.0332,0.0065,0.24,0.0023,9.100000000000001,1.8000000000000003,4.399999999999999,2.6633312473915187,0.0,0,0,1.0,18.0,0,0,0.0,12.0,0.0,0.0,0,0,0,0.0,0.0,0,1.0,15.0,0,0.0,26.0,86.0,263.0,0.0024285714285714284,0.010542857142857142,0.02922857142857143,12,겨울,2024,4. 겨울 (12~2월)
2024-12-09,1.3,8.3,-6.3,58.8,0.0,1.8,7.1,1.9,28.0,11.0,0.0249,0.0139,0.3,0.0026,14.600000000000001,0.09999999999999987,12.799999999999997,6.50333247907041,0.0,0,0,0.0,17.0,0,0,0.0,11.0,0.0,0.0,0,0,0,0.0,0.0,0,0.0,14.0,0,0.0,39.0,98.0,242.0,0.0024285714285714284,0.010314285714285715,0.029099999999999997,12,겨울,2024,4. 겨울 (12~2월)
2024-12-10,3.1,9.3,-2.6,51.8,0.0,1.8,7.1,2.4,27.0,15.0,0.0249,0.016,0.3,0.0023,11.9,1.8,7.0,6.4093681435847305,0.0,0,0,0.0,16.0,0,0,0.0,10.0,0.0,0.0,0,0,0,0.0,0.0,0,0.0,13.0,0,0.0,42.0,107.0,239.0,0.0024285714285714284,0.011371428571428572,0.027985714285714284,12,겨울,2024,4. 겨울 (12~2월)
2024-12-11,3.8,11.1,-2.6,59.9,0.0,0.9,4.5,3.7,46.0,27.0,0.0151,0.0246,0.41,0.0026,13.7,0.6999999999999997,8.100000000000001,4.393555887129711,0.0,0,0,0.0,15.0,0,0,0.0,9.0,0.0,0.0,0,0,0,0.0,0.0,0,0.0,12.0,0,0.0,73.0,154.0,278.0,0.002457142857142857,0.012785714285714286,0.02687142857142857,12,겨울,2024,4. 겨울 (12~2월)
2024-12-12,1.9,8.3,-4.7,55.3,0.0,1.6,7.0,1.2,37.0,21.0,0.0194,0.0168,0.38,0.0027,13.0,1.9,4.600000000000001,4.062429486567384,0.0,0,0,0.0,14.0,0,0,0.0,8.0,0.0,0.0,0,0,0,0.0,0.0,0,0.0,11.0,0,0.0,58.0,173.0,298.0,0.0024857142857142855,0.013299999999999998,0.025771428571428574,12,겨울,2024,4. 겨울 (12~2월)
2024-12-13,2.8,7.5,0.5,39.0,0.0,2.8,1.8,1.8,24.0,11.0,0.0272,0.0132,0.27,0.0025,7.0,0.8999999999999999,16.299999999999997,10.98225841983327,0.0,0,0,0.0,13.0,0,0,0.0,7.0,0.0,0.0,0,0,0,0.0,0.0,0,0.0,10.0,0,0.0,35.0,166.0,306.0,0.0025,0.01412857142857143,0.024999999999999998,12,겨울,2024,4. 겨울 (12~2월)
2024-12-14,1.0,5.2,-1.9,46.1,0.0,3.5,7.0,1.0,24.0,10.0,0.0331,0.008,0.26,0.0025,7.1,1.7999999999999998,7.100000000000001,8.172514912803694,0.0,0,0,0.0,12.0,0,0,0.0,6.0,0.0,0.0,0,0,0,0.0,0.0,0,0.0,9.0,0,0.0,34.0,127.0,307.0,0.0024999999999999996,0.014142857142857143,0.0254,12,겨울,2024,4. 겨울 (12~2월)
2024-12-15,2.0,3.9,-2.2,71.4,0.0,2.1,0.0,1.0,18.0,10.0,0.0291,0.0096,0.25,0.0021,6.1,1.0,25.300000000000004,17.030658628876697,0.0,1,0,1.0,13.0,0,0,0.0,6.0,0.0,0.0,0,0,0,0.0,0.0,1,1.0,10.0,1,0.0021,28.0,97.0,309.0,0.0024714285714285715,0.014585714285714285,0.024814285714285716,12,겨울,2024,4. 겨울 (12~2월)
2024-12-16,2.1,7.6,-2.2,47.3,0.0,2.3,7.0,2.1,21.0,8.0,0.0255,0.014,0.27,0.0025,9.8,0.10000000000000009,24.10000000000001,14.273168300462668,0.0,0,0,1.0,13.0,0,0,0.0,6.0,0.0,0.0,0,0,0,0.0,0.0,0,1.0,10.0,0,0.0,29.0,91.0,299.0,0.002457142857142857,0.0146,0.024900000000000002,12,겨울,2024,4. 겨울 (12~2월)
2024-12-17,3.3,7.6,-0.3,45.5,0.0,2.7,7.1,2.7,22.0,11.0,0.0322,0.0097,0.25,0.0025,7.8999999999999995,1.1999999999999997,1.7999999999999972,14.461788732149712,0.0,0,0,1.0,12.0,0,0,0.0,5.0,0.0,0.0,0,0,0,0.0,0.0,0,1.0,9.0,0,0.0,33.0,90.0,290.0,0.0024857142857142855,0.0137,0.02594285714285714,12,겨울,2024,4. 겨울 (12~2월)
2024-12-18,-0.2,3.9,-2.8,46.1,0.0,2.8,7.1,0.4,21.0,9.0,0.0285,0.0094,0.26,0.0024,6.699999999999999,3.5,0.6000000000000014,0.9165151389904861,0.0,0,0,1.0,11.0,0,0,0.0,5.0,0.0,0.0,0,0,0,0.0,0.0,0,1.0,8.0,0,0.0,30.0,92.0,247.0,0.002457142857142857,0.01152857142857143,0.027857142857142858,12,겨울,2024,4. 겨울 (12~2월)
2024-12-19,-1.1,6.8,-7.3,53.0,0.0,1.3,7.1,0.4,30.0,16.0,0.0169,0.0199,0.34,0.0026,14.1,0.9000000000000001,6.899999999999999,4.167733196834794,0.0,0,0,1.0,10.0,0,0,0.0,4.0,0.0,0.0,0,0,0,0.0,0.0,0,1.0,7.0,0,0.0,46.0,109.0,235.0,0.002442857142857143,0.011971428571428574,0.0275,12,겨울,2024,4. 겨울 (12~2월)
2024-12-20,0.7,7.3,-5.7,63.0,0.0,1.3,4.5,1.1,30.0,17.0,0.016,0.0192,0.33,0.0024,13.0,1.8,10.0,8.497254458549076,0.0,1,0,2.0,10.0,0,0,0.0,4.0,0.0,0.0,0,0,0,0.0,0.0,0,1.0,7.0,0,0.0,47.0,123.0,247.0,0.002428571428571429,0.012828571428571429,0.0259,12,겨울,2024,4. 겨울 (12~2월)
2024-12-21,1.1,5.6,-2.4,68.0,0.5,2.9,2.6,1.9,37.0,25.0,0.0231,0.0128,0.37,0.0023,8.0,0.40000000000000013,5.0,7.637626158259656,0.5,1,0,3.0,10.0,0,0,0.0,3.0,0.0,0.0,0,0,0,0.0,0.0,0,1.0,6.0,0,0.0,62.0,155.0,275.0,0.0024,0.013514285714285713,0.02447142857142857,12,겨울,2024,4. 겨울 (12~2월)
2024-12-22,-1.5,2.6,-4.9,44.5,0.0,4.2,7.1,-0.9,18.0,8.0,0.0328,0.0061,0.24,0.0024,7.5,2.6,23.5,12.3794184031399,0.5,0,0,2.0,9.0,0,0,0.0,2.0,0.0,0.0,0,0,0,0.0,0.0,0,0.0,5.0,0,0.0,26.0,135.0,273.0,0.002442857142857143,0.013014285714285714,0.024999999999999998,12,겨울,2024,4. 겨울 (12~2월)
2024-12-23,2.0,7.9,-2.9,54.9,0.0,3.0,6.8,0.1,19.0,8.0,0.033,0.0095,0.26,0.0025,10.8,3.5,10.399999999999999,11.775822688882455,0.5,0,0,2.0,8.0,0,0,0.0,1.0,0.0,0.0,0,0,0,0.0,0.0,0,0.0,4.0,0,0.0,27.0,115.0,271.0,0.0024428571428571424,0.012371428571428571,0.026071428571428572,12,겨울,2024,4. 겨울 (12~2월)
2024-12-24,1.1,7.7,-4.8,47.8,0.0,2.2,7.0,2.5,25.0,13.0,0.0286,0.0137,0.31,0.0025,12.5,0.8999999999999999,7.100000000000001,5.314445722117413,0.5,0,0,2.0,7.0,0,0,0.0,1.0,0.0,0.0,0,0,0,0.0,0.0,0,0.0,4.0,0,0.0,38.0,91.0,276.0,0.002442857142857143,0.012942857142857143,0.025557142857142858,12,겨울,2024,4. 겨울 (12~2월)
2024-12-25,2.0,7.9,-5.8,59.0,0.0,1.6,4.7,3.7,26.0,14.0,0.0227,0.0152,0.31,0.0024,13.7,0.8999999999999999,11.200000000000003,5.666568626602769,0.5,0,0,2.0,6.0,0,0,0.0,1.0,0.0,0.0,0,0,0,0.0,0.0,0,0.0,3.0,0,0.0,40.0,105.0,286.0,0.0024428571428571424,0.013771428571428572,0.02472857142857143,12,겨울,2024,4. 겨울 (12~2월)
2024-12-26,3.3,8.2,-0.9,51.1,0.0,3.3,5.3,4.2,44.0,23.0,0.0309,0.012,0.31,0.0026,9.1,1.2999999999999998,7.899999999999999,5.755287424041663,0.5,0,0,2.0,5.0,0,0,0.0,1.0,0.0,0.0,0,0,0,0.0,0.0,0,0.0,3.0,0,0.0,67.0,145.0,307.0,0.0024428571428571424,0.012642857142857145,0.026728571428571428,12,겨울,2024,4. 겨울 (12~2월)
2024-12-27,-0.3,3.7,-3.2,47.6,0.0,4.1,7.0,0.5,24.0,9.0,0.0334,0.0079,0.24,0.0024,6.9,3.5999999999999996,3.5,5.839805932848461,0.5,0,0,1.0,5.0,0,0,0.0,1.0,0.0,0.0,0,0,0,0.0,0.0,0,0.0,3.0,0,0.0,33.0,140.0,293.0,0.002442857142857143,0.01102857142857143,0.029214285714285717,12,겨울,2024,4. 겨울 (12~2월)
2024-12-28,-0.8,2.4,-3.2,52.0,0.0,4.3,7.1,0.8,29.0,13.0,0.0326,0.0071,0.26,0.0025,5.6,0.5,4.399999999999999,2.3245071162145443,0.0,0,0,0.0,5.0,0,0,0.0,1.0,0.0,0.0,0,0,0,0.0,0.0,0,0.0,3.0,0,0.0,42.0,142.0,273.0,0.0024714285714285715,0.010214285714285716,0.030571428571428572,12,겨울,2024,4. 겨울 (12~2월)
2024-12-29,0.8,7.4,-4.1,64.9,0.0,1.8,7.1,1.5,23.0,9.0,0.0264,0.0129,0.29,0.0024,11.5,1.6,12.900000000000006,8.991292083640271,0.0,1,0,1.0,5.0,0,0,0.0,0.0,0.0,0.0,0,0,0,0.0,0.0,0,0.0,2.0,0,0.0,32.0,107.0,279.0,0.0024714285714285715,0.011185714285714285,0.029657142857142858,12,겨울,2024,4. 겨울 (12~2월)
2024-12-30,2.5,10.8,-5.1,68.5,0.0,0.9,3.7,2.6,43.0,23.0,0.0146,0.0231,0.49,0.0025,15.9,1.7,3.5999999999999943,8.675828490697533,0.0,1,0,2.0,5.0,0,0,0.0,0.0,0.0,0.0,0,0,0,0.0,0.0,0,0.0,1.0,0,0.0,66.0,140.0,318.0,0.0024714285714285715,0.01312857142857143,0.02702857142857143,12,겨울,2024,4. 겨울 (12~2월)
2024-12-31,3.2,7.7,-2.2,37.6,0.0,2.8,7.1,3.7,38.0,14.0,0.0337,0.0101,0.28,0.0025,9.9,0.7000000000000002,30.9,16.897041161102702,0.0,0,0,2.0,5.0,0,0,0.0,0.0,0.0,0.0,0,0,0,0.0,0.0,0,0.0,1.0,0,0.0,52.0,150.0,332.0,0.0024714285714285715,0.012614285714285715,0.027757142857142862,12,겨울,2024,4. 겨울 (12~2월)
2025-01-01,1.2,9.1,-5.2,54.9,0.0,1.5,7.1,1.8,34.0,14.0,0.0247,0.0163,0.33,0.0024,14.3,2.0,17.299999999999997,15.486876164460414,0.0,0,0,2.0,5.0,0,0,0.0,0.0,0.0,0.0,0,0,0,0.0,0.0,0,0.0,1.0,0,0.0,48.0,166.0,340.0,0.0024714285714285715,0.01277142857142857,0.02804285714285714,1,겨울,2025,4. 겨울 (12~2월)
2025-01-02,1.4,9.0,-6.5,49.5,0.0,1.3,7.1,2.1,37.0,18.0,0.0228,0.0155,0.35,0.0024,15.5,0.19999999999999996,5.399999999999999,8.851176946222006,0.0,0,0,2.0,5.0,0,0,0.0,0.0,0.0,0.0,0,0,0,0.0,0.0,0,0.0,1.0,0,0.0,55.0,155.0,328.0,0.002442857142857143,0.013271428571428571,0.026885714285714287,1,겨울,2025,4. 겨울 (12~2월)
2025-01-03,0.3,4.3,-3.6,37.8,0.0,2.6,7.1,0.9,22.0,9.0,0.0295,0.0118,0.27,0.0027,7.9,1.0999999999999999,11.700000000000003,8.7412813706,0.0,0,0,2.0,5.0,0,0,0.0,0.0,0.0,0.0,0,0,0,0.0,0.0,0,0.0,1.0,0,0.0,31.0,134.0,326.0,0.0024857142857142855,0.013828571428571428,0.026328571428571427,1,겨울,2025,4. 겨울 (12~2월)
2025-01-04,0.1,6.5,-5.4,47.0,0.0,2.0,7.1,1.8,19.0,9.0,0.0289,0.0119,0.28,0.0024,11.9,0.19999999999999998,9.200000000000003,6.161439225808515,0.0,0,0,2.0,5.0,0,0,0.0,0.0,0.0,0.0,0,0,0,0.0,0.0,0,0.0,1.0,0,0.0,28.0,114.0,312.0,0.0024714285714285715,0.014514285714285714,0.0258,1,겨울,2025,4. 겨울 (12~2월)
2025-01-05,-0.4,6.7,-7.8,62.5,0.0,0.5,0.9,0.4,35.0,20.0,0.0152,0.0212,0.42,0.0027,14.5,0.5,15.5,12.483188695201184,0.0,1,0,2.0,6.0,0,0,0.0,0.0,0.0,0.0,0,0,0,0.0,0.0,0,0.0,1.0,0,0.0,55.0,114.0,335.0,0.0025142857142857146,0.0157,0.0242,1,겨울,2025,4. 겨울 (12~2월)
2025-01-06,0.6,7.0,-4.7,71.1,0.0,1.9,4.0,1.1,50.0,34.0,0.0213,0.0165,0.45,0.0025,11.7,1.0,8.599999999999994,12.213517101965301,0.0,1,0,2.0,7.0,0,0,0.0,0.0,0.0,0.0,0,0,0,0.0,0.0,1,1.0,2.0,1,0.0025,84.0,167.0,353.0,0.0025142857142857146,0.014757142857142858,0.025157142857142854,1,겨울,2025,4. 겨울 (12~2월)
2025-01-07,-0.4,3.9,-3.4,48.0,0.0,3.9,6.3,0.3,22.0,10.0,0.0314,0.0077,0.25,0.0025,7.3,1.0,23.099999999999994,11.674901855404707,0.0,0,0,2.0,7.0,0,0,0.0,0.0,0.0,0.0,0,0,0,0.0,0.0,0,1.0,2.0,0,0.0,32.0,171.0,333.0,0.002514285714285714,0.014414285714285715,0.024828571428571426,1,겨울,2025,4. 겨울 (12~2월)
2025-01-08,-0.2,4.3,-4.0,64.4,0.5,2.6,4.6,-0.8,20.0,10.0,0.0249,0.0104,0.26,0.0025,8.3,0.2,16.400000000000006,11.884583851920619,0.5,1,0,3.0,8.0,0,0,0.0,0.0,0.0,0.0,0,0,0,0.0,0.0,0,1.0,2.0,0,0.0,30.0,146.0,315.0,0.0025285714285714286,0.013571428571428571,0.02485714285714286,1,겨울,2025,4. 겨울 (12~2월)
2025-01-09,-6.4,-2.1,-11.0,39.3,0.0,4.5,5.7,-4.6,18.0,4.0,0.0317,0.0061,0.22,0.0022,8.9,6.2,25.10000000000001,12.74532594064711,0.5,0,0,3.0,8.0,0,0,0.0,0.0,0.0,0.0,0,0,0,0.0,0.0,0,1.0,2.0,0,0.0,22.0,84.0,282.0,0.0025,0.01222857142857143,0.026128571428571428,1,겨울,2025,4. 겨울 (12~2월)
2025-01-10,-6.4,-1.2,-11.8,41.1,0.0,3.3,7.2,-5.4,22.0,5.0,0.0289,0.0091,0.25,0.0024,10.600000000000001,0.0,1.8000000000000043,14.000833308533176,0.5,0,0,3.0,8.0,0,0,0.0,0.0,0.0,0.0,0,0,0,0.0,0.0,0,1.0,2.0,0,0.0,27.0,79.0,278.0,0.002457142857142857,0.011842857142857143,0.026042857142857142,1,겨울,2025,4. 겨울 (12~2월)
2025-01-11,-2.6,2.4,-9.1,52.6,0.0,2.4,7.2,-3.6,22.0,12.0,0.0317,0.0104,0.29,0.0024,11.5,3.8000000000000003,11.5,7.215492591177109,0.5,0,0,3.0,8.0,0,0,0.0,0.0,0.0,0.0,0,0,0,0.0,0.0,0,1.0,2.0,0,0.0,34.0,83.0,284.0,0.002457142857142857,0.011628571428571429,0.02644285714285714,1,겨울,2025,4. 겨울 (12~2월)
2025-01-12,-0.5,4.3,-4.9,51.3,0.0,3.6,7.1,-1.6,31.0,21.0,0.0366,0.0082,0.34,0.0028,9.2,2.1,1.3000000000000043,6.297883242275292,0.5,0,0,2.0,7.0,0,0,0.0,0.0,0.0,0.0,0,0,0,0.0,0.0,0,1.0,1.0,0,0.0,52.0,113.0,281.0,0.0024714285714285715,0.009771428571428572,0.0295,1,겨울,2025,4. 겨울 (12~2월)
2025-01-13,0.0,6.2,-5.3,58.0,0.0,1.8,7.1,-2.0,46.0,30.0,0.0265,0.0202,0.43,0.0029,11.5,0.5,6.700000000000003,3.5529330606320553,0.5,0,0,1.0,7.0,0,0,0.0,0.0,0.0,0.0,0,0,0,0.0,0.0,0,0.0,1.0,0,0.0,76.0,162.0,273.0,0.0025285714285714286,0.0103,0.030242857142857137,1,겨울,2025,4. 겨울 (12~2월)
2025-01-14,2.5,10.9,-6.5,57.0,0.0,1.7,6.7,1.5,58.0,34.0,0.0262,0.0197,0.44,0.0028,17.4,2.5,1.0,3.614323357605452,0.5,0,0,1.0,7.0,0,0,0.0,0.0,0.0,0.0,0,0,0,0.0,0.0,0,0.0,1.0,0,0.0,92.0,220.0,333.0,0.0025714285714285713,0.012014285714285713,0.0295,1,겨울,2025,4. 겨울 (12~2월)
2025-01-15,-0.6,2.8,-3.8,35.4,0.0,3.9,7.3,0.3,27.0,7.0,0.0313,0.0079,0.26,0.0027,6.6,3.1,21.6,12.769233858510542,0.0,0,0,0.0,7.0,0,0,0.0,0.0,0.0,0.0,0,0,0,0.0,0.0,0,0.0,1.0,0,0.0,34.0,202.0,337.0,0.0026000000000000003,0.011657142857142856,0.03041428571428571,1,겨울,2025,4. 겨울 (12~2월)
2025-01-16,-0.4,5.3,-5.1,56.9,0.0,2.5,2.7,0.1,22.0,8.0,0.0251,0.0136,0.28,0.0026,10.399999999999999,0.19999999999999996,21.5,12.441998767614953,0.0,0,0,0.0,7.0,0,0,0.0,0.0,0.0,0.0,0,0,0,0.0,0.0,0,0.0,1.0,0,0.0,30.0,156.0,345.0,0.002657142857142857,0.012728571428571428,0.02947142857142857,1,겨울,2025,4. 겨울 (12~2월)
2025-01-17,-0.1,7.5,-6.8,62.3,0.0,0.6,7.3,1.2,46.0,28.0,0.0159,0.024,0.42,0.0026,14.3,0.30000000000000004,5.399999999999999,14.230366591670506,0.0,1,0,1.0,7.0,0,0,0.0,0.0,0.0,0.0,0,0,0,0.0,0.0,0,0.0,1.0,0,0.0,74.0,138.0,392.0,0.002685714285714285,0.014857142857142859,0.027614285714285713,1,겨울,2025,4. 겨울 (12~2월)
2025-01-18,-0.1,10.1,-8.3,55.3,0.0,0.5,7.4,0.7,50.0,33.0,0.013,0.0275,0.5,0.0028,18.4,0.0,7.0,3.6678785875942683,0.0,0,0,1.0,6.0,0,0,0.0,0.0,0.0,0.0,0,0,0,0.0,0.0,0,0.0,1.0,0,0.0,83.0,187.0,441.0,0.002742857142857143,0.0173,0.024942857142857145,1,겨울,2025,4. 겨울 (12~2월)
2025-01-19,0.3,9.9,-8.1,55.0,0.0,0.8,7.3,1.0,32.0,21.0,0.0192,0.0185,0.38,0.0027,18.0,0.4,0.29999999999999716,4.130778780488309,0.0,0,0,1.0,6.0,0,0,0.0,0.0,0.0,0.0,0,0,0,0.0,0.0,0,0.0,1.0,0,0.0,53.0,210.0,442.0,0.0027285714285714283,0.01877142857142857,0.02245714285714286,1,겨울,2025,4. 겨울 (12~2월)
2025-01-20,0.1,10.1,-6.8,68.1,0.0,0.7,7.4,1.0,59.0,43.0,0.0214,0.0248,0.48,0.0028,16.9,0.19999999999999998,13.099999999999994,7.478190511970967,0.0,1,0,2.0,7.0,0,0,0.0,0.0,0.0,0.0,0,0,0,0.0,0.0,0,0.0,1.0,0,0.0,102.0,238.0,468.0,0.0027142857142857142,0.01942857142857143,0.02172857142857143,1,겨울,2025,4. 겨울 (12~2월)
2025-01-21,0.1,9.8,-6.9,67.6,0.0,0.8,7.1,1.1,81.0,61.0,0.019,0.0275,0.55,0.0024,16.700000000000003,0.0,0.5,7.4231619498252135,0.0,1,0,3.0,8.0,0,0,0.0,0.0,0.0,0.0,0,0,0,0.0,0.0,0,0.0,1.0,0,0.0,142.0,297.0,518.0,0.002657142857142857,0.020542857142857144,0.0207,1,겨울,2025,4. 겨울 (12~2월)
2025-01-22,1.5,11.0,-7.0,66.1,0.0,0.8,7.0,1.6,78.0,58.0,0.0214,0.0262,0.52,0.0029,18.0,1.4,1.5,1.04083299973297,0.0,1,0,4.0,9.0,0,0,0.0,0.0,0.0,0.0,0,0,0,0.0,0.0,0,0.0,1.0,0,0.0,136.0,380.0,620.0,0.002685714285714285,0.02315714285714286,0.019285714285714288,1,겨울,2025,4. 겨울 (12~2월)
2025-01-23,2.3,11.7,-3.5,56.9,0.0,0.6,6.9,2.1,64.0,45.0,0.0155,0.0294,0.5,0.0024,15.2,0.7999999999999998,9.199999999999996,5.7933870346570915,0.0,0,0,4.0,9.0,0,0,0.0,0.0,0.0,0.0,0,0,0,0.0,0.0,0,0.0,1.0,0,0.0,109.0,387.0,699.0,0.002657142857142857,0.025414285714285716,0.017914285714285716,1,겨울,2025,4. 겨울 (12~2월)
2025-01-24,1.7,11.2,-6.4,66.6,0.0,0.8,7.3,2.2,31.0,17.0,0.022,0.0206,0.33,0.0021,17.6,0.5999999999999999,9.699999999999996,5.461684721768506,0.0,1,0,4.0,10.0,0,0,0.0,0.0,0.0,0.0,0,0,0,0.0,0.0,0,0.0,1.0,0,0.0,48.0,293.0,673.0,0.002585714285714286,0.02492857142857143,0.018785714285714288,1,겨울,2025,4. 겨울 (12~2월)
2025-01-25,3.2,8.2,-3.7,74.0,0.5,1.6,1.9,2.0,19.0,9.0,0.0272,0.0124,0.25,0.0018,11.899999999999999,1.5000000000000002,7.400000000000006,8.57574097867543,0.5,1,0,5.0,11.0,0,0,0.0,0.0,0.0,0.0,0,0,0,0.0,0.0,1,1.0,2.0,1,0.0018,28.0,185.0,618.0,0.0024428571428571424,0.02277142857142857,0.020814285714285712,1,겨울,2025,4. 겨울 (12~2월)
2025-01-26,4.2,7.3,2.1,68.8,0.1,1.3,2.2,4.0,14.0,5.0,0.0389,0.0074,0.2,0.0018,5.199999999999999,1.0,5.200000000000003,3.799999999999991,0.6,1,0,6.0,11.0,0,0,0.0,0.0,0.0,0.0,0,0,0,0.0,0.0,0,1.0,2.0,0,0.0,19.0,95.0,584.0,0.002314285714285714,0.021185714285714287,0.023628571428571426,1,겨울,2025,4. 겨울 (12~2월)
2025-01-27,1.0,3.7,-2.0,77.5,4.4,2.0,0.2,2.2,26.0,12.0,0.0272,0.0099,0.27,0.0017,5.7,3.2,8.700000000000003,4.377594468807429,5.0,1,0,6.0,11.0,1,0,1.0,1.0,0.0,0.0,1,0,0,0.0,0.0,1,2.0,3.0,1,0.0017,38.0,85.0,520.0,0.002157142857142857,0.01905714285714286,0.024457142857142854,1,겨울,2025,4. 겨울 (12~2월)
2025-01-28,-0.1,3.4,-2.6,64.6,0.0,3.9,6.3,1.2,15.0,5.0,0.036,0.0055,0.2,0.0017,6.0,1.1,12.900000000000006,6.579513659838389,5.0,1,0,6.0,12.0,0,0,1.0,1.0,0.0,0.0,0,0,0,0.0,0.0,0,2.0,3.0,0,0.0,20.0,77.0,398.0,0.002057142857142857,0.015914285714285718,0.026885714285714284,1,겨울,2025,4. 겨울 (12~2월)
2025-01-29,-1.4,2.6,-3.6,58.5,0.0,4.5,6.0,0.4,16.0,8.0,0.04,0.005,0.19,0.0018,6.2,1.2999999999999998,6.099999999999994,9.700687260876581,5.0,0,0,5.0,12.0,0,0,1.0,1.0,0.0,0.0,0,0,0,0.0,0.0,0,2.0,3.0,0,0.0,24.0,82.0,286.0,0.0019,0.012885714285714283,0.02954285714285714,1,겨울,2025,4. 겨울 (12~2월)
2025-01-30,-0.3,5.2,-4.0,58.6,0.0,2.7,6.9,0.5,23.0,12.0,0.0407,0.0075,0.22,0.0021,9.2,1.0999999999999999,0.10000000000000142,3.493326972004348,5.0,0,0,5.0,12.0,0,0,1.0,1.0,0.0,0.0,0,0,0,0.0,0.0,0,2.0,3.0,0,0.0,35.0,79.0,212.0,0.0018571428571428573,0.009757142857142857,0.03314285714285714,1,겨울,2025,4. 겨울 (12~2월)
2025-01-31,1.2,7.5,-5.5,68.5,0.0,0.3,1.1,1.5,41.0,26.0,0.0135,0.0257,0.42,0.0021,13.0,1.5,9.899999999999999,5.744852768638469,5.0,1,0,5.0,13.0,0,0,1.0,1.0,0.0,0.0,0,0,0,0.0,0.0,0,2.0,3.0,0,0.0,67.0,126.0,231.0,0.0018571428571428571,0.010485714285714287,0.031928571428571424,1,겨울,2025,4. 겨울 (12~2월)
2025-02-01,2.9,5.5,0.8,95.0,4.6,0.3,0.0,3.4,32.0,23.0,0.0117,0.0181,0.33,0.002,4.7,1.7,26.5,18.82029046888844,9.1,1,0,5.0,14.0,1,1,2.0,2.0,1.0,1.0,1,1,0,0.0,0.0,1,2.0,4.0,1,0.002,55.0,157.0,258.0,0.0018857142857142857,0.011300000000000001,0.029714285714285714,2,겨울,2025,4. 겨울 (12~2월)
2025-02-02,2.9,9.2,-0.9,83.0,0.0,0.8,4.8,4.1,26.0,16.0,0.0217,0.0104,0.28,0.0018,10.1,0.0,12.0,13.269639532908691,9.0,1,0,5.0,14.0,1,0,3.0,3.0,1.0,1.0,2,0,0,0.0,0.0,1,3.0,5.0,2,0.0018,42.0,164.0,281.0,0.0018857142857142857,0.01172857142857143,0.027257142857142858,2,겨울,2025,4. 겨울 (12~2월)
2025-02-03,0.0,3.6,-4.5,45.0,0.0,5.2,7.8,1.2,30.0,17.0,0.0423,0.0058,0.26,0.002,8.1,2.9,38.0,26.10236260060252,4.6,0,0,4.0,13.0,0,0,2.0,3.0,1.0,1.0,0,0,0,0.0,0.0,0,2.0,4.0,0,0.0,47.0,144.0,290.0,0.0019285714285714286,0.011142857142857145,0.02941428571428571,2,겨울,2025,4. 겨울 (12~2월)
2025-02-04,-5.2,-1.3,-8.1,45.3,0.0,4.7,8.0,-2.1,16.0,4.0,0.0385,0.0058,0.18,0.0019,6.8,5.2,0.29999999999999716,21.853222493109175,4.6,0,0,3.0,13.0,0,0,2.0,3.0,1.0,1.0,0,0,0,0.0,0.0,0,2.0,4.0,0,0.0,20.0,109.0,290.0,0.0019571428571428574,0.011185714285714287,0.02977142857142857,2,겨울,2025,4. 겨울 (12~2월)
2025-02-05,-5.1,-0.3,-9.0,41.6,0.0,3.8,7.3,-2.7,13.0,4.0,0.0381,0.0066,0.18,0.0022,8.7,0.10000000000000053,3.6999999999999957,2.0550750189062565,4.6,0,0,3.0,12.0,0,0,2.0,3.0,1.0,1.0,0,0,0,0.0,0.0,0,2.0,4.0,0,0.0,17.0,84.0,283.0,0.0020142857142857146,0.011414285714285714,0.029500000000000002,2,겨울,2025,4. 겨울 (12~2월)
2025-02-06,-3.8,1.4,-8.2,39.1,0.0,2.6,7.8,-1.8,19.0,5.0,0.0332,0.011,0.21,0.0022,9.6,1.2999999999999998,2.5,3.119294792096311,4.6,0,0,3.0,12.0,0,0,2.0,3.0,1.0,1.0,0,0,0,0.0,0.0,0,2.0,4.0,0,0.0,24.0,61.0,272.0,0.0020285714285714286,0.011914285714285714,0.028428571428571425,2,겨울,2025,4. 겨울 (12~2월)
2025-02-07,-6.0,-0.2,-9.0,59.4,0.7,3.6,4.3,-1.8,26.0,8.0,0.0291,0.0115,0.24,0.0021,8.8,2.2,20.299999999999997,11.069326989478594,5.3,0,0,2.0,12.0,0,0,2.0,3.0,1.0,1.0,0,0,0,0.0,0.0,0,2.0,4.0,0,0.0,34.0,75.0,239.0,0.0020285714285714286,0.009885714285714286,0.03065714285714286,2,겨울,2025,4. 겨울 (12~2월)
2025-02-08,-6.0,-0.5,-10.3,49.3,0.0,4.1,8.6,-2.7,19.0,5.0,0.0365,0.0064,0.2,0.002,9.8,0.0,10.100000000000001,10.15004105082007,0.7,0,0,1.0,12.0,0,0,1.0,3.0,0.0,1.0,0,0,0,0.0,0.0,0,1.0,4.0,0,0.0,24.0,82.0,208.0,0.0020285714285714286,0.008214285714285714,0.0342,2,겨울,2025,4. 겨울 (12~2월)
2025-02-09,-2.6,3.2,-8.0,50.6,0.0,3.1,8.8,-1.3,19.0,6.0,0.0393,0.0062,0.21,0.002,11.2,3.4,1.3000000000000043,5.494542747126403,0.7,0,0,0.0,12.0,0,0,0.0,3.0,0.0,1.0,0,0,0,0.0,0.0,0,0.0,4.0,0,0.0,25.0,83.0,191.0,0.002057142857142857,0.007614285714285714,0.03671428571428571,2,겨울,2025,4. 겨울 (12~2월)
2025-02-10,-1.2,4.6,-5.3,56.4,0.0,2.9,8.9,-0.5,21.0,12.0,0.0371,0.0091,0.23,0.002,9.899999999999999,1.4000000000000001,5.799999999999997,3.780211634287072,0.7,0,0,0.0,12.0,0,0,0.0,3.0,0.0,1.0,0,0,0,0.0,0.0,0,0.0,4.0,0,0.0,33.0,82.0,177.0,0.002057142857142857,0.008085714285714285,0.035971428571428564,2,겨울,2025,4. 겨울 (12~2월)
2025-02-11,-0.9,8.1,-8.7,54.5,0.0,0.8,9.0,0.3,44.0,28.0,0.0237,0.0227,0.37,0.0023,16.799999999999997,0.29999999999999993,1.8999999999999986,2.9569128044859028,0.7,0,0,0.0,12.0,0,0,0.0,3.0,0.0,1.0,0,0,0,0.0,0.0,0,0.0,4.0,0,0.0,72.0,130.0,229.0,0.0021142857142857144,0.0105,0.033857142857142856,2,겨울,2025,4. 겨울 (12~2월)
2025-02-12,0.3,4.0,-4.1,84.6,5.1,1.5,0.0,-0.3,37.0,26.0,0.0171,0.0227,0.35,0.002,8.1,1.2,30.099999999999994,16.856551644192617,5.8,1,0,1.0,13.0,1,0,1.0,4.0,0.0,1.0,1,0,0,0.0,0.0,1,1.0,5.0,1,0.002,63.0,168.0,275.0,0.0020857142857142854,0.012800000000000002,0.03085714285714286,2,겨울,2025,4. 겨울 (12~2월)
2025-02-13,1.2,6.1,-3.6,41.1,0.0,3.7,8.8,0.6,24.0,4.0,0.0388,0.0068,0.17,0.0022,9.7,0.8999999999999999,43.49999999999999,22.27786644482215,5.8,0,0,1.0,13.0,0,0,1.0,4.0,0.0,1.0,0,0,0,0.0,0.0,0,1.0,5.0,0,0.0,28.0,163.0,279.0,0.002085714285714286,0.0122,0.03165714285714286,2,겨울,2025,4. 겨울 (12~2월)
2025-02-14,3.7,11.1,-2.3,48.1,0.0,1.7,8.8,2.6,44.0,16.0,0.0357,0.0145,0.26,0.0026,13.399999999999999,2.5,7.0,23.357725345875025,5.1,0,0,1.0,12.0,0,0,1.0,4.0,0.0,1.0,0,0,0,0.0,0.0,0,1.0,5.0,0,0.0,60.0,151.0,305.0,0.002157142857142857,0.01262857142857143,0.0326,2,겨울,2025,4. 겨울 (12~2월)
2025-02-15,2.3,9.5,-6.0,58.3,0.0,1.0,1.2,1.7,58.0,32.0,0.0238,0.0208,0.38,0.0027,15.5,1.4000000000000004,10.199999999999996,8.649470118644986,5.1,0,0,1.0,12.0,0,0,1.0,4.0,0.0,1.0,0,0,0,0.0,0.0,0,1.0,5.0,0,0.0,90.0,178.0,371.0,0.0022571428571428573,0.014685714285714286,0.030785714285714284,2,겨울,2025,4. 겨울 (12~2월)
2025-02-16,5.9,13.3,-2.0,55.5,0.0,1.8,8.3,3.9,56.0,31.0,0.0434,0.0132,0.31,0.0026,15.3,3.6000000000000005,2.799999999999997,5.270041113059047,5.1,0,0,1.0,12.0,0,0,1.0,4.0,0.0,1.0,0,0,0,0.0,0.0,0,1.0,5.0,0,0.0,87.0,237.0,433.0,0.0023428571428571426,0.015685714285714285,0.03137142857142857,2,겨울,2025,4. 겨울 (12~2월)
2025-02-17,2.3,7.4,-2.5,26.1,0.0,4.2,9.2,2.6,38.0,13.0,0.0426,0.0065,0.19,0.0023,9.9,3.6000000000000005,29.4,17.837413863375275,5.1,0,0,1.0,11.0,0,0,1.0,4.0,0.0,1.0,0,0,0,0.0,0.0,0,1.0,5.0,0,0.0,51.0,228.0,451.0,0.0023857142857142857,0.015314285714285714,0.032157142857142856,2,겨울,2025,4. 겨울 (12~2월)
2025-02-18,-0.3,4.2,-4.2,35.4,0.0,3.7,9.0,1.4,21.0,5.0,0.0382,0.0077,0.19,0.0023,8.4,2.5999999999999996,9.299999999999997,15.026975743641799,5.1,0,0,1.0,10.0,0,0,1.0,4.0,0.0,1.0,0,0,0,0.0,0.0,0,1.0,5.0,0,0.0,26.0,164.0,405.0,0.0023857142857142857,0.01317142857142857,0.03422857142857143,2,겨울,2025,4. 겨울 (12~2월)
2025-02-19,-0.7,4.9,-5.3,35.5,0.0,3.0,9.1,1.0,18.0,5.0,0.0383,0.0065,0.23,0.0022,10.2,0.39999999999999997,0.10000000000000142,5.398456569551354,0.0,0,0,0.0,9.0,0,0,0.0,4.0,0.0,1.0,0,0,0,0.0,0.0,0,0.0,5.0,0,0.0,23.0,100.0,365.0,0.002414285714285714,0.010857142857142857,0.03725714285714286,2,겨울,2025,4. 겨울 (12~2월)
2025-02-20,-0.7,4.9,-5.5,35.0,0.0,2.7,9.1,1.0,21.0,6.0,0.0374,0.0069,0.31,0.0023,10.4,0.0,0.5,0.2645751311043794,0.0,0,0,0.0,9.0,0,0,0.0,4.0,0.0,1.0,0,0,0,0.0,0.0,0,0.0,5.0,0,0.0,27.0,76.0,364.0,0.002428571428571429,0.010871428571428572,0.03705714285714285,2,겨울,2025,4. 겨울 (12~2월)
2025-02-21,-0.6,5.0,-4.6,37.9,0.0,3.3,7.2,1.5,22.0,6.0,0.0397,0.0055,0.3,0.002,9.6,0.09999999999999998,2.8999999999999986,1.5502687938974489,0.0,0,0,0.0,8.0,0,0,0.0,4.0,0.0,1.0,0,0,0,0.0,0.0,0,0.0,5.0,0,0.0,28.0,78.0,332.0,0.002342857142857143,0.009585714285714284,0.037628571428571435,2,겨울,2025,4. 겨울 (12~2월)
2025-02-22,0.2,5.8,-4.0,36.8,0.0,2.9,9.3,1.9,23.0,9.0,0.0428,0.0043,0.29,0.0021,9.8,0.8,1.1000000000000014,1.4640127503994835,0.0,0,0,0.0,7.0,0,0,0.0,4.0,0.0,1.0,0,0,0,0.0,0.0,0,0.0,4.0,0,0.0,32.0,87.0,274.0,0.002257142857142857,0.007228571428571427,0.04034285714285714,2,겨울,2025,4. 겨울 (12~2월)
2025-02-23,-1.4,3.6,-4.6,41.6,0.0,3.9,8.7,1.3,26.0,11.0,0.0437,0.0035,0.3,0.002,8.2,1.5999999999999999,4.800000000000004,2.5146238950054447,0.0,0,0,0.0,6.0,0,0,0.0,4.0,0.0,1.0,0,0,0,0.0,0.0,0,0.0,4.0,0,0.0,37.0,97.0,224.0,0.0021714285714285715,0.005842857142857143,0.04038571428571429,2,겨울,2025,4. 겨울 (12~2월)
2025-02-24,0.2,6.3,-5.7,37.4,0.0,3.8,9.9,1.5,21.0,9.0,0.0428,0.0051,0.3,0.0021,12.0,1.5999999999999999,4.200000000000003,2.6153393661242146,0.0,0,0,0.0,5.0,0,0,0.0,3.0,0.0,1.0,0,0,0,0.0,0.0,0,0.0,3.0,0,0.0,30.0,99.0,203.0,0.002142857142857143,0.005642857142857143,0.040414285714285715,2,겨울,2025,4. 겨울 (12~2월)
2025-02-25,3.7,10.0,-2.6,38.1,0.0,2.7,8.9,2.7,25.0,8.0,0.0427,0.0079,0.29,0.0023,12.6,3.5,0.7000000000000028,2.250185177564807,0.0,0,0,0.0,4.0,0,0,0.0,3.0,0.0,1.0,0,0,0,0.0,0.0,0,0.0,3.0,0,0.0,33.0,100.0,210.0,0.002142857142857143,0.005671428571428571,0.041057142857142855,2,겨울,2025,4. 겨울 (12~2월)
2025-02-26,6.4,12.8,1.3,36.8,0.0,2.5,9.1,4.6,43.0,23.0,0.0494,0.0085,0.33,0.0022,11.5,2.7,1.3000000000000043,0.650640709863958,0.0,0,0,0.0,4.0,0,0,0.0,3.0,0.0,1.0,0,0,0,0.0,0.0,0,0.0,3.0,0,0.0,66.0,129.0,253.0,0.002142857142857143,0.005957142857142857,0.04264285714285714,2,겨울,2025,4. 겨울 (12~2월)
2025-02-27,5.6,14.7,-5.8,31.6,0.0,1.1,9.5,4.5,50.0,20.0,0.04,0.0168,0.35,0.0025,20.5,0.8000000000000007,5.199999999999996,3.4394767043837997,0.0,0,0,0.0,4.0,0,0,0.0,3.0,0.0,1.0,0,0,0,0.0,0.0,0,0.0,3.0,0,0.0,70.0,169.0,296.0,0.002171428571428571,0.007371428571428571,0.04301428571428571,2,겨울,2025,4. 겨울 (12~2월)
2025-02-28,9.7,18.1,2.5,58.9,0.3,1.4,9.6,8.5,33.0,16.0,0.0419,0.0129,0.36,0.0023,15.600000000000001,4.1,27.299999999999997,14.495631525854005,0.3,0,0,0.0,3.0,0,0,0.0,3.0,0.0,1.0,0,0,0,0.0,0.0,0,0.0,3.0,0,0.0,49.0,185.0,317.0,0.002214285714285714,0.00842857142857143,0.04332857142857143,2,겨울,2025,4. 겨울 (12~2월)
2025-03-01,8.4,17.2,-1.7,74.4,0.0,0.9,3.3,7.4,38.0,26.0,0.0272,0.014,0.45,0.0024,18.9,1.299999999999999,15.500000000000007,21.66941008272568,0.3,1,0,1.0,3.0,0,0,0.0,2.0,0.0,0.0,0,0,0,0.0,0.0,1,1.0,3.0,1,0.0024,64.0,183.0,349.0,0.002257142857142857,0.009814285714285715,0.04109999999999999,3,봄,2025,1. 봄 (3~5월)
2025-03-02,9.7,14.1,5.7,69.3,3.3,2.7,0.0,8.6,43.0,28.0,0.0423,0.0059,0.38,0.0021,8.399999999999999,1.299999999999999,5.1000000000000085,7.899578047803186,3.5999999999999996,1,0,2.0,3.0,0,0,0.0,1.0,0.0,0.0,0,0,0,0.0,0.0,0,1.0,2.0,0,0.0,71.0,184.0,383.0,0.002271428571428571,0.010157142857142856,0.0409,3,봄,2025,1. 봄 (3~5월)
2025-03-03,2.9,6.0,1.0,76.5,10.2,3.9,0.0,3.4,12.0,2.0,0.0462,0.0022,0.22,0.0017,5.0,6.799999999999999,7.200000000000003,3.7027017163148432,13.799999999999999,1,0,3.0,4.0,1,0,1.0,2.0,0.0,0.0,1,0,0,0.0,0.0,1,2.0,3.0,1,0.0017,14.0,149.0,367.0,0.002214285714285714,0.009742857142857142,0.04138571428571428,3,봄,2025,1. 봄 (3~5월)
2025-03-04,3.2,4.7,1.7,83.9,4.3,2.9,0.3,3.6,9.0,1.0,0.0427,0.0043,0.28,0.0017,3.0,0.30000000000000027,7.400000000000006,7.300228306932217,18.099999999999998,1,0,4.0,5.0,1,0,2.0,3.0,0.0,0.0,2,0,0,0.0,0.0,1,3.0,4.0,2,0.0017,10.0,95.0,344.0,0.0021285714285714285,0.009228571428571428,0.04138571428571429,3,봄,2025,1. 봄 (3~5월)
2025-03-05,4.8,8.1,2.1,76.5,0.0,1.3,0.0,5.9,9.0,2.0,0.0321,0.0071,0.27,0.0018,6.0,1.5999999999999996,7.400000000000006,4.272391992003372,18.099999999999998,1,0,5.0,6.0,1,0,3.0,4.0,0.0,0.0,3,0,0,0.0,0.0,1,4.0,5.0,3,0.0018,11.0,35.0,289.0,0.0020714285714285713,0.00902857142857143,0.038914285714285714,3,봄,2025,1. 봄 (3~5월)
2025-03-06,3.9,8.5,0.5,80.9,0.9,1.0,2.9,5.8,12.0,4.0,0.0281,0.0075,0.26,0.0018,8.0,0.8999999999999999,4.400000000000006,3.7220066272555976,19.0,1,0,6.0,7.0,1,0,4.0,5.0,0.0,0.0,4,0,0,0.0,0.0,1,5.0,6.0,4,0.0018,16.0,37.0,235.0,0.0019714285714285715,0.0077,0.03721428571428571,3,봄,2025,1. 봄 (3~5월)
2025-03-07,3.9,10.7,-2.2,71.8,0.0,1.1,5.7,6.5,19.0,9.0,0.0301,0.0081,0.33,0.0019,12.899999999999999,0.0,9.100000000000009,4.5508241011932276,18.7,1,0,7.0,8.0,0,0,4.0,5.0,0.0,0.0,0,0,0,0.0,0.0,1,6.0,7.0,5,0.0019,28.0,55.0,214.0,0.0019142857142857143,0.007014285714285714,0.03552857142857142,3,봄,2025,1. 봄 (3~5월)
2025-03-08,6.0,12.4,0.8,66.3,0.0,1.1,4.8,6.9,28.0,15.0,0.0377,0.0097,0.34,0.0019,11.6,2.1,5.5,7.373601562330388,18.7,1,0,7.0,9.0,0,0,4.0,5.0,0.0,0.0,0,0,0,0.0,0.0,0,5.0,7.0,0,0.0,43.0,87.0,193.0,0.0018428571428571426,0.0064,0.037028571428571425,3,봄,2025,1. 봄 (3~5월)
2025-03-09,5.7,14.6,-2.2,62.3,0.0,1.2,10.6,6.8,37.0,23.0,0.0455,0.009,0.37,0.0024,16.8,0.2999999999999998,4.0,4.769696007084842,15.399999999999999,1,0,7.0,10.0,0,0,4.0,5.0,0.0,0.0,0,0,0,0.0,0.0,0,5.0,7.0,0,0.0,60.0,131.0,182.0,0.0018857142857142857,0.006842857142857143,0.03748571428571428,3,봄,2025,1. 봄 (3~5월)
2025-03-10,5.6,14.3,-2.6,64.6,0.0,0.8,7.7,6.5,39.0,22.0,0.0319,0.0165,0.38,0.0022,16.900000000000002,0.10000000000000053,2.299999999999997,2.007485989988742,5.2,1,0,7.0,11.0,0,0,3.0,5.0,0.0,0.0,0,0,0,0.0,0.0,0,4.0,7.0,0,0.0,61.0,164.0,229.0,0.0019571428571428574,0.008885714285714285,0.035442857142857144,3,봄,2025,1. 봄 (3~5월)
2025-03-11,7.8,18.1,-1.8,58.9,0.0,0.9,10.6,8.0,48.0,31.0,0.0304,0.0199,0.43,0.0023,19.900000000000002,2.2,5.699999999999996,2.867635495200595,0.9,0,0,6.0,11.0,0,0,2.0,5.0,0.0,0.0,0,0,0,0.0,0.0,0,3.0,7.0,0,0.0,79.0,200.0,298.0,0.0020428571428571427,0.011114285714285715,0.033685714285714284,3,봄,2025,1. 봄 (3~5월)
2025-03-12,10.4,19.3,0.3,56.8,0.0,2.2,9.8,9.7,52.0,30.0,0.0394,0.0112,0.4,0.0022,19.0,2.6000000000000005,2.1000000000000014,4.036087214122235,0.9,0,0,5.0,10.0,0,0,1.0,4.0,0.0,0.0,0,0,0,0.0,0.0,0,2.0,6.0,0,0.0,82.0,222.0,369.0,0.0021,0.0117,0.03472857142857143,3,봄,2025,1. 봄 (3~5월)
2025-03-13,9.9,16.9,3.4,41.8,0.0,1.5,8.4,9.7,52.0,14.0,0.0436,0.0067,0.29,0.0021,13.499999999999998,0.5,15.0,9.325770745627448,0.0,0,0,4.0,10.0,0,0,0.0,4.0,0.0,0.0,0,0,0,0.0,0.0,0,1.0,6.0,0,0.0,66.0,227.0,419.0,0.002142857142857143,0.011585714285714286,0.036942857142857145,3,봄,2025,1. 봄 (3~5월)
2025-03-14,8.1,16.0,-0.4,54.9,0.0,2.2,10.0,9.0,34.0,6.0,0.0321,0.0086,0.3,0.0021,16.4,1.8000000000000007,13.100000000000001,8.167210866221957,0.0,0,0,3.0,10.0,0,0,0.0,4.0,0.0,0.0,0,0,0,0.0,0.0,0,0.0,6.0,0,0.0,40.0,188.0,431.0,0.0021714285714285715,0.011657142857142857,0.03722857142857143,3,봄,2025,1. 봄 (3~5월)
2025-03-15,7.5,9.0,6.0,73.0,0.3,2.9,0.1,7.8,21.0,5.0,0.0458,0.003,0.24,0.002,3.0,0.5999999999999996,18.1,15.666631205633655,0.3,1,0,3.0,11.0,0,0,0.0,4.0,0.0,0.0,0,0,0,0.0,0.0,1,1.0,7.0,1,0.002,26.0,132.0,414.0,0.0021857142857142856,0.010700000000000001,0.03838571428571429,3,봄,2025,1. 봄 (3~5월)
2025-03-16,4.6,8.9,0.1,73.3,2.2,2.5,0.1,6.5,17.0,7.0,0.041,0.0025,0.26,0.0019,8.8,2.9000000000000004,0.29999999999999716,10.537710061172417,2.5,1,0,3.0,12.0,0,0,0.0,4.0,0.0,0.0,0,0,0,0.0,0.0,1,2.0,8.0,2,0.0019,24.0,90.0,378.0,0.002114285714285714,0.009771428571428572,0.03774285714285714,3,봄,2025,1. 봄 (3~5월)
2025-03-17,3.1,10.0,-2.6,44.9,0.0,3.1,9.7,5.5,37.0,15.0,0.0445,0.0065,0.3,0.0021,12.6,1.4999999999999996,28.4,16.310834844769115,2.5,0,0,2.0,12.0,0,0,0.0,4.0,0.0,0.0,0,0,0,0.0,0.0,0,2.0,8.0,0,0.0,52.0,102.0,369.0,0.0021000000000000003,0.008342857142857143,0.039542857142857143,3,봄,2025,1. 봄 (3~5월)
2025-03-18,2.0,6.3,-2.6,70.9,0.7,2.3,4.2,5.5,23.0,14.0,0.0379,0.0093,0.32,0.0018,8.9,1.1,26.000000000000007,15.749708992020592,3.2,1,0,3.0,13.0,0,0,0.0,4.0,0.0,0.0,0,0,0,0.0,0.0,1,3.0,9.0,1,0.0018,37.0,113.0,327.0,0.0020285714285714286,0.006828571428571428,0.040614285714285714,3,봄,2025,1. 봄 (3~5월)
2025-03-19,3.9,9.7,-1.3,48.9,0.0,2.2,9.5,6.3,41.0,28.0,0.051,0.0086,0.35,0.0019,11.0,1.9,22.000000000000007,14.000000000000036,3.2,0,0,3.0,13.0,0,0,0.0,4.0,0.0,0.0,0,0,0,0.0,0.0,0,3.0,9.0,0,0.0,69.0,158.0,314.0,0.0019857142857142855,0.006457142857142857,0.04227142857142857,3,봄,2025,1. 봄 (3~5월)
2025-03-20,9.3,16.7,1.1,41.6,0.0,2.5,10.8,8.2,39.0,22.0,0.0578,0.0089,0.33,0.0023,15.6,5.4,7.299999999999997,15.2522129541913,3.2,0,0,3.0,13.0,0,0,0.0,4.0,0.0,0.0,0,0,0,0.0,0.0,0,3.0,9.0,0,0.0,61.0,167.0,309.0,0.002014285714285714,0.0067714285714285715,0.0443,3,봄,2025,1. 봄 (3~5월)
2025-03-21,14.1,23.5,2.1,35.6,0.0,2.7,10.4,10.5,49.0,23.0,0.062,0.011,0.34,0.0026,21.4,4.799999999999999,6.0,6.660580555276994,3.2,0,0,3.0,13.0,0,0,0.0,4.0,0.0,0.0,0,0,0,0.0,0.0,0,3.0,9.0,0,0.0,72.0,202.0,341.0,0.0020857142857142854,0.0071142857142857145,0.04857142857142858,3,봄,2025,1. 봄 (3~5월)
2025-03-22,16.8,25.9,4.0,29.0,0.0,2.9,10.8,12.2,44.0,17.0,0.0599,0.0104,0.31,0.0028,21.9,2.700000000000001,6.600000000000001,6.302380502635541,2.9000000000000004,0,0,2.0,13.0,0,0,0.0,4.0,0.0,0.0,0,0,0,0.0,0.0,0,2.0,9.0,0,0.0,61.0,194.0,376.0,0.0021999999999999997,0.00817142857142857,0.05058571428571428,3,봄,2025,1. 봄 (3~5월)
2025-03-23,14.6,27.1,4.5,44.1,0.0,1.4,10.1,13.3,54.0,24.0,0.0564,0.0119,0.41,0.0031,22.6,2.200000000000001,15.100000000000001,7.5698965206490065,0.7,0,0,1.0,13.0,0,0,0.0,4.0,0.0,0.0,0,0,0,0.0,0.0,0,1.0,9.0,0,0.0,78.0,211.0,430.0,0.0023714285714285716,0.009514285714285713,0.05278571428571428,3,봄,2025,1. 봄 (3~5월)
2025-03-24,16.0,24.8,8.1,52.3,0.0,2.0,6.1,13.9,70.0,30.0,0.0548,0.013,0.46,0.0029,16.700000000000003,1.4000000000000004,8.199999999999996,11.819052415485796,0.7,0,0,1.0,13.0,0,0,0.0,4.0,0.0,0.0,0,0,0,0.0,0.0,0,1.0,9.0,0,0.0,100.0,239.0,478.0,0.0024857142857142855,0.010442857142857143,0.05425714285714285,3,봄,2025,1. 봄 (3~5월)
2025-03-25,16.9,26.1,6.8,45.3,0.0,2.7,9.9,14.6,121.0,39.0,0.0561,0.0129,0.41,0.003,19.3,0.8999999999999986,7.0,4.428694314731376,0.0,0,0,0.0,13.0,0,0,0.0,4.0,0.0,0.0,0,0,0,0.0,0.0,0,0.0,9.0,0,0.0,160.0,338.0,601.0,0.002657142857142857,0.010957142857142856,0.05685714285714285,3,봄,2025,1. 봄 (3~5월)
2025-03-26,15.9,24.0,6.1,38.6,0.0,1.7,10.7,14.8,81.0,27.0,0.0621,0.0133,0.37,0.0031,17.9,0.9999999999999982,6.699999999999996,6.850547423381625,0.0,0,0,0.0,13.0,0,0,0.0,4.0,0.0,0.0,0,0,0,0.0,0.0,0,0.0,9.0,0,0.0,108.0,368.0,640.0,0.002828571428571429,0.011628571428571429,0.058442857142857144,3,봄,2025,1. 봄 (3~5월)
2025-03-27,18.7,25.9,12.2,68.5,0.0,2.0,1.5,16.5,39.0,24.0,0.0428,0.0097,0.37,0.0029,13.7,2.799999999999999,29.9,15.690442951045098,0.0,1,0,1.0,14.0,0,0,0.0,4.0,0.0,0.0,0,0,0,0.0,0.0,0,0.0,9.0,0,0.0,63.0,331.0,642.0,0.0029142857142857143,0.011742857142857142,0.0563,3,봄,2025,1. 봄 (3~5월)
2025-03-28,8.6,13.4,5.3,60.8,1.1,2.9,6.6,13.2,45.0,21.0,0.0416,0.0062,0.37,0.002,8.100000000000001,10.1,7.700000000000003,15.524926194134846,1.1,1,0,2.0,15.0,0,0,0.0,4.0,0.0,0.0,0,0,0,0.0,0.0,0,0.0,9.0,0,0.0,66.0,237.0,636.0,0.002828571428571428,0.011057142857142857,0.05338571428571428,3,봄,2025,1. 봄 (3~5월)
2025-03-29,6.2,12.4,2.2,32.4,0.0,3.6,9.0,10.4,23.0,5.0,0.0447,0.0047,0.29,0.0021,10.2,2.3999999999999995,28.4,19.013416315854467,1.1,0,0,2.0,14.0,0,0,0.0,4.0,0.0,0.0,0,0,0,0.0,0.0,0,0.0,8.0,0,0.0,28.0,157.0,603.0,0.0027285714285714283,0.010242857142857142,0.05121428571428571,3,봄,2025,1. 봄 (3~5월)
2025-03-30,4.5,10.5,-0.8,30.8,0.0,2.6,9.9,9.8,18.0,4.0,0.0449,0.0047,0.27,0.002,11.3,1.7000000000000002,1.5999999999999979,16.87759856535679,1.1,0,0,2.0,13.0,0,0,0.0,4.0,0.0,0.0,0,0,0,0.0,0.0,0,0.0,8.0,0,0.0,22.0,116.0,547.0,0.0025714285714285713,0.009214285714285715,0.04957142857142858,3,봄,2025,1. 봄 (3~5월)
2025-03-31,6.1,13.6,-3.1,52.3,0.0,1.2,8.2,10.3,36.0,15.0,0.0388,0.0138,0.33,0.0022,16.7,1.5999999999999996,21.499999999999996,11.977896309452685,1.1,0,0,2.0,12.0,0,0,0.0,3.0,0.0,0.0,0,0,0,0.0,0.0,0,0.0,7.0,0,0.0,51.0,101.0,498.0,0.0024714285714285715,0.009328571428571427,0.047285714285714285,3,봄,2025,1. 봄 (3~5월)
2025-04-01,7.9,17.0,-1.2,54.0,0.0,1.4,11.1,11.4,36.0,17.0,0.0381,0.0151,0.38,0.0026,18.2,1.8000000000000007,1.7000000000000028,12.93174388858674,1.1,0,0,2.0,11.0,0,0,0.0,2.0,0.0,0.0,0,0,0,0.0,0.0,0,0.0,6.0,0,0.0,53.0,126.0,391.0,0.0024142857142857147,0.009642857142857144,0.04471428571428571,4,봄,2025,1. 봄 (3~5월)
2025-04-02,8.2,18.0,-1.4,61.4,2.5,1.6,10.5,12.0,23.0,10.0,0.0396,0.0094,0.3,0.0021,19.4,0.29999999999999893,7.399999999999999,4.838388161361264,3.6,1,0,3.0,11.0,0,0,0.0,1.0,0.0,0.0,0,0,0,0.0,0.0,0,0.0,5.0,0,0.0,33.0,137.0,316.0,0.0022714285714285714,0.009085714285714286,0.041499999999999995,4,봄,2025,1. 봄 (3~5월)
2025-04-03,7.8,14.7,3.2,77.6,0.0,1.4,4.7,11.4,24.0,12.0,0.0395,0.0086,0.29,0.0019,11.5,0.39999999999999947,16.199999999999996,12.070349345952428,3.6,1,0,3.0,11.0,1,0,1.0,1.0,0.0,0.0,1,0,0,0.0,0.0,1,1.0,5.0,1,0.0019,36.0,122.0,289.0,0.0021285714285714285,0.008928571428571428,0.04102857142857143,4,봄,2025,1. 봄 (3~5월)
2025-04-04,9.1,17.4,0.0,64.5,0.0,1.0,7.8,11.5,29.0,13.0,0.0352,0.0122,0.34,0.0021,17.4,1.2999999999999998,13.099999999999994,8.599030953155957,2.5,1,0,3.0,11.0,0,0,1.0,1.0,0.0,0.0,0,0,0,0.0,0.0,0,1.0,4.0,0,0.0,42.0,111.0,265.0,0.002142857142857143,0.009785714285714286,0.04011428571428571,4,봄,2025,1. 봄 (3~5월)
2025-04-05,9.7,14.9,4.2,70.3,0.3,1.5,0.0,10.3,32.0,14.0,0.041,0.0095,0.32,0.002,10.7,0.5999999999999996,5.799999999999997,6.564297372910594,2.8,1,0,4.0,11.0,0,0,1.0,1.0,0.0,0.0,0,0,0,0.0,0.0,1,2.0,5.0,1,0.002,46.0,124.0,283.0,0.0021285714285714285,0.010471428571428573,0.03958571428571429,4,봄,2025,1. 봄 (3~5월)
2025-04-06,12.6,18.6,7.3,43.0,0.0,3.6,10.9,13.0,35.0,12.0,0.0562,0.0037,0.3,0.0022,11.3,2.9000000000000004,27.299999999999997,14.38274429075809,2.8,0,0,4.0,10.0,0,0,1.0,1.0,0.0,0.0,0,0,0,0.0,0.0,0,2.0,5.0,0,0.0,47.0,135.0,308.0,0.002157142857142857,0.010328571428571428,0.04120000000000001,4,봄,2025,1. 봄 (3~5월)
2025-04-07,15.1,23.4,3.1,31.0,0.0,1.7,10.9,15.8,35.0,9.0,0.0532,0.0102,0.29,0.0026,20.299999999999997,2.5,12.0,20.14025819099649,2.8,0,0,4.0,9.0,0,0,1.0,1.0,0.0,0.0,0,0,0,0.0,0.0,0,2.0,5.0,0,0.0,44.0,137.0,301.0,0.002214285714285714,0.009814285714285716,0.04325714285714286,4,봄,2025,1. 봄 (3~5월)
2025-04-08,15.3,24.0,7.9,43.1,0.0,3.1,10.0,17.8,58.0,19.0,0.0675,0.0062,0.34,0.0028,16.1,0.20000000000000107,12.100000000000001,6.957250414735311,2.8,0,0,4.0,9.0,0,0,1.0,1.0,0.0,0.0,0,0,0,0.0,0.0,0,2.0,5.0,0,0.0,77.0,168.0,325.0,0.002242857142857143,0.008542857142857144,0.04745714285714286,4,봄,2025,1. 봄 (3~5월)
2025-04-09,13.4,21.9,3.0,57.9,0.0,1.0,7.8,16.3,67.0,24.0,0.0505,0.0114,0.37,0.0024,18.9,1.9000000000000004,14.799999999999997,13.47256471500513,0.3,0,0,3.0,9.0,0,0,1.0,1.0,0.0,0.0,0,0,0,0.0,0.0,0,2.0,5.0,0,0.0,91.0,212.0,383.0,0.002285714285714286,0.008828571428571427,0.04901428571428571,4,봄,2025,1. 봄 (3~5월)
2025-04-10,13.5,22.2,7.3,65.3,0.0,1.4,8.4,18.7,52.0,23.0,0.0564,0.0099,0.36,0.0025,14.899999999999999,0.09999999999999964,7.399999999999999,11.303686714224462,0.3,1,0,3.0,10.0,0,0,0.0,1.0,0.0,0.0,0,0,0,0.0,0.0,0,1.0,5.0,0,0.0,75.0,243.0,422.0,0.0023714285714285716,0.009014285714285714,0.05142857142857143,4,봄,2025,1. 봄 (3~5월)
2025-04-11,13.6,24.1,3.2,58.1,0.0,1.5,11.4,19.1,39.0,17.0,0.043,0.012,0.45,0.0038,20.900000000000002,0.09999999999999964,7.199999999999996,4.2158431343367955,0.3,0,0,2.0,10.0,0,0,0.0,1.0,0.0,0.0,0,0,0,0.0,0.0,0,1.0,5.0,0,0.0,56.0,222.0,436.0,0.0026142857142857144,0.008985714285714286,0.052542857142857134,4,봄,2025,1. 봄 (3~5월)
2025-04-12,13.2,21.2,5.2,68.4,3.9,2.0,4.0,15.6,36.0,19.0,0.0473,0.0105,0.39,0.0029,16.0,0.40000000000000036,10.300000000000004,5.284253337353798,3.9,1,0,2.0,10.0,0,0,0.0,1.0,0.0,0.0,0,0,0,0.0,0.0,0,0.0,4.0,0,0.0,55.0,186.0,445.0,0.0027428571428571432,0.00912857142857143,0.05344285714285714,4,봄,2025,1. 봄 (3~5월)
2025-04-13,7.9,13.0,2.8,53.3,11.9,4.4,7.6,9.8,41.0,5.0,0.0462,0.0025,0.26,0.0018,10.2,5.299999999999999,15.100000000000009,7.715136637372974,15.8,0,0,2.0,9.0,0,0,0.0,1.0,0.0,0.0,0,0,0,0.0,0.0,0,0.0,3.0,0,0.0,46.0,157.0,444.0,0.0026857142857142856,0.008957142857142858,0.052014285714285714,4,봄,2025,1. 봄 (3~5월)
2025-04-14,5.8,12.4,1.0,81.0,2.4,1.3,1.9,8.6,24.0,7.0,0.0402,0.0066,0.29,0.0019,11.4,2.1000000000000005,27.700000000000003,13.868789901549986,18.2,1,0,3.0,10.0,1,0,1.0,2.0,0.0,0.0,1,0,0,0.0,0.0,1,1.0,4.0,1,0.0019,31.0,132.0,431.0,0.0025857142857142854,0.008442857142857143,0.05015714285714286,4,봄,2025,1. 봄 (3~5월)
2025-04-15,9.9,16.3,3.9,56.5,0.0,3.0,9.3,12.0,16.0,6.0,0.0448,0.0048,0.31,0.0021,12.4,4.1000000000000005,24.5,15.153547439461212,18.2,0,0,3.0,9.0,0,0,1.0,2.0,0.0,0.0,0,0,0,0.0,0.0,0,1.0,3.0,0,0.0,22.0,99.0,376.0,0.0024857142857142855,0.008242857142857144,0.04691428571428572,4,봄,2025,1. 봄 (3~5월)
2025-04-16,16.3,24.7,4.5,48.5,0.0,1.6,8.7,16.2,50.0,16.0,0.0599,0.011,0.37,0.0031,20.2,6.4,8.0,16.93369422187614,18.2,0,0,3.0,9.0,0,0,1.0,2.0,0.0,0.0,0,0,0,0.0,0.0,0,1.0,3.0,0,0.0,66.0,119.0,351.0,0.002585714285714286,0.008185714285714286,0.04825714285714285,4,봄,2025,1. 봄 (3~5월)
2025-04-17,17.7,23.2,9.6,72.0,0.0,1.6,3.2,17.3,56.0,17.0,0.0599,0.0086,0.3,0.0026,13.6,1.3999999999999986,23.5,11.947803145348582,18.2,1,0,3.0,10.0,0,0,1.0,2.0,0.0,0.0,0,0,0,0.0,0.0,1,2.0,4.0,1,0.0026,73.0,161.0,349.0,0.0026000000000000003,0.007999999999999998,0.04875714285714285,4,봄,2025,1. 봄 (3~5월)
2025-04-18,21.2,28.1,13.1,67.9,0.0,1.8,8.1,21.2,65.0,24.0,0.0682,0.0075,0.33,0.003,15.000000000000002,3.5,4.099999999999994,12.552688954961065,18.2,1,1,4.0,11.0,0,0,1.0,2.0,0.0,0.0,0,0,0,0.0,0.0,0,2.0,4.0,0,0.0,89.0,228.0,382.0,0.0024857142857142855,0.007357142857142858,0.052357142857142866,4,봄,2025,1. 봄 (3~5월)
2025-04-19,21.1,26.0,15.1,66.0,0.0,2.7,9.7,22.7,41.0,15.0,0.0495,0.0057,0.29,0.0027,10.9,0.09999999999999787,1.9000000000000057,3.0664855018954165,14.3,1,1,4.0,12.0,0,0,1.0,2.0,0.0,0.0,0,0,0,0.0,0.0,0,2.0,4.0,0,0.0,56.0,218.0,383.0,0.002457142857142857,0.006671428571428571,0.05267142857142858,4,봄,2025,1. 봄 (3~5월)
2025-04-20,13.7,19.3,11.6,74.5,0.0,2.5,0.0,17.4,18.0,6.0,0.0504,0.0038,0.36,0.0021,7.700000000000001,7.400000000000002,8.5,4.461315202194833,2.4,1,0,5.0,13.0,0,0,1.0,2.0,0.0,0.0,0,0,0,0.0,0.0,1,3.0,5.0,1,0.0021,24.0,169.0,361.0,0.0025,0.006857142857142856,0.053271428571428574,4,봄,2025,1. 봄 (3~5월)
2025-04-21,16.6,25.0,11.1,59.9,0.0,2.1,9.9,22.2,26.0,9.0,0.0514,0.009,0.55,0.0041,13.9,2.900000000000002,14.600000000000001,7.332803011127568,0.0,0,0,4.0,13.0,0,0,0.0,2.0,0.0,0.0,0,0,0,0.0,0.0,0,2.0,5.0,0,0.0,35.0,115.0,365.0,0.0028142857142857145,0.007199999999999999,0.05487142857142857,4,봄,2025,1. 봄 (3~5월)
2025-04-22,14.6,18.2,10.9,93.4,14.4,0.9,0.0,16.0,30.0,14.0,0.0244,0.0129,0.41,0.0024,7.299999999999999,2.0000000000000018,33.50000000000001,16.79593204717543,14.4,1,0,5.0,14.0,1,0,1.0,3.0,0.0,0.0,1,0,0,0.0,0.0,1,3.0,6.0,1,0.0024,44.0,103.0,387.0,0.002857142857142857,0.008357142857142856,0.05195714285714286,4,봄,2025,1. 봄 (3~5월)
2025-04-23,12.5,17.4,8.6,80.5,0.0,2.2,5.8,17.6,20.0,4.0,0.0466,0.0041,0.33,0.002,8.799999999999999,2.0999999999999996,12.900000000000006,16.896843886753956,14.4,1,0,6.0,15.0,1,0,2.0,4.0,0.0,0.0,2,0,0,0.0,0.0,1,4.0,7.0,2,0.002,24.0,103.0,345.0,0.0027,0.007371428571428571,0.05005714285714286,4,봄,2025,1. 봄 (3~5월)
2025-04-24,17.1,26.5,6.8,56.3,0.0,2.4,10.1,18.3,48.0,13.0,0.0515,0.0076,0.33,0.0026,19.7,4.600000000000001,24.200000000000003,18.834631223714858,14.4,0,0,5.0,14.0,0,0,2.0,4.0,0.0,0.0,0,0,0,0.0,0.0,0,3.0,7.0,0,0.0,61.0,129.0,333.0,0.0027,0.007228571428571427,0.04885714285714286,4,봄,2025,1. 봄 (3~5월)
2025-04-25,14.6,20.4,10.1,24.0,0.0,3.6,11.4,16.5,66.0,25.0,0.0544,0.0051,0.3,0.0023,10.299999999999999,2.5000000000000018,32.3,28.34660473495904,14.4,0,0,4.0,13.0,0,0,2.0,4.0,0.0,0.0,0,0,0,0.0,0.0,0,3.0,7.0,0,0.0,91.0,176.0,335.0,0.0026000000000000003,0.006885714285714287,0.046885714285714294,4,봄,2025,1. 봄 (3~5월)
2025-04-26,15.8,24.5,3.6,26.9,0.0,2.1,0.0,20.3,39.0,8.0,0.0576,0.0068,0.26,0.0026,20.9,1.200000000000001,2.8999999999999986,17.870180002824156,14.4,0,0,3.0,13.0,0,0,2.0,4.0,0.0,0.0,0,0,0,0.0,0.0,0,3.0,7.0,0,0.0,47.0,199.0,326.0,0.002585714285714286,0.007042857142857142,0.048042857142857144,4,봄,2025,1. 봄 (3~5월)
2025-04-27,17.9,26.5,9.9,32.1,0.0,1.6,0.0,20.9,35.0,6.0,0.0597,0.0075,0.27,0.0026,16.6,2.099999999999998,5.200000000000003,4.104063027456673,14.4,0,0,2.0,13.0,0,0,2.0,4.0,0.0,0.0,0,0,0,0.0,0.0,0,2.0,7.0,0,0.0,41.0,179.0,343.0,0.002657142857142857,0.007571428571428571,0.04937142857142857,4,봄,2025,1. 봄 (3~5월)
2025-04-28,17.1,24.7,9.6,40.1,0.0,2.4,0.0,22.2,41.0,10.0,0.0539,0.0077,0.27,0.0025,15.1,0.7999999999999972,8.0,6.649310741222479,14.4,0,0,2.0,13.0,0,0,2.0,4.0,0.0,0.0,0,0,0,0.0,0.0,0,2.0,7.0,0,0.0,51.0,139.0,359.0,0.002428571428571429,0.007385714285714286,0.04972857142857142,4,봄,2025,1. 봄 (3~5월)
2025-04-29,14.1,22.9,4.5,54.3,0.0,1.4,12.4,21.0,37.0,14.0,0.0519,0.0084,0.31,0.0025,18.4,3.0000000000000018,14.199999999999996,11.243368415796763,0.0,0,0,1.0,13.0,0,0,1.0,4.0,0.0,0.0,0,0,0,0.0,0.0,0,1.0,7.0,0,0.0,51.0,143.0,366.0,0.002442857142857143,0.0067428571428571425,0.05365714285714286,4,봄,2025,1. 봄 (3~5월)
2025-04-30,17.5,28.4,6.2,51.8,0.0,1.5,12.3,22.7,46.0,18.0,0.0524,0.0118,0.34,0.0029,22.2,3.4000000000000004,2.5,7.58045733009137,0.0,0,0,0.0,12.0,0,0,0.0,4.0,0.0,0.0,0,0,0,0.0,0.0,0,0.0,7.0,0,0.0,64.0,166.0,406.0,0.0025714285714285713,0.007842857142857143,0.05448571428571428,4,봄,2025,1. 봄 (3~5월)
2025-05-01,15.1,24.2,6.9,76.8,24.0,1.7,5.6,17.9,32.0,12.0,0.0443,0.0076,0.28,0.0024,17.299999999999997,2.4000000000000004,25.0,13.76892636821534,24.0,1,0,1.0,12.0,1,0,1.0,4.0,0.0,0.0,1,0,0,0.0,0.0,1,1.0,7.0,1,0.0024,44.0,159.0,389.0,0.0025428571428571427,0.007842857142857143,0.053457142857142856,5,봄,2025,1. 봄 (3~5월)
2025-05-02,14.5,20.6,9.3,54.1,0.0,3.1,10.1,16.8,28.0,8.0,0.0521,0.0049,0.3,0.0023,11.3,0.5999999999999996,22.699999999999996,13.817742217887924,24.0,0,0,1.0,11.0,0,0,1.0,4.0,0.0,0.0,0,0,0,0.0,0.0,0,1.0,7.0,0,0.0,36.0,144.0,334.0,0.0025428571428571427,0.007814285714285715,0.05312857142857143,5,봄,2025,1. 봄 (3~5월)
2025-05-03,10.7,13.0,9.7,85.4,12.4,1.5,0.3,12.3,21.0,9.0,0.0342,0.0078,0.32,0.002,3.3000000000000007,3.8000000000000007,31.300000000000004,16.170652429633197,36.4,1,0,2.0,11.0,1,0,2.0,5.0,0.0,0.0,1,0,0,0.0,0.0,1,2.0,7.0,1,0.002,30.0,110.0,317.0,0.002457142857142857,0.007957142857142857,0.04978571428571429,5,봄,2025,1. 봄 (3~5월)
2025-05-04,13.7,22.5,4.9,53.6,0.0,2.2,12.2,15.4,32.0,7.0,0.0474,0.0052,0.27,0.0024,17.6,3.0,31.800000000000004,18.217116493378846,36.4,0,0,2.0,11.0,0,0,2.0,5.0,0.0,0.0,0,0,0,0.0,0.0,0,2.0,7.0,0,0.0,39.0,105.0,315.0,0.002428571428571429,0.007628571428571429,0.048028571428571434,5,봄,2025,1. 봄 (3~5월)
2025-05-05,11.6,20.1,3.6,69.3,1.6,1.2,4.4,13.6,28.0,8.0,0.0382,0.0078,0.35,0.0026,16.5,2.0999999999999996,15.699999999999996,15.900419281683597,38.0,1,0,3.0,12.0,0,0,2.0,5.0,0.0,0.0,0,0,0,0.0,0.0,0,2.0,7.0,0,0.0,36.0,105.0,300.0,0.002442857142857143,0.007642857142857143,0.04578571428571428,5,봄,2025,1. 봄 (3~5월)
2025-05-06,11.6,14.4,8.3,88.0,0.1,0.7,0.0,13.6,25.0,9.0,0.0282,0.0067,0.31,0.0021,6.1,0.0,18.700000000000003,17.221788525005238,38.1,1,0,4.0,13.0,1,0,3.0,6.0,0.0,0.0,1,0,0,0.0,0.0,1,3.0,8.0,1,0.0021,34.0,109.0,283.0,0.0023857142857142857,0.0073999999999999995,0.04239999999999999,5,봄,2025,1. 봄 (3~5월)
2025-05-07,14.3,22.0,7.4,72.5,0.0,1.3,8.5,18.4,30.0,14.0,0.0418,0.0084,0.31,0.0027,14.6,2.700000000000001,15.5,10.00149988751698,38.1,1,0,5.0,14.0,0,0,3.0,6.0,0.0,0.0,0,0,0,0.0,0.0,1,4.0,9.0,2,0.0027,44.0,114.0,263.0,0.002357142857142857,0.006914285714285714,0.04088571428571429,5,봄,2025,1. 봄 (3~5월)
2025-05-08,16.7,24.5,9.0,62.5,0.0,1.2,8.9,20.1,35.0,15.0,0.0446,0.0109,0.33,0.0027,15.5,2.3999999999999986,10.0,12.848475914805439,14.1,1,0,5.0,14.0,0,0,2.0,6.0,0.0,0.0,0,0,0,0.0,0.0,0,3.0,9.0,0,0.0,50.0,128.0,269.0,0.0024,0.007385714285714285,0.040928571428571425,5,봄,2025,1. 봄 (3~5월)
2025-05-09,14.0,15.3,11.7,92.9,13.1,1.5,0.0,15.2,19.0,8.0,0.034,0.011,0.41,0.0025,3.6000000000000014,2.6999999999999993,30.400000000000006,15.493654615142791,27.2,1,0,6.0,15.0,1,0,3.0,7.0,0.0,0.0,1,0,0,0.0,0.0,1,4.0,10.0,1,0.0025,27.0,121.0,260.0,0.002428571428571429,0.008257142857142857,0.038342857142857144,5,봄,2025,1. 봄 (3~5월)
2025-05-10,15.8,18.2,13.1,73.3,0.1,2.9,1.3,15.8,17.0,3.0,0.0472,0.0038,0.32,0.0021,5.1,1.8000000000000007,19.60000000000001,15.410818710676455,14.899999999999999,1,0,6.0,15.0,0,0,2.0,7.0,0.0,0.0,0,0,0,0.0,0.0,1,4.0,11.0,2,0.0021,20.0,97.0,250.0,0.002442857142857143,0.007685714285714286,0.0402,5,봄,2025,1. 봄 (3~5월)
2025-05-11,15.2,20.7,10.4,69.5,0.0,1.6,2.6,16.8,24.0,10.0,0.0497,0.0051,0.33,0.0024,10.299999999999999,0.6000000000000014,3.799999999999997,12.557600620076094,14.899999999999999,1,0,7.0,16.0,0,0,2.0,7.0,0.0,0.0,0,0,0,0.0,0.0,0,4.0,11.0,0,0.0,34.0,81.0,245.0,0.002442857142857143,0.007671428571428571,0.04052857142857143,5,봄,2025,1. 봄 (3~5월)
2025-05-12,17.0,25.8,7.2,56.3,0.0,1.7,12.7,18.1,36.0,17.0,0.0529,0.0093,0.31,0.0026,18.6,1.8000000000000007,13.200000000000003,8.92263040438946,13.299999999999999,0,0,6.0,15.0,0,0,2.0,6.0,0.0,0.0,0,0,0,0.0,0.0,0,4.0,10.0,0,0.0,53.0,107.0,262.0,0.002442857142857143,0.007885714285714286,0.042628571428571425,5,봄,2025,1. 봄 (3~5월)
2025-05-13,18.6,28.2,7.8,61.0,0.0,1.3,8.7,19.4,46.0,25.0,0.0564,0.0132,0.38,0.0031,20.4,1.6000000000000014,4.700000000000003,6.690540586031533,13.2,1,0,6.0,16.0,0,0,1.0,6.0,0.0,0.0,0,0,0,0.0,0.0,0,3.0,10.0,0,0.0,71.0,158.0,299.0,0.0025857142857142854,0.008814285714285714,0.046657142857142855,5,봄,2025,1. 봄 (3~5월)
2025-05-14,20.3,28.6,11.4,56.6,0.0,1.7,11.5,22.9,44.0,24.0,0.0641,0.0094,0.35,0.0032,17.200000000000003,1.6999999999999993,4.399999999999999,2.631222782915784,13.2,0,1,5.0,16.0,0,0,1.0,6.0,0.0,0.0,0,0,0,0.0,0.0,0,2.0,10.0,0,0.0,68.0,192.0,323.0,0.002657142857142857,0.008957142857142858,0.04984285714285714,5,봄,2025,1. 봄 (3~5월)
2025-05-15,20.6,24.8,15.6,74.3,0.1,1.8,0.5,21.3,31.0,17.0,0.0441,0.006,0.29,0.003,9.200000000000001,0.3000000000000007,17.699999999999996,9.215385685544318,13.299999999999999,1,1,5.0,16.0,0,0,1.0,6.0,0.0,0.0,0,0,0,0.0,0.0,1,3.0,10.0,1,0.003,48.0,187.0,321.0,0.0027,0.008257142857142857,0.04977142857142858,5,봄,2025,1. 봄 (3~5월)
2025-05-16,20.0,23.7,16.8,87.0,18.8,1.3,0.1,20.5,27.0,12.0,0.0295,0.0086,0.32,0.0033,6.899999999999999,0.6000000000000014,12.700000000000003,15.26837690566143,19.0,1,0,5.0,16.0,1,0,1.0,7.0,0.0,0.0,1,0,1,1.0,1.0,1,3.0,11.0,2,0.0033,39.0,155.0,333.0,0.002814285714285714,0.007914285714285714,0.049128571428571424,5,봄,2025,1. 봄 (3~5월)
2025-05-17,21.7,27.3,16.5,73.6,0.5,2.0,6.6,23.4,26.0,12.0,0.0419,0.0038,0.26,0.0033,10.8,1.6999999999999993,13.400000000000006,7.542545989253374,19.4,1,1,5.0,16.0,0,0,1.0,7.0,0.0,0.0,0,0,0,1.0,1.0,1,3.0,12.0,3,0.0033,38.0,125.0,351.0,0.0029857142857142856,0.007914285714285714,0.04837142857142857,5,봄,2025,1. 봄 (3~5월)
2025-05-18,18.0,24.1,11.7,58.9,0.0,2.0,10.2,20.6,57.0,13.0,0.0484,0.0049,0.35,0.0029,12.400000000000002,3.6999999999999993,14.699999999999996,14.055010968808789,19.4,0,0,4.0,15.0,0,0,1.0,7.0,0.0,0.0,0,0,0,1.0,1.0,0,3.0,11.0,0,0.0,70.0,147.0,387.0,0.003057142857142857,0.007885714285714286,0.04818571428571428,5,봄,2025,1. 봄 (3~5월)
2025-05-19,19.6,27.9,9.6,64.8,0.0,2.5,11.0,21.8,44.0,14.0,0.046,0.0066,0.35,0.0027,18.299999999999997,1.6000000000000014,5.899999999999999,7.397522107661131,19.4,1,0,5.0,16.0,0,0,1.0,7.0,0.0,0.0,0,0,0,1.0,1.0,0,3.0,11.0,0,0.0,58.0,166.0,392.0,0.0030714285714285717,0.0075,0.0472,5,봄,2025,1. 봄 (3~5월)
2025-05-20,24.8,32.2,17.4,66.8,0.0,2.0,12.2,26.1,42.0,16.0,0.0541,0.0052,0.3,0.0028,14.800000000000004,5.199999999999999,2.0,4.107310555582788,19.4,1,1,5.0,16.0,0,0,1.0,6.0,0.0,0.0,0,0,0,1.0,1.0,0,3.0,10.0,0,0.0,58.0,186.0,379.0,0.0030285714285714286,0.006357142857142857,0.04687142857142857,5,봄,2025,1. 봄 (3~5월)
2025-05-21,22.8,29.8,16.3,74.8,0.0,1.8,5.0,24.9,28.0,11.0,0.0421,0.0062,0.31,0.0029,13.5,2.0,8.0,5.291502622129368,19.4,1,1,6.0,16.0,0,0,1.0,5.0,0.0,0.0,0,0,0,1.0,1.0,1,4.0,10.0,1,0.0029,39.0,155.0,350.0,0.002985714285714286,0.005900000000000001,0.04372857142857143,5,봄,2025,1. 봄 (3~5월)
2025-05-22,15.8,17.8,13.7,77.8,0.0,2.3,0.0,19.3,32.0,13.0,0.0504,0.0039,0.31,0.0025,4.100000000000001,7.0,3.0,5.6862407030775115,19.3,1,0,6.0,17.0,1,0,2.0,6.0,0.0,0.0,1,0,0,1.0,1.0,1,4.0,11.0,2,0.0025,45.0,142.0,347.0,0.002914285714285714,0.0056,0.04462857142857143,5,봄,2025,1. 봄 (3~5월)
2025-05-23,15.4,20.1,10.3,67.6,0.0,2.0,2.9,20.6,29.0,14.0,0.0459,0.0057,0.3,0.0025,9.8,0.40000000000000036,10.200000000000003,5.242136968832665,0.5,1,0,6.0,18.0,0,0,1.0,6.0,0.0,0.0,0,0,0,0.0,1.0,0,3.0,11.0,0,0.0,43.0,127.0,351.0,0.0028,0.005185714285714286,0.04697142857142857,5,봄,2025,1. 봄 (3~5월)
2025-05-24,13.7,15.8,12.0,79.6,0.9,2.1,0.0,15.5,17.0,6.0,0.0425,0.0036,0.25,0.0023,3.8000000000000007,1.700000000000001,12.0,6.471475874945541,0.9,1,0,6.0,19.0,1,0,2.0,7.0,0.0,0.0,1,0,0,0.0,1.0,1,3.0,12.0,1,0.0023,23.0,111.0,336.0,0.002657142857142857,0.0051571428571428575,0.04705714285714286,5,봄,2025,1. 봄 (3~5월)
2025-05-25,16.3,24.1,11.5,72.5,0.8,1.6,10.2,24.6,18.0,6.0,0.0431,0.0038,0.31,0.0028,12.600000000000001,2.6000000000000014,7.099999999999994,6.033517492585517,1.7000000000000002,1,0,7.0,20.0,0,0,2.0,7.0,0.0,0.0,0,0,0,0.0,1.0,1,4.0,13.0,2,0.0028,24.0,90.0,290.0,0.0026428571428571425,0.004999999999999999,0.0463,5,봄,2025,1. 봄 (3~5월)
2025-05-26,18.0,27.1,9.6,67.3,0.0,1.1,10.9,26.3,30.0,14.0,0.0435,0.0078,0.35,0.0028,17.5,1.6999999999999993,5.200000000000003,6.174409553417672,1.7000000000000002,1,0,7.0,21.0,0,0,2.0,7.0,0.0,0.0,0,0,0,0.0,1.0,0,4.0,13.0,0,0.0,44.0,91.0,276.0,0.002657142857142857,0.005171428571428571,0.04594285714285714,5,봄,2025,1. 봄 (3~5월)
2025-05-27,19.7,28.5,11.2,61.6,0.0,1.3,11.8,27.1,38.0,20.0,0.0528,0.0108,0.37,0.0037,17.3,1.6999999999999993,5.699999999999996,5.451910979953299,1.7000000000000002,1,0,7.0,22.0,0,0,2.0,7.0,0.0,0.0,0,0,0,0.0,1.0,0,4.0,13.0,0,0.0,58.0,126.0,276.0,0.002785714285714286,0.005971428571428572,0.04575714285714285,5,봄,2025,1. 봄 (3~5월)
2025-05-28,18.5,27.7,12.3,72.1,1.2,1.6,9.1,24.9,45.0,24.0,0.05,0.0103,0.43,0.0038,15.399999999999999,1.1999999999999993,10.499999999999993,5.256424640380759,2.9,1,0,7.0,23.0,0,0,2.0,7.0,0.0,0.0,0,0,0,0.0,1.0,1,4.0,14.0,1,0.0038,69.0,171.0,306.0,0.002914285714285714,0.006557142857142857,0.046885714285714294,5,봄,2025,1. 봄 (3~5월)
2025-05-29,16.9,25.4,11.3,77.1,0.0,1.6,8.8,23.9,24.0,12.0,0.0431,0.0069,0.34,0.0026,14.099999999999998,1.6000000000000014,5.0,7.910962857537344,2.9,1,0,7.0,23.0,1,0,2.0,7.0,0.0,0.0,1,0,0,0.0,1.0,1,4.0,14.0,2,0.0026,36.0,163.0,297.0,0.002928571428571429,0.006985714285714285,0.045842857142857144,5,봄,2025,1. 봄 (3~5월)
2025-05-30,16.5,23.5,10.2,73.8,0.0,1.6,12.9,26.4,16.0,7.0,0.0396,0.0053,0.25,0.0019,13.3,0.3999999999999986,3.299999999999997,2.542308662089559,2.9,1,0,7.0,24.0,0,0,2.0,7.0,0.0,0.0,0,0,0,0.0,1.0,1,5.0,15.0,3,0.0019,23.0,128.0,277.0,0.002842857142857143,0.006928571428571429,0.04494285714285715,5,봄,2025,1. 봄 (3~5월)
2025-05-31,17.9,26.9,8.8,58.5,0.0,1.5,12.0,24.7,16.0,6.0,0.0394,0.0066,0.26,0.002,18.099999999999998,1.3999999999999986,15.299999999999997,9.92421281513058,2.0,0,0,6.0,23.0,0,0,1.0,6.0,0.0,0.0,0,0,0,0.0,1.0,0,4.0,14.0,0,0.0,22.0,81.0,276.0,0.0028,0.007357142857142858,0.0445,5,봄,2025,1. 봄 (3~5월)
2025-06-01,19.7,30.1,9.9,66.6,0.0,1.5,11.0,28.4,30.0,18.0,0.046,0.0077,0.41,0.0028,20.200000000000003,1.8000000000000007,8.099999999999994,7.654410493303969,1.1999999999999997,1,0,6.0,24.0,0,0,1.0,6.0,0.0,0.0,0,0,0,0.0,1.0,0,3.0,14.0,0,0.0,48.0,93.0,300.0,0.0028000000000000004,0.007914285714285716,0.04491428571428572,6,여름,2025,2. 여름 (6~8월)
2025-06-02,19.5,24.3,15.3,76.1,0.1,0.9,0.1,22.9,44.0,29.0,0.0395,0.0115,0.42,0.0026,9.0,0.1999999999999993,9.5,8.809275414773637,1.2999999999999998,1,0,6.0,24.0,1,0,2.0,7.0,0.0,0.0,1,0,0,0.0,1.0,1,4.0,15.0,1,0.0026,73.0,143.0,329.0,0.0027714285714285714,0.008442857142857143,0.04434285714285714,6,여름,2025,2. 여름 (6~8월)
2025-06-03,21.6,28.7,16.2,58.3,0.2,2.2,8.1,28.0,34.0,22.0,0.0516,0.0058,0.28,0.0022,12.5,2.1000000000000014,17.799999999999997,8.906739021662299,1.4999999999999998,0,1,5.0,23.0,0,0,2.0,6.0,0.0,0.0,0,0,0,0.0,1.0,0,4.0,14.0,0,0.0,56.0,177.0,327.0,0.0025571428571428572,0.0077285714285714275,0.04417142857142858,6,여름,2025,2. 여름 (6~8월)
2025-06-04,22.3,29.6,14.5,33.4,0.0,3.2,13.2,28.8,26.0,6.0,0.0576,0.0052,0.24,0.0023,15.100000000000001,0.6999999999999993,24.9,21.4481545437675,0.30000000000000004,0,1,4.0,22.0,0,0,2.0,6.0,0.0,0.0,0,0,0,0.0,1.0,0,3.0,13.0,0,0.0,32.0,161.0,290.0,0.0023428571428571426,0.007,0.04525714285714285,6,여름,2025,2. 여름 (6~8월)
2025-06-05,22.2,29.8,14.1,45.5,0.0,1.8,11.3,29.0,20.0,6.0,0.0572,0.0078,0.25,0.0023,15.700000000000001,0.10000000000000142,12.100000000000001,12.451639784917242,0.30000000000000004,0,1,3.0,21.0,0,0,1.0,6.0,0.0,0.0,0,0,0,0.0,1.0,0,2.0,13.0,0,0.0,26.0,114.0,280.0,0.0023,0.0071285714285714286,0.04727142857142857,6,여름,2025,2. 여름 (6~8월)
2025-06-06,21.5,29.6,14.0,58.1,0.0,1.3,3.9,26.3,36.0,18.0,0.056,0.0126,0.36,0.0028,15.600000000000001,0.6999999999999993,12.600000000000001,12.350843425990547,0.30000000000000004,0,1,2.0,20.0,0,0,1.0,5.0,0.0,0.0,0,0,0,0.0,1.0,0,1.0,12.0,0,0.0,54.0,112.0,311.0,0.002428571428571429,0.00817142857142857,0.049614285714285715,6,여름,2025,2. 여름 (6~8월)
2025-06-07,24.1,32.8,13.6,49.3,0.0,1.5,11.2,30.4,38.0,22.0,0.0665,0.0087,0.38,0.003,19.199999999999996,2.6000000000000014,8.800000000000004,6.4632293269954575,0.30000000000000004,0,1,2.0,19.0,0,0,1.0,5.0,0.0,0.0,0,0,0,0.0,1.0,0,1.0,11.0,0,0.0,60.0,140.0,349.0,0.0025714285714285713,0.00847142857142857,0.05348571428571428,6,여름,2025,2. 여름 (6~8월)
2025-06-08,24.9,32.2,17.8,56.9,0.0,1.5,10.7,30.0,35.0,23.0,0.0599,0.0068,0.33,0.003,14.400000000000002,0.7999999999999972,7.600000000000001,4.772141378179648,0.30000000000000004,0,1,1.0,18.0,0,0,1.0,5.0,0.0,0.0,0,0,0,0.0,1.0,0,1.0,11.0,0,0.0,58.0,172.0,359.0,0.0026000000000000003,0.008342857142857143,0.05547142857142857,6,여름,2025,2. 여름 (6~8월)
2025-06-09,24.1,30.7,17.8,67.4,0.0,1.2,6.4,29.0,39.0,28.0,0.0497,0.0099,0.32,0.0025,12.899999999999999,0.7999999999999972,10.500000000000007,9.088637595004796,0.2,1,1,1.0,19.0,0,0,0.0,5.0,0.0,0.0,0,0,0,0.0,1.0,0,0.0,11.0,0,0.0,67.0,185.0,353.0,0.002585714285714286,0.008114285714285715,0.05692857142857143,6,여름,2025,2. 여름 (6~8월)
2025-06-10,25.6,33.0,16.7,57.8,0.0,2.2,10.5,32.0,33.0,20.0,0.0533,0.0081,0.28,0.0024,16.3,1.5,9.600000000000009,5.8197938107806975,0.0,0,1,1.0,18.0,0,0,0.0,5.0,0.0,0.0,0,0,0,0.0,1.0,0,0.0,11.0,0,0.0,53.0,178.0,350.0,0.0026142857142857144,0.008442857142857143,0.057171428571428574,6,여름,2025,2. 여름 (6~8월)
2025-06-11,24.7,31.5,19.0,44.9,0.0,2.5,10.9,31.3,20.0,10.0,0.0598,0.0053,0.25,0.0023,12.5,0.9000000000000021,12.899999999999999,11.29026129015627,0.0,0,1,1.0,18.0,0,0,0.0,5.0,0.0,0.0,0,0,0,0.0,1.0,0,0.0,11.0,0,0.0,30.0,150.0,348.0,0.0026142857142857144,0.008457142857142858,0.057485714285714286,6,여름,2025,2. 여름 (6~8월)
2025-06-12,23.4,30.1,16.4,55.4,0.0,1.5,8.4,31.4,35.0,20.0,0.0645,0.0122,0.42,0.0041,13.700000000000003,1.3000000000000007,10.5,6.860757975617621,0.0,0,1,1.0,17.0,0,0,0.0,5.0,0.0,0.0,0,0,0,0.0,1.0,0,0.0,10.0,0,0.0,55.0,138.0,377.0,0.002871428571428571,0.009085714285714286,0.05852857142857142,6,여름,2025,2. 여름 (6~8월)
2025-06-13,19.2,25.3,16.2,78.1,30.3,0.9,0.0,22.2,33.0,22.0,0.0374,0.0131,0.36,0.0031,9.100000000000001,4.199999999999999,22.699999999999996,16.969482412063563,30.3,1,0,2.0,17.0,1,0,1.0,5.0,0.0,0.0,1,0,0,0.0,0.0,1,1.0,10.0,1,0.0031,55.0,140.0,378.0,0.002914285714285714,0.009157142857142858,0.05587142857142857,6,여름,2025,2. 여름 (6~8월)
2025-06-14,21.3,27.0,17.9,90.9,58.1,1.0,3.1,24.9,14.0,4.0,0.0311,0.0086,0.38,0.0024,9.100000000000001,2.1000000000000014,12.800000000000011,17.97859838808361,88.4,1,1,3.0,17.0,1,0,2.0,6.0,0.0,0.0,2,0,1,1.0,1.0,1,2.0,10.0,2,0.0024,18.0,128.0,336.0,0.002828571428571428,0.009142857142857144,0.05081428571428571,6,여름,2025,2. 여름 (6~8월)
2025-06-15,25.2,31.7,18.3,77.5,0.0,1.4,8.0,29.8,26.0,15.0,0.0308,0.005,0.29,0.0023,13.399999999999999,3.8999999999999986,13.400000000000006,7.5692359808197685,88.4,1,1,4.0,18.0,1,0,3.0,7.0,0.0,0.0,3,0,1,2.0,2.0,1,3.0,11.0,3,0.0023,41.0,114.0,319.0,0.0027285714285714283,0.008885714285714285,0.04665714285714286,6,여름,2025,2. 여름 (6~8월)
2025-06-16,24.6,27.6,22.8,81.9,15.4,1.4,4.3,26.4,21.0,11.0,0.0402,0.0061,0.29,0.0024,4.800000000000001,0.5999999999999979,4.400000000000006,6.830324540849919,103.8,1,1,4.0,18.0,1,0,4.0,8.0,0.0,0.0,4,0,1,3.0,3.0,1,4.0,12.0,4,0.0024,32.0,91.0,284.0,0.0027142857142857142,0.008342857142857143,0.0453,6,여름,2025,2. 여름 (6~8월)
2025-06-17,24.9,29.9,19.6,72.3,0.0,2.1,9.5,28.2,40.0,20.0,0.0656,0.0053,0.29,0.0025,10.299999999999997,0.29999999999999716,9.600000000000009,4.805552344250985,103.8,1,1,5.0,18.0,0,0,4.0,8.0,0.0,0.0,0,0,0,3.0,3.0,1,5.0,13.0,5,0.0025,60.0,133.0,291.0,0.0027285714285714283,0.007942857142857142,0.04705714285714286,6,여름,2025,2. 여름 (6~8월)
2025-06-18,26.1,32.6,20.2,66.1,0.0,1.5,10.7,29.1,43.0,26.0,0.0671,0.0079,0.33,0.0026,12.400000000000002,1.2000000000000028,6.200000000000003,7.9607369843084195,103.8,1,1,6.0,18.0,0,0,4.0,8.0,0.0,0.0,0,0,0,3.0,3.0,0,5.0,12.0,0,0.0,69.0,161.0,330.0,0.0027714285714285714,0.008314285714285715,0.04810000000000001,6,여름,2025,2. 여름 (6~8월)
2025-06-19,26.7,33.4,18.9,64.6,0.0,1.2,10.3,28.6,37.0,23.0,0.0523,0.0087,0.3,0.0027,14.5,0.5999999999999979,1.5,4.082074635933967,103.8,1,1,7.0,18.0,0,0,4.0,7.0,0.0,0.0,0,0,0,3.0,3.0,0,5.0,11.0,0,0.0,60.0,189.0,335.0,0.0025714285714285713,0.007814285714285715,0.04635714285714286,6,여름,2025,2. 여름 (6~8월)
2025-06-20,26.2,29.1,23.7,76.1,1.8,1.5,0.2,28.8,12.0,5.0,0.0156,0.005,0.18,0.0024,5.400000000000002,0.5,11.5,6.251666444503856,75.3,1,1,7.0,18.0,1,0,4.0,8.0,0.0,0.0,1,0,1,4.0,4.0,1,5.0,12.0,1,0.0024,17.0,146.0,297.0,0.0024714285714285715,0.006657142857142856,0.04324285714285714,6,여름,2025,2. 여름 (6~8월)
2025-06-21,22.3,26.0,17.5,89.1,45.8,1.7,0.0,22.5,10.0,4.0,0.0313,0.0043,0.21,0.0024,8.5,3.8999999999999986,13.0,12.257650672131367,62.99999999999999,1,1,7.0,18.0,1,0,4.0,8.0,0.0,0.0,2,0,1,4.0,5.0,1,5.0,12.0,2,0.0024,14.0,91.0,293.0,0.0024714285714285715,0.006042857142857143,0.04327142857142858,6,여름,2025,2. 여름 (6~8월)
2025-06-22,21.4,27.5,16.9,78.3,8.6,1.5,4.4,23.6,20.0,11.0,0.0471,0.0053,0.27,0.0024,10.600000000000001,0.9000000000000021,10.799999999999997,6.95796905234107,71.6,1,1,7.0,18.0,1,0,4.0,9.0,0.0,0.0,3,0,1,4.0,6.0,1,5.0,12.0,3,0.0024,31.0,62.0,283.0,0.0024857142857142855,0.006085714285714286,0.045599999999999995,6,여름,2025,2. 여름 (6~8월)
2025-06-23,23.5,30.8,15.9,69.1,0.0,1.2,10.7,25.3,32.0,19.0,0.045,0.0089,0.4,0.0035,14.9,2.1000000000000014,9.200000000000003,10.010660983837974,56.199999999999996,1,1,7.0,18.0,0,0,3.0,9.0,0.0,0.0,0,0,0,3.0,6.0,0,4.0,12.0,0,0.0,51.0,96.0,302.0,0.0026428571428571425,0.0064857142857142865,0.046285714285714284,6,여름,2025,2. 여름 (6~8월)
2025-06-24,19.9,24.1,16.2,90.1,20.7,1.3,0.8,22.4,26.0,17.0,0.0413,0.0074,0.37,0.0028,7.900000000000002,3.6000000000000014,21.0,10.526791217333791,76.89999999999999,1,0,7.0,18.0,1,0,4.0,10.0,0.0,0.0,1,0,0,3.0,6.0,1,4.0,13.0,1,0.0028,43.0,125.0,285.0,0.0026857142857142856,0.0067857142857142855,0.04281428571428571,6,여름,2025,2. 여름 (6~8월)
2025-06-25,22.7,28.3,19.1,83.9,0.0,1.5,2.9,24.1,22.0,14.0,0.0444,0.0062,0.31,0.0024,9.2,2.8000000000000007,6.199999999999989,10.789501069712907,76.89999999999999,1,1,7.0,18.0,1,0,5.0,11.0,0.0,0.0,2,0,1,4.0,7.0,1,5.0,13.0,2,0.0024,36.0,130.0,252.0,0.002657142857142857,0.006542857142857143,0.03957142857142857,6,여름,2025,2. 여름 (6~8월)
2025-06-26,24.3,29.1,21.5,73.3,0.0,1.8,3.8,25.1,33.0,22.0,0.0476,0.0059,0.3,0.0026,7.600000000000001,1.6000000000000014,10.600000000000009,8.495488999070973,76.89999999999999,1,1,7.0,18.0,0,0,5.0,10.0,0.0,0.0,0,0,0,4.0,7.0,1,6.0,13.0,3,0.0026,55.0,134.0,247.0,0.0026428571428571425,0.006142857142857143,0.0389,6,여름,2025,2. 여름 (6~8월)
2025-06-27,25.9,31.9,19.5,73.5,0.0,1.3,12.6,28.4,27.0,19.0,0.0387,0.0073,0.28,0.0024,12.399999999999999,1.5999999999999979,0.20000000000000284,6.063002556489834,75.1,1,1,7.0,18.0,0,0,4.0,10.0,0.0,0.0,0,0,0,3.0,7.0,1,6.0,13.0,4,0.0024,46.0,137.0,276.0,0.0026428571428571425,0.0064714285714285716,0.0422,6,여름,2025,2. 여름 (6~8월)
2025-06-28,27.5,34.4,21.4,77.0,0.0,0.9,7.5,29.4,38.0,27.0,0.0463,0.0086,0.34,0.0027,13.0,1.6000000000000014,3.5,2.080865204668973,29.29999999999999,1,1,7.0,19.0,1,0,4.0,11.0,0.0,0.0,1,0,1,3.0,8.0,1,6.0,14.0,5,0.0027,65.0,166.0,327.0,0.0026857142857142856,0.0070857142857142855,0.04434285714285714,6,여름,2025,2. 여름 (6~8월)
2025-06-29,29.0,35.1,23.0,73.3,0.0,1.2,11.5,31.9,28.0,21.0,0.0366,0.0057,0.27,0.0025,12.100000000000001,1.5,3.700000000000003,2.080865204668973,20.69999999999999,1,1,7.0,19.0,0,0,3.0,11.0,0.0,0.0,0,0,0,2.0,8.0,1,6.0,15.0,6,0.0025,49.0,160.0,345.0,0.0027,0.0071428571428571435,0.04284285714285714,6,여름,2025,2. 여름 (6~8월)
2025-06-30,29.7,34.9,25.0,66.5,0.0,1.5,10.1,31.9,22.0,14.0,0.0378,0.0062,0.23,0.0028,9.899999999999999,0.6999999999999993,6.799999999999997,5.325723737984846,20.69999999999999,1,1,7.0,19.0,0,0,3.0,10.0,0.0,0.0,0,0,0,2.0,8.0,0,6.0,14.0,0,0.0,36.0,150.0,330.0,0.0026000000000000003,0.006757142857142857,0.041814285714285714,6,여름,2025,2. 여름 (6~8월)
2025-07-01,29.8,35.5,23.5,70.1,0.0,1.5,11.0,33.0,19.0,13.0,0.0306,0.0067,0.21,0.0029,12.0,0.10000000000000142,3.5999999999999943,3.401960219246423,0.0,1,1,7.0,20.0,0,0,2.0,10.0,0.0,0.0,0,0,0,2.0,8.0,1,6.0,15.0,1,0.0029,32.0,117.0,319.0,0.0026142857142857144,0.006657142857142857,0.04028571428571428,7,여름,2025,2. 여름 (6~8월)
2025-07-02,30.4,35.7,25.8,68.5,0.0,1.6,12.3,34.9,19.0,13.0,0.0249,0.0066,0.21,0.0025,9.900000000000002,0.5999999999999979,1.5999999999999943,1.8036999011296546,0.0,1,1,7.0,21.0,0,0,1.0,10.0,0.0,0.0,0,0,0,1.0,8.0,0,5.0,15.0,0,0.0,32.0,100.0,315.0,0.0026285714285714285,0.006714285714285714,0.0375,7,여름,2025,2. 여름 (6~8월)
2025-07-03,29.6,35.7,24.2,70.4,0.0,1.3,10.7,34.9,22.0,17.0,0.0315,0.007,0.2,0.0024,11.500000000000004,0.7999999999999972,1.9000000000000057,1.0214368964038687,0.0,1,1,7.0,22.0,0,0,1.0,10.0,0.0,0.0,0,0,0,1.0,8.0,1,5.0,16.0,1,0.0024,39.0,103.0,299.0,0.0025999999999999994,0.006871428571428571,0.0352,7,여름,2025,2. 여름 (6~8월)
2025-07-04,29.3,35.0,24.2,63.9,0.0,1.9,9.7,35.4,31.0,25.0,0.042,0.0068,0.24,0.0025,10.8,0.3000000000000007,6.500000000000007,3.34215499341395,0.0,1,1,7.0,23.0,0,0,1.0,10.0,0.0,0.0,0,0,0,1.0,8.0,0,4.0,16.0,0,0.0,56.0,127.0,309.0,0.0026142857142857144,0.0068000000000000005,0.03567142857142857,7,여름,2025,2. 여름 (6~8월)
2025-07-05,29.6,35.3,24.6,63.3,0.0,2.2,12.0,37.3,25.0,18.0,0.0388,0.0048,0.21,0.0024,10.699999999999996,0.3000000000000007,0.6000000000000014,3.9374272480053665,0.0,1,1,7.0,24.0,0,0,0.0,10.0,0.0,0.0,0,0,0,0.0,8.0,0,3.0,16.0,0,0.0,43.0,138.0,287.0,0.0025714285714285713,0.006257142857142857,0.0346,7,여름,2025,2. 여름 (6~8월)
2025-07-06,29.6,34.1,25.1,66.3,0.0,2.7,11.5,35.5,25.0,18.0,0.0393,0.0038,0.2,0.0023,9.0,0.0,3.0,1.5874507866392962,0.0,1,1,7.0,25.0,0,0,0.0,10.0,0.0,0.0,0,0,0,0.0,8.0,0,2.0,16.0,0,0.0,43.0,142.0,281.0,0.0025428571428571427,0.005985714285714284,0.03498571428571429,7,여름,2025,2. 여름 (6~8월)
2025-07-07,30.3,35.8,25.0,65.3,0.0,1.9,11.4,37.0,31.0,24.0,0.0529,0.0055,0.26,0.0024,10.799999999999997,0.6999999999999993,1.0,1.5275252316525147,0.0,1,1,7.0,25.0,0,0,0.0,10.0,0.0,0.0,0,0,0,0.0,8.0,0,2.0,16.0,0,0.0,55.0,141.0,300.0,0.0024857142857142855,0.005885714285714286,0.037142857142857144,7,여름,2025,2. 여름 (6~8월)
2025-07-08,26.9,31.3,23.6,75.9,0.0,1.9,9.6,34.8,29.0,22.0,0.0475,0.0047,0.28,0.0025,7.699999999999999,3.400000000000002,10.600000000000009,5.852634734317122,0.0,1,1,7.0,26.0,1,0,1.0,11.0,0.0,0.0,1,0,1,1.0,9.0,1,2.0,17.0,1,0.0025,51.0,149.0,319.0,0.0024285714285714284,0.0056,0.03955714285714285,7,여름,2025,2. 여름 (6~8월)
2025-07-09,26.6,32.7,21.3,64.1,0.0,1.9,13.1,35.2,20.0,13.0,0.0401,0.0053,0.24,0.0024,11.400000000000002,0.29999999999999716,11.800000000000011,6.494099886307205,0.0,1,1,7.0,27.0,0,0,1.0,11.0,0.0,0.0,0,0,0,1.0,9.0,0,2.0,17.0,0,0.0,33.0,139.0,320.0,0.002414285714285714,0.005414285714285714,0.041728571428571434,7,여름,2025,2. 여름 (6~8월)
2025-07-10,25.7,30.8,20.3,62.5,0.0,2.3,8.0,32.0,16.0,10.0,0.0369,0.0054,0.22,0.0023,10.5,0.9000000000000021,1.5999999999999943,7.318469785412923,0.0,1,1,7.0,28.0,0,0,1.0,11.0,0.0,0.0,0,0,0,1.0,9.0,0,1.0,17.0,0,0.0,26.0,110.0,307.0,0.0024,0.005185714285714286,0.042499999999999996,7,여름,2025,2. 여름 (6~8월)
2025-07-11,25.7,30.0,21.9,62.4,0.0,3.0,13.0,33.8,20.0,8.0,0.0371,0.0044,0.21,0.0024,8.100000000000001,0.0,0.10000000000000142,0.9539392014177848,0.0,1,1,7.0,28.0,0,0,1.0,10.0,0.0,0.0,0,0,0,1.0,9.0,0,1.0,16.0,0,0.0,28.0,87.0,279.0,0.0023857142857142857,0.004842857142857143,0.041800000000000004,7,여름,2025,2. 여름 (6~8월)
2025-07-12,24.5,30.1,20.0,69.6,0.0,2.2,8.9,32.8,21.0,11.0,0.032,0.0047,0.21,0.0025,10.100000000000001,1.1999999999999993,7.199999999999996,4.128357219686179,0.0,1,1,7.0,28.0,0,0,1.0,9.0,0.0,0.0,0,0,0,1.0,8.0,0,1.0,15.0,0,0.0,32.0,86.0,268.0,0.0024,0.0048285714285714295,0.04082857142857143,7,여름,2025,2. 여름 (6~8월)
2025-07-13,24.7,33.1,19.0,71.8,58.9,1.3,5.2,29.4,20.0,12.0,0.0344,0.0045,0.23,0.0027,14.100000000000001,0.1999999999999993,2.200000000000003,4.916638417998132,58.89999999999999,1,1,7.0,28.0,0,0,1.0,8.0,0.0,0.0,0,0,0,1.0,7.0,1,2.0,15.0,1,0.0027,32.0,92.0,257.0,0.002457142857142857,0.004928571428571429,0.04012857142857144,7,여름,2025,2. 여름 (6~8월)
2025-07-14,23.1,30.2,19.1,83.4,48.8,1.9,7.5,26.2,16.0,12.0,0.05,0.0051,0.24,0.0025,11.099999999999998,1.5999999999999979,11.600000000000009,7.414400402819891,107.69999999999999,1,1,7.0,28.0,1,0,2.0,8.0,0.0,0.0,1,0,1,2.0,7.0,1,3.0,15.0,2,0.0025,28.0,92.0,230.0,0.0024714285714285715,0.0048714285714285726,0.039714285714285716,7,여름,2025,2. 여름 (6~8월)
2025-07-15,22.8,27.7,19.3,87.6,0.0,1.1,2.6,25.3,19.0,14.0,0.0349,0.0072,0.24,0.0024,8.399999999999999,0.3000000000000007,4.199999999999989,8.183723683833422,107.69999999999999,1,1,7.0,28.0,1,0,2.0,9.0,0.0,0.0,2,0,1,2.0,8.0,1,3.0,15.0,3,0.0024,33.0,93.0,212.0,0.002457142857142857,0.005228571428571429,0.03791428571428571,7,여름,2025,2. 여름 (6~8월)
2025-07-16,22.1,26.2,19.6,94.8,6.0,0.6,0.0,24.1,28.0,20.0,0.03,0.0096,0.28,0.0024,6.599999999999998,0.6999999999999993,7.200000000000003,5.765414122160105,113.69999999999999,1,1,7.0,28.0,1,0,3.0,10.0,0.0,0.0,3,0,1,3.0,9.0,1,4.0,16.0,4,0.0024,48.0,109.0,227.0,0.002457142857142857,0.005842857142857143,0.036471428571428564,7,여름,2025,2. 여름 (6~8월)
2025-07-17,21.6,23.5,20.8,100.0,96.4,0.9,0.0,22.7,24.0,18.0,0.0366,0.01,0.31,0.0023,2.6999999999999993,0.5,5.200000000000003,6.226823695379285,210.1,1,1,7.0,28.0,1,1,4.0,11.0,1.0,1.0,4,1,1,4.0,10.0,1,5.0,17.0,5,0.0023,42.0,123.0,243.0,0.002457142857142857,0.0065,0.03642857142857143,7,여름,2025,2. 여름 (6~8월)
2025-07-18,24.5,30.7,20.8,90.3,17.7,1.0,3.1,26.9,16.0,13.0,0.0424,0.0059,0.22,0.002,9.899999999999999,2.8999999999999986,9.700000000000003,4.8542077966787724,227.79999999999998,1,1,7.0,28.0,1,0,5.0,11.0,1.0,1.0,5,0,1,5.0,10.0,1,6.0,17.0,6,0.002,29.0,119.0,244.0,0.0024,0.0067142857142857134,0.03718571428571428,7,여름,2025,2. 여름 (6~8월)
2025-07-19,21.8,23.3,21.2,98.8,80.8,0.7,0.4,23.0,13.0,4.0,0.042,0.0077,0.22,0.0021,2.1000000000000014,2.6999999999999993,8.5,5.288036812781947,308.6,1,1,7.0,28.0,1,1,6.0,11.0,2.0,2.0,6,1,1,6.0,10.0,1,7.0,17.0,7,0.0021,17.0,88.0,229.0,0.0023428571428571426,0.0071428571428571435,0.03861428571428572,7,여름,2025,2. 여름 (6~8월)
2025-07-20,25.8,32.1,20.7,84.6,0.0,0.8,5.0,26.1,23.0,15.0,0.0167,0.0057,0.22,0.0026,11.400000000000002,4.0,14.200000000000003,7.145861273026278,249.7,1,1,7.0,28.0,1,0,7.0,11.0,2.0,2.0,7,0,1,7.0,10.0,1,7.0,17.0,8,0.0026,38.0,84.0,235.0,0.0023285714285714285,0.007314285714285713,0.03608571428571428,7,여름,2025,2. 여름 (6~8월)
2025-07-21,26.3,31.5,22.0,85.0,0.3,1.0,5.0,27.9,24.0,13.0,0.0164,0.0061,0.22,0.0023,9.5,0.5,0.4000000000000057,8.085377748339072,201.20000000000002,1,1,7.0,28.0,1,0,7.0,12.0,2.0,2.0,8,0,1,7.0,11.0,1,7.0,18.0,9,0.0023,37.0,92.0,244.0,0.0023,0.007457142857142857,0.03128571428571429,7,여름,2025,2. 여름 (6~8월)
2025-07-22,28.3,34.2,22.6,77.3,0.0,1.0,11.3,29.3,25.0,13.0,0.0272,0.0078,0.23,0.0023,11.600000000000001,2.0,7.700000000000003,4.334743360338957,201.20000000000002,1,1,7.0,28.0,1,0,7.0,12.0,2.0,2.0,9,0,1,7.0,12.0,1,7.0,18.0,10,0.0023,38.0,113.0,249.0,0.002285714285714286,0.007542857142857143,0.030185714285714284,7,여름,2025,2. 여름 (6~8월)
2025-07-23,28.4,34.5,23.0,77.0,0.0,1.0,10.5,29.9,29.0,19.0,0.033,0.0079,0.29,0.0026,11.5,0.09999999999999787,0.29999999999999716,4.534681172181323,195.20000000000002,1,1,7.0,28.0,1,0,7.0,12.0,2.0,2.0,10,0,1,7.0,12.0,1,7.0,18.0,11,0.0026,48.0,123.0,249.0,0.002314285714285714,0.0073,0.030614285714285712,7,여름,2025,2. 여름 (6~8월)
2025-07-24,27.7,34.5,22.7,76.1,0.0,1.0,10.8,29.4,35.0,26.0,0.0404,0.009,0.29,0.0024,11.8,0.6999999999999993,0.9000000000000057,0.6244997998415777,98.8,1,1,7.0,28.0,1,0,7.0,13.0,1.0,2.0,11,0,1,7.0,13.0,1,7.0,18.0,12,0.0024,61.0,147.0,268.0,0.0023285714285714285,0.007157142857142857,0.03115714285714286,7,여름,2025,2. 여름 (6~8월)
2025-07-25,27.6,33.9,21.5,72.0,0.0,1.7,12.9,29.7,23.0,15.0,0.0293,0.0084,0.22,0.0029,12.399999999999999,0.09999999999999787,4.099999999999994,2.665207934352467,81.1,1,1,7.0,28.0,0,0,6.0,13.0,1.0,2.0,0,0,0,6.0,13.0,1,7.0,18.0,13,0.0029,38.0,147.0,277.0,0.002457142857142857,0.007514285714285715,0.029285714285714286,7,여름,2025,2. 여름 (6~8월)
2025-07-26,27.9,33.6,22.0,73.6,0.0,1.5,12.0,30.1,21.0,15.0,0.03,0.0072,0.22,0.0034,11.600000000000001,0.29999999999999716,1.5999999999999943,2.0663978319776444,0.3,1,1,7.0,28.0,0,0,5.0,12.0,0.0,2.0,0,0,0,5.0,12.0,1,7.0,18.0,14,0.0034,36.0,135.0,296.0,0.0026428571428571425,0.007442857142857142,0.027571428571428573,7,여름,2025,2. 여름 (6~8월)
2025-07-27,28.2,34.0,22.7,71.0,0.0,1.4,12.5,31.5,18.0,11.0,0.0253,0.0055,0.2,0.0028,11.3,0.3000000000000007,2.5999999999999943,1.311487704861072,0.3,1,1,7.0,28.0,0,0,4.0,12.0,0.0,2.0,0,0,0,4.0,12.0,1,7.0,18.0,15,0.0028,29.0,103.0,287.0,0.002671428571428571,0.007414285714285714,0.0288,7,여름,2025,2. 여름 (6~8월)
2025-07-28,28.5,35.5,21.5,70.4,0.0,1.0,11.4,30.1,23.0,15.0,0.0358,0.0074,0.22,0.0028,14.0,0.3000000000000007,0.5999999999999943,1.7009801096235795,0.0,1,1,7.0,28.0,0,0,3.0,12.0,0.0,2.0,0,0,0,3.0,12.0,1,7.0,19.0,16,0.0028,38.0,103.0,288.0,0.002742857142857143,0.0076,0.03157142857142857,7,여름,2025,2. 여름 (6~8월)
2025-07-29,28.0,34.9,21.5,69.3,0.0,1.4,12.8,33.5,24.0,17.0,0.0351,0.0075,0.23,0.0026,13.399999999999999,0.5,1.1000000000000085,0.8621678104261088,0.0,1,1,7.0,28.0,0,0,2.0,12.0,0.0,2.0,0,0,0,2.0,12.0,0,6.0,18.0,0,0.0,41.0,108.0,291.0,0.002785714285714285,0.007557142857142857,0.0327,7,여름,2025,2. 여름 (6~8월)
2025-07-30,27.8,34.1,21.7,76.1,0.0,1.5,11.8,35.8,26.0,20.0,0.0342,0.007,0.28,0.0027,12.400000000000002,0.1999999999999993,6.799999999999997,3.650114153466305,0.0,1,1,7.0,28.0,1,0,2.0,13.0,0.0,2.0,1,0,1,2.0,13.0,1,6.0,19.0,1,0.0027,46.0,125.0,289.0,0.0028,0.0074285714285714285,0.03287142857142857,7,여름,2025,2. 여름 (6~8월)
2025-07-31,28.1,34.4,23.3,74.0,0.0,1.5,10.3,37.1,28.0,17.0,0.0377,0.0066,0.29,0.0027,11.099999999999998,0.3000000000000007,2.0999999999999943,3.4818577416854843,0.0,1,1,7.0,28.0,0,0,1.0,13.0,0.0,2.0,0,0,0,1.0,13.0,1,6.0,19.0,2,0.0027,45.0,132.0,273.0,0.002842857142857143,0.0070857142857142855,0.032485714285714284,7,여름,2025,2. 여름 (6~8월)
2025-08-01,27.9,35.4,21.7,70.1,0.0,1.2,12.4,36.6,28.0,21.0,0.0365,0.0069,0.34,0.0036,13.7,0.20000000000000284,3.9000000000000057,3.0446674695279667,0.0,1,1,7.0,28.0,0,0,1.0,13.0,0.0,2.0,0,0,0,1.0,13.0,1,6.0,20.0,3,0.0036,49.0,140.0,284.0,0.002942857142857143,0.006871428571428572,0.03351428571428571,8,여름,2025,2. 여름 (6~8월)
2025-08-02,29.1,36.7,22.6,71.6,0.0,1.2,8.3,35.1,29.0,26.0,0.044,0.0062,0.31,0.0026,14.100000000000001,1.2000000000000028,1.5,1.9672315572910462,0.0,1,1,7.0,28.0,0,0,1.0,13.0,0.0,2.0,0,0,0,1.0,13.0,1,6.0,21.0,4,0.0026,55.0,149.0,303.0,0.002828571428571428,0.006728571428571429,0.035514285714285714,8,여름,2025,2. 여름 (6~8월)
2025-08-03,28.1,31.9,24.4,80.8,16.9,0.9,0.0,31.6,38.0,34.0,0.0401,0.0064,0.32,0.0025,7.5,1.0,9.200000000000003,5.793387034657293,16.9,1,1,7.0,28.0,1,0,2.0,14.0,0.0,2.0,1,0,1,2.0,14.0,1,6.0,22.0,5,0.0025,72.0,176.0,346.0,0.002785714285714286,0.006857142857142858,0.037628571428571435,8,여름,2025,2. 여름 (6~8월)
2025-08-04,27.6,32.8,24.2,87.1,36.0,1.5,3.7,30.1,21.0,15.0,0.041,0.0054,0.28,0.0022,8.599999999999998,0.5,6.299999999999997,7.795083920865485,52.9,1,1,7.0,28.0,1,0,3.0,15.0,0.0,2.0,2,0,1,3.0,15.0,1,6.0,23.0,6,0.0022,36.0,163.0,344.0,0.0027,0.006571428571428571,0.03837142857142857,8,여름,2025,2. 여름 (6~8월)
2025-08-05,28.5,34.2,24.8,84.3,13.7,1.3,6.6,31.2,26.0,17.0,0.0367,0.0061,0.31,0.0022,9.400000000000002,0.8999999999999986,2.799999999999997,3.156474826976439,66.6,1,1,7.0,28.0,1,0,4.0,15.0,0.0,2.0,3,0,1,4.0,15.0,1,7.0,23.0,7,0.0022,43.0,151.0,346.0,0.0026428571428571434,0.006371428571428571,0.0386,8,여름,2025,2. 여름 (6~8월)
2025-08-06,27.8,32.2,25.2,84.6,8.2,1.9,3.5,28.5,23.0,15.0,0.0322,0.0057,0.25,0.0021,7.0000000000000036,0.6999999999999993,0.29999999999999716,1.5373136743475768,74.8,1,1,7.0,28.0,1,0,4.0,16.0,0.0,2.0,4,0,1,4.0,16.0,1,7.0,24.0,8,0.0021,38.0,117.0,338.0,0.0025571428571428572,0.006185714285714287,0.03831428571428571,8,여름,2025,2. 여름 (6~8월)
2025-08-07,26.4,31.3,23.0,80.6,2.5,1.5,3.7,27.9,20.0,10.0,0.0467,0.0054,0.28,0.002,8.3,1.4000000000000021,4.0,2.2278539748681694,77.3,1,1,7.0,28.0,1,0,5.0,17.0,0.0,2.0,5,0,1,5.0,17.0,1,7.0,25.0,9,0.002,30.0,111.0,323.0,0.002457142857142857,0.006014285714285714,0.0396,8,여름,2025,2. 여름 (6~8월)
2025-08-08,25.9,31.2,20.9,78.0,0.0,1.0,9.8,28.2,29.0,19.0,0.0405,0.0068,0.37,0.0023,10.3,0.5,2.5999999999999943,3.3246553706114823,77.3,1,1,7.0,28.0,1,0,6.0,18.0,0.0,2.0,6,0,1,6.0,18.0,1,7.0,26.0,10,0.0023,48.0,116.0,322.0,0.0022714285714285714,0.005999999999999999,0.04017142857142857,8,여름,2025,2. 여름 (6~8월)
2025-08-09,23.9,26.4,21.7,94.1,3.9,0.5,0.0,25.9,40.0,24.0,0.0291,0.0084,0.42,0.0022,4.699999999999999,2.0,16.099999999999994,8.643109008530196,81.2,1,1,7.0,28.0,1,0,7.0,19.0,0.0,2.0,7,0,1,7.0,19.0,1,7.0,27.0,11,0.0022,64.0,142.0,331.0,0.002214285714285714,0.006314285714285715,0.03804285714285714,8,여름,2025,2. 여름 (6~8월)
2025-08-10,24.2,29.7,20.6,80.8,10.8,1.2,8.9,27.4,23.0,15.0,0.0399,0.0044,0.3,0.002,9.099999999999998,0.3000000000000007,13.299999999999997,8.6017440092113,75.10000000000001,1,1,7.0,28.0,1,0,7.0,20.0,0.0,2.0,8,0,1,7.0,20.0,1,7.0,27.0,12,0.002,38.0,150.0,297.0,0.002142857142857143,0.006028571428571427,0.038014285714285716,8,여름,2025,2. 여름 (6~8월)
2025-08-11,23.3,29.4,19.0,83.9,0.9,1.2,3.8,25.3,28.0,20.0,0.0354,0.0072,0.41,0.0027,10.399999999999999,0.8999999999999986,3.1000000000000085,6.958687615731568,40.0,1,1,7.0,28.0,1,0,7.0,20.0,0.0,2.0,9,0,1,7.0,20.0,1,7.0,27.0,13,0.0027,48.0,150.0,309.0,0.002214285714285714,0.006285714285714286,0.037214285714285714,8,여름,2025,2. 여름 (6~8월)
2025-08-12,22.4,24.2,20.0,96.4,7.5,0.9,0.0,24.9,18.0,14.0,0.0354,0.0086,0.46,0.0019,4.199999999999999,0.9000000000000021,12.5,8.258530942809141,33.8,1,1,7.0,28.0,1,1,7.0,20.0,1.0,3.0,10,1,1,7.0,20.0,1,7.0,27.0,14,0.0019,32.0,118.0,298.0,0.0021714285714285715,0.006642857142857143,0.037028571428571425,8,여름,2025,2. 여름 (6~8월)
2025-08-13,26.7,31.2,22.7,84.6,0.5,1.0,3.9,27.6,24.0,19.0,0.0228,0.007,0.32,0.002,8.5,4.300000000000001,11.800000000000011,7.023531875061348,26.1,1,1,7.0,28.0,1,0,7.0,20.0,1.0,3.0,11,0,1,7.0,20.0,1,7.0,27.0,15,0.002,43.0,123.0,303.0,0.0021571428571428575,0.006828571428571428,0.035685714285714286,8,여름,2025,2. 여름 (6~8월)
2025-08-14,28.5,34.0,22.7,73.9,0.0,1.6,11.4,29.3,23.0,11.0,0.0222,0.0062,0.23,0.0022,11.3,1.8000000000000007,10.699999999999989,11.254480589229159,23.6,1,1,7.0,28.0,0,0,6.0,19.0,1.0,2.0,0,0,0,6.0,19.0,1,7.0,27.0,16,0.0022,34.0,109.0,307.0,0.0021857142857142856,0.006942857142857141,0.03218571428571428,8,여름,2025,2. 여름 (6~8월)
2025-08-15,27.9,33.6,23.3,78.8,0.0,1.2,7.6,29.1,20.0,11.0,0.0278,0.0061,0.27,0.0022,10.3,0.6000000000000014,4.8999999999999915,5.356304696337041,23.6,1,1,7.0,28.0,1,0,6.0,19.0,1.0,2.0,1,0,1,6.0,19.0,1,7.0,27.0,17,0.0022,31.0,108.0,290.0,0.0021714285714285715,0.006842857142857143,0.030371428571428574,8,여름,2025,2. 여름 (6~8월)
2025-08-16,28.3,34.2,23.3,75.8,0.0,1.2,12.0,31.2,25.0,14.0,0.0223,0.0064,0.29,0.002,10.900000000000002,0.40000000000000213,3.0,2.470492528492127,19.700000000000003,1,1,7.0,28.0,1,0,6.0,19.0,1.0,1.0,2,0,1,6.0,19.0,1,7.0,27.0,18,0.002,39.0,104.0,265.0,0.002142857142857143,0.006557142857142857,0.029400000000000003,8,여름,2025,2. 여름 (6~8월)
2025-08-17,27.4,33.4,21.9,73.6,0.0,1.6,12.3,30.4,19.0,11.0,0.0166,0.0056,0.22,0.002,11.5,0.9000000000000021,2.200000000000003,2.6102362600606543,8.9,1,1,7.0,28.0,0,0,5.0,18.0,1.0,1.0,0,0,0,5.0,18.0,1,7.0,27.0,19,0.002,30.0,100.0,257.0,0.002142857142857143,0.006728571428571429,0.026071428571428572,8,여름,2025,2. 여름 (6~8월)
2025-08-18,28.3,34.1,22.1,73.1,0.0,1.1,8.7,31.2,25.0,18.0,0.0275,0.0068,0.23,0.0021,12.0,0.9000000000000021,0.5,1.436430761761697,8.0,1,1,7.0,28.0,0,0,4.0,17.0,1.0,1.0,0,0,0,4.0,17.0,1,7.0,27.0,20,0.0021,43.0,112.0,252.0,0.002057142857142857,0.006671428571428571,0.024942857142857145,8,여름,2025,2. 여름 (6~8월)
2025-08-19,29.4,34.6,24.8,70.6,0.0,1.5,8.9,32.3,30.0,22.0,0.0345,0.0071,0.25,0.0023,9.8,1.0999999999999979,2.5,1.6072751268327354,0.5,1,1,7.0,28.0,0,0,3.0,16.0,0.0,1.0,0,0,0,3.0,16.0,1,7.0,27.0,21,0.0023,52.0,125.0,272.0,0.0021142857142857144,0.0064571428571428575,0.024814285714285716,8,여름,2025,2. 여름 (6~8월)
2025-08-20,29.3,34.1,25.9,68.8,0.0,1.6,8.5,30.4,28.0,18.0,0.035,0.0063,0.24,0.0026,8.200000000000003,0.09999999999999787,1.7999999999999972,2.1594752448998102,0.0,1,1,7.0,28.0,0,0,2.0,15.0,0.0,1.0,0,0,0,2.0,15.0,0,6.0,26.0,0,0.0,46.0,141.0,275.0,0.0021999999999999997,0.006357142857142857,0.02655714285714286,8,여름,2025,2. 여름 (6~8월)
2025-08-21,28.7,35.1,24.2,74.0,0.0,1.1,10.4,31.6,26.0,19.0,0.0333,0.0074,0.24,0.0021,10.900000000000002,0.6000000000000014,5.200000000000003,2.6407069760454553,0.0,1,1,7.0,28.0,0,0,2.0,14.0,0.0,1.0,0,0,0,2.0,14.0,1,6.0,26.0,1,0.0021,45.0,143.0,286.0,0.002185714285714286,0.00652857142857143,0.028142857142857143,8,여름,2025,2. 여름 (6~8월)
2025-08-22,29.0,35.0,23.6,73.6,0.0,1.3,8.8,30.1,33.0,25.0,0.0385,0.0088,0.29,0.0019,11.399999999999999,0.3000000000000007,0.4000000000000057,2.893671255228412,0.0,1,1,7.0,28.0,0,0,1.0,14.0,0.0,1.0,0,0,0,1.0,14.0,1,6.0,26.0,2,0.0019,58.0,149.0,313.0,0.002142857142857143,0.006914285714285715,0.02967142857142857,8,여름,2025,2. 여름 (6~8월)
2025-08-23,29.7,35.8,24.0,66.1,0.0,1.6,11.6,31.7,22.0,16.0,0.0367,0.0063,0.25,0.0019,11.799999999999997,0.6999999999999993,7.5,4.450093631973952,0.0,1,1,7.0,28.0,0,0,0.0,14.0,0.0,1.0,0,0,0,0.0,14.0,0,5.0,25.0,0,0.0,38.0,141.0,312.0,0.0021285714285714285,0.006900000000000001,0.031728571428571425,8,여름,2025,2. 여름 (6~8월)
2025-08-24,29.5,36.1,23.4,71.0,0.0,1.1,10.5,32.3,30.0,22.0,0.0401,0.0064,0.3,0.0019,12.700000000000003,0.1999999999999993,4.900000000000006,3.8083242158901127,0.0,1,1,7.0,28.0,0,0,0.0,14.0,0.0,1.0,0,0,0,0.0,14.0,1,5.0,25.0,1,0.0019,52.0,148.0,334.0,0.002114285714285714,0.007014285714285714,0.03508571428571429,8,여름,2025,2. 여름 (6~8월)
2025-08-25,29.8,35.4,24.3,71.0,0.0,1.6,10.4,32.3,30.0,22.0,0.0385,0.0074,0.29,0.002,11.099999999999998,0.3000000000000007,0.0,2.829016319029461,0.0,1,1,7.0,28.0,0,0,0.0,14.0,0.0,1.0,0,0,0,0.0,14.0,1,5.0,25.0,2,0.002,52.0,142.0,343.0,0.0021000000000000003,0.0071,0.03665714285714285,8,여름,2025,2. 여름 (6~8월)
2025-08-26,28.8,34.5,24.4,68.0,0.0,2.1,5.8,30.3,18.0,12.0,0.0332,0.0069,0.27,0.0024,10.100000000000001,1.0,3.0,1.7320508075693686,0.0,1,1,7.0,28.0,0,0,0.0,14.0,0.0,1.0,0,0,0,0.0,14.0,0,4.0,25.0,0,0.0,30.0,134.0,321.0,0.0021142857142857144,0.0070714285714285705,0.03647142857142858,8,여름,2025,2. 여름 (6~8월)
2025-08-27,26.7,33.4,21.7,76.0,0.0,1.7,9.9,32.4,22.0,12.0,0.0403,0.0072,0.32,0.0022,11.7,2.1000000000000014,8.0,4.041451884327613,0.0,1,1,7.0,28.0,1,0,1.0,14.0,0.0,1.0,1,0,1,1.0,14.0,1,5.0,25.0,1,0.0022,34.0,116.0,309.0,0.002057142857142857,0.007200000000000001,0.03722857142857143,8,여름,2025,2. 여름 (6~8월)
2025-08-28,27.0,33.2,22.4,76.0,0.0,1.0,5.6,32.3,24.0,13.0,0.0452,0.0069,0.34,0.0022,10.800000000000004,0.3000000000000007,0.0,4.61880215351723,0.0,1,1,7.0,28.0,1,0,2.0,15.0,0.0,1.0,2,0,1,2.0,15.0,1,5.0,25.0,2,0.0022,37.0,101.0,301.0,0.0020714285714285713,0.0071285714285714286,0.038928571428571423,8,여름,2025,2. 여름 (6~8월)
2025-08-29,29.0,35.3,22.5,68.0,0.0,1.4,9.7,34.6,25.0,16.0,0.0288,0.0089,0.29,0.002,12.799999999999997,2.0,8.0,4.618802153517004,0.0,1,1,7.0,28.0,0,0,2.0,15.0,0.0,1.0,0,0,0,2.0,15.0,0,4.0,24.0,0,0.0,41.0,112.0,284.0,0.002085714285714286,0.0071428571428571435,0.03754285714285715,8,여름,2025,2. 여름 (6~8월)
2025-08-30,29.1,36.2,21.9,65.9,0.0,1.2,10.1,37.2,19.0,12.0,0.034,0.0069,0.26,0.0022,14.300000000000004,0.10000000000000142,2.0999999999999943,5.329477773040551,0.0,1,1,7.0,28.0,0,0,2.0,15.0,0.0,1.0,0,0,0,2.0,15.0,0,4.0,23.0,0,0.0,31.0,109.0,277.0,0.0021285714285714285,0.007228571428571429,0.037157142857142854,8,여름,2025,2. 여름 (6~8월)
2025-08-31,27.1,32.7,23.3,78.9,0.0,1.2,4.3,33.4,28.0,21.0,0.027,0.0061,0.29,0.0038,9.400000000000002,2.0,13.0,6.978777352325643,0.0,1,1,7.0,28.0,1,0,3.0,15.0,0.0,1.0,1,0,1,3.0,15.0,1,4.0,23.0,1,0.0038,49.0,121.0,274.0,0.0024000000000000002,0.007185714285714287,0.03528571428571429,8,여름,2025,2. 여름 (6~8월)
2025-09-01,27.4,31.6,23.9,78.3,1.2,1.4,3.9,30.9,17.0,10.0,0.0214,0.0068,0.23,0.0021,7.700000000000003,0.29999999999999716,0.6000000000000085,7.3384830403383265,1.2,1,1,7.0,28.0,1,0,4.0,15.0,0.0,1.0,2,0,1,4.0,15.0,1,4.0,23.0,2,0.0021,27.0,107.0,249.0,0.002414285714285714,0.0071,0.03284285714285714,9,가을,2025,3. 가을 (9~11월)
2025-09-02,26.0,30.4,23.0,81.4,2.6,1.0,2.3,28.9,19.0,9.0,0.0305,0.0077,0.29,0.0021,7.399999999999999,1.3999999999999986,3.1000000000000085,1.6441816606851014,3.8,1,1,7.0,28.0,1,0,5.0,15.0,0.0,1.0,3,0,1,5.0,15.0,1,5.0,23.0,3,0.0021,28.0,104.0,247.0,0.0023714285714285716,0.007214285714285715,0.03245714285714286,9,가을,2025,3. 가을 (9~11월)
2025-09-03,25.4,31.1,20.9,79.1,0.0,1.7,7.5,31.3,20.0,13.0,0.035,0.007,0.36,0.0025,10.200000000000003,0.6000000000000014,2.3000000000000114,1.6093476939430735,3.8000000000000003,1,1,7.0,28.0,1,0,5.0,15.0,0.0,1.0,4,0,1,5.0,15.0,1,5.0,23.0,4,0.0025,33.0,88.0,246.0,0.002414285714285714,0.007185714285714286,0.0317,9,가을,2025,3. 가을 (9~11월)
2025-09-04,26.3,33.1,21.7,77.8,0.0,1.6,5.4,32.0,17.0,8.0,0.0208,0.008,0.27,0.0022,11.400000000000002,0.9000000000000021,1.2999999999999972,1.8230011885166784,3.8000000000000003,1,1,7.0,28.0,1,0,5.0,15.0,0.0,1.0,5,0,1,5.0,15.0,1,5.0,23.0,5,0.0022,25.0,86.0,234.0,0.0024142857142857147,0.007342857142857143,0.028214285714285716,9,가을,2025,3. 가을 (9~11월)
2025-09-05,26.6,32.4,23.5,70.4,0.1,1.6,10.2,34.0,20.0,10.0,0.0392,0.0069,0.36,0.0029,8.899999999999999,0.3000000000000007,7.3999999999999915,4.6929024423413255,3.9000000000000004,1,1,7.0,28.0,0,0,5.0,14.0,0.0,1.0,0,0,0,5.0,14.0,1,6.0,23.0,6,0.0029,30.0,88.0,223.0,0.0025428571428571427,0.007057142857142857,0.0297,9,가을,2025,3. 가을 (9~11월)
2025-09-06,28.2,33.8,22.4,71.3,0.2,1.6,8.8,34.4,22.0,13.0,0.0353,0.0061,0.32,0.0024,11.399999999999999,1.5999999999999979,0.8999999999999915,4.037738641038222,4.1000000000000005,1,1,7.0,28.0,0,0,5.0,13.0,0.0,1.0,0,0,0,5.0,13.0,1,7.0,23.0,7,0.0024,35.0,90.0,227.0,0.0025714285714285713,0.006942857142857142,0.029885714285714286,9,가을,2025,3. 가을 (9~11월)
2025-09-07,26.1,27.8,24.2,87.0,4.5,1.5,0.0,27.7,20.0,10.0,0.0302,0.006,0.27,0.0019,3.6000000000000014,2.099999999999998,15.700000000000003,9.335059364210448,8.600000000000001,1,1,7.0,28.0,1,0,5.0,13.0,0.0,1.0,1,0,1,5.0,13.0,1,7.0,23.0,8,0.0019,30.0,95.0,208.0,0.0023,0.006928571428571429,0.030342857142857144,9,가을,2025,3. 가을 (9~11월)
2025-09-08,24.1,28.8,19.1,69.6,2.7,1.2,3.4,26.4,26.0,9.0,0.0344,0.0078,0.32,0.0021,9.7,2.0,17.400000000000006,9.592879303594582,10.100000000000001,1,1,7.0,28.0,0,0,4.0,12.0,0.0,1.0,0,0,0,4.0,12.0,0,6.0,22.0,0,0.0,35.0,100.0,216.0,0.0023,0.0070714285714285705,0.0322,9,가을,2025,3. 가을 (9~11월)
2025-09-09,19.1,21.2,17.2,97.3,80.0,0.9,0.0,22.0,17.0,11.0,0.0312,0.0086,0.3,0.002,4.0,5.0,27.700000000000003,14.000833308533212,87.5,1,0,7.0,28.0,1,1,4.0,12.0,1.0,1.0,1,1,0,3.0,11.0,1,6.0,22.0,1,0.002,28.0,93.0,216.0,0.002285714285714286,0.0072,0.0323,9,가을,2025,3. 가을 (9~11월)
2025-09-10,21.7,26.8,18.7,88.8,11.5,0.7,0.5,23.7,16.0,9.0,0.0314,0.0078,0.31,0.002,8.100000000000001,2.599999999999998,8.5,14.190254872035702,99.0,1,1,7.0,28.0,1,0,4.0,12.0,1.0,1.0,2,0,1,3.0,11.0,1,6.0,22.0,2,0.002,25.0,88.0,208.0,0.002214285714285714,0.007314285714285715,0.031785714285714285,9,가을,2025,3. 가을 (9~11월)
2025-09-11,21.9,28.1,16.9,80.5,0.0,1.3,2.5,22.5,26.0,12.0,0.027,0.008,0.31,0.002,11.200000000000003,0.1999999999999993,8.299999999999997,8.400198410355122,99.0,1,1,7.0,28.0,1,0,4.0,13.0,1.0,1.0,3,0,1,3.0,12.0,1,6.0,22.0,3,0.002,38.0,91.0,221.0,0.002185714285714286,0.007314285714285715,0.03267142857142857,9,가을,2025,3. 가을 (9~11월)
2025-09-12,22.7,26.2,20.0,88.1,1.5,1.2,0.3,23.3,23.0,11.0,0.0269,0.0089,0.31,0.002,6.199999999999999,0.8000000000000007,7.599999999999994,4.603259714593518,100.4,1,1,7.0,28.0,1,0,5.0,13.0,1.0,1.0,4,0,1,4.0,12.0,1,6.0,22.0,4,0.002,34.0,97.0,225.0,0.002057142857142857,0.007600000000000001,0.030914285714285717,9,가을,2025,3. 가을 (9~11월)
2025-09-13,23.5,30.1,20.9,90.0,11.8,1.4,1.6,24.5,20.0,17.0,0.0302,0.0068,0.33,0.002,9.200000000000003,0.8000000000000007,1.9000000000000057,5.026927491022678,112.0,1,1,7.0,28.0,1,0,6.0,13.0,1.0,1.0,5,0,1,5.0,12.0,1,6.0,22.0,5,0.002,37.0,109.0,227.0,0.0020000000000000005,0.0077,0.030185714285714284,9,가을,2025,3. 가을 (9~11월)
2025-09-14,23.0,28.2,20.0,89.1,1.3,0.8,1.9,25.4,17.0,9.0,0.0361,0.0057,0.33,0.0021,8.2,0.5,0.9000000000000057,0.9504384952918553,108.8,1,1,7.0,28.0,1,0,6.0,14.0,1.0,1.0,6,0,1,5.0,13.0,1,6.0,22.0,6,0.0021,26.0,97.0,223.0,0.0020285714285714286,0.007657142857142856,0.03102857142857143,9,가을,2025,3. 가을 (9~11월)
2025-09-15,25.1,29.7,20.8,82.9,0.0,0.7,3.9,26.4,25.0,11.0,0.0261,0.0105,0.33,0.0022,8.899999999999999,2.1000000000000014,6.199999999999989,3.8656607887051777,106.1,1,1,7.0,28.0,1,0,7.0,15.0,1.0,1.0,7,0,1,6.0,14.0,1,7.0,22.0,7,0.0022,36.0,99.0,224.0,0.0020428571428571427,0.008042857142857143,0.029842857142857143,9,가을,2025,3. 가을 (9~11월)
2025-09-16,25.8,33.2,21.1,85.5,12.2,1.1,7.6,27.8,24.0,12.0,0.0289,0.0089,0.32,0.0022,12.100000000000001,0.6999999999999993,2.5999999999999943,3.113411847689418,38.3,1,1,7.0,28.0,1,0,7.0,16.0,0.0,1.0,8,0,1,7.0,15.0,1,7.0,22.0,8,0.0022,36.0,98.0,232.0,0.0020714285714285717,0.008085714285714285,0.029514285714285715,9,가을,2025,3. 가을 (9~11월)
2025-09-17,24.1,32.6,22.0,90.9,2.9,1.0,5.9,26.1,17.0,7.0,0.0193,0.0092,0.27,0.0021,10.600000000000001,1.6999999999999993,5.400000000000006,4.080849584747374,29.7,1,1,7.0,28.0,1,0,7.0,17.0,0.0,1.0,9,0,1,7.0,16.0,1,7.0,23.0,9,0.0021,24.0,96.0,231.0,0.002085714285714286,0.008285714285714285,0.027785714285714285,9,가을,2025,3. 가을 (9~11월)
2025-09-18,21.0,23.4,19.1,78.4,0.0,1.8,0.0,23.1,15.0,2.0,0.0295,0.0059,0.28,0.0021,4.299999999999997,3.1000000000000014,12.5,6.26923706150381,29.7,1,1,7.0,28.0,1,0,7.0,18.0,0.0,1.0,10,0,1,7.0,17.0,1,7.0,23.0,10,0.0021,17.0,77.0,210.0,0.0021,0.007985714285714285,0.028142857142857143,9,가을,2025,3. 가을 (9~11월)
2025-09-19,20.8,24.1,18.4,73.3,0.0,1.5,1.2,22.3,15.0,2.0,0.0277,0.007,0.29,0.0023,5.700000000000003,0.1999999999999993,5.1000000000000085,9.055569188810463,28.2,1,1,7.0,28.0,0,0,6.0,18.0,0.0,1.0,0,0,0,6.0,17.0,1,7.0,23.0,11,0.0023,17.0,58.0,193.0,0.002142857142857143,0.007714285714285714,0.028257142857142852,9,가을,2025,3. 가을 (9~11월)
2025-09-20,20.9,27.1,17.3,87.0,14.8,1.6,2.8,22.6,13.0,4.0,0.0288,0.0069,0.35,0.0023,9.8,0.09999999999999787,13.700000000000003,6.924112458166276,31.200000000000003,1,1,7.0,28.0,1,0,6.0,19.0,0.0,1.0,1,0,1,6.0,18.0,1,7.0,24.0,12,0.0023,17.0,51.0,173.0,0.002185714285714286,0.0077285714285714275,0.028057142857142857,9,가을,2025,3. 가을 (9~11월)
2025-09-21,19.9,26.0,16.4,77.9,0.0,1.5,6.7,21.8,13.0,2.0,0.0251,0.0052,0.26,0.0021,9.600000000000001,1.0,9.099999999999994,6.972087205421352,29.9,1,0,7.0,28.0,1,0,6.0,20.0,0.0,1.0,2,0,0,5.0,18.0,1,7.0,24.0,13,0.0021,15.0,49.0,162.0,0.0021857142857142856,0.007657142857142857,0.026485714285714283,9,가을,2025,3. 가을 (9~11월)
2025-09-22,18.8,24.3,14.9,78.0,0.0,1.7,2.2,20.2,15.0,3.0,0.0292,0.007,0.25,0.002,9.4,1.0999999999999979,0.09999999999999432,5.225259164226516,29.9,1,0,7.0,28.0,1,0,6.0,21.0,0.0,1.0,3,0,0,4.0,18.0,1,7.0,24.0,14,0.002,18.0,50.0,144.0,0.002157142857142857,0.007157142857142857,0.02692857142857143,9,가을,2025,3. 가을 (9~11월)
2025-09-23,20.0,25.5,15.7,75.3,0.2,1.6,7.5,22.2,14.0,3.0,0.028,0.0089,0.24,0.002,9.8,1.1999999999999993,2.700000000000003,1.5307950004274762,17.900000000000002,1,0,7.0,28.0,1,0,6.0,22.0,0.0,1.0,4,0,1,4.0,19.0,1,7.0,25.0,15,0.002,17.0,50.0,125.0,0.0021285714285714285,0.007157142857142858,0.026799999999999997,9,가을,2025,3. 가을 (9~11월)
2025-09-24,23.5,27.7,18.1,81.0,0.0,0.8,1.2,24.1,21.0,9.0,0.0301,0.0109,0.28,0.0022,9.599999999999998,3.5,5.700000000000003,2.8513154858766963,15.0,1,1,7.0,28.0,1,0,6.0,22.0,0.0,1.0,5,0,1,4.0,19.0,1,7.0,25.0,16,0.0022,30.0,65.0,131.0,0.002142857142857143,0.0073999999999999995,0.028342857142857142,9,가을,2025,3. 가을 (9~11월)
2025-09-25,23.3,26.3,21.6,92.0,10.4,1.0,0.2,24.2,17.0,10.0,0.0155,0.0113,0.27,0.0022,4.699999999999999,0.1999999999999993,11.0,8.489012506371566,25.4,1,1,7.0,28.0,1,0,6.0,22.0,0.0,1.0,6,0,1,4.0,19.0,1,7.0,25.0,17,0.0022,27.0,74.0,141.0,0.002157142857142857,0.00817142857142857,0.02634285714285714,9,가을,2025,3. 가을 (9~11월)
2025-09-26,21.2,26.7,16.7,77.9,0.0,1.2,5.9,23.2,19.0,8.0,0.0369,0.0082,0.32,0.0021,10.0,2.1000000000000014,14.099999999999994,7.409678355592277,25.4,1,1,7.0,28.0,1,0,7.0,23.0,0.0,1.0,7,0,1,5.0,20.0,1,7.0,26.0,18,0.0021,27.0,84.0,151.0,0.0021285714285714285,0.008342857142857143,0.02765714285714286,9,가을,2025,3. 가을 (9~11월)
2025-09-27,21.4,27.1,16.5,79.0,0.0,1.4,6.7,23.2,22.0,9.0,0.0334,0.0077,0.37,0.0026,10.600000000000001,0.1999999999999993,1.0999999999999943,7.842406093370378,10.6,1,1,7.0,28.0,1,0,7.0,24.0,0.0,1.0,8,0,1,5.0,21.0,1,7.0,27.0,19,0.0026,31.0,85.0,165.0,0.0021714285714285715,0.008457142857142858,0.028314285714285712,9,가을,2025,3. 가을 (9~11월)
2025-09-28,20.8,23.5,18.7,88.3,0.7,1.1,0.5,22.5,14.0,5.0,0.0298,0.0061,0.32,0.0024,4.800000000000001,0.5999999999999979,9.299999999999997,5.713434460404099,11.299999999999999,1,1,7.0,28.0,1,0,7.0,24.0,0.0,1.0,9,0,1,6.0,21.0,1,7.0,27.0,20,0.0024,19.0,77.0,169.0,0.002214285714285714,0.008585714285714285,0.028985714285714288,9,가을,2025,3. 가을 (9~11월)
2025-09-29,20.2,25.5,15.6,76.4,0.0,1.6,3.9,21.7,17.0,6.0,0.043,0.0066,0.31,0.0021,9.9,0.6000000000000014,11.899999999999991,6.256463324701358,11.299999999999999,1,1,7.0,28.0,1,0,7.0,24.0,0.0,1.0,10,0,1,7.0,21.0,1,7.0,27.0,21,0.0021,23.0,73.0,174.0,0.0022285714285714283,0.008528571428571429,0.030957142857142857,9,가을,2025,3. 가을 (9~11월)
2025-09-30,19.3,25.5,13.4,82.6,0.1,0.7,6.2,22.3,26.0,11.0,0.031,0.0103,0.34,0.0023,12.1,0.8999999999999986,6.199999999999989,5.951750442796885,11.200000000000001,1,0,7.0,28.0,1,0,7.0,24.0,0.0,1.0,11,0,0,6.0,20.0,1,7.0,27.0,22,0.0023,37.0,79.0,194.0,0.0022714285714285714,0.00872857142857143,0.03138571428571429,9,가을,2025,3. 가을 (9~11월)
2025-10-01,20.3,27.3,15.6,74.5,0.0,1.2,10.2,22.7,28.0,14.0,0.0333,0.011,0.32,0.0022,11.700000000000001,1.0,8.099999999999994,4.235957192103573,11.200000000000001,1,1,7.0,28.0,0,0,6.0,23.0,0.0,1.0,0,0,0,5.0,19.0,1,7.0,27.0,23,0.0022,42.0,102.0,206.0,0.002271428571428571,0.008742857142857144,0.03184285714285714,10,가을,2025,3. 가을 (9~11월)
2025-10-02,19.2,25.3,14.5,83.0,0.0,0.7,2.2,21.2,32.0,17.0,0.03,0.0117,0.34,0.0024,10.8,1.1000000000000014,8.5,4.796179034745623,0.7999999999999999,1,0,7.0,28.0,1,0,6.0,23.0,0.0,1.0,1,0,0,4.0,18.0,1,7.0,27.0,24,0.0024,49.0,128.0,228.0,0.0023,0.0088,0.033914285714285716,10,가을,2025,3. 가을 (9~11월)
2025-10-03,18.8,20.4,17.9,97.3,17.3,1.0,0.0,20.8,19.0,9.0,0.0357,0.0076,0.32,0.0024,2.5,0.3999999999999986,14.299999999999997,11.522297224656727,18.1,1,0,7.0,28.0,1,1,6.0,24.0,1.0,2.0,2,1,0,3.0,18.0,1,7.0,27.0,25,0.0024,28.0,119.0,229.0,0.0023428571428571426,0.008714285714285714,0.033742857142857144,10,가을,2025,3. 가을 (9~11월)
2025-10-04,20.1,22.2,18.7,96.4,1.3,0.6,0.0,21.6,11.0,3.0,0.0311,0.0057,0.27,0.0024,3.5,1.3000000000000007,0.8999999999999915,8.00895332320836,19.400000000000002,1,1,7.0,28.0,1,1,6.0,25.0,2.0,3.0,3,2,1,3.0,19.0,1,7.0,27.0,26,0.0024,14.0,91.0,212.0,0.002314285714285714,0.00842857142857143,0.033414285714285716,10,가을,2025,3. 가을 (9~11월)
2025-10-05,20.9,26.0,17.6,89.4,2.8,0.7,1.1,22.5,18.0,5.0,0.0271,0.005,0.28,0.0024,8.399999999999999,0.7999999999999972,7.0,4.32473505932209,21.5,1,1,7.0,28.0,1,0,6.0,25.0,2.0,3.0,4,0,1,3.0,19.0,1,7.0,27.0,27,0.0024,23.0,65.0,216.0,0.002314285714285714,0.008271428571428572,0.03302857142857143,10,가을,2025,3. 가을 (9~11월)
2025-10-06,19.6,20.8,18.4,98.0,7.1,0.6,0.0,21.7,13.0,4.0,0.0318,0.0045,0.26,0.0024,2.400000000000002,1.2999999999999972,8.599999999999994,4.5738386504112984,28.6,1,0,7.0,28.0,1,1,6.0,26.0,3.0,4.0,5,1,0,2.0,19.0,1,7.0,28.0,28,0.0024,17.0,54.0,210.0,0.002357142857142857,0.007971428571428572,0.03142857142857143,10,가을,2025,3. 가을 (9~11월)
2025-10-07,19.8,21.3,18.5,99.1,11.1,1.0,0.0,21.2,15.0,2.0,0.032,0.0059,0.29,0.0025,2.8000000000000007,0.1999999999999993,1.0999999999999943,5.311308689955423,39.6,1,0,7.0,28.0,1,1,6.0,26.0,4.0,4.0,6,2,0,2.0,19.0,1,7.0,28.0,29,0.0025,17.0,57.0,190.0,0.0023857142857142857,0.007342857142857142,0.03157142857142857,10,가을,2025,3. 가을 (9~11월)
2025-10-08,21.0,24.8,19.0,84.4,0.0,1.2,1.0,22.3,16.0,2.0,0.0258,0.0046,0.22,0.0024,5.800000000000001,1.1999999999999993,14.699999999999989,8.187999348640037,39.6,1,1,7.0,28.0,1,0,7.0,26.0,4.0,4.0,7,0,1,3.0,19.0,1,7.0,28.0,30,0.0024,18.0,52.0,166.0,0.002414285714285714,0.0064285714285714285,0.0305,10,가을,2025,3. 가을 (9~11월)
2025-10-09,19.0,22.8,15.3,81.0,0.2,1.8,2.9,20.8,20.0,3.0,0.0326,0.005,0.23,0.0024,7.5,2.0,3.4000000000000057,9.619944559784686,39.8,1,0,7.0,28.0,1,0,7.0,26.0,4.0,4.0,8,0,0,3.0,18.0,1,7.0,28.0,31,0.0024,23.0,58.0,140.0,0.002414285714285714,0.0054714285714285715,0.030871428571428574,10,가을,2025,3. 가을 (9~11월)
2025-10-10,19.5,23.8,14.9,79.8,0.0,1.2,2.6,21.0,23.0,4.0,0.0272,0.0068,0.26,0.0026,8.9,0.5,1.2000000000000028,2.3860706890896064,22.5,1,0,7.0,28.0,1,0,7.0,26.0,3.0,4.0,9,0,0,3.0,17.0,1,7.0,28.0,32,0.0026,27.0,68.0,139.0,0.002442857142857143,0.005357142857142857,0.029657142857142854,10,가을,2025,3. 가을 (9~11월)
2025-10-11,21.6,28.2,16.7,80.8,0.0,0.7,9.8,23.3,24.0,6.0,0.0272,0.0087,0.27,0.0026,11.5,2.1000000000000014,1.0,0.6429100507324368,21.2,1,1,7.0,28.0,1,0,7.0,26.0,2.0,4.0,10,0,1,3.0,17.0,1,7.0,28.0,33,0.0026,30.0,80.0,155.0,0.0024714285714285715,0.0057857142857142855,0.029099999999999997,10,가을,2025,3. 가을 (9~11월)
2025-10-12,18.3,20.7,17.1,94.8,3.4,1.0,0.0,20.0,16.0,3.0,0.0191,0.0056,0.25,0.0022,3.599999999999998,3.3000000000000007,14.0,8.386497083605995,21.799999999999997,1,0,7.0,28.0,1,0,7.0,26.0,2.0,4.0,11,0,0,2.0,16.0,1,7.0,28.0,34,0.0022,19.0,76.0,151.0,0.002442857142857143,0.005871428571428571,0.027957142857142854,10,가을,2025,3. 가을 (9~11월)
2025-10-13,17.2,18.4,16.1,97.6,6.0,1.1,0.0,18.9,9.0,1.0,0.027,0.0063,0.22,0.0023,2.299999999999997,1.1000000000000014,2.799999999999997,9.000740710259942,20.7,1,0,7.0,28.0,1,1,7.0,26.0,2.0,5.0,12,1,0,2.0,15.0,1,7.0,28.0,35,0.0023,10.0,59.0,144.0,0.002428571428571429,0.0061285714285714285,0.027271428571428568,10,가을,2025,3. 가을 (9~11월)
2025-10-14,17.5,19.2,16.2,98.5,49.7,0.5,0.0,18.8,8.0,2.0,0.0233,0.0092,0.25,0.0024,3.0,0.3000000000000007,0.9000000000000057,1.9295940851198248,59.300000000000004,1,0,7.0,28.0,1,1,7.0,26.0,2.0,6.0,13,2,0,2.0,14.0,1,7.0,28.0,36,0.0024,10.0,39.0,137.0,0.002414285714285714,0.0066,0.02602857142857143,10,가을,2025,3. 가을 (9~11월)
2025-10-15,18.8,23.7,13.9,87.4,0.0,1.1,3.1,19.2,20.0,3.0,0.0244,0.0076,0.23,0.0024,9.799999999999999,1.3000000000000007,11.099999999999994,6.165225056719062,59.300000000000004,1,0,7.0,28.0,1,0,7.0,26.0,2.0,6.0,14,0,0,1.0,13.0,1,7.0,28.0,37,0.0024,23.0,43.0,142.0,0.002414285714285714,0.007028571428571428,0.02582857142857143,10,가을,2025,3. 가을 (9~11월)
2025-10-16,18.8,21.8,16.0,95.6,22.2,0.9,0.0,20.2,12.0,3.0,0.0231,0.0082,0.24,0.0024,5.800000000000001,0.0,8.199999999999989,5.757024694521472,81.3,1,0,7.0,28.0,1,1,7.0,26.0,3.0,7.0,15,1,0,1.0,12.0,1,7.0,28.0,38,0.0024,15.0,48.0,134.0,0.002414285714285714,0.007485714285714286,0.024471428571428568,10,가을,2025,3. 가을 (9~11월)
2025-10-17,18.6,22.6,14.6,85.4,0.9,1.4,2.7,19.3,23.0,5.0,0.0275,0.0089,0.26,0.0025,8.000000000000002,0.1999999999999993,10.199999999999989,5.404936015655588,82.2,1,0,7.0,28.0,1,0,7.0,27.0,3.0,7.0,16,0,0,1.0,12.0,1,7.0,28.0,39,0.0025,28.0,66.0,135.0,0.0024,0.007785714285714286,0.024514285714285714,10,가을,2025,3. 가을 (9~11월)
2025-10-18,17.6,20.0,16.4,93.1,3.0,1.1,0.0,18.9,13.0,3.0,0.0231,0.0067,0.26,0.0023,3.6000000000000014,1.0,7.699999999999989,5.3163270528938,85.2,1,0,7.0,28.0,1,0,7.0,27.0,3.0,7.0,17,0,0,0.0,11.0,1,7.0,28.0,40,0.0023,16.0,59.0,121.0,0.002357142857142857,0.007500000000000001,0.02392857142857143,10,가을,2025,3. 가을 (9~11월)
2025-10-19,16.5,19.3,14.1,86.4,0.0,0.8,0.2,18.5,19.0,4.0,0.0257,0.0064,0.3,0.0025,5.200000000000001,1.1000000000000014,6.699999999999989,4.186884283091411,81.80000000000001,1,0,7.0,28.0,1,0,7.0,27.0,3.0,7.0,18,0,0,0.0,11.0,1,7.0,28.0,41,0.0025,23.0,67.0,125.0,0.0024,0.007614285714285714,0.024871428571428572,10,가을,2025,3. 가을 (9~11월)
2025-10-20,13.4,18.3,10.6,80.9,0.0,1.4,2.0,15.5,20.0,9.0,0.0254,0.0073,0.29,0.0023,7.700000000000001,3.0999999999999996,5.5,6.109828148155905,75.80000000000001,1,0,7.0,28.0,1,0,7.0,27.0,2.0,7.0,19,0,0,0.0,11.0,1,7.0,28.0,42,0.0023,29.0,68.0,144.0,0.0024,0.007757142857142857,0.024642857142857143,10,가을,2025,3. 가을 (9~11월)
2025-10-21,13.9,17.5,10.2,83.9,0.0,0.8,0.3,15.8,10.0,2.0,0.0217,0.0078,0.22,0.0022,7.300000000000001,0.5,3.0,2.7537852736428694,26.099999999999998,1,0,7.0,28.0,1,0,7.0,27.0,1.0,7.0,20,0,0,0.0,10.0,1,7.0,28.0,43,0.0022,12.0,64.0,146.0,0.0023714285714285716,0.007557142857142858,0.024414285714285715,10,가을,2025,3. 가을 (9~11월)
2025-10-22,14.3,16.7,12.2,88.9,0.5,1.1,0.3,16.0,12.0,2.0,0.0257,0.008,0.24,0.0023,4.5,0.40000000000000036,5.0,4.041451884327234,26.599999999999998,1,0,7.0,28.0,1,0,7.0,27.0,1.0,7.0,21,0,0,0.0,9.0,1,7.0,28.0,44,0.0023,14.0,55.0,137.0,0.002357142857142857,0.007614285714285714,0.024600000000000004,10,가을,2025,3. 가을 (9~11월)
2025-10-23,14.5,19.6,11.0,87.5,0.2,1.0,3.8,16.7,15.0,2.0,0.0222,0.0093,0.26,0.0025,8.600000000000001,0.1999999999999993,1.4000000000000057,2.5794056162867536,4.6,1,0,7.0,28.0,1,0,7.0,27.0,0.0,7.0,22,0,0,0.0,8.0,1,7.0,28.0,45,0.0025,17.0,43.0,139.0,0.0023714285714285716,0.007771428571428572,0.02447142857142857,10,가을,2025,3. 가을 (9~11월)
2025-10-24,13.3,19.5,8.8,89.3,0.0,1.1,1.6,15.9,15.0,4.0,0.0211,0.0089,0.26,0.0024,10.7,1.1999999999999993,1.7999999999999972,0.9451631252493949,3.7,1,0,7.0,28.0,1,0,7.0,27.0,0.0,7.0,23,0,0,0.0,7.0,1,7.0,28.0,46,0.0024,19.0,50.0,130.0,0.002357142857142857,0.007771428571428572,0.02355714285714286,10,가을,2025,3. 가을 (9~11월)
2025-10-25,15.5,22.0,11.5,84.5,0.0,0.7,5.0,17.7,16.0,6.0,0.0212,0.0094,0.29,0.0025,10.5,2.1999999999999993,4.799999999999997,2.4248711305960606,0.7,1,0,7.0,28.0,1,0,7.0,27.0,0.0,7.0,24,0,0,0.0,6.0,1,7.0,28.0,47,0.0025,22.0,58.0,136.0,0.0023857142857142857,0.008157142857142858,0.023285714285714288,10,가을,2025,3. 가을 (9~11월)
2025-10-26,14.4,19.3,11.1,66.9,0.1,1.7,4.2,15.5,28.0,14.0,0.0423,0.0061,0.32,0.0026,8.200000000000001,1.0999999999999996,17.599999999999994,11.793783673331182,0.8,1,0,7.0,28.0,0,0,6.0,26.0,0.0,7.0,0,0,0,0.0,5.0,0,6.0,27.0,0,0.0,42.0,83.0,155.0,0.0024000000000000002,0.008114285714285715,0.025657142857142854,10,가을,2025,3. 가을 (9~11월)
2025-10-27,10.0,13.8,4.4,51.6,0.0,3.2,8.8,11.3,28.0,12.0,0.0386,0.0067,0.29,0.0023,9.4,4.4,15.300000000000004,16.46339373681309,0.8,0,0,6.0,27.0,0,0,5.0,25.0,0.0,7.0,0,0,0,0.0,4.0,0,5.0,26.0,0,0.0,40.0,104.0,166.0,0.0024000000000000002,0.008028571428571428,0.027542857142857143,10,가을,2025,3. 가을 (9~11월)
2025-10-28,7.0,14.6,0.8,61.8,0.0,1.4,8.8,9.4,22.0,8.0,0.0243,0.0113,0.27,0.0023,13.799999999999999,3.0,10.199999999999996,7.790378681425261,0.8,1,0,6.0,27.0,0,0,4.0,24.0,0.0,7.0,0,0,0,0.0,4.0,0,4.0,25.0,0,0.0,30.0,112.0,184.0,0.002414285714285714,0.008528571428571429,0.027914285714285714,10,가을,2025,3. 가을 (9~11월)
2025-10-29,7.4,16.8,-0.5,73.6,0.0,0.7,8.9,9.9,30.0,14.0,0.0206,0.0142,0.37,0.0026,17.3,0.40000000000000036,11.799999999999997,11.009692699314444,0.30000000000000004,1,0,6.0,27.0,0,0,3.0,24.0,0.0,7.0,0,0,0,0.0,4.0,1,4.0,25.0,1,0.0026,44.0,114.0,214.0,0.002457142857142857,0.009414285714285714,0.027185714285714285,10,가을,2025,3. 가을 (9~11월)
2025-10-30,8.8,17.1,1.5,80.1,0.0,0.5,6.8,10.5,30.0,14.0,0.0168,0.0139,0.36,0.0026,15.600000000000001,1.4000000000000004,6.5,9.277032571535756,0.1,1,0,6.0,27.0,1,0,3.0,24.0,0.0,7.0,1,0,0,0.0,4.0,1,4.0,25.0,2,0.0026,44.0,118.0,241.0,0.0024714285714285715,0.01007142857142857,0.026414285714285717,10,가을,2025,3. 가을 (9~11월)
2025-10-31,10.4,19.7,4.7,83.1,0.0,0.6,5.4,12.4,27.0,13.0,0.0161,0.0142,0.35,0.0027,15.0,1.5999999999999996,3.0,4.856267428111177,0.1,1,0,6.0,27.0,1,0,3.0,24.0,0.0,6.0,2,0,0,0.0,4.0,1,4.0,25.0,3,0.0027,40.0,128.0,262.0,0.0025142857142857146,0.010828571428571429,0.025699999999999997,10,가을,2025,3. 가을 (9~11월)
2025-11-01,11.8,19.0,6.4,72.9,0.3,2.0,6.7,13.3,12.0,27.0,0.0268,0.0113,0.33,0.0026,12.6,1.4000000000000004,10.199999999999989,5.2421369688324795,0.4,1,0,6.0,27.0,0,0,2.0,23.0,0.0,5.0,0,0,0,0.0,3.0,1,4.0,25.0,4,0.0026,39.0,123.0,279.0,0.0025285714285714286,0.0111,0.0265,11,가을,2025,3. 가을 (9~11월)
2025-11-02,11.6,17.9,5.3,54.8,0.0,3.0,6.3,11.7,9.0,30.0,0.0382,0.0058,0.27,0.0023,12.599999999999998,0.20000000000000107,18.10000000000001,14.332596880305239,0.3,0,0,5.0,26.0,0,0,2.0,22.0,0.0,5.0,0,0,0,0.0,2.0,0,4.0,24.0,0,0.0,39.0,118.0,276.0,0.0024857142857142855,0.011057142857142857,0.025914285714285713,11,가을,2025,3. 가을 (9~11월)
2025-11-03,7.8,15.6,0.9,68.4,0.0,1.2,6.9,9.4,11.0,29.0,0.0261,0.0111,0.29,0.0025,14.7,3.8,13.600000000000009,9.42355205500222,0.29999999999999993,1,0,6.0,26.0,0,0,2.0,21.0,0.0,4.0,0,0,0,0.0,2.0,0,4.0,23.0,0,0.0,40.0,118.0,276.0,0.0025142857142857146,0.011685714285714285,0.024128571428571426,11,가을,2025,3. 가을 (9~11월)
2025-11-04,9.0,18.2,2.5,80.1,0.0,0.5,7.0,10.8,18.0,34.0,0.0147,0.0153,0.35,0.0028,15.7,1.2000000000000002,11.699999999999989,12.661885062396356,0.29999999999999993,1,0,6.0,26.0,1,0,3.0,21.0,0.0,3.0,1,0,0,0.0,2.0,1,5.0,23.0,1,0.0028,52.0,131.0,298.0,0.0025857142857142854,0.012257142857142857,0.022757142857142858,11,가을,2025,3. 가을 (9~11월)
2025-11-05,10.3,19.5,2.1,81.5,0.0,0.5,7.4,11.6,19.0,37.0,0.0224,0.0138,0.39,0.0027,17.4,1.3000000000000007,1.4000000000000057,7.193283904680389,0.29999999999999993,1,0,6.0,26.0,1,0,4.0,21.0,0.0,3.0,2,0,0,0.0,1.0,1,5.0,23.0,2,0.0027,56.0,148.0,310.0,0.0026000000000000003,0.012199999999999999,0.023014285714285713,11,가을,2025,3. 가을 (9~11월)
2025-11-06,11.1,19.9,5.0,83.5,0.0,0.6,5.9,12.8,22.0,38.0,0.0251,0.014,0.37,0.0023,14.899999999999999,0.7999999999999989,2.0,1.7088007490633736,0.29999999999999993,1,0,6.0,26.0,1,0,4.0,21.0,0.0,3.0,3,0,0,0.0,1.0,1,5.0,23.0,3,0.0023,60.0,168.0,326.0,0.0025571428571428572,0.012214285714285714,0.0242,11,가을,2025,3. 가을 (9~11월)
2025-11-07,11.4,19.6,5.0,81.3,0.0,0.8,3.9,11.9,19.0,38.0,0.0234,0.0138,0.39,0.0024,14.600000000000001,0.3000000000000007,2.200000000000003,1.2165525060594187,0.29999999999999993,1,0,6.0,26.0,1,0,4.0,21.0,0.0,3.0,4,0,0,0.0,1.0,1,5.0,23.0,4,0.0024,57.0,173.0,343.0,0.002514285714285714,0.012157142857142858,0.025242857142857147,11,가을,2025,3. 가을 (9~11월)
2025-11-08,12.0,18.0,6.0,86.1,3.7,0.6,0.4,12.2,17.0,33.0,0.0175,0.0138,0.35,0.0024,12.0,0.5999999999999996,4.799999999999997,2.4027761721251535,3.7,1,0,6.0,26.0,1,0,5.0,21.0,0.0,3.0,5,0,0,0.0,0.0,1,5.0,23.0,5,0.0024,50.0,167.0,354.0,0.0024857142857142855,0.012514285714285714,0.023914285714285714,11,가을,2025,3. 가을 (9~11월)
2025-11-09,13.8,18.8,9.7,69.5,8.0,2.1,7.0,13.6,17.0,40.0,0.0366,0.0068,0.3,0.0023,9.100000000000001,1.8000000000000007,16.599999999999994,8.542443054146364,11.7,1,0,7.0,26.0,0,0,5.0,20.0,0.0,3.0,0,0,0,0.0,0.0,0,5.0,22.0,0,0.0,57.0,164.0,372.0,0.0024857142857142855,0.012657142857142856,0.023685714285714286,11,가을,2025,3. 가을 (9~11월)
2025-11-10,9.9,15.6,2.8,42.4,0.0,2.5,7.8,9.6,10.0,31.0,0.032,0.0097,0.28,0.0022,12.8,3.9000000000000004,27.1,22.059238427470767,11.7,0,0,6.0,25.0,0,0,5.0,19.0,0.0,2.0,0,0,0,0.0,0.0,0,5.0,21.0,0,0.0,41.0,148.0,373.0,0.002442857142857143,0.012457142857142858,0.024528571428571427,11,가을,2025,3. 가을 (9~11월)
2025-11-11,9.0,15.9,3.1,48.8,0.0,1.3,7.3,10.0,9.0,22.0,0.0249,0.0138,0.29,0.0022,12.8,0.9000000000000004,6.399999999999999,14.164862630231864,11.7,0,0,5.0,24.0,0,0,4.0,18.0,0.0,1.0,0,0,0,0.0,0.0,0,4.0,20.0,0,0.0,31.0,129.0,352.0,0.002357142857142857,0.012242857142857142,0.025985714285714286,11,가을,2025,3. 가을 (9~11월)
2025-11-12,7.5,14.5,0.7,78.4,0.0,0.5,3.1,8.7,17.0,37.0,0.0095,0.0223,0.37,0.0023,13.8,1.5,29.60000000000001,19.205554752033034,11.7,1,0,5.0,24.0,1,0,4.0,18.0,0.0,1.0,1,0,0,0.0,0.0,1,4.0,20.0,1,0.0023,54.0,126.0,350.0,0.0023,0.013457142857142858,0.024142857142857143,11,가을,2025,3. 가을 (9~11월)
2025-11-13,10.1,17.6,5.1,73.3,0.0,1.3,5.5,10.2,27.0,50.0,0.0262,0.0204,0.43,0.0026,12.500000000000002,2.5999999999999996,5.1000000000000085,15.82413768056055,11.7,1,0,5.0,24.0,0,0,3.0,17.0,0.0,0.0,0,0,0,0.0,0.0,1,4.0,20.0,2,0.0026,77.0,162.0,367.0,0.0023428571428571426,0.014371428571428573,0.0243,11,가을,2025,3. 가을 (9~11월)
2025-11-14,7.8,16.9,0.6,68.3,0.0,1.1,7.4,8.7,26.0,47.0,0.0223,0.0157,0.38,0.0023,16.299999999999997,2.3,5.0,5.050082507576945,11.7,1,0,5.0,24.0,0,0,2.0,16.0,0.0,0.0,0,0,0,0.0,0.0,0,3.0,19.0,0,0.0,73.0,204.0,383.0,0.0023285714285714285,0.014642857142857141,0.02414285714285714,11,가을,2025,3. 가을 (9~11월)
2025-11-15,7.7,17.0,1.2,65.6,0.0,0.5,7.6,8.9,19.0,34.0,0.0209,0.0174,0.37,0.0023,15.8,0.09999999999999964,2.700000000000003,3.9068316233663922,8.0,1,0,5.0,24.0,0,0,1.0,15.0,0.0,0.0,0,0,0,0.0,0.0,0,2.0,18.0,0,0.0,53.0,203.0,386.0,0.002314285714285714,0.015157142857142857,0.024628571428571427,11,가을,2025,3. 가을 (9~11월)
2025-11-16,8.4,19.1,0.3,73.8,0.0,0.7,5.9,9.2,15.0,29.0,0.0205,0.0143,0.37,0.0023,18.8,0.7000000000000002,8.200000000000003,4.178915329763887,0.0,1,0,5.0,24.0,0,0,1.0,14.0,0.0,0.0,0,0,0,0.0,0.0,1,3.0,18.0,1,0.0023,44.0,170.0,373.0,0.002314285714285714,0.01622857142857143,0.022328571428571427,11,가을,2025,3. 가을 (9~11월)
2025-11-17,7.7,11.2,2.6,45.8,0.0,3.7,5.1,7.6,14.0,40.0,0.028,0.0095,0.3,0.0022,8.6,0.7000000000000002,28.0,14.394906506585503,0.0,0,0,5.0,23.0,0,0,1.0,13.0,0.0,0.0,0,0,0,0.0,0.0,0,3.0,17.0,0,0.0,54.0,151.0,386.0,0.002314285714285714,0.0162,0.02175714285714286,11,가을,2025,3. 가을 (9~11월)
2025-11-18,3.2,7.6,-1.1,49.8,0.0,3.2,7.5,4.8,12.0,29.0,0.0277,0.0077,0.27,0.0019,8.7,4.5,4.0,15.143755588800918,0.0,0,0,5.0,22.0,0,0,1.0,12.0,0.0,0.0,0,0,0,0.0,0.0,0,3.0,16.0,0,0.0,41.0,139.0,396.0,0.002271428571428571,0.015328571428571428,0.022157142857142858,11,가을,2025,3. 가을 (9~11월)
2025-11-19,2.7,9.8,-3.3,62.1,0.0,1.0,7.5,4.7,15.0,30.0,0.0186,0.0156,0.34,0.002,13.100000000000001,0.5,12.300000000000004,8.49490043104333,0.0,1,0,5.0,22.0,0,0,0.0,11.0,0.0,0.0,0,0,0,0.0,0.0,0,2.0,15.0,0,0.0,45.0,140.0,387.0,0.0022285714285714283,0.014371428571428571,0.023457142857142853,11,가을,2025,3. 가을 (9~11월)
2025-11-20,8.4,14.4,-0.5,57.8,0.0,2.2,7.0,6.5,20.0,39.0,0.0291,0.0148,0.35,0.0024,14.9,5.7,4.300000000000004,6.2420616252436245,0.0,0,0,4.0,21.0,0,0,0.0,10.0,0.0,0.0,0,0,0,0.0,0.0,0,1.0,14.0,0,0.0,59.0,145.0,369.0,0.0022,0.013571428571428571,0.02387142857142857,11,가을,2025,3. 가을 (9~11월)
2025-11-21,7.4,12.5,1.6,46.5,0.0,2.8,7.4,7.0,12.0,27.0,0.0365,0.0094,0.29,0.0024,10.9,1.0,11.299999999999997,8.057501680629011,0.0,0,0,3.0,20.0,0,0,0.0,9.0,0.0,0.0,0,0,0,0.0,0.0,0,1.0,13.0,0,0.0,39.0,143.0,335.0,0.002214285714285714,0.012671428571428571,0.025900000000000003,11,가을,2025,3. 가을 (9~11월)
2025-11-22,5.8,14.9,-1.6,69.9,0.0,1.0,7.4,6.3,20.0,40.0,0.0202,0.0194,0.4,0.0023,16.5,1.6000000000000005,23.400000000000006,11.702278980324246,0.0,1,0,3.0,20.0,0,0,0.0,8.0,0.0,0.0,0,0,0,0.0,0.0,0,1.0,12.0,0,0.0,60.0,158.0,342.0,0.002214285714285714,0.012957142857142858,0.0258,11,가을,2025,3. 가을 (9~11월)
2025-11-23,6.0,15.8,-1.2,74.0,0.0,0.6,6.5,6.4,29.0,47.0,0.0228,0.0165,0.42,0.0022,17.0,0.20000000000000018,4.099999999999994,14.835879931211943,0.0,1,0,3.0,20.0,0,0,0.0,8.0,0.0,0.0,0,0,0,0.0,0.0,1,1.0,13.0,1,0.0022,76.0,175.0,374.0,0.0022,0.013271428571428571,0.026128571428571428,11,가을,2025,3. 가을 (9~11월)
2025-11-24,9.3,17.9,3.7,69.3,0.0,0.8,6.4,9.3,30.0,51.0,0.0215,0.0241,0.46,0.0027,14.2,3.3000000000000007,4.700000000000003,2.557994005727004,0.0,1,0,4.0,21.0,0,0,0.0,8.0,0.0,0.0,0,0,0,0.0,0.0,0,1.0,13.0,0,0.0,81.0,217.0,401.0,0.0022714285714285714,0.015357142857142857,0.025199999999999997,11,가을,2025,3. 가을 (9~11월)
2025-11-25,5.9,12.0,1.0,76.6,0.0,1.7,1.7,6.1,34.0,51.0,0.0236,0.0136,0.41,0.002,11.0,3.4000000000000004,7.299999999999997,3.7000000000001885,0.0,1,0,5.0,21.0,1,0,1.0,9.0,0.0,0.0,1,0,0,0.0,0.0,1,2.0,14.0,1,0.002,85.0,242.0,445.0,0.002285714285714286,0.0162,0.024614285714285717,11,가을,2025,3. 가을 (9~11월)
2025-11-26,6.3,12.0,1.1,73.9,0.0,1.3,7.2,6.9,41.0,61.0,0.0268,0.0166,0.46,0.0021,10.9,0.39999999999999947,2.6999999999999886,3.6909799963335943,0.0,1,0,5.0,21.0,0,0,1.0,9.0,0.0,0.0,0,0,0,0.0,0.0,1,3.0,14.0,2,0.0021,102.0,268.0,502.0,0.0023,0.01634285714285714,0.025785714285714283,11,가을,2025,3. 가을 (9~11월)
2025-11-27,6.6,13.3,1.1,70.5,0.0,2.3,1.9,6.7,42.0,60.0,0.0056,0.019,0.51,0.0021,12.200000000000001,0.2999999999999998,3.4000000000000057,3.0566866593314135,0.0,1,0,6.0,21.0,0,0,1.0,8.0,0.0,0.0,0,0,0,0.0,0.0,1,4.0,14.0,3,0.0021,102.0,289.0,545.0,0.0022571428571428573,0.01694285714285714,0.02242857142857143,11,가을,2025,3. 가을 (9~11월)
2025-11-28,3.9,9.4,-2.8,47.1,0.0,2.7,7.2,5.1,9.0,26.0,0.021,0.019,0.34,0.0022,12.2,2.6999999999999997,23.4,14.59086472191889,0.0,0,0,6.0,20.0,0,0,1.0,7.0,0.0,0.0,0,0,0,0.0,0.0,0,4.0,13.0,0,0.0,35.0,239.0,541.0,0.0022285714285714287,0.018314285714285717,0.020214285714285716,11,가을,2025,3. 가을 (9~11월)
2025-11-29,3.0,13.5,-5.4,67.4,0.0,0.8,7.2,3.9,14.0,29.0,0.0141,0.0209,0.4,0.0025,18.9,0.8999999999999999,20.300000000000004,12.709969839985371,0.0,1,0,6.0,20.0,0,0,1.0,7.0,0.0,0.0,0,0,0,0.0,0.0,0,4.0,12.0,0,0.0,43.0,180.0,524.0,0.002257142857142857,0.01852857142857143,0.01934285714285714,11,가을,2025,3. 가을 (9~11월)
2025-11-30,9.1,18.4,0.1,74.1,0.0,0.8,7.2,6.9,18.0,44.0,0.0254,0.0173,0.44,0.0029,18.299999999999997,6.1,6.699999999999989,14.05927926080627,0.0,1,0,6.0,21.0,0,0,1.0,7.0,0.0,0.0,0,0,0,0.0,0.0,1,4.0,13.0,1,0.0029,62.0,140.0,510.0,0.002357142857142857,0.018642857142857145,0.019714285714285715,11,가을,2025,3. 가을 (9~11월)
2025-12-01,7.9,13.9,-0.6,53.4,0.0,1.8,6.7,7.0,19.0,48.0,0.0286,0.0161,0.36,0.0024,14.5,1.1999999999999993,20.699999999999996,10.562354535487666,0.0,0,0,5.0,20.0,0,0,1.0,7.0,0.0,0.0,0,0,0,0.0,0.0,0,4.0,13.0,0,0.0,67.0,172.0,496.0,0.002314285714285714,0.017499999999999998,0.02072857142857143,12,겨울,2025,4. 겨울 (12~2월)
2025-12-02,4.9,9.8,-0.6,36.3,0.0,3.1,5.3,4.4,12.0,35.0,0.0335,0.0088,0.29,0.0023,10.4,3.0,17.1,18.928549865216993,0.0,0,0,4.0,19.0,0,0,0.0,6.0,0.0,0.0,0,0,0,0.0,0.0,0,3.0,12.0,0,0.0,47.0,176.0,458.0,0.002357142857142857,0.016814285714285716,0.02214285714285714,12,겨울,2025,4. 겨울 (12~2월)
2025-12-03,-1.5,2.6,-4.1,41.1,0.0,4.6,7.1,1.4,6.0,20.0,0.0344,0.0059,0.27,0.0023,6.699999999999999,6.4,4.800000000000004,8.819863944529379,0.0,0,0,3.0,18.0,0,0,0.0,5.0,0.0,0.0,0,0,0,0.0,0.0,0,2.0,11.0,0,0.0,26.0,140.0,382.0,0.0023857142857142857,0.015285714285714286,0.023228571428571432,12,겨울,2025,4. 겨울 (12~2월)
2025-12-04,-1.2,4.5,-5.9,52.9,0.0,2.4,7.2,0.6,8.0,19.0,0.0259,0.0123,0.31,0.0022,10.4,0.30000000000000004,11.799999999999997,8.542443054146906,0.0,0,0,2.0,17.0,0,0,0.0,4.0,0.0,0.0,0,0,0,0.0,0.0,0,1.0,10.0,0,0.0,27.0,100.0,307.0,0.0024,0.014328571428571428,0.026128571428571428,12,겨울,2025,4. 겨울 (12~2월)
2025-12-05,0.2,5.1,-4.0,36.0,0.0,3.4,7.2,1.3,7.0,17.0,0.029,0.0114,0.3,0.0024,9.1,1.4,16.9,8.668525441696683,0.0,0,0,2.0,16.0,0,0,0.0,3.0,0.0,0.0,0,0,0,0.0,0.0,0,1.0,9.0,0,0.0,24.0,77.0,296.0,0.002428571428571429,0.013242857142857143,0.027271428571428575,12,겨울,2025,4. 겨울 (12~2월)
2025-12-06,1.0,9.7,-7.5,58.5,0.0,0.9,7.2,1.5,13.0,28.0,0.0168,0.0208,0.37,0.0026,17.2,0.8,22.5,11.71338265973331,0.0,0,0,1.0,15.0,0,0,0.0,2.0,0.0,0.0,0,0,0,0.0,0.0,0,1.0,8.0,0,0.0,41.0,92.0,294.0,0.0024428571428571424,0.013228571428571428,0.027657142857142856,12,겨울,2025,4. 겨울 (12~2월)
2025-12-07,4.4,14.4,-4.0,71.3,0.0,0.6,7.0,3.6,28.0,49.0,0.022,0.0212,0.48,0.0026,18.4,3.4000000000000004,12.799999999999997,17.870739585516297,0.0,1,0,1.0,15.0,0,0,0.0,2.0,0.0,0.0,0,0,0,0.0,0.0,1,1.0,9.0,1,0.0026,77.0,142.0,309.0,0.0024,0.013785714285714287,0.02717142857142857,12,겨울,2025,4. 겨울 (12~2월)
2025-12-08,5.8,10.3,-2.4,34.8,0.0,2.7,6.7,4.7,33.0,60.0,0.0388,0.0098,0.39,0.0028,12.700000000000001,1.3999999999999995,36.5,18.519269244042523,0.0,0,0,1.0,15.0,0,0,0.0,2.0,0.0,0.0,0,0,0,0.0,0.0,0,1.0,9.0,0,0.0,93.0,211.0,335.0,0.002457142857142857,0.012885714285714287,0.02862857142857143,12,겨울,2025,4. 겨울 (12~2월)
2025-12-09,3.0,8.9,-3.3,45.9,0.0,2.1,7.0,2.0,10.0,22.0,0.0311,0.011,0.29,0.0025,12.2,2.8,11.100000000000001,18.711048429560023,0.0,0,0,1.0,15.0,0,0,0.0,2.0,0.0,0.0,0,0,0,0.0,0.0,0,1.0,9.0,0,0.0,32.0,202.0,320.0,0.0024857142857142855,0.0132,0.028285714285714286,12,겨울,2025,4. 겨울 (12~2월)
2025-12-10,3.5,10.6,-2.8,67.0,0.0,0.8,5.0,3.5,29.0,56.0,0.0153,0.0257,0.47,0.003,13.399999999999999,0.5,21.1,16.35675191880531,0.0,1,0,2.0,15.0,0,0,0.0,1.0,0.0,0.0,0,0,0,0.0,0.0,0,1.0,8.0,0,0.0,85.0,210.0,379.0,0.0025857142857142854,0.016028571428571427,0.025557142857142858,12,겨울,2025,4. 겨울 (12~2월)
2025-12-11,6.1,12.7,0.7,64.9,0.0,2.1,2.4,5.3,31.0,49.0,0.0227,0.0169,0.43,0.0027,12.0,2.5999999999999996,2.0999999999999943,11.623395946681754,0.0,1,0,3.0,15.0,0,0,0.0,1.0,0.0,0.0,0,0,0,0.0,0.0,0,1.0,7.0,0,0.0,80.0,197.0,432.0,0.002657142857142857,0.016685714285714283,0.025100000000000004,12,겨울,2025,4. 겨울 (12~2월)
2025-12-12,2.8,8.6,-1.9,77.4,0.0,1.0,3.7,4.6,11.0,22.0,0.0221,0.0132,0.33,0.0024,10.5,3.3,12.5,6.693529213601334,0.0,1,0,4.0,15.0,1,0,1.0,2.0,0.0,0.0,1,0,0,0.0,0.0,1,2.0,8.0,1,0.0024,33.0,198.0,441.0,0.002657142857142857,0.01694285714285714,0.024114285714285717,12,겨울,2025,4. 겨울 (12~2월)
2025-12-13,3.8,11.2,-2.2,86.4,7.4,1.5,3.5,4.9,6.0,15.0,0.0163,0.0108,0.31,0.0023,13.399999999999999,1.0,9.0,10.797376224496965,7.4,1,0,5.0,15.0,1,0,2.0,3.0,0.0,0.0,2,0,0,0.0,0.0,1,3.0,9.0,2,0.0023,21.0,134.0,421.0,0.0026142857142857144,0.015514285714285715,0.024042857142857144,12,겨울,2025,4. 겨울 (12~2월)
2025-12-14,2.1,5.5,0.2,66.9,0.0,3.5,4.0,2.6,10.0,18.0,0.0315,0.0058,0.33,0.0023,5.3,1.6999999999999997,19.5,9.759610647971506,7.4,1,0,5.0,15.0,0,0,2.0,3.0,0.0,0.0,0,0,0,0.0,0.0,0,2.0,8.0,0,0.0,28.0,82.0,372.0,0.0025714285714285713,0.013314285714285714,0.0254,12,겨울,2025,4. 겨울 (12~2월)
2025-12-15,2.2,8.3,-2.2,66.4,0.0,1.9,7.0,2.3,15.0,27.0,0.0295,0.0116,0.34,0.0025,10.5,0.10000000000000009,0.5,11.405408073950417,7.4,1,0,6.0,16.0,0,0,2.0,3.0,0.0,0.0,0,0,0,0.0,0.0,0,2.0,8.0,0,0.0,42.0,91.0,321.0,0.0025285714285714286,0.013571428571428571,0.024071428571428573,12,겨울,2025,4. 겨울 (12~2월)
2025-12-16,2.1,7.2,-4.4,78.8,0.0,0.4,0.3,2.8,28.0,49.0,0.0043,0.0274,0.51,0.0027,11.600000000000001,0.10000000000000009,12.399999999999991,7.019259220174217,7.4,1,0,7.0,17.0,1,0,3.0,4.0,0.0,0.0,1,0,0,0.0,0.0,1,3.0,9.0,1,0.0027,77.0,147.0,366.0,0.0025571428571428572,0.015914285714285714,0.020242857142857142,12,겨울,2025,4. 겨울 (12~2월)
2025-12-17,5.7,10.6,0.8,64.5,0.0,1.8,6.3,5.5,35.0,58.0,0.0225,0.0178,0.44,0.0026,9.799999999999999,3.6,14.299999999999997,7.765951326141635,7.4,1,0,7.0,17.0,0,0,3.0,4.0,0.0,0.0,0,0,0,0.0,0.0,0,3.0,9.0,0,0.0,93.0,212.0,374.0,0.0025,0.014785714285714287,0.02127142857142857,12,겨울,2025,4. 겨울 (12~2월)
2025-12-18,1.5,9.7,-4.7,68.1,0.0,0.7,7.0,2.9,37.0,59.0,0.0103,0.0246,0.51,0.0026,14.399999999999999,4.2,3.5999999999999943,7.437965671696409,7.4,1,0,7.0,18.0,0,0,3.0,4.0,0.0,0.0,0,0,0,0.0,0.0,0,3.0,9.0,0,0.0,96.0,266.0,390.0,0.0024857142857142855,0.015885714285714288,0.019499999999999997,12,겨울,2025,4. 겨울 (12~2월)
2025-12-19,3.0,13.4,-4.7,75.0,0.0,0.4,3.8,4.2,33.0,51.0,0.0057,0.0292,0.56,0.0031,18.1,1.5,6.900000000000006,5.335728628781761,7.4,1,0,7.0,19.0,1,0,3.0,5.0,0.0,0.0,1,0,0,0.0,0.0,1,3.0,10.0,1,0.0031,84.0,273.0,441.0,0.0025857142857142854,0.01817142857142857,0.017157142857142853,12,겨울,2025,4. 겨울 (12~2월)
2025-12-20,7.5,14.4,-0.7,80.4,0.0,0.8,2.5,6.9,44.0,63.0,0.0087,0.0282,0.58,0.0032,15.1,4.5,5.400000000000006,6.1652250567193185,0.0,1,0,7.0,19.0,1,0,3.0,6.0,0.0,0.0,2,0,0,0.0,0.0,1,3.0,11.0,2,0.0032,107.0,287.0,527.0,0.0027142857142857142,0.020657142857142857,0.01607142857142857,12,겨울,2025,4. 겨울 (12~2월)
2025-12-21,1.7,10.3,-3.7,34.8,0.0,3.0,2.0,3.8,12.0,24.0,0.0318,0.006,0.26,0.0024,14.0,5.8,45.60000000000001,24.9150556892816,0.0,0,0,6.0,18.0,0,0,3.0,6.0,0.0,0.0,0,0,0,0.0,0.0,0,3.0,10.0,0,0.0,36.0,227.0,535.0,0.0027285714285714283,0.020685714285714283,0.016114285714285713,12,겨울,2025,4. 겨울 (12~2월)
2025-12-22,-0.7,8.2,-8.2,65.5,0.0,0.7,7.1,1.9,9.0,25.0,0.0155,0.0166,0.35,0.0026,16.4,2.4,30.700000000000003,23.25173828627309,0.0,1,0,6.0,18.0,0,0,3.0,6.0,0.0,0.0,0,0,0,0.0,0.0,0,3.0,10.0,0,0.0,34.0,177.0,527.0,0.0027428571428571432,0.0214,0.014114285714285715,12,겨울,2025,4. 겨울 (12~2월)
2025-12-23,2.2,7.7,-5.0,82.1,1.5,0.4,1.8,3.0,20.0,36.0,0.0047,0.0263,0.44,0.0028,12.7,2.9000000000000004,16.599999999999994,23.997708223911797,1.5,1,0,6.0,18.0,1,0,3.0,6.0,0.0,0.0,1,0,0,0.0,0.0,1,3.0,10.0,1,0.0028,56.0,126.0,506.0,0.002757142857142857,0.021242857142857143,0.014171428571428571,12,겨울,2025,4. 겨울 (12~2월)
2025-12-24,5.3,7.7,3.7,89.6,3.3,1.4,0.0,5.9,17.0,24.0,0.0125,0.0149,0.34,0.0024,4.0,3.0999999999999996,7.5,12.33301801398715,4.8,1,0,6.0,18.0,1,0,4.0,7.0,0.0,0.0,2,0,0,0.0,0.0,1,4.0,10.0,2,0.0024,41.0,131.0,454.0,0.0027285714285714287,0.020828571428571425,0.012742857142857143,12,겨울,2025,4. 겨울 (12~2월)
2025-12-25,0.3,5.1,-5.1,51.6,0.0,4.8,6.2,1.8,18.0,28.0,0.0275,0.0072,0.3,0.0025,10.2,5.0,37.99999999999999,20.126682124317774,4.8,0,0,5.0,17.0,0,0,4.0,7.0,0.0,0.0,0,0,0,0.0,0.0,0,4.0,9.0,0,0.0,46.0,143.0,404.0,0.0027142857142857142,0.01834285714285714,0.015200000000000002,12,겨울,2025,4. 겨울 (12~2월)
2025-12-26,-5.1,-1.4,-8.6,30.9,0.0,3.9,7.0,-2.2,5.0,14.0,0.0267,0.007,0.25,0.0027,7.199999999999999,5.3999999999999995,20.700000000000003,29.77185471772522,4.8,0,0,4.0,17.0,0,0,3.0,7.0,0.0,0.0,0,0,0,0.0,0.0,0,3.0,9.0,0,0.0,19.0,106.0,339.0,0.0026571428571428575,0.01517142857142857,0.0182,12,겨울,2025,4. 겨울 (12~2월)
2025-12-27,-0.9,4.7,-6.0,50.6,0.0,2.4,6.2,-0.4,14.0,25.0,0.0259,0.0113,0.32,0.0026,10.7,4.199999999999999,19.700000000000003,11.67318865320617,4.8,0,0,3.0,16.0,0,0,2.0,7.0,0.0,0.0,0,0,0,0.0,0.0,0,2.0,9.0,0,0.0,39.0,104.0,271.0,0.0025714285714285713,0.012757142857142858,0.020657142857142857,12,겨울,2025,4. 겨울 (12~2월)
2025-12-28,0.9,7.6,-5.1,75.6,0.0,0.6,3.6,2.1,22.0,34.0,0.011,0.0185,0.41,0.0025,12.7,1.8,24.999999999999993,22.402306428877782,4.8,1,0,4.0,16.0,1,0,3.0,8.0,0.0,0.0,1,0,0,0.0,0.0,1,3.0,9.0,1,0.0025,56.0,114.0,291.0,0.002585714285714286,0.014542857142857144,0.017685714285714284,12,겨울,2025,4. 겨울 (12~2월)
2025-12-29,4.9,12.2,-2.9,73.0,0.0,1.5,5.7,3.4,27.0,42.0,0.0242,0.0163,0.42,0.0027,15.1,4.0,2.5999999999999943,13.744817205041382,4.8,1,0,4.0,17.0,0,0,3.0,8.0,0.0,0.0,0,0,0,0.0,0.0,1,4.0,10.0,2,0.0027,69.0,164.0,326.0,0.0026000000000000003,0.014499999999999999,0.01892857142857143,12,겨울,2025,4. 겨울 (12~2월)
2025-12-30,2.7,7.3,-0.8,43.6,0.0,2.7,7.1,2.7,27.0,42.0,0.0345,0.0086,0.33,0.0027,8.1,2.2,29.4,17.772263033540092,3.3,0,0,3.0,17.0,0,0,2.0,8.0,0.0,0.0,0,0,0,0.0,0.0,0,3.0,10.0,0,0.0,69.0,194.0,339.0,0.002585714285714286,0.011971428571428572,0.023185714285714285,12,겨울,2025,4. 겨울 (12~2월)
2025-12-31,-2.3,0.9,-5.8,39.1,0.0,2.8,4.8,-1.4,8.0,20.0,0.0253,0.0104,0.27,0.0026,6.7,5.0,4.5,18.411137933327367,0.0,0,0,2.0,17.0,0,0,1.0,8.0,0.0,0.0,0,0,0,0.0,0.0,0,2.0,10.0,0,0.0,28.0,166.0,326.0,0.0026142857142857144,0.011328571428571426,0.025014285714285715,12,겨울,2025,4. 겨울 (12~2월)
