date,temp_avg,temp_max,temp_min,humidity,rainfall,wind_speed,solar_radiation,ground_temp,pm10,pm25,o3,no2,co,so2
2016-01-01,1.3,8.8,-6.6,63.5,0.0,1.8,7.5,0.8,,,,,,
2016-01-02,2.0,11.6,-4.8,70.4,0.0,0.8,7.1,2.4,,,,,,
2016-01-03,3.3,14.9,-4.3,74.3,0.0,0.5,7.3,2.9,,,,,,
2016-01-04,6.5,12.1,-1.9,49.9,0.0,2.7,6.6,3.9,,,,,,
2016-01-05,2.3,6.0,0.1,24.9,0.0,2.8,1.1,1.5,,,,,,
2016-01-06,1.7,5.9,-3.2,41.0,0.0,3.4,6.9,1.5,,,,,,
2016-01-07,1.5,5.7,-1.0,42.1,0.0,3.3,7.7,1.4,,,,,,
2016-01-08,0.6,5.1,-2.4,41.9,0.0,3.7,7.7,0.6,,,,,,
2016-01-09,0.2,6.8,-8.1,50.5,0.0,2.2,6.9,0.0,,,,,,
2016-01-10,2.4,8.1,-3.8,48.3,0.0,2.2,7.4,1.4,,,,,,
2016-01-11,0.2,5.9,-5.0,32.5,0.0,2.0,7.2,0.7,,,,,,
2016-01-12,-2.4,5.5,-10.2,41.3,0.0,2.0,6.9,-2.0,,,,,,
2016-01-13,-1.2,3.6,-4.5,52.6,0.0,3.0,7.8,-0.7,,,,,,
2016-01-14,-1.1,4.4,-6.7,47.6,0.0,2.8,6.9,-0.5,,,,,,
2016-01-15,-2.3,7.1,-9.6,62.3,0.0,0.6,5.0,-1.1,,,,,,
2016-01-16,-0.9,8.7,-7.7,64.3,0.0,0.7,5.0,-0.2,,,,,,
2016-01-17,1.6,7.4,-4.0,81.9,3.0,0.8,0.0,1.2,,,,,,
2016-01-18,-0.6,4.0,-6.1,61.3,0.3,4.5,4.1,0.2,,,,,,
2016-01-19,-6.6,-3.9,-9.0,40.5,0.0,5.6,7.8,-4.8,,,,,,
2016-01-20,-6.0,-1.3,-10.2,43.4,0.0,2.6,5.8,-4.4,,,,,,
2016-01-21,-3.8,0.4,-8.3,34.5,0.0,2.5,0.5,-3.0,,,,,,
2016-01-22,-2.6,2.2,-7.9,29.6,0.0,2.9,6.9,-2.2,,,,,,
2016-01-23,-5.7,-2.1,-11.3,28.9,0.0,4.2,4.2,-3.9,,,,,,
2016-01-24,-10.3,-7.3,-13.9,41.3,0.0,4.4,7.9,-7.6,,,,,,
2016-01-25,-5.2,0.5,-10.4,46.3,0.0,4.3,7.9,-4.8,,,,,,
2016-01-26,-1.3,4.2,-7.0,54.0,0.0,3.5,6.8,-1.9,,,,,,
2016-01-27,0.4,7.8,-5.3,48.0,0.0,1.7,7.3,-0.8,,,,,,
2016-01-28,-1.1,3.1,-7.5,71.5,4.0,0.5,0.0,-1.1,,,,,,
2016-01-29,1.7,3.0,0.2,99.4,14.0,0.8,0.0,0.0,,,,,,
2016-01-30,2.0,4.4,0.2,99.3,1.2,0.5,0.0,0.0,,,,,,
2016-01-31,0.9,4.1,-1.2,58.0,0.0,2.3,5.8,0.3,,,,,,
2016-02-01,-1.2,4.1,-4.3,34.9,0.0,3.0,8.1,-0.2,,,,,,
2016-02-02,-2.6,4.6,-7.1,40.8,0.0,2.3,8.8,-0.9,,,,,,
2016-02-03,-1.2,5.4,-9.4,47.0,0.0,2.1,8.8,-0.8,,,,,,
2016-02-04,1.7,6.2,-2.1,41.8,0.0,3.4,7.0,0.3,,,,,,
2016-02-05,1.3,7.5,-2.4,32.1,0.0,3.2,9.0,1.0,,,,,,
2016-02-06,-0.5,5.2,-7.5,38.6,0.0,2.4,9.3,0.2,,,,,,
2016-02-07,-1.4,7.3,-8.5,48.5,0.0,1.3,9.2,0.7,,,,,,
2016-02-08,-0.6,7.9,-9.2,53.5,0.0,1.5,8.9,0.7,,,,,,
2016-02-09,2.9,8.6,-2.9,36.6,0.0,3.7,9.9,2.8,,,,,,
2016-02-10,1.7,12.3,-7.1,55.1,0.0,0.9,9.9,3.2,,,,,,
2016-02-11,5.3,15.1,-5.0,65.0,0.0,1.0,7.7,4.2,,,,,,
2016-02-12,8.6,11.2,5.3,97.4,5.0,0.5,0.0,6.5,,,,,,
2016-02-13,13.1,17.2,8.7,98.5,8.5,0.6,0.0,11.1,,,,,,
2016-02-14,4.1,16.1,-2.7,64.3,0.1,4.9,6.9,6.9,,,,,,
2016-02-15,-2.4,0.7,-5.7,44.8,0.0,4.5,10.3,0.0,,,,,,
2016-02-16,0.7,4.8,-3.8,53.3,0.0,3.4,5.3,0.8,,,,,,
2016-02-17,2.2,7.5,-4.4,42.3,0.0,2.8,10.5,2.8,,,,,,
2016-02-18,3.0,10.4,-2.4,54.3,0.0,1.7,8.3,2.8,,,,,,
2016-02-19,4.1,11.9,-3.3,56.0,0.0,1.3,6.2,3.5,,,,,,
2016-02-20,4.9,11.5,1.3,46.9,0.0,2.1,7.3,5.7,,,,,,
2016-02-21,1.6,7.2,-2.7,35.9,0.0,3.1,10.3,3.9,,,,,,
2016-02-22,3.3,8.6,-3.1,44.6,0.0,1.1,2.8,3.4,,,,,,
2016-02-23,4.5,10.6,-0.5,41.4,0.0,2.9,7.9,5.8,,,,,,
2016-02-24,0.3,3.9,-2.5,47.4,0.0,2.2,5.3,3.3,,,,,,
2016-02-25,0.5,7.1,-4.6,41.8,0.0,2.9,10.7,3.0,,,,,,
2016-02-26,2.0,8.9,-5.8,68.6,0.1,1.4,3.2,3.9,,,,,,
2016-02-27,5.5,12.6,-0.7,69.1,0.1,1.5,8.2,7.4,,,,,,
2016-02-28,6.9,15.5,-0.5,66.9,3.5,2.2,3.3,8.0,,,,,,
2016-02-29,-0.6,2.7,-3.8,51.5,0.0,4.4,7.8,1.1,,,,,,
2016-03-01,-0.2,6.3,-6.9,40.4,0.0,3.1,10.8,2.4,,,,,,
2016-03-02,3.7,13.0,-2.9,47.4,0.0,2.0,10.8,5.4,,,,,,
2016-03-03,6.3,17.8,-4.9,54.4,0.0,1.1,10.7,7.6,,,,,,
2016-03-04,6.3,9.8,0.6,97.0,11.5,1.4,0.0,5.4,,,,,,
2016-03-05,12.2,17.7,7.6,90.5,37.5,1.9,0.6,10.7,,,,,,
2016-03-06,12.9,19.2,6.5,78.8,13.5,1.4,4.3,12.1,,,,,,
2016-03-07,9.9,17.6,2.6,71.3,0.0,1.5,6.5,10.5,,,,,,
2016-03-08,8.6,11.3,6.0,35.5,0.0,2.5,0.0,7.0,,,,,,
2016-03-09,5.9,11.2,3.1,49.5,0.0,1.9,5.1,7.0,,,,,,
2016-03-10,3.1,8.4,-0.3,36.3,0.0,3.0,9.3,5.3,,,,,,
2016-03-11,1.3,7.8,-2.7,44.1,0.0,2.4,10.9,4.9,,,,,,
2016-03-12,3.0,9.8,-6.1,44.4,0.0,1.4,10.5,5.9,,,,,,
2016-03-13,4.6,9.9,0.5,55.8,0.0,1.0,0.0,5.9,,,,,,
2016-03-14,4.2,13.6,-2.1,64.6,0.0,1.5,9.9,8.5,,,,,,
2016-03-15,5.8,15.2,-4.3,56.5,0.0,1.0,10.1,9.8,,,,,,
2016-03-16,9.3,19.5,2.3,43.9,0.0,1.5,8.1,11.3,,,,,,
2016-03-17,11.6,21.4,-1.9,39.3,0.0,1.4,9.7,13.7,,,,,,
2016-03-18,10.9,14.1,8.3,95.5,12.0,0.8,0.0,10.8,,,,,,
2016-03-19,10.0,16.7,4.6,76.8,0.0,1.9,6.8,11.1,,,,,,
2016-03-20,7.3,11.2,3.3,74.9,0.0,1.7,0.8,9.3,,,,,,
2016-03-21,9.1,17.0,3.2,62.4,0.0,1.0,10.2,11.7,,,,,,
2016-03-22,12.1,20.4,2.1,50.1,0.0,2.2,11.0,13.1,,,,,,
2016-03-23,9.0,13.9,5.3,63.9,0.3,2.3,6.2,12.4,,,,,,
2016-03-24,6.6,11.4,2.9,60.3,1.0,2.1,6.2,10.0,,,,,,
2016-03-25,6.4,10.9,2.5,70.9,0.0,1.4,2.4,9.7,,,,,,
2016-03-26,5.8,13.7,0.5,78.5,0.1,1.5,7.8,9.7,,,,,,
2016-03-27,7.5,16.1,-1.1,56.4,0.0,1.8,8.9,10.6,,,,,,
2016-03-28,9.9,18.9,0.7,36.6,0.0,1.6,11.1,13.2,,,,,,
2016-03-29,11.0,18.1,1.1,53.3,0.0,2.0,5.6,10.9,,,,,,
2016-03-30,13.9,22.6,5.3,47.0,0.0,1.7,11.0,16.5,,,,,,
2016-03-31,12.0,21.3,2.7,44.6,0.0,1.0,3.2,13.0,,,,,,
2016-04-01,12.1,22.8,1.4,58.1,0.0,1.8,11.3,16.1,,,,,,
2016-04-02,14.1,23.5,4.8,65.4,0.0,1.4,5.7,15.2,,,,,,
2016-04-03,10.8,15.6,9.4,90.6,25.0,1.3,0.0,11.5,,,,,,
2016-04-04,10.1,13.2,6.0,87.6,3.0,1.4,0.1,10.6,,,,,,
2016-04-05,11.7,21.2,4.1,61.9,0.0,1.7,9.3,13.0,,,,,,
2016-04-06,13.4,22.8,5.3,58.1,12.0,1.6,5.4,13.9,,,,,,
2016-04-07,12.3,17.2,9.4,92.5,34.0,1.3,1.2,12.4,,,,,,
2016-04-08,16.4,24.9,8.4,51.1,0.0,2.1,10.5,15.6,,,,,,
2016-04-09,16.5,25.5,6.5,50.8,0.0,1.3,10.4,15.9,,,,,,
2016-04-10,12.0,17.3,8.5,68.5,0.0,2.5,8.5,14.7,,,,,,
2016-04-11,8.7,13.3,4.0,66.1,0.0,2.9,5.3,12.5,,,,,,
2016-04-12,11.5,21.1,1.4,62.8,1.0,1.0,9.5,14.5,,,,,,
2016-04-13,14.4,17.0,11.9,98.8,10.0,0.9,0.0,14.6,,,,,,
2016-04-14,17.5,24.9,9.9,60.1,0.0,2.7,11.6,18.0,,,,,,
2016-04-15,13.2,20.5,6.6,61.3,0.0,2.0,11.8,16.5,,,,,,
2016-04-16,14.0,22.0,4.9,73.8,8.0,1.7,3.8,14.2,,,,,,
2016-04-17,15.7,19.6,12.8,47.4,5.5,4.8,8.9,16.1,,,,,,
2016-04-18,16.1,22.1,11.3,31.8,0.0,3.2,8.3,15.8,,,,,,
2016-04-19,13.4,20.7,7.6,50.5,0.0,2.6,11.9,17.7,,,,,,
2016-04-20,14.7,23.1,5.0,49.6,0.0,1.3,6.7,16.0,,,,,,
2016-04-21,14.4,18.4,9.8,86.6,28.5,1.8,0.4,14.6,,,,,,
2016-04-22,18.9,27.3,11.7,62.9,0.0,2.0,11.0,19.9,,,,,,
2016-04-23,17.6,21.6,13.6,35.1,0.0,1.7,1.5,17.3,,,,,,
2016-04-24,13.7,22.0,6.2,47.0,0.0,1.9,9.9,16.9,,,,,,
2016-04-25,15.5,26.8,5.6,54.5,0.0,1.1,11.4,19.8,,,,,,
2016-04-26,14.1,23.8,6.5,63.6,0.0,2.3,9.9,18.2,,,,,,
2016-04-27,10.7,12.4,9.8,93.0,44.0,1.9,0.0,12.0,,,,,,
2016-04-28,12.4,17.4,9.9,77.9,3.5,1.4,2.0,14.6,,,,,,
2016-04-29,15.0,22.3,8.1,57.3,0.0,1.4,11.0,18.3,,,,,,
2016-04-30,17.8,26.8,6.6,54.0,0.0,2.0,11.0,19.5,,,,,,
2016-05-01,20.2,28.4,10.3,45.3,0.0,2.1,11.9,22.5,,,,,,
2016-05-02,19.2,27.3,9.3,62.4,0.1,1.7,9.2,23.4,,,,,,
2016-05-03,16.7,22.1,13.1,73.8,9.0,2.9,1.9,17.0,,,,,,
2016-05-04,19.6,25.1,14.4,24.1,0.0,5.4,12.3,19.3,,,,,,
2016-05-05,20.1,28.2,9.3,31.4,0.0,1.9,11.4,22.2,,,,,,
2016-05-06,20.4,24.2,15.3,63.5,0.0,1.8,4.0,21.6,,,,,,
2016-05-07,18.9,25.7,12.8,41.6,0.0,3.1,10.8,22.8,,,,,,
2016-05-08,17.4,25.6,7.8,49.5,0.0,1.8,8.8,21.4,,,,,,
2016-05-09,19.1,24.6,13.4,49.6,0.0,1.0,1.7,21.9,,,,,,
2016-05-10,14.5,18.6,12.2,88.9,20.5,1.3,0.0,15.6,,,,,,
2016-05-11,16.5,23.3,12.1,73.6,4.0,1.3,7.4,20.0,,,,,,
2016-05-12,19.1,27.4,9.4,54.3,0.0,1.8,11.2,21.9,,,,,,
2016-05-13,15.3,22.9,9.5,67.8,0.0,1.9,5.9,17.3,,,,,,
2016-05-14,14.7,21.5,6.7,65.6,0.0,2.3,11.8,21.3,,,,,,
2016-05-15,19.5,25.0,8.9,66.3,0.0,1.9,8.0,21.0,,,,,,
2016-05-16,14.8,23.8,8.2,62.3,15.5,3.3,7.6,17.5,,,,,,
2016-05-17,17.0,27.9,5.1,54.4,0.0,1.2,12.9,21.5,,,,,,
2016-05-18,19.9,31.3,8.6,53.1,0.0,1.3,12.8,24.3,,,,,,
2016-05-19,19.0,29.4,8.7,51.9,0.0,1.4,11.9,24.1,,,,,,
2016-05-20,18.5,29.1,9.7,60.5,0.0,1.6,12.7,23.9,,,,,,
2016-05-21,17.6,26.8,9.0,56.8,0.0,1.6,12.0,23.0,,,,,,
2016-05-22,17.2,26.3,7.7,54.1,0.0,1.9,12.6,23.6,,,,,,
2016-05-23,20.5,30.5,7.9,48.9,0.0,1.1,12.4,25.7,,,,,,
2016-05-24,18.7,22.1,15.3,82.0,13.5,1.5,0.0,18.9,,,,,,
2016-05-25,20.7,28.4,13.4,64.4,0.0,1.4,12.3,23.9,,,,,,
2016-05-26,21.6,28.6,12.8,62.4,0.0,1.5,8.2,23.7,,,,,,
2016-05-27,22.9,28.0,18.6,51.4,0.0,1.8,9.2,26.8,,,,,,
2016-05-28,21.9,29.2,15.8,56.1,0.0,1.1,6.4,25.2,,,,,,
2016-05-29,21.2,28.7,14.4,56.0,0.0,1.4,6.0,23.1,,,,,,
2016-05-30,22.3,32.4,13.0,58.1,0.0,1.5,12.9,27.8,,,,,,
2016-05-31,24.5,31.0,17.1,45.3,0.0,2.4,11.9,27.0,,,,,,
2016-06-01,19.7,24.5,13.3,48.8,0.0,2.5,11.5,26.2,,,,,,
2016-06-02,19.7,27.4,9.9,52.5,0.0,1.6,13.1,27.1,,,,,,
2016-06-03,22.5,30.6,11.8,48.9,0.0,1.5,11.5,27.8,,,,,,
2016-06-04,19.7,23.8,17.1,71.5,0.1,1.1,0.0,20.5,,,,,,
2016-06-05,19.9,25.3,14.7,68.4,0.0,2.3,10.3,24.5,,,,,,
2016-06-06,18.4,19.7,15.8,85.5,2.0,1.1,0.0,19.3,,,,,,
2016-06-07,22.3,27.0,17.7,74.0,0.0,1.3,4.0,23.3,,,,,,
2016-06-08,21.1,23.7,19.4,90.6,14.0,0.7,0.0,21.6,,,,,,
2016-06-09,21.9,26.5,18.3,79.3,0.0,1.8,6.8,22.8,,,,,,
2016-06-10,24.2,31.3,18.9,65.6,0.0,1.5,8.6,28.4,,,,,,
2016-06-11,24.2,31.4,18.4,74.3,0.5,1.5,8.8,28.8,,,,,,
2016-06-12,22.9,26.6,19.7,85.8,0.5,0.8,0.0,23.1,,,,,,
2016-06-13,21.5,26.1,18.6,82.5,2.0,2.3,6.5,25.7,,,,,,
2016-06-14,21.5,26.8,18.3,84.9,2.5,1.7,4.8,23.0,,,,,,
2016-06-15,22.7,25.3,17.6,72.6,0.0,1.3,0.8,23.0,,,,,,
2016-06-16,24.2,29.4,20.1,66.0,0.3,2.2,5.9,26.7,,,,,,
2016-06-17,24.7,31.9,18.6,55.0,0.0,2.6,12.8,31.0,,,,,,
2016-06-18,25.4,33.5,17.1,55.0,0.0,1.6,11.9,31.3,,,,,,
2016-06-19,24.8,32.3,19.7,71.6,7.5,1.7,9.1,28.8,,,,,,
2016-06-20,24.5,32.6,16.5,67.4,0.2,1.4,7.1,26.5,,,,,,
2016-06-21,22.9,25.8,21.5,76.0,0.1,1.7,1.4,24.0,,,,,,
2016-06-22,22.4,25.6,20.1,80.5,0.0,2.2,0.1,24.1,,,,,,
2016-06-23,25.3,32.5,18.7,63.4,0.0,1.6,11.0,33.3,,,,,,
2016-06-24,22.2,25.1,20.3,88.8,19.5,1.7,0.4,22.5,,,,,,
2016-06-25,23.7,28.5,17.6,51.8,0.0,2.8,6.3,23.2,,,,,,
2016-06-26,23.6,31.1,16.1,62.0,0.0,1.9,12.9,29.3,,,,,,
2016-06-27,22.1,28.0,16.3,75.4,0.1,0.9,2.4,23.9,,,,,,
2016-06-28,22.4,28.8,17.1,70.1,0.0,1.4,4.1,24.9,,,,,,
2016-06-29,22.7,26.8,19.0,75.5,0.1,1.2,0.7,24.6,,,,,,
2016-06-30,25.5,32.4,18.5,70.0,0.0,1.7,7.7,28.4,,,,,,
2016-07-01,25.4,29.6,23.2,81.6,25.5,1.3,0.7,24.6,,,,,,
2016-07-02,25.4,28.6,23.2,85.5,19.0,1.9,0.0,24.6,,,,,,
2016-07-03,23.0,27.1,20.7,90.6,24.5,1.1,0.0,23.7,,,,,,
2016-07-04,21.0,21.9,20.2,96.5,12.5,2.0,0.0,21.0,,,,,,
2016-07-05,26.9,32.2,20.9,75.5,0.1,1.9,5.2,26.1,,,,,,
2016-07-06,23.4,31.5,19.4,93.4,86.0,1.5,2.5,24.5,,,,,,
2016-07-07,,33.2,19.2,,0.5,1.5,7.8,27.9,,,,,,
2016-07-08,25.3,32.6,18.7,75.9,0.0,1.3,10.3,28.1,,,,,,
2016-07-09,26.6,34.2,20.6,76.0,0.0,1.2,9.1,29.5,,,,,,
2016-07-10,27.2,33.1,22.2,70.3,0.0,1.2,8.7,29.8,,,,,,
2016-07-11,25.7,30.2,21.6,83.8,0.3,1.5,1.5,26.9,,,,,,
2016-07-12,26.7,30.7,23.4,80.8,0.1,1.4,1.7,26.7,,,,,,
2016-07-13,27.9,32.5,23.6,67.5,0.0,1.9,6.1,29.9,,,,,,
2016-07-14,24.9,30.9,21.5,73.0,0.0,2.1,7.3,27.3,,,,,,
2016-07-15,23.7,28.5,19.1,73.3,0.0,1.9,6.7,29.0,,,,,,
2016-07-16,21.8,22.3,21.0,93.8,7.5,1.6,0.0,22.5,,,,,,
2016-07-17,25.9,30.7,21.8,74.3,0.0,1.2,5.2,27.1,,,,,,
2016-07-18,25.8,31.6,21.9,66.5,0.0,1.7,10.6,29.3,,,,,,
2016-07-19,24.8,29.2,22.4,76.4,0.0,2.2,7.4,29.3,,,,,,
2016-07-20,23.8,28.2,20.9,74.9,0.0,2.2,8.0,27.7,,,,,,
2016-07-21,23.1,28.0,18.5,77.3,0.0,1.7,4.6,27.1,,,,,,
2016-07-22,23.7,29.3,18.2,74.0,0.0,2.1,12.5,29.8,,,,,,
2016-07-23,26.1,34.7,19.0,69.3,0.0,1.3,9.4,31.7,,,,,,
2016-07-24,28.0,34.7,21.4,70.6,0.0,1.2,8.7,30.9,,,,,,
2016-07-25,27.1,32.2,24.5,87.1,7.5,1.0,1.4,28.5,,,,,,
2016-07-26,29.7,35.5,24.2,71.0,0.0,1.6,9.7,31.1,,,,,,
2016-07-27,30.7,35.4,26.6,60.3,0.0,2.4,11.4,33.2,,,,,,
2016-07-28,30.0,35.1,25.2,68.4,0.0,1.8,6.1,30.5,,,,,,
2016-07-29,30.3,36.1,24.2,69.1,0.0,1.6,8.4,33.1,,,,,,
2016-07-30,30.8,36.1,25.8,63.8,0.0,1.8,8.9,34.4,,,,,,
2016-07-31,28.6,35.4,24.2,72.9,0.0,1.6,7.0,32.8,,,,,,
2016-08-01,27.1,36.2,23.0,81.3,8.0,1.4,6.9,34.7,,,,,,
2016-08-02,26.8,32.2,23.0,82.1,0.1,1.2,2.6,30.7,,,,,,
2016-08-03,26.9,32.7,24.0,81.9,0.0,1.1,4.7,30.7,,,,,,
2016-08-04,27.1,33.3,23.0,77.0,0.0,1.6,10.6,34.6,,,,,,
2016-08-05,27.6,34.3,21.9,74.3,0.0,1.5,11.1,36.3,,,,,,
2016-08-06,29.3,36.2,22.5,68.8,0.0,1.2,10.1,37.5,,,,,,
2016-08-07,30.2,37.6,23.7,64.6,0.0,1.4,12.0,38.0,,,,,,
2016-08-08,28.9,35.1,24.5,74.3,0.0,1.4,7.4,35.3,,,,,,
2016-08-09,26.9,32.0,22.7,65.5,0.0,1.8,10.2,35.1,,,,,,
2016-08-10,28.9,36.9,21.1,65.5,0.0,1.3,10.2,36.3,,,,,,
2016-08-11,30.5,39.0,23.4,65.0,0.0,1.6,11.8,38.5,,,,,,
2016-08-12,31.3,39.3,24.2,61.6,0.0,1.3,11.6,37.9,,,,,,
2016-08-13,31.5,39.6,23.9,55.1,0.0,1.6,12.0,38.5,,,,,,
2016-08-14,31.6,38.7,24.5,56.6,0.0,1.6,11.4,38.4,,,,,,
2016-08-15,29.5,36.4,25.4,66.1,0.0,1.8,7.9,35.0,,,,,,
2016-08-16,27.3,32.1,23.7,74.1,41.0,1.9,8.6,30.8,,,,,,
2016-08-17,27.1,33.6,21.9,75.6,0.0,1.5,9.9,32.9,,,,,,
2016-08-18,27.8,33.3,22.8,73.1,0.0,1.8,10.3,33.7,,,,,,
2016-08-19,27.2,33.0,22.3,73.4,0.0,1.7,11.5,34.0,,,,,,
2016-08-20,27.0,32.7,21.8,69.5,0.0,1.7,11.5,34.9,,,,,,
2016-08-21,27.0,33.0,21.4,69.3,0.0,1.6,9.2,34.3,,,,,,
2016-08-22,27.4,33.0,21.7,70.9,0.0,1.8,10.8,34.7,,,,,,
2016-08-23,26.9,31.6,22.3,68.9,0.0,1.9,9.4,33.5,,,,,,
2016-08-24,26.2,33.0,20.2,69.0,0.0,1.7,12.0,34.3,,,,,,
2016-08-25,28.4,36.3,19.6,60.3,0.0,1.5,11.4,34.4,,,,,,
2016-08-26,21.4,25.2,18.1,82.0,1.5,1.6,0.0,22.9,,,,,,
2016-08-27,22.3,27.1,16.0,60.5,0.0,2.8,10.1,26.9,,,,,,
2016-08-28,19.3,23.1,18.1,95.0,37.5,1.4,0.0,21.3,,,,,,
2016-08-29,19.6,25.3,15.8,74.5,1.0,2.1,5.3,20.5,,,,,,
2016-08-30,20.9,26.5,15.7,68.9,0.1,2.4,3.8,21.1,,,,,,
2016-08-31,24.1,28.7,19.6,46.5,0.0,4.6,6.4,22.8,,,,,,
2016-09-01,26.4,31.6,22.2,54.8,0.5,2.4,11.0,27.8,,,,,,
2016-09-02,20.0,23.3,19.1,97.5,65.5,1.5,0.0,20.5,,,,,,
2016-09-03,21.7,23.8,19.3,99.3,90.5,0.9,0.0,21.5,,,,,,
2016-09-04,23.1,28.0,19.9,92.8,4.5,1.1,0.6,24.2,,,,,,
2016-09-05,23.7,27.6,21.7,91.3,1.0,1.0,0.6,24.3,,,,,,
2016-09-06,24.6,28.9,21.7,85.5,0.0,1.0,1.7,25.1,,,,,,
2016-09-07,24.0,29.3,20.7,79.1,1.0,1.0,1.9,24.7,,,,,,
2016-09-08,22.8,29.2,17.8,77.3,7.0,1.4,9.4,26.2,,,,,,
2016-09-09,22.9,28.9,19.3,82.3,3.0,1.3,7.5,25.5,,,,,,
2016-09-10,22.7,25.7,20.2,84.0,0.0,1.3,1.8,24.6,,,,,,
2016-09-11,22.7,26.9,19.1,80.9,0.0,1.1,1.9,24.3,,,,,,
2016-09-12,20.4,21.8,18.3,96.6,14.0,0.8,0.1,21.2,,,,,,
2016-09-13,20.9,27.2,16.7,84.5,0.0,1.2,7.6,23.8,,,,,,
2016-09-14,22.1,28.3,16.3,80.8,0.0,0.9,5.5,25.8,,,,,,
2016-09-15,22.5,28.4,17.9,84.0,0.0,1.0,3.9,23.7,,,,,,
2016-09-16,22.0,25.2,20.0,94.0,2.5,0.7,0.0,22.9,,,,,,
2016-09-17,20.0,21.4,18.7,98.9,125.5,1.2,0.0,20.1,,,,,,
2016-09-18,19.8,22.0,18.0,90.9,3.5,1.1,0.0,20.6,,,,,,
2016-09-19,20.4,22.8,18.1,71.3,0.0,2.9,0.7,20.4,,,,,,
2016-09-20,18.8,23.7,13.1,59.0,0.0,2.6,8.4,20.3,,,,,,
2016-09-21,17.9,23.9,11.1,73.4,0.0,1.5,7.1,20.7,,,,,,
2016-09-22,18.8,24.0,15.7,80.3,0.0,1.0,1.0,20.4,,,,,,
2016-09-23,19.2,25.8,13.3,80.4,0.0,1.2,10.0,24.7,,,,,,
2016-09-24,20.0,27.6,15.0,78.6,0.0,1.1,9.7,26.0,,,,,,
2016-09-25,20.3,27.8,14.1,80.0,0.0,0.7,4.4,24.2,,,,,,
2016-09-26,21.4,25.9,17.5,88.0,6.0,0.9,0.1,23.0,,,,,,
2016-09-27,24.4,30.2,21.0,88.3,0.5,0.8,4.0,25.4,,,,,,
2016-09-28,22.5,26.9,20.2,92.1,11.0,1.1,0.4,23.2,,,,,,
2016-09-29,18.4,20.2,15.6,78.4,0.2,1.9,0.0,19.5,,,,,,
2016-09-30,17.2,19.7,14.8,95.5,6.0,0.7,0.0,18.3,,,,,,
2016-10-01,19.5,22.4,16.8,91.4,0.1,0.9,0.0,20.7,,,,,,
2016-10-02,21.9,27.9,18.7,85.3,0.0,1.2,2.6,22.6,,,,,,
2016-10-03,23.0,29.3,19.9,91.6,8.0,1.0,2.0,23.7,,,,,,
2016-10-04,21.2,25.8,17.9,80.6,0.0,2.2,6.5,23.2,,,,,,
2016-10-05,19.3,23.3,16.3,90.3,47.0,2.6,1.4,20.3,,,,,,
2016-10-06,19.4,26.2,15.2,81.4,0.0,1.3,9.6,22.6,,,,,,
2016-10-07,18.9,22.5,16.5,79.9,3.5,1.8,3.3,18.9,,,,,,
2016-10-08,17.6,20.6,14.6,83.4,23.5,1.7,0.1,18.0,,,,,,
2016-10-09,14.0,19.1,10.7,61.6,0.0,2.4,10.3,17.2,,,,,,
2016-10-10,14.0,20.3,9.1,77.4,0.0,1.0,4.5,16.5,,,,,,
2016-10-11,14.1,20.9,10.0,82.6,0.0,1.0,3.6,15.9,,,,,,
2016-10-12,15.4,22.8,10.2,77.4,0.0,1.1,8.2,17.7,,,,,,
2016-10-13,15.3,21.7,11.6,79.6,0.0,0.7,4.0,16.7,,,,,,
2016-10-14,14.6,23.6,9.0,79.5,0.0,0.9,8.4,17.6,,,,,,
2016-10-15,15.4,23.7,9.1,81.4,0.0,1.1,6.5,17.4,,,,,,
2016-10-16,14.8,17.3,12.0,98.4,22.0,0.7,0.0,15.5,,,,,,
2016-10-17,18.1,24.2,14.5,85.9,0.0,1.5,7.1,19.1,,,,,,
2016-10-18,16.1,24.3,10.9,86.9,0.0,1.1,6.1,17.5,,,,,,
2016-10-19,16.6,24.4,12.2,82.6,0.0,1.0,6.1,18.1,,,,,,
2016-10-20,17.2,24.0,10.6,77.5,0.0,1.8,5.5,16.5,,,,,,
2016-10-21,15.9,17.3,12.9,75.4,0.0,1.8,0.0,15.5,,,,,,
2016-10-22,16.6,21.1,12.9,78.4,0.1,1.0,3.2,16.9,,,,,,
2016-10-23,14.8,17.8,11.9,69.8,0.0,2.6,0.1,14.8,,,,,,
2016-10-24,13.5,19.4,9.5,70.4,0.0,1.5,9.0,16.2,,,,,,
2016-10-25,15.1,21.4,10.8,84.8,2.5,1.4,2.7,16.1,,,,,,
2016-10-26,13.7,20.3,9.0,82.6,0.0,1.3,4.9,15.0,,,,,,
2016-10-27,13.9,19.5,7.4,78.3,0.0,1.6,1.8,14.1,,,,,,
2016-10-28,14.6,16.0,13.1,89.3,2.0,1.7,0.0,15.1,,,,,,
2016-10-29,12.5,15.8,10.0,74.0,0.0,1.2,0.6,12.8,,,,,,
2016-10-30,9.0,16.0,3.0,52.5,0.0,1.7,9.5,11.5,,,,,,
2016-10-31,8.5,11.7,3.3,71.1,0.0,1.2,0.0,9.4,,,,,,
2016-11-01,5.8,11.7,1.2,41.1,0.0,2.7,9.8,8.4,,,,,,
2016-11-02,5.2,12.6,0.0,46.4,0.0,2.3,9.6,7.0,,,,,,
2016-11-03,6.0,14.1,-0.6,76.0,0.0,1.1,4.3,7.6,,,,,,
2016-11-04,7.4,18.1,0.2,72.4,0.0,0.9,7.7,8.7,,,,,,
2016-11-05,10.5,21.0,1.2,74.6,0.0,1.2,8.8,10.3,,,,,,
2016-11-06,12.0,14.0,7.3,78.1,0.0,2.5,0.0,11.9,,,,,,
2016-11-07,12.2,17.1,8.2,79.9,0.0,0.9,2.5,12.5,,,,,,
2016-11-08,10.0,14.7,3.9,59.0,0.2,2.5,4.9,10.6,,,,,,
2016-11-09,5.5,12.7,0.8,57.8,0.0,1.5,8.3,7.0,,,,,,
2016-11-10,8.7,14.8,3.3,73.9,0.0,1.1,1.5,9.7,,,,,,
2016-11-11,9.3,16.1,3.4,68.4,0.1,1.9,6.2,9.6,,,,,,
2016-11-12,8.5,19.9,0.3,70.8,0.0,0.9,7.7,8.8,,,,,,
2016-11-13,10.6,19.0,2.2,79.6,0.0,0.4,3.3,9.9,,,,,,
2016-11-14,13.9,21.0,8.9,86.3,0.0,0.6,0.6,13.7,,,,,,
2016-11-15,11.9,17.9,3.6,50.9,0.0,2.0,5.8,11.1,,,,,,
2016-11-16,7.3,16.4,-1.0,52.8,0.0,1.3,6.9,7.9,,,,,,
2016-11-17,8.8,16.2,4.0,60.6,0.0,0.8,7.4,9.7,,,,,,
2016-11-18,9.6,17.9,1.5,86.9,11.0,0.5,3.8,9.9,,,,,,
2016-11-19,13.6,17.0,11.2,91.6,0.5,1.1,0.0,13.3,,,,,,
2016-11-20,13.6,20.4,8.3,74.5,0.0,1.4,7.3,12.2,,,,,,
2016-11-21,11.4,17.3,5.9,81.9,0.0,1.0,3.6,11.0,,,,,,
2016-11-22,7.3,12.2,4.1,59.8,0.0,2.5,1.7,8.0,,,,,,
2016-11-23,5.2,10.3,1.4,37.8,0.0,2.6,3.2,6.2,,,,,,
2016-11-24,1.5,6.5,-2.3,29.3,0.0,3.7,7.9,1.6,,,,,,
2016-11-25,2.3,8.9,-2.9,43.6,0.0,2.4,7.2,2.9,,,,,,
2016-11-26,-0.2,4.6,-5.6,82.5,1.0,0.9,1.4,1.3,,,,,,
2016-11-27,2.8,7.9,-0.4,89.3,0.0,1.4,3.1,3.9,,,,,,
2016-11-28,4.1,9.4,-0.9,58.6,0.0,2.3,6.7,3.5,,,,,,
2016-11-29,4.9,10.8,-0.5,41.0,0.0,1.6,7.8,3.8,,,,,,
2016-11-30,8.0,11.6,4.5,71.3,1.0,0.9,0.0,7.9,,,,,,
2016-12-01,7.2,12.7,0.3,55.0,0.0,3.2,6.4,5.9,,,,,,
2016-12-02,5.1,11.2,-0.6,33.6,0.0,2.8,7.7,2.9,,,,,,
2016-12-03,3.4,13.6,-4.3,57.4,0.0,0.9,7.7,3.5,,,,,,
2016-12-04,3.3,11.4,-1.7,67.3,0.0,1.0,1.4,3.5,,,,,,
2016-12-05,6.7,15.3,-2.4,64.6,0.0,1.9,7.1,4.8,,,,,,
2016-12-06,2.2,8.0,-4.6,37.5,0.0,3.2,7.7,2.9,,,,,,
2016-12-07,-1.2,5.4,-8.1,63.1,0.0,0.8,2.7,1.0,,,,,,
2016-12-08,2.5,10.8,-5.2,66.1,0.0,0.9,6.9,2.9,,,,,,
2016-12-09,5.7,10.6,0.9,48.1,0.0,2.9,7.3,4.5,,,,,,
2016-12-10,2.2,8.9,-3.0,36.1,0.0,2.2,7.7,1.6,,,,,,
2016-12-11,0.4,9.3,-6.8,47.6,0.0,0.9,7.7,1.2,,,,,,
2016-12-12,3.0,12.4,-4.6,61.3,0.0,0.6,6.7,3.8,,,,,,
2016-12-13,5.1,10.7,-0.2,69.1,0.0,0.7,1.0,4.5,,,,,,
2016-12-14,3.3,5.9,0.8,77.0,0.5,1.8,0.0,4.1,,,,,,
2016-12-15,0.3,4.5,-3.4,45.3,0.0,3.6,7.3,1.2,,,,,,
2016-12-16,-1.1,3.7,-5.6,34.1,0.0,4.2,7.6,-0.9,,,,,,
2016-12-17,3.4,10.7,-2.1,54.6,0.0,2.6,7.6,2.1,,,,,,
2016-12-18,2.5,11.2,-5.2,69.5,0.0,1.2,7.1,2.5,,,,,,
2016-12-19,5.8,8.1,0.4,87.3,1.0,0.5,0.0,5.8,,,,,,
2016-12-20,7.6,15.4,2.2,84.5,0.0,0.8,6.4,7.7,,,,,,
2016-12-21,7.9,14.0,1.3,96.8,11.1,0.8,1.5,7.0,,,,,,
2016-12-22,11.5,16.4,5.7,73.8,6.0,3.1,1.2,9.9,,,,,,
2016-12-23,3.0,5.7,0.3,58.4,0.0,4.1,0.7,3.2,,,,,,
2016-12-24,0.9,5.5,-3.5,60.4,0.0,1.7,3.3,2.0,,,,,,
2016-12-25,4.1,12.2,-2.2,76.0,0.0,0.8,7.3,3.6,,,,,,
2016-12-26,4.9,6.5,3.5,95.3,16.5,1.1,0.0,5.4,,,,,,
2016-12-27,2.4,6.3,-2.2,60.5,0.5,3.5,4.7,3.7,,,,,,
2016-12-28,-0.2,6.5,-6.1,49.9,0.0,1.6,7.6,1.1,,,,,,
2016-12-29,-0.1,4.0,-3.0,39.8,0.0,3.6,7.2,-0.2,,,,,,
2016-12-30,0.2,5.3,-4.8,40.8,0.0,2.7,7.6,-0.4,,,,,,
2016-12-31,2.5,8.4,-3.2,63.5,0.0,2.0,5.5,0.7,,,,,,
2017-01-01,2.6,10.0,-2.6,75.4,0.0,1.5,6.9,2.3,,,,,,
2017-01-02,5.1,11.5,-2.3,70.8,0.0,2.2,3.6,2.8,,,,,,
2017-01-03,4.0,10.8,-2.6,49.8,0.0,2.2,7.6,2.8,,,,,,
2017-01-04,3.2,11.9,-3.9,63.4,0.0,1.2,6.8,2.1,,,,,,
2017-01-05,2.9,7.8,-3.0,83.6,0.1,1.2,0.0,2.6,,,,,,
2017-01-06,4.2,8.8,-1.5,78.9,0.1,0.8,1.4,4.4,,,,,,
2017-01-07,2.4,9.3,-4.4,76.3,0.0,0.4,4.3,2.3,,,,,,
2017-01-08,6.9,12.6,3.8,75.8,0.0,0.7,0.2,6.3,,,,,,
2017-01-09,5.5,9.2,-0.4,50.9,0.0,3.3,4.0,4.7,,,,,,
2017-01-10,1.4,5.7,-1.4,42.6,0.0,4.4,7.3,1.5,,,,,,
2017-01-11,-1.0,3.6,-5.1,34.1,0.0,3.6,7.4,-0.2,,,,,,
2017-01-12,1.2,9.1,-5.0,45.5,0.0,3.2,6.1,0.5,,,,,,
2017-01-13,-1.0,5.1,-4.0,38.5,0.1,3.9,5.7,-0.6,,,,,,
2017-01-14,-4.5,0.2,-7.6,32.0,0.0,4.4,7.8,-2.5,,,,,,
2017-01-15,-3.7,3.1,-9.1,26.3,0.0,3.1,7.9,-2.4,,,,,,
2017-01-16,-3.1,6.0,-9.8,44.4,0.0,1.3,7.9,-1.4,,,,,,
2017-01-17,-2.7,7.8,-10.3,52.5,0.0,0.6,6.6,-1.3,,,,,,
2017-01-18,0.4,6.4,-6.8,50.5,0.0,1.4,5.0,-0.2,,,,,,
2017-01-19,-0.3,9.2,-7.2,69.5,0.0,0.7,6.6,0.4,,,,,,
2017-01-20,-1.6,1.6,-4.3,65.9,1.0,3.2,4.1,-0.8,,,,,,
2017-01-21,-2.7,3.3,-8.2,60.1,0.0,2.2,7.8,-1.8,,,,,,
2017-01-22,-3.2,-0.2,-6.4,53.6,0.5,4.0,7.8,-1.1,,,,,,
2017-01-23,-4.8,0.0,-8.6,40.5,0.0,4.0,7.8,-3.3,,,,,,
2017-01-24,-3.5,2.9,-7.8,40.8,0.0,2.3,7.9,-2.6,,,,,,
2017-01-25,-2.0,5.5,-8.7,38.4,0.0,1.8,7.9,-1.9,,,,,,
2017-01-26,-0.8,9.2,-11.4,38.6,0.0,1.3,8.0,-1.0,,,,,,
2017-01-27,4.2,7.6,0.1,26.1,0.0,3.7,5.7,2.6,,,,,,
2017-01-28,1.3,11.0,-7.8,29.9,0.0,1.1,8.1,1.5,,,,,,
2017-01-29,3.8,6.4,-0.8,55.4,0.5,0.8,0.0,3.0,,,,,,
2017-01-30,0.9,4.5,-4.8,52.4,0.5,4.0,6.8,2.8,,,,,,
2017-01-31,-1.0,7.2,-7.9,39.3,0.0,2.0,8.3,0.7,,,,,,
2017-02-01,0.6,6.1,-2.6,30.8,0.0,3.8,5.9,1.4,,,,,,
2017-02-02,0.9,7.9,-4.9,27.0,0.0,3.6,8.8,1.1,,,,,,
2017-02-03,3.9,10.1,-1.8,42.1,0.0,2.7,8.8,3.5,,,,,,
2017-02-04,5.0,13.9,-4.6,37.4,0.0,0.9,6.9,4.8,,,,,,
2017-02-05,5.8,13.2,2.3,63.0,0.4,2.6,5.4,5.6,,,,,,
2017-02-06,2.3,7.3,-1.2,39.3,0.0,3.7,9.3,3.1,,,,,,
2017-02-07,0.7,8.7,-5.9,48.6,0.0,1.1,5.8,2.5,,,,,,
2017-02-08,1.9,8.1,-5.0,51.3,0.0,1.8,1.8,3.0,,,,,,
2017-02-09,-0.8,3.2,-5.1,35.9,0.0,4.9,7.7,2.1,,,,,,
2017-02-10,-3.2,0.7,-5.9,39.4,0.0,5.0,9.5,-0.6,,,,,,
2017-02-11,-2.3,2.9,-7.1,40.6,0.0,4.0,10.1,-0.3,,,,,,
2017-02-12,0.2,7.0,-6.4,41.0,0.0,2.9,9.6,1.1,,,,,,
2017-02-13,2.3,8.6,-4.3,50.9,0.5,2.8,9.5,3.4,,,,,,
2017-02-14,1.0,7.7,-4.8,69.3,0.5,1.4,9.2,3.7,,,,,,
2017-02-15,2.1,13.3,-7.6,45.9,0.0,1.4,9.6,2.7,,,,,,
2017-02-16,7.6,16.7,-5.4,50.5,0.5,1.7,9.4,7.0,,,,,,
2017-02-17,9.1,13.6,1.2,42.5,0.5,4.1,6.1,8.9,,,,,,
2017-02-18,1.3,6.5,-3.3,28.3,0.0,4.1,10.3,3.1,,,,,,
2017-02-19,3.9,11.7,-4.7,51.8,2.5,2.0,7.4,4.5,,,,,,
2017-02-20,5.1,9.5,-1.7,55.6,3.5,3.8,7.3,6.0,,,,,,
2017-02-21,1.6,9.6,-7.3,55.4,0.0,1.4,10.3,3.4,,,,,,
2017-02-22,3.5,5.9,-1.0,88.4,20.0,1.0,0.0,3.7,,,,,,
2017-02-23,2.4,5.2,-1.6,53.0,0.0,3.8,3.5,3.2,,,,,,
2017-02-24,1.0,7.5,-3.5,39.0,0.0,3.6,10.5,2.0,,,,,,
2017-02-25,3.5,10.6,-2.2,43.9,0.0,2.4,10.6,3.1,,,,,,
2017-02-26,4.0,11.9,-2.9,54.8,0.0,1.3,10.3,4.7,,,,,,
2017-02-27,3.1,11.8,-3.2,76.8,0.1,1.4,7.8,3.6,,,,,,
2017-02-28,4.8,14.2,-2.1,62.0,0.0,0.9,9.6,6.5,,,,,,
2017-03-01,5.8,14.2,-1.4,50.9,0.0,0.9,4.7,6.2,,,,,,
2017-03-02,5.0,8.8,1.4,64.9,1.0,3.1,2.8,5.7,,,,,,
2017-03-03,4.8,13.7,-3.2,41.0,0.0,2.1,10.8,5.8,,,,,,
2017-03-04,6.4,16.4,-1.6,49.0,0.0,0.9,9.5,8.3,,,,,,
2017-03-05,6.8,16.1,-1.2,50.5,0.0,1.0,7.7,7.6,,,,,,
2017-03-06,5.0,9.0,0.4,33.6,0.0,4.2,10.3,7.8,,,,,,
2017-03-07,1.5,6.4,-2.1,35.4,0.0,3.8,9.3,4.9,,,,,,
2017-03-08,1.6,7.0,-4.2,41.6,0.0,3.9,10.2,4.8,,,,,,
2017-03-09,6.6,13.4,-0.3,32.5,0.0,3.5,10.6,8.4,,,,,,
2017-03-10,6.3,13.9,-1.0,34.0,0.0,2.7,10.9,9.6,,,,,,
2017-03-11,5.9,16.6,-4.9,48.4,0.0,1.4,10.8,9.1,,,,,,
2017-03-12,8.9,19.3,-2.6,43.0,0.0,1.3,8.9,9.8,,,,,,
2017-03-13,9.7,15.8,3.0,44.1,0.0,2.2,9.1,12.4,,,,,,
2017-03-14,6.9,14.4,2.5,61.5,0.0,1.5,7.0,10.4,,,,,,
2017-03-15,4.9,13.0,-2.9,61.9,0.0,1.4,11.0,10.5,,,,,,
2017-03-16,6.7,14.9,-2.1,55.9,0.0,0.9,8.6,10.6,,,,,,
2017-03-17,7.2,17.1,-2.5,50.1,0.0,1.2,10.9,11.5,,,,,,
2017-03-18,8.2,18.0,-0.1,45.9,0.0,1.2,6.9,10.9,,,,,,
2017-03-19,8.3,19.0,-1.6,47.4,0.0,1.4,10.5,12.2,,,,,,
2017-03-20,7.6,15.5,-1.1,77.8,5.0,1.2,3.2,9.0,,,,,,
2017-03-21,8.0,16.0,2.1,70.5,3.5,2.2,9.5,9.9,,,,,,
2017-03-22,7.7,16.1,-1.7,50.1,0.0,1.4,9.8,9.5,,,,,,
2017-03-23,10.4,17.4,5.3,42.1,0.0,1.8,8.4,12.5,,,,,,
2017-03-24,8.1,13.2,1.9,53.8,0.0,1.7,4.2,10.0,,,,,,
2017-03-25,6.6,11.3,3.7,81.6,10.5,1.5,0.6,8.1,,,,,,
2017-03-26,6.0,11.3,3.7,87.0,10.5,1.1,1.6,8.4,,,,,,
2017-03-27,5.7,12.3,0.6,74.1,0.5,2.1,4.5,7.9,,,,,,
2017-03-28,7.8,15.4,-0.8,59.1,0.0,1.3,9.0,9.3,,,,,,
2017-03-29,9.7,16.1,4.6,67.9,0.5,1.7,9.5,12.9,,,,,,
2017-03-30,11.0,20.4,2.8,63.3,0.0,1.7,9.9,14.1,,,,,,
2017-03-31,9.0,10.6,7.0,72.1,0.5,1.8,0.0,9.4,,,,,,
2017-04-01,7.2,11.8,3.8,87.4,15.0,1.5,2.3,10.4,,,,,,
2017-04-02,7.9,16.1,1.9,66.6,0.0,1.5,9.7,11.1,,,,,,
2017-04-03,12.5,22.3,2.3,36.6,0.0,2.6,11.6,12.4,,,,,,
2017-04-04,14.1,23.6,1.7,43.8,0.0,1.4,10.5,15.0,,,,,,
2017-04-05,13.9,17.8,9.4,67.9,1.0,1.1,0.0,12.0,,,,,,
2017-04-06,16.3,19.9,13.3,83.6,9.0,1.8,0.2,14.8,,,,,,
2017-04-07,14.5,22.0,7.6,67.8,0.0,1.9,11.8,16.0,,,,,,
2017-04-08,16.8,27.4,6.2,56.8,0.0,1.5,9.6,18.1,,,,,,
2017-04-09,12.8,15.5,9.6,57.9,0.0,2.7,1.9,13.6,,,,,,
2017-04-10,11.6,16.3,6.1,55.9,0.5,2.7,9.5,15.4,,,,,,
2017-04-11,12.5,18.8,8.2,70.9,19.5,2.4,5.9,13.2,,,,,,
2017-04-12,13.8,19.4,9.5,25.5,0.0,3.1,8.8,13.0,,,,,,
2017-04-13,14.6,22.9,4.7,28.9,0.0,2.4,11.3,16.0,,,,,,
2017-04-14,15.2,22.1,4.6,49.0,0.0,3.0,8.4,15.4,,,,,,
2017-04-15,19.0,26.8,10.7,44.1,0.0,2.0,10.7,20.4,,,,,,
2017-04-16,18.4,29.5,7.8,42.8,0.0,1.2,11.2,21.0,,,,,,
2017-04-17,13.2,16.9,10.3,81.6,20.0,1.2,0.0,12.9,,,,,,
2017-04-18,15.4,23.0,8.9,63.8,5.4,2.4,9.0,17.6,,,,,,
2017-04-19,15.5,21.5,9.7,33.6,0.0,4.0,12.0,16.0,,,,,,
2017-04-20,13.6,20.8,10.2,53.0,0.2,1.7,1.6,13.8,,,,,,
2017-04-21,14.1,22.1,7.4,58.9,0.0,2.1,9.2,17.4,,,,,,
2017-04-22,12.3,20.3,6.0,67.0,0.0,1.6,10.7,17.8,,,,,,
2017-04-23,14.0,23.9,4.2,57.1,0.0,1.4,11.8,19.7,,,,,,
2017-04-24,16.2,24.7,4.8,45.6,0.0,1.8,12.1,21.4,,,,,,
2017-04-25,18.5,24.8,10.5,53.6,0.0,1.8,6.9,21.3,,,,,,
2017-04-26,14.5,21.1,9.2,72.5,9.0,1.7,6.7,17.6,,,,,,
2017-04-27,13.4,21.3,6.8,39.3,0.0,2.4,10.4,17.2,,,,,,
2017-04-28,16.0,26.3,2.8,34.8,0.0,2.5,11.5,18.3,,,,,,
2017-04-29,18.7,27.9,6.7,31.5,0.0,2.4,12.2,20.8,,,,,,
2017-04-30,21.4,30.7,8.6,39.0,0.0,2.2,11.9,22.0,,,,,,
2017-05-01,16.7,22.9,9.4,46.5,0.0,2.6,11.9,22.2,,,,,,
2017-05-02,14.9,22.8,6.0,51.9,0.0,2.0,12.1,20.0,,,,,,
2017-05-03,17.5,28.9,5.9,46.3,0.0,1.3,12.2,22.9,,,,,,
2017-05-04,19.1,27.6,7.9,56.5,0.0,1.3,8.9,23.1,,,,,,
2017-05-05,20.0,27.8,13.7,75.6,6.5,1.5,5.6,22.0,,,,,,
2017-05-06,18.7,24.6,14.0,32.5,0.0,3.0,8.8,18.8,,,,,,
2017-05-07,20.0,27.9,9.7,26.6,0.0,3.3,12.0,21.6,,,,,,
2017-05-08,20.8,28.2,12.2,28.3,0.0,2.1,7.4,20.4,,,,,,
2017-05-09,15.3,19.7,13.3,81.5,17.0,1.4,0.0,15.9,,,,,,
2017-05-10,16.2,21.4,13.4,81.1,0.2,1.4,1.4,16.1,,,,,,
2017-05-11,19.6,27.5,11.5,67.9,0.2,1.6,10.2,20.1,,,,,,
2017-05-12,17.1,20.8,14.4,83.5,0.0,1.0,0.0,16.8,,,,,,
2017-05-13,19.8,28.4,11.8,60.0,0.0,1.9,9.7,23.3,,,,,,
2017-05-14,19.5,26.2,13.9,31.9,0.0,3.6,12.5,23.5,,,,,,
2017-05-15,17.6,24.8,10.8,40.0,0.0,2.8,11.4,20.4,,,,,,
2017-05-16,16.7,23.3,9.0,62.0,0.5,1.5,5.3,20.1,,,,,,
2017-05-17,18.1,24.8,13.6,65.8,0.0,1.7,9.2,23.3,,,,,,
2017-05-18,21.2,29.7,10.4,50.4,0.0,1.8,12.5,26.0,,,,,,
2017-05-19,24.8,32.0,16.2,28.3,0.0,3.4,12.8,27.9,,,,,,
2017-05-20,24.2,31.5,16.4,31.3,0.0,2.1,12.6,28.6,,,,,,
2017-05-21,22.5,31.5,12.8,46.0,0.0,1.5,10.1,28.3,,,,,,
2017-05-22,19.9,28.7,12.2,59.6,0.0,2.1,12.4,27.0,,,,,,
2017-05-23,20.9,27.7,12.0,59.0,0.0,1.4,5.1,24.2,,,,,,
2017-05-24,19.6,25.0,15.6,75.0,0.2,1.5,4.3,23.2,,,,,,
2017-05-25,22.1,32.3,13.7,52.6,0.0,2.5,10.8,28.3,,,,,,
2017-05-26,15.9,24.2,10.2,59.4,0.0,2.5,9.4,24.6,,,,,,
2017-05-27,17.9,27.7,8.3,56.1,0.0,1.9,12.6,25.7,,,,,,
2017-05-28,22.1,31.2,10.3,48.9,0.0,1.9,12.9,27.4,,,,,,
2017-05-29,27.7,36.1,19.6,34.3,0.0,2.6,12.6,31.2,,,,,,
2017-05-30,25.5,34.2,16.4,40.0,0.0,1.6,7.2,30.6,,,,,,
2017-05-31,23.9,32.0,15.9,48.8,0.0,1.2,4.5,27.5,,,,,,
2017-06-01,21.6,31.7,15.5,68.5,1.0,1.9,7.9,27.4,,,,,,
2017-06-02,18.6,27.5,13.0,54.1,0.5,2.4,12.5,26.2,,,,,,
2017-06-03,19.4,27.9,12.9,48.0,0.0,2.4,12.7,28.7,,,,,,
2017-06-04,18.6,28.3,9.4,49.6,0.0,2.0,12.8,27.4,,,,,,
2017-06-05,18.4,25.8,10.5,55.0,0.0,2.2,13.0,27.0,,,,,,
2017-06-06,17.6,21.6,12.3,72.3,1.5,1.7,0.7,21.1,,,,,,
2017-06-07,20.8,25.8,17.2,70.8,0.3,1.9,0.3,20.6,,,,,,
2017-06-08,22.4,29.0,17.1,46.8,0.0,3.0,12.0,27.9,,,,,,
2017-06-09,24.9,32.7,15.5,38.3,0.0,2.2,11.9,30.5,,,,,,
2017-06-10,21.6,29.3,17.0,39.8,0.0,2.3,4.8,25.5,,,,,,
2017-06-11,20.1,27.1,14.9,44.5,0.0,2.2,12.1,29.1,,,,,,
2017-06-12,18.2,23.6,11.9,57.0,0.0,2.3,11.7,26.1,,,,,,
2017-06-13,19.7,28.6,13.0,61.0,0.5,1.6,8.4,27.7,,,,,,
2017-06-14,22.3,29.7,13.7,51.8,0.0,2.0,12.5,27.9,,,,,,
2017-06-15,25.5,33.5,19.4,39.4,0.0,2.7,13.1,31.8,,,,,,
2017-06-16,20.9,26.5,16.6,62.8,0.0,2.8,12.7,29.3,,,,,,
2017-06-17,22.2,32.0,14.3,60.6,0.0,1.8,12.4,30.3,,,,,,
2017-06-18,24.5,34.7,15.7,57.4,0.0,1.9,12.1,32.1,,,,,,
2017-06-19,27.3,36.9,16.8,46.6,0.0,1.4,11.5,33.6,,,,,,
2017-06-20,24.6,31.4,18.8,54.6,2.0,1.7,2.8,28.9,,,,,,
2017-06-21,23.5,31.1,18.4,63.0,0.5,1.5,6.6,27.9,,,,,,
2017-06-22,24.4,31.6,16.3,56.5,0.0,1.5,11.9,28.9,,,,,,
2017-06-23,25.1,32.1,18.0,58.5,0.0,2.1,10.5,31.9,,,,,,
2017-06-24,24.9,32.6,18.5,56.8,0.0,1.8,6.4,29.5,,,,,,
2017-06-25,23.4,30.3,18.5,64.0,8.0,1.9,6.8,28.8,,,,,,
2017-06-26,22.3,26.1,19.9,77.0,0.2,1.7,2.4,24.3,,,,,,
2017-06-27,23.9,29.2,18.8,66.9,0.0,1.5,4.2,26.6,,,,,,
2017-06-28,24.8,32.2,18.0,64.1,0.0,1.6,7.9,28.7,,,,,,
2017-06-29,25.0,30.2,19.4,63.8,0.1,1.2,4.5,28.8,,,,,,
2017-06-30,27.3,33.4,21.5,61.3,0.0,1.9,9.6,32.9,,,,,,
2017-07-01,27.7,31.6,25.0,63.9,0.1,2.1,0.9,29.3,,,,,,
2017-07-02,27.5,33.0,23.6,69.3,2.0,1.6,1.3,26.7,,,,,,
2017-07-03,28.9,34.1,26.6,62.4,0.2,2.8,2.6,30.1,,,,,,
2017-07-04,26.2,32.3,23.1,74.4,7.0,1.6,2.2,28.1,,,,,,
2017-07-05,26.3,32.8,21.4,69.0,0.0,1.8,9.0,29.8,,,,,,
2017-07-06,27.0,34.1,21.6,70.6,0.0,1.3,6.1,29.5,,,,,,
2017-07-07,27.1,30.4,23.7,73.3,1.0,1.1,2.1,30.0,,,,,,
2017-07-08,26.9,30.9,23.8,76.5,1.0,1.4,1.3,27.0,,,,,,
2017-07-09,29.2,36.1,24.1,68.3,6.5,1.5,8.5,33.4,,,,,,
2017-07-10,28.9,33.2,25.4,67.4,0.0,1.7,1.0,29.5,,,,,,
2017-07-11,29.7,33.9,27.1,56.9,0.0,2.3,4.0,31.4,,,,,,
2017-07-12,30.4,37.5,24.5,53.4,0.0,2.3,11.9,35.9,,,,,,
2017-07-13,30.4,38.9,22.0,51.3,0.0,1.9,12.6,37.2,,,,,,
2017-07-14,27.1,35.8,21.8,70.3,96.5,2.0,7.4,32.8,,,,,,
2017-07-15,25.6,29.6,22.2,80.4,1.0,1.3,0.5,25.4,,,,,,
2017-07-16,27.4,33.6,23.7,71.9,0.0,1.6,2.1,26.8,,,,,,
2017-07-17,26.7,33.6,22.5,75.1,8.5,1.8,3.4,28.3,,,,,,
2017-07-18,27.1,32.3,22.4,71.8,0.5,1.8,8.1,28.5,,,,,,
2017-07-19,28.7,35.4,22.4,66.3,0.0,1.4,10.2,31.3,,,,,,
2017-07-20,29.6,36.1,23.3,63.6,0.0,1.4,10.6,32.7,,,,,,
2017-07-21,30.8,37.4,24.5,63.3,0.0,1.5,10.3,34.0,,,,,,
2017-07-22,27.1,34.8,22.1,77.1,1.5,1.4,1.4,29.6,,,,,,
2017-07-23,27.1,31.8,22.2,81.5,0.0,1.1,0.0,27.5,,,,,,
2017-07-24,27.9,35.4,25.9,86.0,3.5,0.9,2.6,27.8,,,,,,
2017-07-25,25.1,26.4,22.8,87.9,16.0,1.2,0.0,25.9,,,,,,
2017-07-26,24.3,29.4,19.2,67.8,0.0,2.1,10.3,28.1,,,,,,
2017-07-27,25.2,32.7,16.8,61.3,0.0,1.5,12.8,30.8,,,,,,
2017-07-28,26.8,33.5,20.1,65.5,0.0,1.6,6.3,30.9,,,,,,
2017-07-29,23.0,25.6,22.2,88.8,22.0,1.7,0.0,24.2,,,,,,
2017-07-30,25.8,30.8,22.2,79.6,0.0,0.8,2.1,26.8,,,,,,
2017-07-31,24.7,26.4,22.6,91.6,14.0,1.0,0.0,25.3,,,,,,
2017-08-01,26.2,32.0,23.5,79.4,2.5,1.3,6.2,28.6,,,,,,
2017-08-02,25.4,31.3,22.0,75.6,0.0,1.3,5.3,27.4,,,,,,
2017-08-03,25.8,31.4,21.0,74.0,0.0,1.8,8.6,29.8,,,,,,
2017-08-04,28.4,34.2,22.7,70.8,0.0,1.8,10.5,31.8,,,,,,
2017-08-05,29.1,35.3,23.2,70.3,0.0,1.6,12.2,33.0,,,,,,
2017-08-06,29.9,37.1,24.1,65.5,0.0,1.4,11.4,34.6,,,,,,
2017-08-07,28.7,36.3,24.2,67.3,0.0,1.7,11.1,33.4,,,,,,
2017-08-08,28.9,35.4,22.9,61.0,0.0,1.6,11.0,33.6,,,,,,
2017-08-09,26.5,29.6,24.5,83.5,13.0,1.3,0.3,27.4,,,,,,
2017-08-10,24.8,27.4,23.3,92.3,75.5,0.9,0.0,25.4,,,,,,
2017-08-11,25.3,30.7,21.8,78.9,0.2,1.2,6.5,26.8,,,,,,
2017-08-12,24.3,29.1,20.5,74.1,0.0,1.4,7.0,25.9,,,,,,
2017-08-13,23.3,27.3,19.4,77.1,0.0,1.4,0.7,23.5,,,,,,
2017-08-14,22.5,24.3,21.6,91.6,56.0,1.2,0.0,23.2,,,,,,
2017-08-15,23.4,25.5,21.7,92.8,14.5,1.3,0.0,24.5,,,,,,
2017-08-16,25.4,28.8,23.0,80.5,2.0,1.1,3.6,26.2,,,,,,
2017-08-17,24.8,29.3,22.7,77.4,0.0,1.8,5.0,26.8,,,,,,
2017-08-18,25.5,31.9,20.8,73.5,0.0,1.2,8.3,27.8,,,,,,
2017-08-19,25.3,29.8,22.3,79.9,5.0,1.5,3.2,27.1,,,,,,
2017-08-20,25.5,29.1,23.3,82.8,0.5,1.9,1.7,27.0,,,,,,
2017-08-21,25.6,32.0,23.4,87.9,13.5,1.0,4.0,26.2,,,,,,
2017-08-22,27.3,32.7,23.2,78.5,1.5,1.3,7.8,27.4,,,,,,
2017-08-23,29.0,35.1,23.9,75.3,3.5,1.5,8.7,29.0,,,,,,
2017-08-24,29.9,34.7,24.8,68.5,3.0,2.4,7.7,29.0,,,,,,
2017-08-25,27.0,33.1,21.1,66.3,1.0,1.6,8.1,27.4,,,,,,
2017-08-26,23.6,31.8,16.8,58.6,0.0,1.7,11.1,26.3,,,,,,
2017-08-27,22.4,30.5,15.4,67.6,0.0,1.1,10.8,25.8,,,,,,
2017-08-28,25.3,32.6,17.1,64.4,0.0,1.2,11.1,28.4,,,,,,
2017-08-29,25.8,31.8,20.1,57.4,0.0,2.0,10.4,30.6,,,,,,
2017-08-30,20.9,25.8,17.1,55.4,0.0,1.7,1.0,23.6,,,,,,
2017-08-31,20.6,28.2,13.5,64.3,0.0,1.3,11.0,25.5,,,,,,
2017-09-01,20.2,26.5,15.1,64.5,0.0,1.9,10.5,26.0,,,,,,
2017-09-02,19.5,26.4,12.3,67.6,0.0,1.4,9.8,23.8,,,,,,
2017-09-03,20.4,27.4,13.0,67.0,0.0,1.3,11.4,26.2,,,,,,
2017-09-04,21.2,27.4,16.0,72.8,0.0,1.4,8.1,25.4,,,,,,
2017-09-05,21.3,26.2,16.9,82.9,0.5,0.7,0.3,23.2,,,,,,
2017-09-06,21.4,25.4,18.4,84.1,5.0,1.2,0.1,23.2,,,,,,
2017-09-07,21.9,28.6,18.0,74.4,0.5,1.5,6.4,23.2,,,,,,
2017-09-08,22.7,30.3,15.2,71.4,0.0,1.0,9.6,25.8,,,,,,
2017-09-09,22.4,31.2,16.0,73.3,0.0,0.9,7.5,26.0,,,,,,
2017-09-10,22.4,28.9,16.0,73.1,0.0,1.4,4.2,24.3,,,,,,
2017-09-11,20.8,22.5,19.6,91.1,41.5,1.3,0.0,21.6,,,,,,
2017-09-12,23.5,29.9,18.8,66.1,0.0,1.8,10.8,23.9,,,,,,
2017-09-13,21.2,28.5,14.3,59.0,0.0,1.6,11.3,24.1,,,,,,
2017-09-14,19.7,26.9,13.4,69.6,0.0,1.5,11.0,24.1,,,,,,
2017-09-15,20.3,24.5,15.3,61.1,0.0,2.8,7.1,21.7,,,,,,
2017-09-16,21.8,24.7,19.0,60.8,0.0,3.1,2.1,21.1,,,,,,
2017-09-17,21.6,24.9,17.3,73.0,0.0,2.1,0.5,21.6,,,,,,
2017-09-18,20.6,28.6,14.1,70.0,0.0,1.0,10.6,24.3,,,,,,
2017-09-19,22.0,29.1,13.4,66.4,0.0,1.3,7.6,23.6,,,,,,
2017-09-20,20.3,25.7,12.4,57.8,0.0,2.3,5.7,22.4,,,,,,
2017-09-21,18.4,27.4,9.4,69.0,0.0,1.1,10.3,23.3,,,,,,
2017-09-22,19.8,28.1,12.9,68.1,0.0,0.8,10.7,24.5,,,,,,
2017-09-23,20.2,27.6,13.7,68.0,0.0,0.9,8.5,23.3,,,,,,
2017-09-24,20.6,29.3,12.9,72.3,0.0,1.0,9.8,23.9,,,,,,
2017-09-25,20.8,29.4,14.8,72.4,0.0,1.2,9.3,24.7,,,,,,
2017-09-26,21.0,28.7,13.9,71.6,0.0,1.3,7.2,24.3,,,,,,
2017-09-27,18.4,20.1,16.7,90.6,43.0,0.7,0.0,19.8,,,,,,
2017-09-28,19.9,26.2,15.7,65.9,0.0,1.5,7.0,20.8,,,,,,
2017-09-29,15.9,22.3,10.6,49.1,0.0,1.8,10.2,18.3,,,,,,
2017-09-30,16.1,27.0,6.3,66.0,0.0,1.1,11.0,19.4,,,,,,
2017-10-01,15.9,21.0,9.5,80.3,5.0,0.8,0.2,16.7,,,,,,
2017-10-02,20.3,24.8,17.6,86.4,16.5,1.2,0.4,20.3,,,,,,
2017-10-03,18.9,23.1,15.8,76.1,0.0,1.6,5.7,21.3,,,,,,
2017-10-04,17.3,21.7,13.5,67.5,0.0,1.8,5.1,18.9,,,,,,
2017-10-05,15.8,21.3,12.2,74.1,0.0,1.2,0.8,16.8,,,,,,
2017-10-06,16.4,19.2,14.0,92.6,8.0,0.8,0.0,17.5,,,,,,
2017-10-07,19.9,24.5,16.9,83.5,0.0,0.9,2.4,21.0,,,,,,
2017-10-08,21.0,28.0,16.4,79.0,0.0,0.9,8.6,22.4,,,,,,
2017-10-09,21.1,29.1,16.7,79.1,0.0,0.8,8.3,22.9,,,,,,
2017-10-10,21.9,29.3,15.6,75.3,0.0,1.2,9.1,23.5,,,,,,
2017-10-11,19.9,24.1,16.9,77.0,0.0,1.5,1.5,20.4,,,,,,
2017-10-12,14.5,17.0,13.8,85.9,28.5,1.1,0.0,15.7,,,,,,
2017-10-13,14.3,20.6,10.0,62.6,0.0,2.0,10.2,16.2,,,,,,
2017-10-14,14.5,20.9,10.2,59.8,0.0,1.2,7.7,15.6,,,,,,
2017-10-15,15.3,19.7,11.0,68.8,0.2,1.6,0.7,15.5,,,,,,
2017-10-16,15.2,19.7,10.3,72.0,0.0,1.2,0.0,15.5,,,,,,
2017-10-17,15.0,22.5,7.5,71.0,0.0,1.4,8.0,15.6,,,,,,
2017-10-18,16.4,18.7,14.4,57.6,0.0,2.3,0.2,15.3,,,,,,
2017-10-19,14.8,19.4,11.2,76.0,0.0,1.3,2.3,15.9,,,,,,
2017-10-20,14.4,21.5,9.3,77.9,0.0,1.0,5.8,16.1,,,,,,
2017-10-21,14.5,22.0,7.0,70.5,0.0,1.6,9.9,16.4,,,,,,
2017-10-22,17.0,21.0,11.5,53.4,0.0,3.3,6.2,16.4,,,,,,
2017-10-23,13.4,19.2,7.4,51.3,0.0,1.5,7.4,15.7,,,,,,
2017-10-24,11.0,18.0,6.3,71.9,0.0,0.7,2.8,13.5,,,,,,
2017-10-25,10.5,20.1,4.6,75.0,0.0,0.8,7.0,14.2,,,,,,
2017-10-26,11.0,19.8,3.3,74.1,0.0,0.5,3.8,13.9,,,,,,
2017-10-27,13.7,21.7,7.9,73.5,0.0,1.0,4.7,16.0,,,,,,
2017-10-28,15.0,22.2,8.8,75.1,0.0,1.0,4.3,15.3,,,,,,
2017-10-29,14.4,22.7,8.3,57.9,0.0,2.6,8.1,15.5,,,,,,
2017-10-30,9.1,15.2,3.6,33.3,0.0,2.5,9.7,12.5,,,,,,
2017-10-31,7.5,18.6,-1.6,53.3,0.0,1.1,9.8,10.9,,,,,,
2017-11-01,11.1,19.8,2.2,62.0,0.0,1.4,8.1,13.0,,,,,,
2017-11-02,11.5,19.9,5.7,72.6,0.0,0.6,6.6,13.1,,,,,,
2017-11-03,11.7,21.0,4.9,68.5,0.0,1.7,5.4,12.1,,,,,,
2017-11-04,8.1,15.3,2.4,54.8,0.0,1.8,6.6,10.9,,,,,,
2017-11-05,8.0,16.4,1.8,54.6,0.0,1.5,9.1,9.5,,,,,,
2017-11-06,8.3,19.8,-1.1,61.8,0.0,0.9,8.9,9.5,,,,,,
2017-11-07,12.6,21.0,2.2,63.9,0.0,1.3,7.5,12.4,,,,,,
2017-11-08,14.6,21.5,9.0,49.4,0.0,2.5,7.9,13.7,,,,,,
2017-11-09,9.2,19.3,1.5,57.1,0.0,0.8,8.3,10.6,,,,,,
2017-11-10,12.1,21.2,2.5,61.5,0.0,2.5,7.9,12.4,,,,,,
2017-11-11,6.9,13.3,-0.4,39.1,0.0,2.8,8.3,9.0,,,,,,
2017-11-12,4.6,14.9,-3.3,55.4,0.0,0.9,8.3,7.1,,,,,,
2017-11-13,6.6,16.4,-2.1,54.6,0.0,1.0,6.5,7.8,,,,,,
2017-11-14,9.6,16.1,3.4,42.0,0.0,2.5,7.8,9.4,,,,,,
2017-11-15,6.6,11.8,0.8,39.0,0.0,3.1,5.9,6.5,,,,,,
2017-11-16,3.1,10.0,-2.3,46.0,0.0,1.6,7.9,5.3,,,,,,
2017-11-17,4.3,11.9,-5.1,49.6,0.0,0.6,5.4,5.8,,,,,,
2017-11-18,3.8,9.2,-1.5,33.8,0.0,3.4,7.6,5.7,,,,,,
2017-11-19,1.5,5.9,-3.2,27.4,0.0,3.3,7.8,2.5,,,,,,
2017-11-20,3.7,9.0,-1.5,40.0,0.0,2.8,7.6,5.4,,,,,,
2017-11-21,2.3,12.8,-5.0,56.6,0.0,0.9,7.8,3.8,,,,,,
2017-11-22,5.2,11.7,-2.6,54.1,0.0,1.6,1.1,5.2,,,,,,
2017-11-23,3.0,7.8,-1.6,40.9,0.0,2.8,6.5,3.5,,,,,,
2017-11-24,2.1,7.6,-1.6,65.3,0.1,2.2,4.5,3.9,,,,,,
2017-11-25,3.3,10.5,-5.8,60.0,0.0,1.4,6.9,3.0,,,,,,
2017-11-26,6.0,13.9,-1.3,70.4,0.0,1.3,5.1,5.5,,,,,,
2017-11-27,4.9,15.3,-2.2,72.8,0.0,0.5,7.3,5.9,,,,,,
2017-11-28,6.6,16.8,-0.9,71.4,0.0,0.9,4.4,6.7,,,,,,
2017-11-29,8.8,14.8,1.3,47.3,0.0,2.1,5.8,8.2,,,,,,
2017-11-30,4.2,8.6,-1.2,20.5,0.0,3.9,5.8,5.8,,,,,,
2017-12-01,-0.9,4.6,-6.4,29.6,0.0,2.8,7.7,0.6,,,,,,
2017-12-02,-0.8,8.4,-8.6,49.9,0.0,1.0,7.7,1.3,,,,,,
2017-12-03,2.4,13.0,-6.3,61.9,0.0,0.7,7.6,3.0,,,,,,
2017-12-04,2.3,8.8,-1.8,51.4,0.0,3.0,5.3,3.1,,,,,,
2017-12-05,-1.7,2.6,-4.9,34.3,0.0,4.2,7.7,-0.4,,,,,,
2017-12-06,-1.1,7.7,-7.8,54.9,0.0,0.8,6.0,1.0,,,,,,
2017-12-07,0.8,7.2,-4.7,60.9,0.0,1.3,2.3,1.4,,,,,,
2017-12-08,-0.9,3.4,-4.2,32.4,0.0,3.7,7.6,-0.2,,,,,,
2017-12-09,0.9,7.6,-6.4,52.1,0.0,1.6,6.5,1.6,,,,,,
2017-12-10,3.6,10.3,-2.5,60.9,0.0,2.0,2.3,3.7,,,,,,
2017-12-11,-2.0,3.0,-6.3,36.5,0.0,5.2,7.3,-0.7,,,,,,
2017-12-12,-5.3,-0.7,-9.1,25.6,0.0,3.7,7.6,-3.3,,,,,,
2017-12-13,-4.1,2.2,-8.6,24.1,0.0,3.1,7.7,-2.8,,,,,,
2017-12-14,-3.9,5.2,-13.4,43.3,0.0,0.8,7.4,-2.2,,,,,,
2017-12-15,-0.7,7.5,-9.6,37.3,0.0,1.6,6.7,-0.2,,,,,,
2017-12-16,-0.3,3.1,-4.9,35.5,0.0,4.1,6.2,0.8,,,,,,
2017-12-17,-3.5,1.3,-7.6,33.9,0.0,3.7,7.6,-2.3,,,,,,
2017-12-18,-0.9,6.9,-7.3,48.3,0.0,1.8,7.6,-0.2,,,,,,
2017-12-19,-0.1,3.7,-5.9,38.1,0.0,3.3,7.4,0.4,,,,,,
2017-12-20,-1.9,6.0,-7.1,44.8,0.0,1.6,7.6,-0.3,,,,,,
2017-12-21,-0.3,7.7,-8.5,44.1,0.0,2.2,7.6,0.2,,,,,,
2017-12-22,0.7,9.4,-6.6,56.0,0.0,1.6,7.6,0.8,,,,,,
2017-12-23,0.1,11.1,-6.7,66.1,0.0,0.5,6.6,1.3,,,,,,
2017-12-24,2.7,6.6,-2.3,74.1,10.0,2.2,0.0,2.2,,,,,,
2017-12-25,1.1,4.6,-2.0,38.0,0.0,4.0,7.5,0.5,,,,,,
2017-12-26,0.7,5.7,-4.1,39.0,0.0,3.9,6.1,-0.1,,,,,,
2017-12-27,-2.9,1.1,-7.0,23.0,0.0,4.3,7.6,-2.9,,,,,,
2017-12-28,-0.9,4.8,-6.3,38.5,0.0,2.2,6.1,-1.7,,,,,,
2017-12-29,3.9,9.5,-1.4,58.4,0.0,2.6,6.7,1.6,,,,,,
2017-12-30,2.3,8.7,-4.6,68.8,0.0,0.8,2.6,2.1,,,,,,
2017-12-31,3.3,7.0,-0.6,41.0,0.0,3.8,7.3,2.6,,,,,,
2018-01-01,0.8,6.1,-3.9,35.1,0.0,2.8,7.6,0.7,,,,,,
2018-01-02,0.6,6.6,-7.0,50.5,0.0,2.7,6.2,-0.3,,,,,,
2018-01-03,-0.3,4.5,-3.4,29.9,0.0,2.5,7.6,0.3,,,,,,
2018-01-04,0.1,5.0,-4.4,36.6,0.0,1.7,7.6,1.0,,,,,,
2018-01-05,1.7,7.0,-1.5,36.6,0.0,2.3,5.4,2.1,,,,,,
2018-01-06,-0.3,6.8,-6.3,42.5,0.0,2.7,7.7,0.9,,,,,,
2018-01-07,-1.4,4.8,-9.3,51.3,0.0,0.5,2.0,-1.2,,,,,,
2018-01-08,1.9,4.5,-1.3,71.4,1.5,1.6,0.0,1.8,,,,,,
2018-01-09,-0.6,2.8,-3.4,56.8,0.0,4.1,6.8,0.5,,,,,,
2018-01-10,-3.5,0.4,-7.0,50.5,0.5,3.5,6.6,-2.3,,,,,,
2018-01-11,-7.0,-2.7,-9.4,43.4,0.0,3.7,7.7,-4.6,,,,,,
2018-01-12,-7.5,-3.0,-11.2,38.8,0.0,3.7,7.8,-5.1,,,,,,
2018-01-13,-3.3,3.4,-7.6,61.8,0.0,1.7,2.3,-2.2,,,,,,
2018-01-14,-2.6,7.8,-10.9,67.9,0.0,0.8,7.3,-1.6,,,,,,
2018-01-15,2.1,13.5,-5.3,62.3,0.0,1.2,7.7,1.2,,,,,,
2018-01-16,3.0,9.0,-4.0,74.5,8.0,0.7,1.4,1.8,,,,,,
2018-01-17,4.3,7.9,1.6,89.3,8.5,1.1,0.4,5.0,,,,,,
2018-01-18,4.9,9.5,1.3,60.9,0.0,2.5,1.8,3.9,,,,,,
2018-01-19,1.9,8.2,-4.1,48.6,0.0,1.6,7.3,1.8,,,,,,
2018-01-20,1.2,8.4,-4.3,54.6,0.0,1.5,7.4,1.0,,,,,,
2018-01-21,1.3,9.8,-5.7,55.9,0.0,0.7,7.1,1.3,,,,,,
2018-01-22,3.9,9.0,0.3,55.5,0.1,1.1,3.5,3.5,,,,,,
2018-01-23,-4.5,3.3,-8.8,33.8,0.0,5.0,7.8,-2.2,,,,,,
2018-01-24,-9.6,-5.6,-12.8,27.5,0.0,5.1,7.9,-6.3,,,,,,
2018-01-25,-8.9,-3.8,-13.0,29.1,0.0,4.1,7.9,-5.6,,,,,,
2018-01-26,-9.3,-3.8,-13.9,28.6,0.0,3.6,8.0,-5.9,,,,,,
2018-01-27,-6.4,2.2,-14.8,32.4,0.0,1.5,7.4,-3.4,,,,,,
2018-01-28,-1.4,3.2,-5.7,26.6,0.0,3.7,6.8,0.0,,,,,,
2018-01-29,-5.1,-0.5,-7.6,31.4,0.0,3.9,8.1,-3.2,,,,,,
2018-01-30,-4.0,1.9,-10.8,40.0,0.0,2.6,8.4,-2.6,,,,,,
2018-01-31,-0.5,6.4,-9.6,42.3,0.0,1.8,6.6,-0.5,,,,,,
2018-02-01,-1.2,6.6,-7.6,29.5,0.0,1.5,8.3,0.5,,,,,,
2018-02-02,-3.2,5.9,-10.8,40.4,0.0,1.2,8.1,-2.8,,,,,,
2018-02-03,-4.4,0.8,-9.9,39.9,0.0,3.8,8.6,-2.2,,,,,,
2018-02-04,-6.5,-1.8,-10.1,31.8,0.0,4.6,9.1,-3.9,,,,,,
2018-02-05,-6.5,-1.5,-10.1,30.4,0.0,4.0,8.7,-4.2,,,,,,
2018-02-06,-7.4,-2.3,-11.0,33.8,0.0,3.8,9.4,-4.5,,,,,,
2018-02-07,-5.6,1.1,-13.0,28.8,0.0,2.4,9.7,-2.9,,,,,,
2018-02-08,-4.4,5.4,-12.8,35.6,0.0,1.1,9.1,-1.4,,,,,,
2018-02-09,1.2,11.4,-9.9,43.1,0.0,1.0,7.5,1.9,,,,,,
2018-02-10,3.5,9.6,-2.5,36.3,0.0,3.4,3.9,2.6,,,,,,
2018-02-11,-2.6,1.9,-6.2,37.5,0.0,4.1,8.0,-1.9,,,,,,
2018-02-12,-3.4,1.3,-7.5,51.5,0.0,3.6,7.9,-1.7,,,,,,
2018-02-13,-0.7,6.8,-6.1,45.4,0.0,2.5,9.8,1.1,,,,,,
2018-02-14,4.8,14.9,-8.5,47.0,0.0,2.6,8.2,3.1,,,,,,
2018-02-15,4.1,11.2,-3.1,38.4,0.0,1.9,6.4,5.4,,,,,,
2018-02-16,1.7,9.6,-6.4,39.3,0.0,2.0,7.8,1.8,,,,,,
2018-02-17,1.3,6.9,-2.8,20.6,0.0,4.1,10.1,2.9,,,,,,
2018-02-18,1.3,7.6,-2.9,21.9,0.0,1.6,6.8,2.4,,,,,,
2018-02-19,3.4,12.3,-3.8,35.3,0.0,1.2,7.8,4.6,,,,,,
2018-02-20,3.2,11.6,-6.6,39.8,0.0,2.0,8.7,4.2,,,,,,
2018-02-21,1.3,6.8,-5.3,25.1,0.0,1.9,3.4,3.5,,,,,,
2018-02-22,-0.6,8.7,-9.1,38.0,0.0,1.2,10.3,1.8,,,,,,
2018-02-23,2.6,11.6,-8.1,47.9,0.0,1.3,7.7,3.3,,,,,,
2018-02-24,4.7,12.5,-2.7,57.6,0.0,1.7,4.7,5.6,,,,,,
2018-02-25,4.7,12.6,-2.1,59.9,0.0,1.0,2.5,5.5,,,,,,
2018-02-26,2.8,13.8,-6.7,52.6,0.0,1.1,10.6,6.0,,,,,,
2018-02-27,5.4,15.3,-4.4,50.0,0.0,0.8,6.8,5.7,,,,,,
2018-02-28,6.8,11.4,1.6,73.1,24.5,2.7,0.0,5.3,,,,,,
2018-03-01,5.1,9.8,-0.6,44.5,0.2,5.1,8.3,5.6,,,,,,
2018-03-02,2.5,12.1,-3.5,36.4,0.0,1.9,10.8,4.1,,,,,,
2018-03-03,6.7,18.2,-3.2,47.9,0.0,1.1,9.5,6.8,,,,,,
2018-03-04,11.8,19.5,1.8,67.5,13.0,1.4,3.3,10.7,,,,,,
2018-03-05,5.3,11.4,1.1,72.3,13.0,2.5,0.0,6.2,,,,,,
2018-03-06,3.5,11.0,-2.3,66.3,0.0,1.5,10.2,4.8,,,,,,
2018-03-07,4.8,7.4,-0.2,70.4,5.5,2.1,0.1,4.2,,,,,,
2018-03-08,1.9,4.1,0.7,91.4,29.0,1.1,0.0,1.3,,,,,,
2018-03-09,2.2,6.8,-0.6,83.0,0.0,1.0,1.0,3.7,,,,,,
2018-03-10,5.8,13.5,-1.6,61.8,0.0,1.6,8.8,7.4,,,,,,
2018-03-11,7.4,15.7,0.8,44.6,0.0,2.0,10.8,8.6,,,,,,
2018-03-12,9.6,19.9,-2.2,51.6,0.0,1.4,10.5,10.5,,,,,,
2018-03-13,12.4,22.3,0.2,58.4,0.0,2.0,10.5,14.2,,,,,,
2018-03-14,15.9,24.0,4.5,55.3,0.0,1.8,10.9,15.3,,,,,,
2018-03-15,13.9,16.8,7.2,85.0,11.0,1.1,0.0,13.1,,,,,,
2018-03-16,3.7,7.2,-1.5,61.6,0.5,3.2,3.3,6.4,,,,,,
2018-03-17,4.5,14.3,-4.2,59.3,0.0,0.9,10.7,7.0,,,,,,
2018-03-18,8.5,16.3,-1.1,68.8,1.5,1.1,6.3,9.1,,,,,,
2018-03-19,8.5,11.4,4.8,83.5,29.0,3.1,0.0,8.5,,,,,,
2018-03-20,5.1,7.7,3.4,50.0,0.0,5.1,5.2,6.5,,,,,,
2018-03-21,1.9,3.6,0.8,89.3,13.0,2.0,0.0,2.8,,,,,,
2018-03-22,5.6,12.9,0.8,64.0,0.0,2.2,9.3,8.7,,,,,,
2018-03-23,6.6,15.7,-1.8,59.4,0.0,1.1,11.1,8.9,,,,,,
2018-03-24,11.3,18.2,2.8,45.1,0.0,2.5,9.6,10.5,,,,,,
2018-03-25,13.3,22.0,2.5,40.5,0.0,2.3,11.2,13.3,,,,,,
2018-03-26,14.8,22.9,6.0,34.9,0.0,2.6,11.2,14.6,,,,,,
2018-03-27,15.9,24.1,6.2,43.5,0.0,2.2,11.1,15.7,,,,,,
2018-03-28,16.2,26.4,5.2,41.6,0.0,1.7,10.6,16.8,,,,,,
2018-03-29,14.2,21.3,9.1,53.5,0.0,2.2,3.9,15.6,,,,,,
2018-03-30,11.1,17.4,6.1,55.6,0.0,2.3,10.5,14.9,,,,,,
2018-03-31,14.2,23.8,3.3,52.0,0.0,1.4,10.2,15.8,,,,,,
2018-04-01,16.8,24.5,7.5,54.1,0.0,1.2,6.0,16.2,,,,,,
2018-04-02,19.2,26.2,11.7,57.3,0.0,1.8,10.3,20.0,,,,,,
2018-04-03,20.0,27.5,10.3,55.8,0.0,1.9,10.1,21.5,,,,,,
2018-04-04,9.8,16.6,7.6,79.4,11.0,2.7,0.0,11.5,,,,,,
2018-04-05,8.3,9.8,7.4,79.5,8.5,2.1,0.0,9.1,,,,,,
2018-04-06,9.4,16.3,4.8,64.5,19.0,3.4,5.6,10.9,,,,,,
2018-04-07,6.1,10.3,3.4,32.8,0.0,4.7,9.5,7.5,,,,,,
2018-04-08,8.5,14.4,-1.0,39.1,0.0,2.8,11.1,10.5,,,,,,
2018-04-09,12.6,20.0,6.3,43.1,0.0,2.0,10.8,14.4,,,,,,
2018-04-10,15.1,22.5,2.7,54.1,0.0,2.5,11.2,15.8,,,,,,
2018-04-11,18.9,24.5,13.4,40.4,2.0,3.6,11.2,19.8,,,,,,
2018-04-12,15.1,23.7,5.1,28.1,0.0,2.6,11.4,16.7,,,,,,
2018-04-13,11.9,18.0,3.9,43.0,0.0,2.4,6.4,14.4,,,,,,
2018-04-14,10.6,11.7,9.6,80.9,25.0,2.3,0.0,10.8,,,,,,
2018-04-15,12.7,18.0,8.5,50.0,0.0,3.7,10.2,13.6,,,,,,
2018-04-16,11.2,18.5,4.2,60.3,0.0,1.7,10.4,14.6,,,,,,
2018-04-17,13.3,22.8,6.6,57.9,0.0,1.1,9.8,16.7,,,,,,
2018-04-18,14.5,24.9,4.7,51.6,0.0,1.3,11.7,17.8,,,,,,
2018-04-19,18.1,28.2,5.6,33.4,0.0,2.1,11.8,19.3,,,,,,
2018-04-20,19.8,31.0,9.2,39.0,0.0,1.2,11.8,21.6,,,,,,
2018-04-21,20.2,32.0,8.9,38.1,0.0,1.5,10.9,22.1,,,,,,
2018-04-22,14.3,21.8,10.2,59.5,0.0,2.0,1.7,16.4,,,,,,
2018-04-23,11.0,12.8,10.0,85.3,35.5,1.9,0.0,12.0,,,,,,
2018-04-24,11.3,13.6,9.2,85.0,11.0,0.8,0.0,12.9,,,,,,
2018-04-25,11.5,20.6,3.2,56.1,0.0,1.3,11.7,15.4,,,,,,
2018-04-26,15.0,25.3,2.4,51.3,0.0,1.1,11.2,15.8,,,,,,
2018-04-27,15.9,24.6,7.9,41.0,0.0,2.6,10.8,18.8,,,,,,
2018-04-28,16.8,27.4,4.8,45.3,0.0,1.7,11.9,19.5,,,,,,
2018-04-29,19.1,27.9,8.1,33.4,0.0,2.3,12.1,21.4,,,,,,
2018-04-30,20.9,29.0,13.7,54.3,0.0,2.0,10.8,23.4,,,,,,
2018-05-01,19.2,24.9,12.8,70.3,0.0,1.3,4.1,20.6,,,,,,
2018-05-02,14.0,17.6,12.2,84.9,5.5,2.1,0.0,15.4,,,,,,
2018-05-03,13.8,20.2,8.3,45.8,0.5,4.2,9.8,15.0,,,,,,
2018-05-04,15.0,23.5,3.6,38.3,0.0,3.3,12.1,17.6,,,,,,
2018-05-05,19.3,28.4,5.7,33.9,0.0,2.2,9.1,20.1,,,,,,
2018-05-06,15.8,19.1,14.2,91.3,12.5,1.3,0.0,16.0,,,,,,
2018-05-07,15.4,18.7,13.7,86.8,17.5,1.2,0.0,16.3,,,,,,
2018-05-08,14.1,16.5,12.2,67.1,0.0,2.7,0.0,13.9,,,,,,
2018-05-09,12.5,16.4,11.2,64.3,0.0,2.1,3.6,15.6,,,,,,
2018-05-10,16.4,25.0,10.3,56.9,0.0,1.4,9.3,19.4,,,,,,
2018-05-11,18.7,26.7,8.0,49.4,0.0,1.7,11.3,22.0,,,,,,
2018-05-12,17.4,19.4,13.9,71.4,6.5,1.0,0.0,17.1,,,,,,
2018-05-13,19.8,26.0,15.3,73.0,5.5,1.9,7.2,20.6,,,,,,
2018-05-14,20.7,29.7,11.0,62.3,0.0,1.3,12.2,22.6,,,,,,
2018-05-15,24.1,32.7,14.2,55.4,0.0,1.3,9.3,24.4,,,,,,
2018-05-16,25.1,26.1,23.1,72.3,0.0,2.0,0.6,22.6,,,,,,
2018-05-17,26.4,30.6,21.5,64.4,0.0,2.8,8.2,28.5,,,,,,
2018-05-18,14.3,21.4,11.9,86.4,2.0,2.8,0.0,17.3,,,,,,
2018-05-19,14.2,19.2,9.0,62.0,0.0,2.8,8.2,19.3,,,,,,
2018-05-20,13.9,19.7,6.0,64.3,0.0,3.3,8.5,18.8,,,,,,
2018-05-21,14.9,19.5,12.0,70.9,0.0,2.4,2.7,18.3,,,,,,
2018-05-22,18.2,25.6,9.2,69.3,1.9,1.2,5.9,20.8,,,,,,
2018-05-23,19.1,26.9,11.9,66.9,24.0,1.8,10.0,21.5,,,,,,
2018-05-24,20.2,29.8,8.4,48.0,0.0,2.0,12.6,21.2,,,,,,
2018-05-25,22.0,29.5,13.8,43.8,0.0,2.0,10.5,22.7,,,,,,
2018-05-26,20.5,30.3,12.0,55.5,0.0,1.5,12.7,24.5,,,,,,
2018-05-27,21.0,28.6,13.1,60.8,0.0,1.0,3.6,21.7,,,,,,
2018-05-28,21.2,26.8,15.9,64.3,0.0,1.7,9.6,24.2,,,,,,
2018-05-29,23.3,31.0,16.0,65.3,0.0,1.2,8.7,26.0,,,,,,
2018-05-30,21.4,29.0,18.0,79.3,7.5,1.1,7.0,22.9,,,,,,
2018-05-31,20.5,26.5,15.5,63.0,0.0,1.8,10.1,22.7,,,,,,
2018-06-01,22.5,31.7,12.5,57.3,0.0,1.2,11.6,25.0,,,,,,
2018-06-02,24.6,33.8,15.0,53.3,0.0,1.2,12.8,27.5,,,,,,
2018-06-03,23.7,32.6,15.3,53.4,0.0,1.1,10.0,26.9,,,,,,
2018-06-04,23.9,31.7,16.3,62.1,1.0,1.2,9.2,27.0,,,,,,
2018-06-05,21.7,26.3,18.0,69.1,0.1,1.2,3.6,24.0,,,,,,
2018-06-06,22.9,31.7,15.0,65.9,0.0,1.1,10.8,25.5,,,,,,
2018-06-07,25.5,34.1,16.3,57.6,0.0,1.2,12.3,29.0,,,,,,
2018-06-08,24.4,32.0,19.3,56.3,0.0,2.0,12.0,28.7,,,,,,
2018-06-09,19.6,22.4,17.4,65.6,0.0,3.1,2.8,23.6,,,,,,
2018-06-10,18.6,21.9,16.7,70.6,0.3,3.2,0.5,21.9,,,,,,
2018-06-11,17.0,19.6,15.7,79.8,17.0,1.1,0.2,19.4,,,,,,
2018-06-12,18.5,23.7,15.0,64.8,0.0,1.6,4.3,21.6,,,,,,
2018-06-13,19.8,24.5,16.8,66.9,0.0,1.9,4.4,21.5,,,,,,
2018-06-14,19.4,23.2,16.6,68.3,0.0,2.3,3.1,21.4,,,,,,
2018-06-15,19.0,23.1,16.7,59.1,0.0,3.1,4.2,21.1,,,,,,
2018-06-16,18.0,22.5,14.0,62.0,0.0,2.4,6.4,22.6,,,,,,
2018-06-17,20.7,28.3,11.3,62.6,0.0,1.0,7.5,23.4,,,,,,
2018-06-18,24.4,32.0,17.1,61.9,0.0,1.2,10.3,28.0,,,,,,
2018-06-19,21.9,25.7,18.1,76.9,1.5,1.1,0.5,22.5,,,,,,
2018-06-20,24.0,30.1,17.7,59.5,0.0,1.7,9.8,28.4,,,,,,
2018-06-21,24.2,32.1,16.9,52.5,0.0,1.9,12.5,31.4,,,,,,
2018-06-22,24.2,32.3,15.3,50.8,0.0,1.3,9.9,31.3,,,,,,
2018-06-23,25.1,32.6,18.8,46.8,0.0,1.6,7.3,29.3,,,,,,
2018-06-24,27.6,36.3,20.0,42.5,0.0,2.3,11.9,34.4,,,,,,
2018-06-25,26.8,35.0,18.1,50.5,0.0,1.1,7.2,31.6,,,,,,
2018-06-26,24.8,28.7,19.3,71.6,0.1,1.7,0.0,25.7,,,,,,
2018-06-27,25.6,31.2,20.4,79.0,67.0,2.1,4.7,26.5,,,,,,
2018-06-28,22.8,24.9,20.8,86.8,14.0,1.1,0.0,23.0,,,,,,
2018-06-29,25.7,30.9,20.6,73.9,0.0,1.1,6.7,27.3,,,,,,
2018-06-30,23.0,26.1,20.7,86.3,3.5,0.9,0.1,23.4,,,,,,
2018-07-01,25.0,30.7,20.0,81.0,34.0,1.7,1.3,24.9,,,,,,
2018-07-02,24.7,28.2,21.5,90.5,69.0,1.2,1.0,25.5,,,,,,
2018-07-03,23.4,25.2,21.9,91.1,27.0,3.2,0.0,23.8,,,,,,
2018-07-04,25.3,33.5,22.1,79.4,12.0,2.7,8.4,27.4,,,,,,
2018-07-05,22.5,24.2,21.6,89.0,11.0,1.5,0.1,24.2,,,,,,
2018-07-06,21.3,23.2,19.3,76.5,0.1,2.3,0.1,21.6,,,,,,
2018-07-07,20.4,24.5,17.8,63.5,0.0,2.3,5.6,22.9,,,,,,
2018-07-08,19.5,22.3,17.6,70.1,0.0,1.8,0.0,20.9,,,,,,
2018-07-09,19.0,20.1,17.8,89.8,3.0,1.5,0.0,20.0,,,,,,
2018-07-10,24.8,31.4,18.8,78.0,0.0,1.1,3.8,24.8,,,,,,
2018-07-11,28.1,34.5,22.8,73.3,0.0,0.9,4.4,29.2,,,,,,
2018-07-12,29.2,35.0,23.9,69.9,0.0,1.2,10.6,31.3,,,,,,
2018-07-13,29.9,35.3,25.4,65.9,0.0,1.3,12.5,33.1,,,,,,
2018-07-14,29.9,36.8,24.0,62.3,0.0,1.6,12.9,34.4,,,,,,
2018-07-15,30.3,37.2,23.3,62.9,0.0,1.3,12.8,35.0,,,,,,
2018-07-16,30.6,37.5,23.5,61.0,0.0,1.4,12.6,34.7,,,,,,
2018-07-17,30.3,36.8,24.1,61.1,0.0,1.5,12.0,35.3,,,,,,
2018-07-18,30.1,36.7,23.3,63.6,0.0,1.3,12.1,35.9,,,,,,
2018-07-19,30.3,37.3,23.9,64.6,0.0,1.1,11.8,35.7,,,,,,
2018-07-20,30.8,38.4,23.5,60.3,0.0,1.3,12.2,36.5,,,,,,
2018-07-21,30.8,37.8,23.7,62.6,0.0,1.4,12.3,37.4,,,,,,
2018-07-22,30.6,36.6,24.5,60.0,0.0,1.6,10.5,35.9,,,,,,
2018-07-23,31.2,38.2,24.4,58.1,0.0,1.4,12.9,37.6,,,,,,
2018-07-24,31.3,38.9,25.1,60.8,0.0,1.4,11.3,38.4,,,,,,
2018-07-25,31.8,38.9,25.3,59.9,0.0,1.4,10.4,37.0,,,,,,
2018-07-26,31.9,39.1,26.3,60.6,0.0,1.3,9.5,38.5,,,,,,
2018-07-27,31.1,37.9,26.4,65.1,0.0,1.7,9.3,36.5,,,,,,
2018-07-28,28.8,33.2,25.5,68.8,0.0,1.7,7.2,34.4,,,,,,
2018-07-29,28.8,35.7,22.9,62.1,0.0,2.2,7.5,32.6,,,,,,
2018-07-30,27.9,32.6,25.1,70.3,0.5,2.1,7.5,31.9,,,,,,
2018-07-31,28.3,34.3,22.2,66.8,0.0,1.8,12.4,37.0,,,,,,
2018-08-01,29.3,36.9,22.3,61.4,0.0,1.8,12.8,37.9,,,,,,
2018-08-02,29.7,36.6,23.0,61.9,0.0,1.7,12.1,37.8,,,,,,
2018-08-03,31.2,38.6,23.4,55.4,0.0,1.6,12.5,38.5,,,,,,
2018-08-04,31.9,39.1,24.3,54.5,0.0,2.0,10.7,37.1,,,,,,
2018-08-05,32.2,38.0,28.1,50.1,0.0,2.8,10.4,36.5,,,,,,
2018-08-06,29.3,35.5,25.5,67.6,12.0,1.8,4.4,34.0,,,,,,
2018-08-07,27.0,31.3,24.4,75.8,0.0,1.8,4.8,28.4,,,,,,
2018-08-08,27.7,34.7,22.8,71.4,0.0,1.7,10.2,32.6,,,,,,
2018-08-09,27.9,36.3,23.1,72.8,0.1,1.7,6.8,33.6,,,,,,
2018-08-10,25.4,26.9,23.8,89.5,27.5,1.6,0.0,26.5,,,,,,
2018-08-11,26.5,30.3,24.3,77.3,0.1,1.5,2.3,26.9,,,,,,
2018-08-12,27.5,31.9,24.0,78.3,1.5,1.4,3.7,28.6,,,,,,
2018-08-13,29.9,37.6,24.2,71.6,0.0,1.1,11.0,31.6,,,,,,
2018-08-14,29.5,36.2,24.0,66.5,0.0,1.3,11.6,31.7,,,,,,
2018-08-15,27.9,33.9,23.1,75.6,5.5,2.2,9.8,32.6,,,,,,
2018-08-16,25.9,31.5,23.6,76.9,4.0,1.9,1.9,26.9,,,,,,
2018-08-17,24.0,28.1,19.4,59.6,0.0,3.3,8.1,25.1,,,,,,
2018-08-18,22.5,28.5,17.6,65.3,0.0,1.7,9.6,26.4,,,,,,
2018-08-19,23.8,31.2,16.3,65.8,0.0,1.3,11.3,29.1,,,,,,
2018-08-20,25.4,32.6,18.5,65.6,0.0,1.4,11.0,31.0,,,,,,
2018-08-21,28.0,36.0,18.8,60.6,0.0,1.6,12.1,33.0,,,,,,
2018-08-22,29.2,34.3,24.2,63.0,0.0,2.5,9.5,31.6,,,,,,
2018-08-23,27.2,29.1,25.5,80.5,8.5,2.6,0.1,27.2,,,,,,
2018-08-24,28.4,33.5,24.5,67.4,1.5,3.5,5.7,27.1,,,,,,
2018-08-25,24.8,31.9,21.3,76.4,2.5,1.4,4.4,25.4,,,,,,
2018-08-26,20.8,23.0,19.4,96.4,94.0,0.9,0.0,22.0,,,,,,
2018-08-27,23.3,25.6,20.7,96.5,62.0,0.8,0.1,23.1,,,,,,
2018-08-28,25.3,32.6,23.0,89.1,6.0,1.2,2.6,26.6,,,,,,
2018-08-29,27.5,33.2,22.3,72.4,0.0,1.5,8.6,27.5,,,,,,
2018-08-30,27.6,32.2,24.5,76.8,1.5,1.6,4.2,28.4,,,,,,
2018-08-31,23.4,26.5,21.3,89.3,16.5,1.4,0.0,23.9,,,,,,
2018-09-01,23.1,27.5,19.8,75.1,0.0,2.0,7.8,24.2,,,,,,
2018-09-02,21.3,25.7,16.4,77.1,2.5,1.8,4.1,23.1,,,,,,
2018-09-03,24.0,27.6,20.2,91.4,4.0,0.8,0.7,24.4,,,,,,
2018-09-04,23.7,30.4,19.3,72.4,41.5,1.9,8.0,24.3,,,,,,
2018-09-05,23.9,30.5,18.1,56.6,0.0,2.4,11.7,24.2,,,,,,
2018-09-06,21.9,27.9,15.7,74.1,0.1,0.9,1.8,22.4,,,,,,
2018-09-07,22.0,27.1,19.1,76.1,3.0,1.4,1.2,22.3,,,,,,
2018-09-08,19.5,25.1,15.7,76.5,0.0,0.8,2.1,20.9,,,,,,
2018-09-09,20.6,27.2,14.1,70.5,0.0,1.7,10.1,22.7,,,,,,
2018-09-10,19.7,24.9,15.0,68.8,2.0,2.0,9.9,21.5,,,,,,
2018-09-11,19.1,23.9,14.0,67.5,0.0,2.2,5.8,20.3,,,,,,
2018-09-12,20.2,25.1,16.4,73.6,0.0,1.5,4.3,21.0,,,,,,
2018-09-13,20.7,23.8,17.6,85.5,0.5,1.0,0.0,21.1,,,,,,
2018-09-14,21.7,23.6,20.0,92.1,11.5,1.3,0.0,22.2,,,,,,
2018-09-15,22.3,24.8,20.6,87.4,0.5,1.0,0.0,23.0,,,,,,
2018-09-16,24.1,29.5,21.4,74.4,0.0,1.3,3.9,23.8,,,,,,
2018-09-17,22.8,29.0,18.2,70.4,0.0,1.5,6.9,23.9,,,,,,
2018-09-18,22.1,29.3,16.3,72.6,0.0,1.0,9.7,23.9,,,,,,
2018-09-19,21.8,27.0,17.3,80.1,1.0,1.2,2.0,23.1,,,,,,
2018-09-20,20.3,22.1,19.3,88.9,7.5,1.5,0.0,21.4,,,,,,
2018-09-21,19.8,20.6,19.1,94.8,32.0,1.0,0.0,20.8,,,,,,
2018-09-22,20.4,27.2,15.3,76.0,0.0,1.4,8.2,22.4,,,,,,
2018-09-23,19.8,27.5,12.5,67.4,0.0,1.2,10.2,20.8,,,,,,
2018-09-24,16.8,21.8,11.6,72.3,0.0,1.1,0.2,18.5,,,,,,
2018-09-25,15.5,23.4,8.7,74.6,0.0,1.3,9.1,18.7,,,,,,
2018-09-26,17.1,22.6,11.7,66.6,0.0,1.9,6.1,18.3,,,,,,
2018-09-27,15.9,23.5,9.8,69.6,0.0,1.5,9.3,18.2,,,,,,
2018-09-28,15.4,22.2,9.0,77.3,0.0,0.9,1.3,17.5,,,,,,
2018-09-29,18.0,21.4,14.8,82.9,0.5,0.7,0.2,18.6,,,,,,
2018-09-30,19.6,27.2,15.6,60.9,0.5,2.2,6.8,20.7,,,,,,
2018-10-01,16.6,21.5,13.7,50.6,0.1,3.1,6.5,17.5,,,,,,
2018-10-02,15.4,23.5,9.0,67.3,0.0,1.2,10.9,19.2,,,,,,
2018-10-03,15.1,24.5,6.9,72.0,0.0,0.9,10.8,18.9,,,,,,
2018-10-04,17.1,23.6,9.4,72.3,0.5,1.6,8.2,18.9,,,,,,
2018-10-05,18.7,20.1,17.3,95.3,62.5,0.8,0.0,18.6,,,,,,
2018-10-06,20.7,23.4,17.3,85.0,71.0,3.2,1.8,19.8,,,,,,
2018-10-07,18.7,26.2,13.2,69.0,0.0,1.6,9.7,19.5,,,,,,
2018-10-08,15.5,22.3,10.1,53.6,0.0,1.6,10.4,16.2,,,,,,
2018-10-09,15.1,20.6,9.9,76.3,0.0,0.7,2.3,16.6,,,,,,
2018-10-10,14.7,19.5,10.5,63.9,0.0,2.3,5.2,15.8,,,,,,
2018-10-11,11.7,17.6,6.0,46.3,0.0,2.8,10.1,13.7,,,,,,
2018-10-12,10.7,19.1,2.8,66.8,0.0,1.0,10.7,14.2,,,,,,
2018-10-13,12.9,20.9,6.7,72.4,0.0,0.9,6.9,16.5,,,,,,
2018-10-14,13.2,21.5,5.3,72.8,0.0,0.7,8.9,15.4,,,,,,
2018-10-15,14.5,22.3,8.5,68.8,0.0,1.2,9.8,16.8,,,,,,
2018-10-16,12.9,18.1,7.7,82.5,0.0,0.7,0.5,14.6,,,,,,
2018-10-17,12.7,20.4,8.3,79.6,0.0,1.0,7.1,16.0,,,,,,
2018-10-18,11.8,19.8,4.8,76.8,0.5,1.4,7.3,15.2,,,,,,
2018-10-19,12.7,21.1,7.1,67.5,0.5,1.3,8.3,14.6,,,,,,
2018-10-20,10.4,21.1,3.7,70.8,0.0,0.7,7.7,14.6,,,,,,
2018-10-21,10.5,22.1,1.9,66.6,0.0,0.6,9.9,13.9,,,,,,
2018-10-22,13.0,21.7,4.5,73.1,0.0,0.6,5.8,14.8,,,,,,
2018-10-23,14.9,22.2,9.3,70.6,0.0,1.1,7.2,16.7,,,,,,
2018-10-24,12.5,20.8,6.0,61.4,0.0,1.4,9.7,15.1,,,,,,
2018-10-25,11.5,21.2,2.9,70.8,0.0,0.8,9.7,14.1,,,,,,
2018-10-26,12.0,15.7,7.9,84.3,8.5,1.1,0.0,12.3,,,,,,
2018-10-27,11.7,16.7,7.0,46.0,0.0,3.4,6.3,11.1,,,,,,
2018-10-28,11.0,18.2,1.9,61.3,0.1,2.1,8.0,10.8,,,,,,
2018-10-29,10.0,17.6,4.1,70.6,1.0,1.9,6.3,10.6,,,,,,
2018-10-30,8.5,14.1,4.7,48.0,0.0,2.9,9.8,9.4,,,,,,
2018-10-31,7.5,15.9,0.8,62.9,0.0,1.5,9.5,9.8,,,,,,
2018-11-01,6.8,17.3,-1.1,62.5,0.0,1.2,9.5,9.0,,,,,,
2018-11-02,7.8,19.0,-0.9,64.0,0.0,0.6,9.4,9.4,,,,,,
2018-11-03,8.2,20.1,-0.3,64.0,0.0,0.7,9.0,9.5,,,,,,
2018-11-04,8.8,20.8,0.1,63.9,0.0,0.8,9.0,9.7,,,,,,
2018-11-05,9.9,20.7,0.7,73.3,0.0,0.7,8.9,10.6,,,,,,
2018-11-06,11.5,20.2,4.9,78.1,0.0,0.8,6.3,12.2,,,,,,
2018-11-07,13.7,18.0,9.1,82.4,0.2,0.6,0.0,13.6,,,,,,
2018-11-08,15.0,17.9,12.3,92.8,14.0,1.4,0.0,14.1,,,,,,
2018-11-09,12.8,17.0,5.4,63.0,0.0,2.8,3.8,12.3,,,,,,
2018-11-10,8.8,19.1,1.8,77.3,0.0,0.9,6.2,9.8,,,,,,
2018-11-11,9.7,18.6,2.1,77.9,0.5,0.9,4.1,10.5,,,,,,
2018-11-12,10.5,16.4,5.2,71.4,0.1,1.0,6.7,11.4,,,,,,
2018-11-13,9.8,15.7,4.8,74.5,0.0,1.1,2.1,10.8,,,,,,
2018-11-14,7.9,16.3,1.9,78.6,0.0,0.9,4.6,8.9,,,,,,
2018-11-15,7.5,17.4,1.0,75.8,0.0,0.6,6.3,8.6,,,,,,
2018-11-16,7.0,13.3,2.2,80.8,0.0,0.6,0.0,8.2,,,,,,
2018-11-17,8.5,16.5,3.0,71.9,0.0,0.9,7.8,8.5,,,,,,
2018-11-18,7.9,11.3,3.0,45.1,0.0,1.6,0.1,7.5,,,,,,
2018-11-19,6.7,15.5,1.0,56.6,0.0,1.2,7.5,7.3,,,,,,
2018-11-20,5.5,15.1,-0.9,52.6,0.0,1.0,7.8,6.1,,,,,,
2018-11-21,5.6,12.1,-2.2,58.6,0.0,1.1,2.9,5.8,,,,,,
2018-11-22,4.8,9.8,-1.4,42.8,0.0,2.6,7.7,5.4,,,,,,
2018-11-23,1.0,9.1,-4.9,48.3,0.0,1.3,7.8,2.4,,,,,,
2018-11-24,-0.5,4.5,-5.0,72.9,0.2,0.7,0.4,1.8,,,,,,
2018-11-25,3.9,12.3,-0.7,84.3,0.0,1.3,2.4,5.4,,,,,,
2018-11-26,4.6,15.3,-3.2,73.0,0.0,0.8,6.8,4.8,,,,,,
2018-11-27,5.9,16.5,-3.0,73.5,0.0,1.1,7.5,5.8,,,,,,
2018-11-28,5.7,13.8,-0.7,60.4,0.0,0.8,4.8,6.0,,,,,,
2018-11-29,4.2,12.8,-3.2,57.5,0.0,0.7,5.6,4.7,,,,,,
2018-11-30,5.4,15.0,-2.6,52.8,0.0,1.2,7.4,5.2,,,,,,
2018-12-01,4.9,12.1,0.2,62.5,0.0,0.7,3.0,5.3,,,,,,
2018-12-02,7.0,16.1,-1.7,72.0,0.0,0.6,6.2,6.7,,,,,,
2018-12-03,12.0,16.2,8.8,89.8,2.0,0.4,0.7,11.0,,,,,,
2018-12-04,12.1,16.7,7.8,76.6,13.0,2.4,0.9,11.0,,,,,,
2018-12-05,6.9,11.8,1.1,44.0,0.0,1.9,7.0,7.2,,,,,,
2018-12-06,5.3,7.5,3.8,68.6,2.0,2.5,0.9,6.2,,,,,,
2018-12-07,-2.0,4.1,-5.4,34.3,0.0,4.7,0.5,0.3,,,,,,
2018-12-08,-4.3,-0.1,-7.3,35.1,0.0,3.6,7.6,-2.1,,,,,,
2018-12-09,-3.3,2.3,-7.5,31.3,0.0,2.4,7.1,-2.0,,,,,,
2018-12-10,-2.5,7.0,-10.6,53.6,0.0,0.8,7.7,-0.9,,,,,,
2018-12-11,0.2,2.0,-4.2,82.4,3.5,0.9,0.0,0.8,,,,,,
2018-12-12,-0.4,3.6,-4.1,59.1,0.0,2.6,7.3,1.0,,,,,,
2018-12-13,0.1,6.5,-6.1,53.4,0.0,2.4,6.6,-0.1,,,,,,
2018-12-14,-1.6,3.8,-6.1,43.8,0.0,2.4,7.7,-0.7,,,,,,
2018-12-15,-3.0,5.9,-10.3,54.6,0.0,0.8,7.7,-1.2,,,,,,
2018-12-16,-1.6,2.2,-6.3,82.6,1.0,0.6,0.8,-0.5,,,,,,
2018-12-17,1.8,7.8,-3.9,63.1,0.0,1.9,6.0,1.7,,,,,,
2018-12-18,2.5,9.0,-2.6,57.1,0.0,2.2,6.5,1.3,,,,,,
2018-12-19,3.1,13.1,-4.4,66.8,0.0,0.9,5.4,2.1,,,,,,
2018-12-20,2.7,10.2,-2.6,68.5,0.0,0.4,0.0,3.0,,,,,,
2018-12-21,3.2,13.0,-4.5,71.1,0.0,0.5,7.0,2.8,,,,,,
2018-12-22,5.3,14.8,-2.4,72.1,0.0,0.6,5.8,4.3,,,,,,
2018-12-23,6.8,12.3,2.2,49.9,3.0,2.8,5.3,5.4,,,,,,
2018-12-24,0.7,6.1,-2.6,33.8,0.0,2.5,7.6,1.3,,,,,,
2018-12-25,0.0,6.4,-4.9,52.6,0.0,1.3,2.6,-0.1,,,,,,
2018-12-26,3.4,10.0,-0.6,40.6,0.0,1.7,6.1,2.7,,,,,,
2018-12-27,-3.6,1.4,-8.1,20.9,0.0,4.8,7.6,-0.7,,,,,,
2018-12-28,-6.1,-1.7,-9.5,35.4,0.0,3.8,7.6,-3.4,,,,,,
2018-12-29,-4.5,-0.3,-7.9,30.4,0.0,4.2,7.6,-3.0,,,,,,
2018-12-30,-4.0,1.5,-7.5,36.4,0.0,2.0,7.6,-2.0,,,,,,
2018-12-31,-2.4,6.3,-11.3,36.5,0.0,1.6,7.6,-1.1,,,,,,
2019-01-01,-1.1,3.8,-3.9,48.9,0.0,3.6,5.7,-0.6,,,,,,
2019-01-02,-0.9,4.3,-6.1,37.8,0.0,3.4,7.6,-1.1,,,,,,
2019-01-03,-1.1,6.1,-5.7,32.6,0.0,2.2,7.6,-1.1,,,,,,
2019-01-04,0.0,8.1,-9.6,41.4,0.0,1.8,6.8,-0.7,,,,,,
2019-01-05,1.3,7.1,-6.6,42.8,0.0,2.2,5.1,0.7,,,,,,
2019-01-06,-1.3,7.4,-7.9,38.8,0.0,1.3,5.9,-0.3,,,,,,
2019-01-07,0.7,6.8,-6.7,38.5,0.0,2.2,7.7,-0.4,64.0,47.0,,,,
2019-01-08,1.2,5.7,-2.8,33.3,0.0,4.2,7.2,1.0,51.0,29.0,,,,
2019-01-09,-1.9,4.7,-7.2,34.4,0.0,1.7,6.2,-1.1,37.0,13.0,,,,
2019-01-10,2.0,6.7,-4.1,38.1,0.0,3.0,7.0,1.3,43.0,22.0,,,,
2019-01-11,2.6,9.9,-4.1,60.4,0.0,1.0,6.1,2.3,61.0,40.0,,,,
2019-01-12,2.9,5.0,-0.3,88.9,7.0,1.2,0.0,2.8,45.0,38.0,,,,
2019-01-13,0.6,8.7,-3.6,83.6,0.0,0.8,5.5,3.2,72.0,60.0,,,,
2019-01-14,-0.1,8.8,-6.4,69.8,0.0,0.9,7.0,1.9,86.0,68.0,,,,
2019-01-15,2.1,7.8,-2.6,54.8,0.0,3.0,6.3,1.5,97.0,75.0,,,,
2019-01-16,-2.1,3.3,-6.6,36.8,0.0,3.6,7.8,-1.2,40.0,11.0,,,,
2019-01-17,1.6,5.9,-2.4,47.5,0.0,3.3,4.7,0.5,37.0,22.0,,,,
2019-01-18,1.7,9.1,-3.5,45.0,0.0,1.7,7.9,0.9,66.0,40.0,,,,
2019-01-19,3.7,12.0,-2.8,50.4,0.0,0.7,4.1,2.9,79.0,55.0,,,,
2019-01-20,3.2,7.6,-2.0,37.9,0.4,4.2,7.5,3.0,49.0,32.0,,,,
2019-01-21,1.8,7.6,-3.9,37.9,0.0,4.0,7.8,1.3,23.0,8.0,,,,
2019-01-22,4.0,10.0,-1.8,45.9,0.0,2.4,7.8,2.8,58.0,30.0,,,,
2019-01-23,4.3,11.0,-0.7,38.0,0.0,2.4,7.4,2.1,79.0,49.0,,,,
2019-01-24,0.9,10.0,-6.9,38.8,0.0,1.2,7.9,1.8,42.0,20.0,,,,
2019-01-25,0.4,7.1,-5.9,36.4,0.0,2.5,6.4,0.5,45.0,24.0,,,,
2019-01-26,-0.5,5.1,-5.8,24.6,0.0,2.8,7.9,0.5,50.0,18.0,,,,
2019-01-27,-0.5,8.8,-10.2,37.6,0.0,1.4,8.0,0.4,38.0,23.0,,,,
2019-01-28,3.2,9.3,-2.4,34.9,0.0,3.1,6.6,2.4,67.0,23.0,,,,
2019-01-29,-0.1,10.5,-8.2,45.8,0.0,0.8,8.0,1.6,87.0,26.0,,,,
2019-01-30,4.7,12.4,-4.7,35.6,0.0,1.9,7.3,4.5,66.0,36.0,,,,
2019-01-31,1.2,6.7,-2.8,67.1,4.5,2.3,0.1,0.9,69.0,47.0,,,,
2019-02-01,-0.3,5.1,-5.2,44.3,0.0,4.0,8.5,0.3,34.0,14.0,0.032,0.01,0.5,0.004
2019-02-02,2.5,9.1,-2.5,51.8,0.0,2.0,8.7,2.2,52.0,30.0,0.027,0.023,0.6,0.004
2019-02-03,5.3,8.6,1.3,87.5,4.5,1.5,0.0,4.5,43.0,37.0,0.015,0.022,0.8,0.003
2019-02-04,3.4,8.8,-2.7,32.9,0.0,3.5,8.6,2.9,82.0,29.0,0.034,0.012,0.6,0.003
2019-02-05,1.6,12.1,-7.0,46.6,0.0,0.7,8.6,2.4,84.0,29.0,0.018,0.025,0.7,0.004
2019-02-06,4.9,14.8,-4.0,44.9,0.0,0.8,8.1,4.2,74.0,33.0,0.019,0.026,0.8,0.004
2019-02-07,3.0,8.9,-2.2,43.6,0.0,2.7,5.0,2.8,62.0,35.0,0.024,0.02,0.8,0.004
2019-02-08,-0.5,6.1,-4.6,33.8,0.0,1.7,7.5,2.4,27.0,14.0,0.028,0.02,0.6,0.003
2019-02-09,0.0,4.0,-2.4,23.3,0.0,3.1,8.6,2.2,32.0,14.0,0.03,0.016,0.6,0.003
2019-02-10,0.9,5.8,-4.7,34.1,0.0,1.4,2.8,2.3,33.0,18.0,0.028,0.017,0.7,0.004
2019-02-11,0.6,5.6,-3.3,27.8,0.0,3.4,9.9,2.7,31.0,15.0,0.034,0.015,0.6,0.004
2019-02-12,1.0,7.3,-6.2,37.3,0.0,1.5,8.3,2.3,51.0,34.0,0.031,0.024,0.8,0.005
2019-02-13,2.2,7.4,-3.0,29.9,0.0,2.5,9.3,3.3,69.0,49.0,0.035,0.019,0.8,0.004
2019-02-14,1.6,6.2,-1.6,52.3,0.0,1.3,1.2,2.7,40.0,26.0,0.03,0.018,0.6,0.004
2019-02-15,3.8,10.8,-1.3,55.1,0.0,2.1,4.4,4.7,47.0,33.0,0.025,0.02,0.7,0.004
2019-02-16,1.1,5.0,-1.8,46.4,0.0,3.5,7.6,3.5,51.0,38.0,0.041,0.01,0.8,0.004
2019-02-17,1.5,8.2,-4.2,33.3,0.0,3.4,10.3,2.9,40.0,31.0,0.043,0.01,0.6,0.004
2019-02-18,4.4,10.4,-3.8,27.0,0.0,1.2,4.9,3.8,38.0,24.0,0.02,0.031,0.6,0.006
2019-02-19,3.6,5.7,2.0,86.0,20.5,1.7,0.0,3.8,30.0,25.0,0.014,0.026,0.7,0.003
2019-02-20,3.5,8.2,-0.8,58.9,0.0,3.0,6.8,4.2,50.0,42.0,0.037,0.014,0.6,0.003
2019-02-21,2.7,11.1,-4.3,66.6,0.0,0.8,8.3,4.3,78.0,62.0,0.022,0.027,0.9,0.004
2019-02-22,4.2,13.3,-2.3,62.8,0.0,0.7,5.8,4.2,67.0,53.0,0.022,0.027,0.9,0.004
2019-02-23,3.8,12.7,-2.6,67.9,0.0,1.3,7.8,3.6,56.0,37.0,0.023,0.023,0.7,0.004
2019-02-24,5.3,15.9,-3.9,56.4,0.0,1.4,10.3,5.9,42.0,30.0,0.031,0.019,0.6,0.004
2019-02-25,8.5,16.3,1.4,49.5,0.0,1.8,9.3,8.5,63.0,44.0,0.05,0.02,0.7,0.005
2019-02-26,6.3,15.0,-1.6,59.5,0.0,1.1,9.9,8.4,62.0,39.0,0.031,0.023,0.7,0.004
2019-02-27,8.8,15.2,4.1,60.5,0.0,1.0,3.6,9.8,53.0,32.0,0.035,0.021,0.6,0.003
2019-02-28,8.6,15.5,1.9,65.9,0.3,1.3,7.6,10.8,64.0,46.0,0.038,0.02,0.6,0.004
2019-03-01,6.1,15.8,-2.6,57.3,0.0,1.1,10.0,8.7,94.0,65.0,0.037,0.022,0.8,0.004
2019-03-02,6.7,15.2,-2.5,60.9,0.0,1.2,7.8,8.4,91.0,63.0,0.04,0.022,0.8,0.004
2019-03-03,8.9,15.5,1.7,55.1,0.0,1.2,5.8,9.6,46.0,28.0,0.037,0.018,0.7,0.005
2019-03-04,9.3,17.6,2.8,54.8,0.0,1.2,8.3,12.4,33.0,17.0,0.039,0.019,0.5,0.003
2019-03-05,8.3,16.9,-1.3,54.0,0.0,1.0,5.5,8.8,92.0,62.0,0.032,0.031,0.8,0.005
2019-03-06,10.4,15.7,6.7,49.8,0.0,0.9,4.1,11.7,115.0,86.0,0.04,0.028,0.8,0.004
2019-03-07,7.7,14.3,2.4,56.5,0.0,1.7,5.2,10.6,73.0,53.0,0.047,0.016,0.6,0.003
2019-03-08,6.4,16.9,-2.0,53.5,0.0,1.0,10.4,9.8,51.0,34.0,0.024,0.026,0.7,0.004
2019-03-09,8.5,18.0,-2.4,42.3,0.0,1.2,10.0,10.5,50.0,34.0,0.027,0.028,0.7,0.004
2019-03-10,8.0,10.2,6.0,72.4,6.0,1.3,0.0,8.3,35.0,25.0,0.035,0.016,0.6,0.004
2019-03-11,7.8,15.3,-0.6,65.5,0.0,1.6,5.5,7.8,33.0,22.0,0.034,0.017,0.6,0.003
2019-03-12,8.2,15.6,1.3,53.4,1.0,3.8,7.5,9.7,45.0,27.0,0.05,0.01,0.6,0.003
2019-03-13,4.6,10.4,0.1,30.8,0.0,4.2,9.8,5.6,37.0,8.0,0.041,0.009,0.5,0.004
2019-03-14,5.0,13.6,-3.4,33.6,0.0,1.5,10.3,8.0,35.0,12.0,0.031,0.021,0.6,0.004
2019-03-15,5.7,13.8,-0.7,57.0,0.2,2.0,5.4,7.8,39.0,22.0,0.033,0.019,0.6,0.004
2019-03-16,6.6,13.7,1.7,50.1,0.0,2.1,8.6,9.2,31.0,19.0,0.042,0.012,0.5,0.003
2019-03-17,7.6,14.8,1.4,42.4,0.0,2.6,11.0,11.0,37.0,18.0,0.044,0.012,0.5,0.004
2019-03-18,8.3,17.1,-2.6,48.6,0.0,1.5,7.9,10.3,44.0,24.0,0.029,0.023,0.6,0.005
2019-03-19,12.4,21.6,0.6,40.6,0.0,1.7,10.6,13.4,61.0,34.0,0.042,0.024,0.7,0.005
2019-03-20,11.8,19.4,3.6,59.9,5.5,1.3,0.0,10.8,84.0,51.0,0.037,0.029,0.7,0.005
2019-03-21,13.6,17.9,6.4,59.4,0.5,4.0,8.1,14.0,21.0,13.0,0.048,0.01,0.6,0.003
2019-03-22,7.5,14.0,3.3,38.5,0.0,2.6,9.3,11.3,45.0,31.0,0.044,0.011,0.5,0.003
2019-03-23,5.9,13.8,2.0,45.0,0.5,2.9,7.9,10.5,30.0,13.0,0.044,0.009,0.5,0.004
2019-03-24,6.5,13.9,-3.1,35.1,0.0,2.4,11.1,10.6,29.0,12.0,0.045,0.009,0.5,0.004
2019-03-25,9.2,16.4,0.7,37.1,0.0,2.1,9.3,10.7,61.0,35.0,0.049,0.019,0.6,0.005
2019-03-26,11.0,20.9,2.9,40.8,0.0,2.5,10.5,12.7,71.0,45.0,0.043,0.022,0.6,0.004
2019-03-27,13.2,23.7,0.2,36.6,0.0,2.2,10.1,13.6,58.0,27.0,0.047,0.022,0.6,0.005
2019-03-28,10.3,14.6,6.0,65.9,0.0,2.3,5.3,13.3,43.0,20.0,0.045,0.013,0.5,0.004
2019-03-29,11.6,19.5,4.4,58.3,0.0,1.5,7.0,14.4,49.0,25.0,0.041,0.015,0.5,0.004
2019-03-30,9.2,14.2,5.0,57.6,6.5,3.4,6.6,11.1,38.0,22.0,0.052,0.008,0.4,0.003
2019-03-31,7.0,12.2,3.6,38.3,0.0,3.6,8.8,11.2,38.0,20.0,0.05,0.007,0.4,0.003
2019-04-01,6.0,12.4,1.3,34.6,0.0,3.3,10.9,9.6,31.0,16.0,0.044,0.012,0.4,0.004
2019-04-02,7.1,15.2,-2.9,39.0,0.0,2.1,11.2,12.0,33.0,17.0,0.039,0.019,0.5,0.004
2019-04-03,8.5,16.5,-2.3,32.3,0.0,2.1,11.7,13.0,36.0,18.0,0.044,0.018,0.5,0.004
2019-04-04,12.9,21.6,5.0,18.5,0.0,3.5,11.6,15.1,41.0,20.0,0.064,0.011,0.4,0.005
2019-04-05,14.5,22.8,4.5,25.0,0.0,2.9,10.9,15.5,76.0,27.0,0.058,0.015,0.5,0.004
2019-04-06,15.0,23.9,7.7,26.0,0.0,1.7,11.3,16.9,72.0,16.0,0.047,0.018,0.6,0.005
2019-04-07,12.1,17.8,7.6,56.9,0.0,1.7,1.1,14.0,61.0,19.0,0.043,0.015,0.6,0.005
2019-04-08,11.3,22.1,1.8,47.4,0.0,2.3,11.3,15.7,51.0,14.0,0.037,0.013,0.4,0.003
2019-04-09,8.2,16.6,1.6,59.3,15.0,2.8,4.9,10.9,23.0,9.0,0.04,0.012,0.3,0.002
2019-04-10,8.3,11.1,4.8,74.1,9.5,2.0,0.0,9.3,8.0,4.0,0.04,0.01,0.2,0.002
2019-04-11,10.2,15.3,5.4,61.9,0.0,1.4,6.1,12.8,13.0,6.0,0.032,0.012,0.3,0.002
2019-04-12,11.4,19.9,4.4,51.0,0.0,1.4,9.9,14.0,27.0,13.0,0.036,0.016,0.4,0.003
2019-04-13,12.1,20.2,2.2,46.5,0.0,1.5,10.7,14.9,40.0,26.0,0.041,0.017,0.4,0.003
2019-04-14,11.5,17.2,6.1,45.3,0.0,2.4,3.1,11.3,37.0,20.0,0.046,0.012,0.3,0.002
2019-04-15,13.4,22.7,1.1,30.5,0.0,2.2,11.9,15.7,54.0,15.0,0.049,0.013,0.3,0.003
2019-04-16,16.2,25.6,3.7,30.1,0.0,1.4,10.1,17.5,56.0,18.0,0.039,0.022,0.3,0.003
2019-04-17,16.7,25.4,8.6,37.4,0.0,1.3,7.5,18.4,51.0,19.0,0.042,0.019,0.3,0.005
2019-04-18,18.0,27.4,6.8,45.9,0.0,1.9,10.4,19.3,47.0,22.0,0.046,0.017,0.3,0.003
2019-04-19,11.9,16.9,10.3,55.8,0.0,2.7,0.0,13.5,43.0,14.0,0.044,0.01,0.3,0.002
2019-04-20,16.2,25.1,6.6,51.0,0.0,1.7,11.6,20.0,45.0,20.0,0.048,0.012,0.3,0.003
2019-04-21,18.3,25.3,13.2,54.0,0.0,1.8,3.7,19.1,51.0,28.0,0.052,0.012,0.4,0.004
2019-04-22,15.8,22.7,9.2,63.4,0.0,2.4,11.4,20.8,47.0,26.0,0.04,0.014,0.5,0.005
2019-04-23,16.1,23.3,8.4,69.9,3.0,1.1,0.9,17.0,50.0,26.0,0.032,0.017,0.4,0.003
2019-04-24,18.4,22.3,15.0,82.5,4.0,1.4,0.8,18.5,29.0,22.0,0.031,0.013,0.4,0.003
2019-04-25,13.9,16.9,10.7,64.9,0.0,2.6,0.8,15.2,62.0,19.0,0.047,0.006,0.3,0.002
2019-04-26,10.1,11.9,8.3,89.1,9.0,1.3,0.0,12.0,15.0,9.0,0.037,0.009,0.3,0.002
2019-04-27,11.6,18.6,4.0,57.3,0.0,1.5,10.0,15.0,17.0,8.0,0.035,0.01,0.3,0.003
2019-04-28,12.6,20.6,7.9,60.6,0.0,1.3,5.3,15.3,29.0,17.0,0.031,0.012,0.3,0.003
2019-04-29,10.6,12.5,5.8,90.3,38.5,0.7,0.0,11.2,29.0,21.0,0.015,0.019,0.4,0.003
2019-04-30,14.1,19.0,10.6,86.8,0.5,0.7,1.1,14.8,24.0,15.0,0.022,0.014,0.3,0.002
2019-05-01,16.5,24.7,10.1,,0.0,1.8,8.6,17.6,65.0,29.0,0.042,0.011,0.3,0.003
2019-05-02,17.2,26.4,7.8,47.1,0.0,1.8,11.8,20.8,79.0,27.0,0.043,0.013,0.3,0.003
2019-05-03,17.0,28.0,6.1,49.1,0.0,1.5,12.4,21.4,55.0,24.0,0.035,0.02,0.4,0.004
2019-05-04,18.5,29.6,7.5,56.6,0.0,1.3,11.3,21.7,72.0,40.0,0.05,0.018,0.6,0.007
2019-05-05,20.5,30.2,11.1,44.8,0.0,1.5,9.6,22.1,77.0,47.0,0.057,0.014,0.5,0.005
2019-05-06,13.4,21.4,8.3,57.6,0.0,2.3,8.9,18.8,52.0,25.0,0.046,0.011,0.3,0.003
2019-05-07,13.8,23.2,4.1,48.9,0.0,1.7,12.5,20.3,39.0,15.0,0.035,0.013,0.3,0.003
2019-05-08,16.5,25.4,5.0,34.1,0.0,2.0,10.1,19.6,51.0,22.0,0.045,0.017,0.3,0.003
2019-05-09,19.0,26.0,13.8,24.9,0.0,2.9,11.6,21.1,57.0,22.0,0.073,0.01,0.3,0.004
2019-05-10,18.4,29.8,7.3,37.5,0.0,1.4,12.6,23.2,58.0,32.0,0.063,0.02,0.4,0.004
2019-05-11,19.5,30.4,8.6,41.1,0.0,1.4,12.3,24.0,57.0,37.0,0.067,0.019,0.4,0.005
2019-05-12,16.9,24.7,9.8,57.8,0.0,2.4,11.5,21.5,50.0,30.0,0.067,0.01,0.4,0.003
2019-05-13,18.0,26.1,8.3,62.4,0.0,1.8,10.1,22.4,56.0,40.0,0.051,0.016,0.6,0.006
2019-05-14,21.7,29.4,15.7,57.8,0.0,1.4,9.9,27.0,54.0,41.0,0.049,0.016,0.4,0.004
2019-05-15,21.6,29.4,13.9,59.8,0.0,1.4,9.0,26.1,51.0,37.0,0.046,0.017,0.3,0.004
2019-05-16,21.9,31.3,14.0,50.0,0.0,1.2,10.0,26.9,47.0,33.0,0.048,0.017,0.3,0.004
2019-05-17,21.5,28.9,11.8,47.5,0.0,1.8,7.8,25.0,35.0,21.0,0.047,0.015,0.3,0.005
2019-05-18,17.7,20.9,16.5,85.8,12.0,2.1,0.0,18.5,23.0,17.0,0.037,0.011,0.4,0.004
2019-05-19,19.6,23.9,16.4,80.0,1.0,2.2,0.9,19.9,25.0,17.0,0.039,0.009,0.3,0.004
2019-05-20,18.8,23.6,13.6,59.4,1.0,2.7,5.2,19.5,30.0,12.0,0.039,0.008,0.2,0.003
2019-05-21,17.8,26.3,9.9,36.3,0.0,2.6,13.0,22.2,33.0,8.0,0.05,0.009,0.3,0.004
2019-05-22,19.6,30.1,7.1,39.4,0.0,1.8,12.9,25.1,41.0,18.0,0.047,0.017,0.3,0.004
2019-05-23,21.2,31.5,10.5,43.9,0.0,1.8,12.4,26.5,50.0,26.0,0.057,0.017,0.4,0.004
2019-05-24,24.0,35.6,10.6,46.1,0.0,1.4,12.8,28.8,65.0,38.0,0.068,0.021,0.4,0.004
2019-05-25,24.9,32.9,16.0,40.0,0.0,2.1,9.1,28.3,60.0,37.0,0.06,0.017,0.4,0.003
2019-05-26,24.2,33.3,15.3,38.8,0.0,1.9,10.6,29.7,45.0,25.0,0.058,0.011,0.3,0.004
2019-05-27,20.9,23.0,17.7,74.0,8.0,2.0,0.0,20.0,17.0,14.0,0.048,0.008,0.2,0.004
2019-05-28,19.3,24.9,14.6,43.0,0.0,3.0,10.8,20.7,20.0,8.0,0.049,0.007,0.2,0.003
2019-05-29,21.8,30.7,9.8,34.3,0.0,2.4,13.0,25.9,33.0,14.0,0.059,0.012,0.3,0.004
2019-05-30,23.6,31.6,13.7,27.5,0.0,2.5,9.6,28.8,34.0,16.0,0.067,0.011,0.3,0.004
2019-05-31,20.3,26.5,14.8,47.5,1.0,2.3,8.0,24.4,23.0,15.0,0.068,0.008,0.3,0.003
2019-06-01,20.6,27.9,12.5,48.3,0.0,1.8,11.9,25.6,32.0,20.0,0.056,0.01,0.3,0.003
2019-06-02,21.8,30.8,11.8,47.0,0.0,1.4,12.6,28.7,30.0,20.0,0.051,0.012,0.3,0.003
2019-06-03,24.0,33.2,13.0,48.0,0.0,1.3,12.8,30.1,53.0,35.0,0.071,0.016,0.4,0.005
2019-06-04,25.8,35.5,15.5,48.4,0.0,1.4,12.2,32.2,64.0,43.0,0.071,0.015,0.4,0.005
2019-06-05,25.3,34.3,17.9,47.1,0.0,2.0,13.0,32.3,49.0,31.0,0.062,0.015,0.4,0.006
2019-06-06,24.2,32.6,17.2,58.0,8.5,1.4,3.7,26.9,54.0,39.0,0.052,0.013,0.4,0.006
2019-06-07,19.0,21.6,17.6,89.8,21.5,1.5,0.1,19.8,9.0,7.0,0.057,0.009,0.3,0.003
2019-06-08,19.9,25.3,16.3,73.4,0.0,1.9,11.0,23.7,30.0,19.0,0.041,0.01,0.4,0.004
2019-06-09,18.1,21.9,14.1,68.9,0.0,2.3,6.5,22.0,25.0,16.0,0.041,0.006,0.3,0.004
2019-06-10,18.3,23.2,14.4,63.1,0.0,2.0,5.9,23.6,12.0,6.0,0.039,0.007,0.2,0.003
2019-06-11,18.9,24.2,13.8,62.6,0.0,1.9,11.8,26.1,13.0,7.0,0.042,0.007,0.2,0.003
2019-06-12,20.0,26.5,16.2,60.5,0.0,1.9,10.6,26.6,21.0,11.0,0.039,0.009,0.3,0.005
2019-06-13,21.6,30.0,12.5,57.0,0.0,1.5,12.2,28.7,25.0,18.0,0.044,0.013,0.3,0.005
2019-06-14,18.9,23.0,15.1,75.1,0.5,0.9,0.0,20.5,47.0,34.0,0.02,0.024,0.4,0.004
2019-06-15,20.6,29.4,16.2,74.8,13.0,1.4,6.3,25.0,30.0,23.0,0.04,0.009,0.3,0.003
2019-06-16,19.7,26.9,14.8,74.0,0.0,2.1,8.8,23.3,17.0,11.0,0.037,0.007,0.3,0.003
2019-06-17,23.5,30.2,16.7,56.0,0.0,1.6,9.6,27.7,25.0,16.0,0.047,0.01,0.3,0.004
2019-06-18,23.2,30.4,16.7,63.6,0.1,2.0,5.8,26.3,35.0,24.0,0.048,0.012,0.3,0.003
2019-06-19,24.1,29.9,18.0,62.3,0.0,1.8,10.2,28.4,40.0,33.0,0.061,0.011,0.4,0.003
2019-06-20,26.8,33.3,19.0,53.9,0.0,1.9,11.0,31.6,45.0,36.0,0.079,0.01,0.4,0.004
2019-06-21,24.2,32.8,18.4,64.9,9.0,2.6,10.3,31.0,44.0,33.0,0.069,0.009,0.4,0.004
2019-06-22,20.9,25.8,17.1,63.8,0.0,2.1,9.1,25.2,13.0,7.0,0.045,0.007,0.3,0.003
2019-06-23,20.1,26.1,13.5,67.3,0.0,1.6,8.6,25.3,12.0,6.0,0.039,0.007,0.3,0.003
2019-06-24,21.8,28.6,15.4,66.4,0.0,1.9,11.5,28.1,16.0,11.0,0.037,0.012,0.4,0.005
2019-06-25,23.8,31.7,15.9,65.4,0.0,1.9,12.4,30.5,33.0,23.0,0.047,0.016,0.5,0.006
2019-06-26,19.9,24.0,16.6,87.5,77.0,1.1,1.2,21.3,36.0,31.0,0.023,0.022,0.4,0.005
2019-06-27,24.2,30.0,21.5,83.4,67.0,1.3,2.0,24.0,12.0,8.0,0.028,0.01,0.3,0.003
2019-06-28,22.1,24.3,20.9,85.3,4.0,2.5,0.8,22.7,26.0,19.0,0.031,0.014,0.5,0.005
2019-06-29,21.3,22.5,20.6,90.4,41.5,1.1,0.0,22.0,33.0,29.0,0.025,0.014,0.4,0.004
2019-06-30,25.3,31.4,21.0,74.5,0.0,1.7,7.0,25.4,24.0,21.0,0.042,0.009,0.4,0.004
2019-07-01,23.4,27.3,19.4,77.4,0.0,1.1,0.2,23.6,40.0,32.0,0.03,0.014,0.5,0.004
2019-07-02,24.3,31.3,17.1,64.8,0.0,1.7,12.6,26.2,29.0,21.0,0.041,0.012,0.4,0.004
2019-07-03,23.8,30.3,17.8,69.1,0.0,1.1,6.0,25.6,37.0,29.0,0.045,0.014,0.5,0.005
2019-07-04,24.7,32.7,17.5,65.6,0.0,1.5,10.5,27.5,46.0,35.0,0.047,0.015,0.6,0.005
2019-07-05,25.1,32.2,18.4,62.4,0.0,1.8,11.7,30.4,43.0,33.0,0.053,0.016,0.6,0.006
2019-07-06,23.3,29.2,16.4,64.8,0.0,2.6,13.0,29.6,27.0,19.0,0.043,0.007,0.3,0.004
2019-07-07,22.5,27.1,19.7,65.9,0.2,2.5,6.8,26.8,17.0,12.0,0.045,0.006,0.3,0.003
2019-07-08,21.7,26.1,18.4,71.5,0.0,2.0,5.6,27.6,12.0,8.0,0.036,0.008,0.2,0.003
2019-07-09,21.1,25.7,17.3,73.5,0.0,1.7,0.5,23.0,13.0,9.0,0.029,0.009,0.3,0.003
2019-07-10,22.0,23.1,20.1,79.1,17.5,2.6,0.0,22.3,12.0,8.0,0.034,0.007,0.2,0.003
2019-07-11,24.0,27.6,21.2,79.8,1.0,1.9,1.0,24.0,10.0,5.0,0.032,0.009,0.3,0.003
2019-07-12,24.5,29.7,21.1,69.0,0.0,2.0,5.2,24.8,17.0,10.0,0.036,0.011,0.3,0.003
2019-07-13,24.0,29.2,19.5,73.1,0.0,0.8,3.8,24.0,30.0,20.0,0.032,0.013,0.3,0.004
2019-07-14,24.1,29.0,20.0,72.1,0.0,1.9,9.3,29.1,32.0,25.0,0.04,0.008,0.4,0.004
2019-07-15,23.1,26.4,20.9,79.5,1.0,1.3,0.3,24.8,31.0,23.0,0.033,0.012,0.5,0.005
2019-07-16,24.0,28.9,20.8,77.0,1.0,1.8,7.9,27.5,26.0,19.0,0.03,0.011,0.4,0.005
2019-07-17,24.1,29.1,18.7,74.9,0.0,1.5,7.2,28.4,21.0,15.0,0.027,0.013,0.4,0.005
2019-07-18,24.3,28.6,21.6,80.9,5.5,0.9,1.7,25.8,28.0,22.0,0.029,0.016,0.3,0.004
2019-07-19,24.5,27.8,21.7,86.3,2.5,1.2,0.0,24.3,21.0,15.0,0.011,0.012,0.3,0.004
2019-07-20,24.9,27.2,23.8,88.0,60.5,3.4,0.1,24.9,5.0,3.0,0.016,0.006,0.3,0.004
2019-07-21,25.6,28.5,23.5,83.4,11.5,1.6,0.0,24.8,10.0,6.0,0.034,0.006,0.3,0.004
2019-07-22,28.2,34.0,23.1,72.0,0.0,1.9,9.6,28.5,34.0,27.0,0.038,0.011,0.4,0.004
2019-07-23,30.0,35.3,24.3,68.0,0.0,1.9,9.3,31.4,27.0,21.0,0.035,0.01,0.4,0.005
2019-07-24,28.2,31.6,25.5,70.3,0.0,2.0,1.3,28.7,21.0,15.0,0.029,0.01,0.4,0.005
2019-07-25,26.7,29.5,23.9,84.1,5.0,1.2,0.0,25.8,30.0,24.0,0.023,0.013,0.5,0.005
2019-07-26,29.0,32.6,26.5,71.5,0.0,1.7,4.2,28.7,20.0,15.0,0.035,0.007,0.4,0.005
2019-07-27,28.4,31.8,25.0,76.5,0.0,1.2,0.5,28.1,23.0,19.0,0.028,0.01,0.4,0.005
2019-07-28,29.2,33.3,26.1,68.5,0.0,1.9,3.7,29.3,10.0,7.0,0.024,0.005,0.3,0.005
2019-07-29,28.9,34.3,23.6,68.6,0.0,1.5,8.4,29.9,14.0,9.0,0.026,0.008,0.4,0.005
2019-07-30,29.9,34.7,23.9,65.1,0.0,2.1,10.5,32.3,15.0,9.0,0.025,0.008,0.3,0.005
2019-07-31,30.7,36.0,26.2,63.1,0.0,2.2,11.4,33.0,13.0,8.0,0.03,0.007,0.3,0.003
2019-08-01,30.3,36.1,26.5,64.8,0.0,1.8,11.4,35.7,16.0,11.0,0.029,0.01,0.3,0.003
2019-08-02,30.5,37.2,24.6,64.1,0.0,1.5,11.4,35.6,20.0,12.0,0.034,0.011,0.4,0.003
2019-08-03,28.8,35.7,23.8,69.6,0.0,1.7,10.4,35.0,27.0,20.0,0.049,0.011,0.5,0.005
2019-08-04,29.6,36.7,23.2,66.4,0.0,1.4,10.3,35.2,34.0,27.0,0.038,0.012,0.6,0.006
2019-08-05,28.8,36.5,23.3,64.6,0.0,1.6,11.7,35.6,29.0,21.0,0.033,0.009,0.5,0.003
2019-08-06,25.5,30.6,21.8,78.9,21.5,2.2,1.8,28.8,17.0,8.0,0.024,0.007,0.4,0.002
2019-08-07,27.8,34.1,24.0,77.5,9.5,1.8,3.2,28.3,22.0,18.0,0.038,0.009,0.4,0.003
2019-08-08,28.1,35.4,23.3,78.5,8.0,1.1,6.6,29.0,39.0,24.0,0.023,0.013,0.5,0.002
2019-08-09,29.3,36.1,24.1,74.1,0.0,1.1,9.2,30.5,28.0,15.0,0.034,0.011,0.5,0.003
2019-08-10,28.0,32.2,24.0,73.1,0.0,2.3,11.6,30.2,29.0,17.0,0.028,0.011,0.4,0.004
2019-08-11,29.0,33.1,25.8,68.5,0.0,2.8,10.9,32.8,21.0,12.0,0.035,0.006,0.3,0.003
2019-08-12,30.0,35.5,25.4,66.9,0.0,1.9,10.8,35.7,22.0,10.0,0.027,0.008,0.4,0.003
2019-08-13,29.0,34.5,23.6,69.5,0.0,1.9,11.8,34.5,18.0,7.0,0.023,0.009,0.4,0.003
2019-08-14,28.7,32.3,25.8,70.5,0.7,2.6,3.6,30.8,19.0,8.0,0.023,0.008,0.4,0.002
2019-08-15,27.1,29.4,25.5,82.6,15.0,2.0,0.1,27.1,6.0,2.0,0.021,0.005,0.4,0.002
2019-08-16,28.2,32.6,25.2,68.9,0.0,2.4,4.0,28.7,11.0,4.0,0.032,0.008,0.4,0.002
2019-08-17,28.3,34.6,21.3,60.6,0.0,1.7,11.7,30.7,27.0,15.0,0.056,0.009,0.5,0.003
2019-08-18,28.0,34.3,23.4,59.1,0.0,1.6,9.8,32.1,35.0,24.0,0.063,0.008,0.5,0.004
2019-08-19,26.1,31.0,22.4,73.6,0.0,1.7,4.2,28.2,37.0,24.0,0.05,0.01,0.5,0.003
2019-08-20,26.0,30.3,22.3,67.9,0.0,2.0,8.7,31.2,25.0,13.0,0.044,0.008,0.4,0.002
2019-08-21,25.7,28.8,23.6,80.1,14.0,1.1,0.6,28.1,20.0,10.0,0.031,0.011,0.5,0.002
2019-08-22,25.7,30.3,23.5,85.6,85.0,1.2,2.5,26.3,10.0,6.0,0.024,0.011,0.4,0.002
2019-08-23,25.3,30.7,20.7,69.3,0.0,1.6,6.6,25.8,38.0,25.0,0.043,0.012,0.6,0.003
2019-08-24,23.0,28.2,18.3,75.5,0.0,1.4,3.6,24.6,37.0,20.0,0.03,0.012,0.5,0.003
2019-08-25,23.4,30.8,17.9,73.4,0.0,1.2,8.0,26.5,26.0,15.0,0.033,0.01,0.5,0.004
2019-08-26,24.3,31.6,17.5,71.1,0.0,1.3,9.6,27.7,29.0,20.0,0.043,0.012,0.5,0.004
2019-08-27,22.5,23.9,20.7,88.5,17.0,1.0,0.0,23.8,26.0,19.0,0.033,0.011,0.5,0.003
2019-08-28,23.2,27.2,21.1,85.4,3.5,1.0,0.3,24.1,25.0,15.0,0.027,0.015,0.5,0.003
2019-08-29,22.6,25.4,20.0,85.0,0.2,1.0,0.0,22.8,38.0,23.0,0.018,0.016,0.5,0.004
2019-08-30,23.3,30.0,17.7,69.5,0.0,1.9,10.6,24.9,29.0,15.0,0.032,0.011,0.5,0.003
2019-08-31,22.8,29.4,15.9,69.5,0.0,1.5,11.4,25.6,25.0,14.0,0.031,0.013,0.4,0.003
2019-09-01,21.7,27.1,17.7,80.0,1.5,0.7,0.7,22.8,29.0,18.0,0.024,0.012,0.5,0.003
2019-09-02,20.7,22.7,19.7,89.0,5.5,0.6,0.0,22.4,30.0,20.0,0.021,0.015,0.5,0.004
2019-09-03,21.9,25.0,19.9,91.3,33.0,0.8,0.0,22.8,22.0,15.0,0.02,0.017,0.7,0.004
2019-09-04,24.1,27.4,21.9,87.3,1.0,1.1,0.0,24.5,24.0,12.0,0.02,0.013,0.5,0.003
2019-09-05,25.6,32.1,21.7,84.5,2.0,0.8,4.8,26.4,29.0,16.0,0.017,0.012,0.4,0.003
2019-09-06,26.4,30.0,22.4,80.4,0.0,1.7,2.3,26.5,27.0,13.0,0.016,0.01,0.4,0.004
2019-09-07,26.8,30.1,24.0,75.6,3.5,3.1,1.7,25.7,11.0,3.0,0.021,0.005,0.3,0.003
2019-09-08,25.6,31.7,21.4,78.5,0.0,0.9,3.3,26.4,24.0,8.0,0.023,0.008,0.4,0.003
2019-09-09,26.5,31.8,23.5,77.1,0.0,1.2,,26.5,27.0,9.0,0.025,0.013,0.6,0.005
2019-09-10,26.8,32.0,23.1,73.3,0.0,1.3,5.1,27.1,37.0,18.0,0.037,0.012,0.5,0.004
2019-09-11,24.8,30.3,22.2,74.6,0.0,2.5,6.5,26.7,29.0,16.0,0.043,0.008,0.5,0.004
2019-09-12,20.8,23.2,18.7,77.9,4.5,1.7,0.0,21.8,20.0,9.0,0.03,0.007,0.4,0.003
2019-09-13,20.5,25.9,16.0,76.1,0.0,1.6,8.9,22.1,20.0,8.0,0.024,0.006,0.3,0.003
2019-09-14,22.2,29.4,13.6,73.4,0.0,1.1,6.2,24.5,18.0,9.0,0.023,0.007,0.4,0.003
2019-09-15,23.0,27.8,17.5,75.3,0.0,1.8,6.1,26.1,16.0,6.0,0.029,0.007,0.3,0.003
2019-09-16,20.7,27.6,15.6,70.6,0.0,1.4,10.8,25.2,14.0,5.0,0.026,0.008,0.4,0.003
2019-09-17,19.8,26.9,13.4,69.5,0.0,1.7,11.2,24.2,19.0,7.0,0.027,0.01,0.4,0.003
2019-09-18,20.9,30.2,14.3,67.3,0.0,1.5,9.8,24.9,26.0,8.0,0.032,0.009,0.4,0.003
2019-09-19,19.7,25.1,15.3,64.8,0.0,1.8,10.8,24.7,27.0,8.0,0.029,0.01,0.4,0.004
2019-09-20,19.5,23.5,14.0,70.6,0.0,1.9,1.7,21.6,19.0,5.0,0.027,0.009,0.3,0.003
2019-09-21,18.8,21.8,16.7,86.9,56.0,2.1,0.0,19.2,12.0,5.0,0.04,0.008,0.4,0.003
2019-09-22,18.8,19.7,17.1,80.9,48.5,4.4,0.0,17.8,3.0,2.0,0.056,0.004,0.3,0.003
2019-09-23,18.5,21.9,16.3,76.0,0.5,1.6,0.1,19.0,12.0,5.0,0.033,0.009,0.4,0.003
2019-09-24,18.0,26.7,12.3,73.1,0.0,1.1,9.3,20.9,21.0,11.0,0.023,0.012,0.4,0.003
2019-09-25,17.9,25.4,10.1,73.4,0.0,1.1,7.1,19.0,27.0,13.0,0.021,0.015,0.6,0.006
2019-09-26,20.4,26.7,15.5,77.4,0.0,1.5,6.9,21.6,23.0,10.0,0.027,0.011,0.4,0.004
2019-09-27,21.7,26.6,17.1,78.9,0.5,1.3,4.6,22.7,24.0,10.0,0.03,0.01,0.4,0.004
2019-09-28,22.8,26.5,20.6,85.5,0.5,0.7,1.2,23.5,31.0,19.0,0.02,0.012,0.5,0.003
2019-09-29,23.8,30.5,18.4,75.5,0.0,1.0,9.1,25.0,32.0,21.0,0.026,0.01,0.5,0.003
2019-09-30,23.2,30.9,16.0,76.1,0.0,0.7,7.1,24.4,38.0,26.0,0.029,0.013,0.4,0.004
2019-10-01,23.0,25.8,21.3,86.4,0.4,0.7,0.0,23.1,58.0,46.0,0.013,0.018,0.5,0.005
2019-10-02,21.7,23.1,20.9,93.0,121.5,1.3,0.0,21.6,17.0,12.0,0.015,0.012,0.3,0.004
2019-10-03,22.6,26.7,18.3,81.1,6.0,2.3,3.0,22.2,7.0,4.0,0.026,0.007,0.3,0.003
2019-10-04,20.7,28.1,15.7,81.6,0.0,1.2,7.1,21.3,26.0,10.0,0.023,0.01,0.4,0.004
2019-10-05,21.0,25.8,17.7,73.4,0.0,1.7,2.6,21.8,38.0,20.0,0.034,0.007,0.4,0.003
2019-10-06,16.6,21.2,11.9,65.5,0.0,2.2,6.7,18.0,17.0,5.0,0.036,0.006,0.3,0.003
2019-10-07,15.4,18.8,12.1,87.9,6.5,0.9,0.0,17.4,17.0,8.0,0.016,0.012,0.4,0.004
2019-10-08,17.5,23.5,13.0,58.3,0.0,3.2,9.0,18.0,14.0,10.0,0.042,0.008,0.4,0.004
2019-10-09,13.5,22.2,6.0,61.8,0.0,1.4,10.4,15.6,,,0.022,0.014,0.4,0.004
2019-10-10,15.1,24.1,6.0,69.3,0.0,0.9,9.8,17.9,33.0,14.0,0.019,0.015,0.4,0.004
2019-10-11,18.6,25.4,12.9,65.1,0.0,1.5,10.4,20.5,25.0,10.0,0.027,0.013,0.4,0.003
2019-10-12,18.9,23.5,13.1,53.5,0.0,3.1,10.2,24.3,31.0,9.0,0.043,0.006,0.4,0.002
2019-10-13,14.6,21.1,8.7,69.3,0.0,1.8,10.1,22.3,24.0,5.0,0.03,0.008,0.4,0.002
2019-10-14,15.1,23.2,7.0,72.1,0.0,1.3,9.5,19.0,31.0,12.0,0.025,0.012,0.4,0.003
2019-10-15,13.6,18.2,7.9,73.4,1.0,2.0,3.5,18.8,23.0,8.0,0.028,0.01,0.3,0.002
2019-10-16,11.7,21.1,5.3,78.8,0.0,0.8,7.5,19.3,27.0,12.0,0.018,0.013,0.4,0.003
2019-10-17,13.0,20.3,7.2,78.3,0.0,1.2,1.9,15.3,31.0,16.0,0.018,0.013,0.4,0.003
2019-10-18,14.5,17.7,10.9,87.8,4.0,1.2,0.0,14.5,19.0,7.0,0.022,0.014,0.4,0.003
2019-10-19,16.7,23.7,11.9,80.8,3.0,1.0,6.4,20.6,19.0,10.0,0.028,0.009,0.3,0.003
2019-10-20,15.0,23.6,10.0,79.9,0.0,0.7,6.8,20.5,21.0,9.0,0.021,0.011,0.4,0.003
2019-10-21,14.4,22.4,10.2,79.3,0.0,1.3,6.7,20.5,24.0,12.0,0.022,0.011,0.4,0.003
2019-10-22,15.2,23.4,8.9,75.9,0.0,1.2,8.2,19.4,23.0,7.0,0.021,0.015,0.4,0.003
2019-10-23,15.9,20.7,10.1,75.6,0.0,1.7,1.5,16.5,31.0,10.0,0.032,0.011,0.4,0.003
2019-10-24,17.5,20.5,14.3,74.1,0.0,1.8,0.0,16.6,24.0,10.0,0.035,0.01,0.4,0.003
2019-10-25,18.0,25.1,13.9,71.1,0.0,1.5,5.4,20.2,22.0,7.0,0.036,0.01,0.4,0.003
2019-10-26,14.5,19.5,10.4,57.4,0.0,2.5,8.6,17.3,31.0,12.0,0.035,0.01,0.5,0.003
2019-10-27,10.9,18.2,4.2,56.4,0.0,2.3,9.7,14.6,27.0,10.0,0.033,0.011,0.5,0.003
2019-10-28,9.8,19.3,1.0,69.8,0.0,0.9,9.6,12.6,41.0,20.0,0.018,0.02,0.6,0.004
2019-10-29,12.3,20.0,5.0,64.1,0.0,1.5,6.2,13.6,97.0,28.0,0.025,0.015,0.5,0.003
2019-10-30,12.5,19.3,5.9,54.8,0.0,2.1,9.6,15.0,40.0,11.0,0.03,0.014,0.4,0.003
2019-10-31,14.5,22.0,6.8,59.5,0.0,2.1,9.3,14.1,50.0,19.0,0.033,0.02,0.5,0.004
2019-11-01,14.7,23.3,9.1,67.6,0.0,1.4,8.5,15.0,111.0,42.0,0.035,0.025,0.7,0.004
2019-11-02,13.4,21.4,6.8,76.5,0.0,0.6,5.6,14.7,67.0,28.0,0.019,0.02,0.6,0.003
2019-11-03,14.0,22.2,8.0,78.9,6.5,1.0,6.0,16.0,61.0,32.0,0.025,0.013,0.6,0.004
2019-11-04,12.5,18.1,5.5,69.0,0.0,1.2,3.1,13.5,23.0,5.0,0.025,0.013,0.4,0.003
2019-11-05,10.7,20.1,2.6,70.4,0.0,1.4,8.7,11.0,33.0,14.0,0.021,0.016,0.5,0.004
2019-11-06,10.7,20.1,3.3,71.4,0.0,0.6,8.5,11.5,58.0,32.0,0.019,0.025,0.6,0.004
2019-11-07,11.5,18.9,4.9,59.3,0.0,2.1,6.2,11.5,48.0,22.0,0.031,0.019,0.5,0.004
2019-11-08,7.8,17.2,1.3,56.1,0.0,1.3,8.6,9.5,53.0,24.0,0.021,0.022,0.5,0.004
2019-11-09,6.9,18.1,-1.2,60.3,0.0,1.2,8.7,8.5,52.0,29.0,0.016,0.023,0.5,0.003
2019-11-10,7.4,15.2,-0.1,72.9,7.0,0.8,2.2,9.0,49.0,27.0,0.012,0.022,0.5,0.004
2019-11-11,12.7,17.7,8.8,67.9,0.0,2.5,5.7,10.9,25.0,11.0,0.038,0.012,0.6,0.003
2019-11-12,9.2,18.2,3.7,75.8,0.0,0.8,8.2,9.8,50.0,24.0,0.02,0.022,0.6,0.004
2019-11-13,8.6,14.1,1.7,70.6,0.0,1.6,0.0,8.7,47.0,26.0,0.01,0.024,0.6,0.004
2019-11-14,4.0,10.1,-2.8,37.3,0.0,3.4,8.1,4.6,32.0,10.0,0.026,0.012,0.4,0.003
2019-11-15,5.4,16.4,-5.0,62.4,0.0,0.7,7.9,5.6,46.0,18.0,0.014,0.025,0.5,0.004
2019-11-16,10.4,19.3,2.5,74.5,0.0,0.6,6.5,9.6,59.0,27.0,0.016,0.023,0.6,0.004
2019-11-17,11.0,15.3,4.6,85.8,0.0,1.0,0.0,9.8,64.0,34.0,0.009,0.023,0.8,0.005
2019-11-18,10.7,20.1,4.4,60.5,12.5,4.4,2.5,10.5,63.0,13.0,0.034,0.008,0.5,0.003
2019-11-19,4.6,8.7,1.6,53.3,0.0,3.5,7.2,4.3,34.0,8.0,0.031,0.008,0.3,0.004
2019-11-20,2.9,10.3,-2.3,47.0,0.0,2.0,7.8,2.4,28.0,9.0,0.023,0.016,0.4,0.004
2019-11-21,4.8,14.4,-5.2,59.3,0.0,0.7,7.7,4.7,32.0,14.0,0.011,0.024,0.5,0.005
2019-11-22,8.4,18.2,0.8,76.3,0.0,1.0,7.6,7.7,35.0,15.0,0.013,0.022,0.5,0.004
2019-11-23,10.3,19.1,3.5,77.8,0.0,0.5,7.8,9.3,39.0,19.0,0.011,0.02,0.6,0.005
2019-11-24,13.1,21.0,7.4,75.5,0.0,1.3,4.3,11.9,42.0,22.0,0.014,0.02,0.5,0.005
2019-11-25,8.9,13.5,6.8,67.6,0.0,2.6,0.2,9.1,19.0,7.0,0.028,0.009,0.2,0.003
2019-11-26,8.6,13.7,3.3,70.8,0.0,1.3,4.9,8.5,21.0,7.0,0.023,0.016,0.2,0.004
2019-11-27,6.0,11.3,1.0,63.6,0.0,1.4,0.5,6.6,34.0,16.0,0.014,0.019,0.3,0.004
2019-11-28,4.9,10.4,0.4,76.9,0.0,1.2,0.6,6.4,33.0,17.0,0.012,0.02,0.3,0.004
2019-11-29,3.3,11.7,-1.6,62.4,0.0,1.4,7.7,4.1,30.0,14.0,0.013,0.021,0.3,0.004
2019-11-30,5.2,13.3,-0.8,69.3,0.0,0.6,2.5,6.2,48.0,25.0,0.007,0.028,0.4,0.005
2019-12-01,6.8,9.9,4.3,78.4,23.0,1.3,0.0,7.2,39.0,25.0,0.013,0.021,0.3,0.004
2019-12-02,4.3,7.9,0.5,53.5,0.5,4.5,6.5,4.0,25.0,11.0,0.033,0.008,0.2,0.004
2019-12-03,3.5,9.2,-3.2,57.6,0.0,2.5,7.1,3.2,23.0,9.0,0.027,0.013,0.2,0.004
2019-12-04,3.4,10.2,-1.7,59.4,0.0,1.9,5.9,3.7,31.0,14.0,0.02,0.019,0.3,0.004
2019-12-05,1.6,6.1,-3.5,39.5,0.0,3.3,7.7,1.5,26.0,9.0,0.031,0.013,0.4,0.004
2019-12-06,-2.7,3.9,-6.9,35.1,0.0,2.2,7.5,0.0,21.0,8.0,0.025,0.017,0.4,0.004
2019-12-07,1.4,8.6,-7.8,49.8,0.0,2.4,7.6,0.9,31.0,16.0,0.025,0.019,0.5,0.005
2019-12-08,1.4,9.4,-4.4,62.5,0.0,1.3,7.6,1.7,58.0,39.0,0.023,0.02,0.6,0.005
2019-12-09,0.5,10.9,-7.4,69.8,0.0,0.7,7.6,1.4,67.0,41.0,0.008,0.034,0.7,0.005
2019-12-10,3.6,15.1,-4.0,75.1,0.0,0.7,5.1,3.4,83.0,51.0,0.009,0.037,0.8,0.005
2019-12-11,6.5,16.6,-0.3,64.9,0.0,2.5,5.1,4.9,72.0,44.0,0.023,0.02,0.7,0.005
2019-12-12,2.8,7.5,-2.6,33.3,0.0,1.5,7.7,2.2,18.0,5.0,0.025,0.013,0.4,0.004
2019-12-13,0.6,9.3,-6.9,47.3,0.0,0.8,7.6,1.6,43.0,20.0,0.008,0.032,0.6,0.005
2019-12-14,3.1,11.0,-3.0,53.3,0.0,1.8,7.2,3.3,45.0,26.0,0.016,0.025,0.5,0.005
2019-12-15,4.5,13.2,-1.9,67.0,0.0,1.0,7.2,4.6,40.0,20.0,0.012,0.022,0.5,0.005
2019-12-16,5.0,14.0,-2.8,72.0,0.0,0.5,6.8,4.4,44.0,19.0,0.008,0.027,0.5,0.005
2019-12-17,8.3,17.6,0.1,75.8,0.0,1.6,3.8,8.3,47.0,26.0,0.012,0.025,0.5,0.005
2019-12-18,7.2,12.4,3.3,56.1,0.0,2.5,7.5,7.8,37.0,24.0,0.029,0.012,0.5,0.004
2019-12-19,3.8,9.4,0.7,35.0,0.0,3.4,6.3,4.3,30.0,16.0,0.029,0.014,0.3,0.005
2019-12-20,1.3,7.1,-2.7,50.3,0.0,2.2,6.7,2.5,34.0,16.0,0.023,0.02,0.4,0.005
2019-12-21,0.5,4.2,-4.4,55.8,0.0,1.5,2.1,-0.4,47.0,28.0,0.014,0.027,0.6,0.006
2019-12-22,0.0,7.1,-4.4,73.9,0.0,0.5,0.9,1.4,67.0,42.0,0.004,0.034,0.7,0.006
2019-12-23,1.8,11.3,-5.3,69.0,0.0,1.5,4.4,1.6,67.0,46.0,0.017,0.022,0.7,0.005
2019-12-24,2.1,11.2,-3.8,73.0,0.0,0.7,6.6,3.4,69.0,48.0,0.014,0.028,0.8,0.006
2019-12-25,3.5,13.2,-4.9,60.9,0.0,0.8,7.3,4.5,59.0,39.0,0.011,0.028,0.7,0.006
2019-12-26,3.2,6.9,0.5,69.0,2.0,2.1,0.0,2.7,40.0,25.0,0.015,0.021,0.6,0.005
2019-12-27,1.1,6.1,-3.2,44.8,0.0,3.4,7.6,1.7,29.0,14.0,0.033,0.013,0.4,0.005
2019-12-28,-0.2,7.9,-5.4,54.0,0.0,1.1,7.6,1.2,45.0,22.0,0.016,0.027,0.6,0.006
2019-12-29,-0.2,5.1,-6.4,72.8,3.0,0.4,0.0,-0.4,55.0,32.0,0.004,0.028,0.7,0.005
2019-12-30,5.3,11.6,2.0,76.9,2.0,2.3,2.3,6.7,39.0,27.0,0.015,0.023,0.6,0.005
2019-12-31,-2.7,2.4,-5.2,37.9,0.0,4.4,7.6,-0.7,21.0,9.0,0.033,0.01,0.4,0.005
2020-01-01,0.2,5.0,-5.6,54.4,0.0,3.5,7.1,0.5,24.0,11.0,0.029,0.011,0.4,0.005
2020-01-02,3.2,7.7,-2.3,58.6,0.0,2.9,7.5,3.0,56.0,36.0,0.026,0.017,0.6,0.006
2020-01-03,3.7,9.0,-0.7,51.1,0.0,2.5,7.1,3.3,69.0,45.0,0.028,0.022,0.7,0.007
2020-01-04,2.0,8.5,-2.9,55.4,0.0,2.5,5.7,1.6,54.0,32.0,0.023,0.024,0.7,0.007
2020-01-05,0.2,10.4,-6.9,61.9,0.0,0.8,7.7,2.4,58.0,39.0,0.012,0.026,0.7,0.006
2020-01-06,1.5,3.6,-3.6,80.5,10.5,0.5,0.0,1.6,52.0,36.0,0.003,0.03,0.7,0.006
2020-01-07,8.0,14.8,3.6,93.4,48.0,0.8,0.0,7.1,38.0,28.0,0.004,0.034,1.0,0.007
2020-01-08,7.8,15.1,5.1,66.0,0.4,4.1,1.8,7.5,13.0,6.0,0.03,0.009,0.5,0.005
2020-01-09,2.9,6.9,-1.2,56.5,0.0,3.3,6.8,2.6,38.0,,0.035,0.013,0.5,0.005
2020-01-10,1.0,9.5,-4.7,62.4,0.0,1.1,7.6,2.9,52.0,,0.017,0.028,0.6,0.006
2020-01-11,2.8,8.5,-1.2,50.4,0.0,2.4,7.6,3.9,52.0,,0.029,0.02,0.6,0.007
2020-01-12,2.6,6.5,-0.4,50.0,0.0,3.5,6.9,3.6,40.0,,0.037,0.011,0.5,0.006
2020-01-13,1.7,6.0,-0.9,46.5,0.0,3.6,7.7,2.0,22.0,,0.036,0.01,0.3,0.005
2020-01-14,1.2,6.3,-1.6,40.0,0.0,2.6,6.4,2.3,28.0,,0.031,0.014,0.5,0.006
2020-01-15,0.5,5.7,-3.2,46.3,0.0,2.7,7.8,2.0,36.0,,0.027,0.017,0.5,0.006
2020-01-16,-0.8,6.3,-6.1,51.9,0.0,1.4,5.6,0.5,41.0,,0.015,0.027,0.5,0.006
2020-01-17,0.1,8.0,-4.3,60.1,0.0,0.9,4.4,1.7,49.0,,0.007,0.032,0.6,0.006
2020-01-18,2.9,7.9,-3.7,46.6,0.2,1.5,0.6,2.4,51.0,,0.017,0.029,0.5,0.006
2020-01-19,2.5,9.1,-5.2,52.9,0.0,1.9,4.2,1.4,61.0,,0.028,0.022,0.7,0.007
2020-01-20,4.3,8.5,1.5,45.0,0.0,3.0,6.5,2.7,59.0,,0.035,0.015,0.6,0.006
2020-01-21,1.3,8.7,-4.6,42.4,0.0,1.3,7.8,2.9,37.0,,0.026,0.021,0.6,0.006
2020-01-22,2.8,6.3,-1.1,70.0,3.5,0.6,0.0,2.6,50.0,,0.005,0.032,0.7,0.006
2020-01-23,5.0,8.5,2.7,91.1,7.5,0.9,0.0,5.2,37.0,,0.006,0.024,0.6,0.005
2020-01-24,6.1,13.1,0.7,78.6,0.0,1.2,5.1,7.1,38.0,,0.02,0.02,0.6,0.005
2020-01-25,6.3,10.3,2.9,76.0,0.0,0.9,0.6,6.0,29.0,,0.023,0.017,0.6,0.006
2020-01-26,6.1,11.5,-0.1,75.6,0.5,2.1,2.3,5.2,18.0,,0.022,0.011,0.5,0.005
2020-01-27,6.5,8.6,4.6,84.5,28.5,4.3,0.0,5.8,10.0,,0.04,0.006,0.4,0.005
2020-01-28,6.9,10.4,4.5,80.9,2.0,1.5,0.0,6.3,18.0,,0.026,0.016,0.5,0.005
2020-01-29,5.4,11.2,2.3,77.8,0.1,0.9,1.6,5.9,26.0,,0.016,0.016,0.6,0.005
2020-01-30,4.9,9.9,0.5,71.6,0.1,1.0,3.3,4.7,20.0,,0.024,0.014,0.5,0.005
2020-01-31,3.0,8.2,-1.8,75.1,0.0,0.9,0.8,4.1,33.0,,0.022,0.019,0.6,0.006
2020-02-01,2.8,8.9,-3.4,66.3,0.0,2.4,6.7,2.4,63.0,,0.04,0.016,0.5,0.006
2020-02-02,2.8,10.6,-3.3,59.9,0.0,1.4,7.9,3.5,78.0,,0.039,0.018,0.6,0.006
2020-02-03,3.1,8.1,-1.0,42.5,0.0,3.4,6.9,3.2,36.0,,0.045,0.011,0.4,0.006
2020-02-04,1.8,8.4,-5.0,37.3,0.0,2.0,8.8,2.4,27.0,,0.034,0.016,0.3,0.006
2020-02-05,-1.4,2.8,-5.9,32.1,0.0,3.7,9.2,2.1,25.0,11.0,0.037,0.011,0.4,0.005
2020-02-06,-2.3,4.6,-9.8,50.9,0.0,1.5,8.8,0.6,24.0,9.0,0.026,0.018,0.4,0.006
2020-02-07,0.5,7.8,-6.5,54.5,0.0,2.2,8.1,2.3,40.0,22.0,0.026,0.019,0.5,0.006
2020-02-08,2.7,7.7,-0.4,45.4,0.0,3.0,8.8,2.9,43.0,27.0,0.043,0.011,0.5,0.006
2020-02-09,1.2,8.8,-7.0,47.3,0.0,1.9,9.2,2.9,39.0,23.0,0.04,0.014,0.5,0.006
2020-02-10,4.7,11.9,-1.7,50.6,0.0,2.2,8.4,4.7,50.0,34.0,0.043,0.018,0.5,0.006
2020-02-11,4.6,13.6,-5.0,64.8,0.0,0.8,7.4,4.2,65.0,41.0,0.027,0.031,0.7,0.006
2020-02-12,8.0,11.7,4.8,93.1,8.1,1.0,0.0,7.2,56.0,41.0,0.019,0.028,0.7,0.006
2020-02-13,10.0,15.2,3.6,77.5,0.0,1.9,6.9,10.3,25.0,14.0,0.032,0.014,0.5,0.005
2020-02-14,8.5,17.4,2.8,74.5,0.0,0.9,6.8,8.3,47.0,27.0,0.032,0.019,0.6,0.006
2020-02-15,10.2,16.6,3.4,79.1,0.0,1.7,4.9,9.6,37.0,20.0,0.043,0.014,0.6,0.006
2020-02-16,4.5,11.5,-0.8,71.4,4.4,3.9,2.9,6.7,18.0,7.0,0.037,0.007,0.4,0.005
2020-02-17,-1.7,1.7,-4.6,53.8,0.0,4.3,3.5,0.4,22.0,7.0,0.039,0.007,0.4,0.005
2020-02-18,-0.6,4.5,-6.2,43.8,0.0,3.5,9.3,0.5,21.0,9.0,0.04,0.008,0.5,0.004
2020-02-19,3.4,11.0,-2.8,47.0,0.0,1.7,8.8,3.6,33.0,17.0,0.036,0.018,0.5,0.005
2020-02-20,4.5,13.8,-2.8,60.3,0.0,0.9,8.6,4.9,54.0,33.0,0.031,0.025,0.6,0.005
2020-02-21,7.4,16.4,-2.7,60.1,0.0,1.0,8.1,7.0,53.0,28.0,0.037,0.018,0.6,0.005
2020-02-22,8.2,12.4,2.8,46.3,0.0,3.7,8.4,8.1,66.0,17.0,0.048,0.007,0.5,0.004
2020-02-23,4.0,11.0,-1.0,42.3,0.0,2.3,9.5,5.2,26.0,9.0,0.041,0.01,0.4,0.004
2020-02-24,6.3,17.2,-4.3,46.8,0.0,0.9,7.9,6.0,44.0,22.0,0.023,0.025,0.6,0.005
2020-02-25,6.9,7.9,5.2,93.9,42.5,1.0,0.0,6.9,21.0,12.0,0.03,0.016,0.5,0.004
2020-02-26,7.4,11.1,6.0,84.4,0.0,1.3,0.5,8.3,14.0,4.0,0.033,0.011,0.4,0.004
2020-02-27,5.0,8.4,2.3,69.8,0.0,1.8,1.0,7.1,15.0,4.0,0.035,0.01,0.4,0.004
2020-02-28,3.1,8.2,-0.2,88.1,0.4,0.7,0.0,3.9,25.0,12.0,0.017,0.018,0.6,0.004
2020-02-29,5.0,11.6,-0.2,87.8,0.0,0.8,2.6,6.2,29.0,16.0,0.022,0.015,0.5,0.004
2020-03-01,8.2,13.8,1.7,76.5,0.0,1.2,3.4,8.3,28.0,13.0,0.031,0.01,0.6,0.005
2020-03-02,,11.3,0.5,,0.0,3.1,2.9,3.1,36.0,19.0,0.047,0.008,0.6,0.004
2020-03-03,5.6,11.2,-0.7,76.4,0.0,1.5,4.3,6.8,21.0,7.0,0.028,0.013,0.5,0.004
2020-03-04,5.5,10.7,0.3,49.9,0.0,3.6,9.0,7.5,31.0,15.0,0.041,0.009,0.5,0.004
2020-03-05,2.9,10.1,-2.4,47.5,0.0,2.4,10.7,5.2,41.0,27.0,0.043,0.011,0.6,0.004
2020-03-06,3.5,13.5,-6.3,50.6,0.0,0.9,11.0,5.7,43.0,27.0,0.02,0.022,0.6,0.005
2020-03-07,4.5,10.4,-1.2,73.0,1.3,0.7,0.1,5.2,42.0,25.0,0.021,0.018,0.6,0.004
2020-03-08,6.9,15.2,1.4,79.9,0.0,1.2,7.4,9.3,35.0,21.0,0.029,0.011,0.5,0.004
2020-03-09,7.8,15.2,-0.6,83.4,1.7,1.0,2.2,8.5,31.0,15.0,0.024,0.014,0.5,0.004
2020-03-10,8.6,10.6,5.5,87.5,10.5,2.3,0.0,9.0,23.0,14.0,0.033,0.009,0.5,0.004
2020-03-11,6.0,11.1,2.2,40.9,0.0,3.7,11.0,6.1,33.0,12.0,0.039,0.006,0.5,0.004
2020-03-12,7.9,15.7,-2.1,38.5,0.0,1.5,10.8,7.8,38.0,12.0,0.032,0.015,0.5,0.005
2020-03-13,8.6,15.2,1.5,41.8,0.0,1.9,4.4,8.6,37.0,15.0,0.034,0.016,0.5,0.005
2020-03-14,5.8,11.4,1.0,32.0,0.0,3.2,10.7,9.2,30.0,9.0,0.042,0.007,0.4,0.004
2020-03-15,5.4,12.4,-1.1,45.1,0.0,3.1,7.1,6.8,43.0,15.0,0.042,0.007,0.5,0.004
2020-03-16,5.2,11.6,-1.4,45.0,0.0,1.9,11.2,8.8,28.0,11.0,0.035,0.011,0.5,0.004
2020-03-17,9.6,17.9,-0.4,43.8,0.0,2.4,10.4,11.1,51.0,23.0,0.046,0.012,0.5,0.005
2020-03-18,9.3,18.0,0.1,52.9,0.0,1.4,10.9,12.6,58.0,29.0,0.039,0.019,0.6,0.005
2020-03-19,10.1,19.4,2.5,46.9,0.0,3.5,9.6,11.8,63.0,19.0,0.039,0.014,0.6,0.004
2020-03-20,11.2,18.0,5.9,33.9,0.0,2.9,10.7,13.0,54.0,5.0,0.042,0.008,0.5,0.004
2020-03-21,13.9,23.1,1.5,48.6,0.0,1.8,10.0,15.7,61.0,17.0,0.05,0.014,0.6,0.006
2020-03-22,12.0,16.9,4.4,63.5,0.0,2.6,10.1,16.8,53.0,19.0,0.056,0.008,0.6,0.005
2020-03-23,9.5,19.1,-0.4,55.5,0.0,1.9,10.8,13.5,42.0,17.0,0.037,0.012,0.5,0.005
2020-03-24,8.9,17.2,0.8,60.9,0.0,1.3,10.6,14.9,35.0,16.0,0.037,0.013,0.6,0.005
2020-03-25,11.0,21.0,0.6,60.4,0.0,1.1,10.5,16.1,44.0,23.0,0.038,0.017,0.6,0.005
2020-03-26,11.9,17.1,5.8,79.8,3.0,0.7,0.0,12.4,44.0,25.0,0.023,0.02,0.6,0.005
2020-03-27,12.5,16.0,8.3,94.3,4.6,1.1,0.0,13.3,25.0,17.0,0.021,0.015,0.6,0.004
2020-03-28,7.4,11.1,4.4,66.3,0.0,1.5,0.1,8.2,37.0,7.0,0.034,0.007,0.4,0.004
2020-03-29,7.0,13.6,0.4,73.4,0.0,1.8,4.4,10.7,29.0,6.0,0.031,0.007,0.5,0.004
2020-03-30,9.8,17.9,3.9,67.5,0.0,1.3,9.0,14.4,27.0,8.0,0.032,0.01,0.5,0.004
2020-03-31,10.9,20.3,1.7,63.6,0.0,1.1,10.7,15.6,28.0,11.0,0.031,0.014,0.6,0.005
2020-04-01,11.9,19.2,7.6,58.8,0.0,1.4,4.1,15.8,51.0,25.0,0.038,0.015,0.6,0.005
2020-04-02,9.9,18.0,0.9,47.4,0.0,1.3,10.7,14.4,34.0,13.0,0.038,0.014,0.5,0.004
2020-04-03,12.0,20.3,1.2,37.4,0.0,1.7,10.8,15.9,40.0,20.0,0.04,0.015,0.5,0.005
2020-04-04,9.7,19.1,3.6,49.8,0.0,2.4,10.9,15.2,55.0,21.0,0.052,0.009,0.5,0.005
2020-04-05,7.8,16.4,-1.4,48.3,0.0,1.4,11.4,14.5,33.0,10.0,0.038,0.008,0.5,0.004
2020-04-06,9.9,18.9,-1.7,42.9,0.0,1.4,10.1,15.1,43.0,18.0,0.04,0.014,0.6,0.005
2020-04-07,14.0,20.7,5.8,34.9,0.0,2.6,10.5,17.0,95.0,37.0,0.072,0.011,0.7,0.007
2020-04-08,10.7,18.8,3.4,47.4,0.0,3.0,11.5,17.1,49.0,19.0,0.054,0.008,0.5,0.005
2020-04-09,8.6,17.4,-0.4,59.3,0.0,1.9,10.8,14.7,40.0,17.0,0.032,0.01,0.5,0.004
2020-04-10,9.7,14.9,5.7,55.3,0.0,1.6,3.9,17.4,18.0,6.0,0.038,0.008,0.3,0.003
2020-04-11,9.8,14.8,2.0,62.9,0.0,1.2,3.3,12.9,31.0,15.0,0.036,0.01,0.4,0.003
2020-04-12,9.0,13.2,5.4,75.9,1.8,2.3,2.3,11.5,26.0,14.0,0.04,0.005,0.4,0.003
2020-04-13,9.0,15.9,2.6,48.0,0.0,2.3,5.8,13.0,18.0,7.0,0.041,0.008,0.4,0.003
2020-04-14,11.8,23.2,-1.5,40.0,0.0,1.8,11.9,16.0,28.0,11.0,0.033,0.013,0.4,0.003
2020-04-15,13.1,22.7,2.9,45.1,0.0,1.9,9.2,17.7,47.0,23.0,0.052,0.012,0.4,0.004
2020-04-16,11.2,16.3,5.0,67.0,0.0,2.3,10.2,16.9,34.0,11.0,0.041,0.007,0.4,0.003
2020-04-17,10.6,12.5,8.1,90.1,18.2,1.0,0.1,11.4,27.0,12.0,0.027,0.015,0.5,0.003
2020-04-18,12.6,18.9,8.0,76.8,0.0,1.8,4.3,14.7,32.0,14.0,0.04,0.007,0.4,0.003
2020-04-19,10.2,13.3,6.9,87.8,16.1,1.6,0.0,10.4,20.0,7.0,0.039,0.006,0.4,0.003
2020-04-20,12.9,19.2,9.2,69.6,0.4,2.7,4.1,14.2,17.0,9.0,0.049,0.005,0.5,0.003
2020-04-21,10.9,17.5,5.3,36.6,0.0,4.1,11.1,14.3,30.0,7.0,0.047,0.004,0.4,0.003
2020-04-22,8.1,14.2,2.6,37.8,0.0,4.0,10.2,12.7,59.0,8.0,0.044,0.004,0.4,0.003
2020-04-23,9.5,15.8,3.5,41.0,0.0,3.8,10.8,13.1,55.0,12.0,0.045,0.004,0.4,0.003
2020-04-24,10.3,17.9,3.8,34.9,0.0,2.9,11.8,14.5,41.0,9.0,0.05,0.006,0.4,0.003
2020-04-25,15.9,22.1,2.7,38.5,0.0,2.9,11.6,16.6,60.0,19.0,0.071,0.007,0.5,0.005
2020-04-26,12.4,19.6,6.5,54.3,0.0,2.6,11.1,18.5,45.0,19.0,0.056,0.005,0.5,0.003
2020-04-27,11.0,19.4,2.4,64.4,0.0,1.9,9.1,16.1,31.0,13.0,0.041,0.008,0.5,0.003
2020-04-28,14.0,21.6,3.4,46.4,0.0,1.9,12.3,18.0,31.0,15.0,0.047,0.008,0.5,0.004
2020-04-29,16.4,25.3,7.3,41.5,0.0,1.6,12.2,20.3,51.0,25.0,0.066,0.013,0.6,0.004
2020-04-30,17.4,26.6,5.7,54.3,0.0,2.0,12.4,21.5,46.0,22.0,0.054,0.011,0.6,0.004
2020-05-01,21.6,29.0,11.7,65.8,0.0,2.3,11.8,25.0,50.0,24.0,0.054,0.006,0.6,0.004
2020-05-02,22.2,28.6,15.7,59.4,0.0,2.0,7.1,26.6,53.0,27.0,0.052,0.007,0.6,0.004
2020-05-03,17.4,20.0,15.7,90.0,4.1,1.3,0.0,19.7,35.0,25.0,0.035,0.005,0.5,0.004
2020-05-04,19.7,28.5,13.5,74.9,0.0,2.4,8.0,23.9,45.0,22.0,0.038,0.005,0.4,0.003
2020-05-05,15.7,20.4,13.3,80.8,2.0,1.8,2.1,18.1,30.0,13.0,0.032,0.007,0.5,0.004
2020-05-06,15.8,23.5,10.4,73.9,0.0,2.1,11.4,23.1,30.0,11.0,0.035,0.005,0.5,0.003
2020-05-07,13.7,21.3,6.2,61.6,0.0,2.1,11.5,22.1,19.0,7.0,0.038,0.007,0.4,0.003
2020-05-08,16.4,24.7,5.1,65.0,1.2,1.3,10.3,23.3,31.0,15.0,0.042,0.008,0.4,0.004
2020-05-09,16.3,18.9,14.4,91.6,21.3,1.3,0.0,16.6,20.0,12.0,0.032,0.008,0.5,0.003
2020-05-10,18.0,22.6,15.4,72.3,0.0,3.1,5.9,18.7,20.0,8.0,0.044,0.003,0.5,0.003
2020-05-11,20.5,27.9,13.7,48.5,0.0,2.5,11.9,23.5,61.0,18.0,0.058,0.006,0.5,0.003
2020-05-12,18.6,25.8,10.6,47.9,0.0,3.0,11.9,23.1,73.0,17.0,0.05,0.007,0.5,0.003
2020-05-13,17.5,24.8,9.4,42.8,0.0,2.5,12.8,23.6,49.0,9.0,0.05,0.006,0.4,0.003
2020-05-14,17.8,27.0,7.5,49.6,0.0,1.2,7.0,21.6,121.0,17.0,0.042,0.014,0.5,0.004
2020-05-15,15.0,16.5,13.9,86.0,8.6,1.5,0.0,16.5,54.0,20.0,0.033,0.012,0.5,0.003
2020-05-16,18.0,25.2,14.3,82.1,0.0,1.4,3.4,20.3,26.0,16.0,0.04,0.005,0.4,0.003
2020-05-17,20.5,28.0,15.4,77.0,0.1,1.3,8.5,24.7,51.0,34.0,0.051,0.007,0.6,0.004
2020-05-18,17.9,21.4,16.0,84.6,1.1,2.8,1.3,21.6,39.0,27.0,0.037,0.009,0.7,0.004
2020-05-19,14.6,19.0,11.5,72.8,8.0,2.5,5.4,16.6,24.0,8.0,0.035,0.005,0.5,0.003
2020-05-20,14.2,21.1,7.7,65.4,0.0,1.9,9.0,19.8,12.0,4.0,0.023,0.005,0.4,0.003
2020-05-21,14.1,21.7,8.2,74.1,0.0,2.0,5.6,19.1,30.0,10.0,0.025,0.008,0.4,0.004
2020-05-22,15.5,20.6,10.8,72.1,0.0,2.5,10.4,23.3,25.0,11.0,0.033,0.01,0.4,0.005
2020-05-23,18.8,26.6,12.3,66.4,0.0,1.1,9.3,25.8,24.0,12.0,0.046,0.009,0.2,0.004
2020-05-24,20.2,26.8,13.1,67.3,0.0,1.9,7.9,24.7,32.0,18.0,0.041,0.008,0.2,0.003
2020-05-25,19.7,24.6,14.1,66.6,0.0,1.4,1.4,23.5,27.0,16.0,0.049,0.009,0.2,0.003
2020-05-26,20.2,26.2,13.8,60.6,0.0,1.3,5.5,25.4,44.0,28.0,0.053,0.012,0.2,0.003
2020-05-27,19.4,26.4,13.9,54.8,0.0,2.1,10.4,27.3,25.0,13.0,0.059,0.008,0.2,0.004
2020-05-28,18.7,27.4,10.4,54.8,0.0,1.5,11.5,27.1,27.0,14.0,0.049,0.011,0.2,0.003
2020-05-29,18.5,26.5,10.1,57.4,0.0,1.7,11.5,27.8,30.0,14.0,0.048,0.012,0.2,0.005
2020-05-30,19.8,27.2,10.8,55.0,0.0,1.4,10.0,26.5,29.0,15.0,0.058,0.011,0.2,0.004
2020-05-31,20.4,27.3,12.6,66.6,0.0,1.4,5.5,26.7,37.0,23.0,0.057,0.009,0.2,0.005
2020-06-01,22.6,28.5,14.9,48.0,0.0,2.3,8.4,29.3,31.0,16.0,0.055,0.007,0.2,0.003
2020-06-02,20.9,28.4,12.2,47.5,0.0,1.1,6.9,24.0,26.0,10.0,0.045,0.014,0.2,0.004
2020-06-03,22.6,30.0,14.3,61.1,0.0,1.6,7.0,28.7,45.0,20.0,0.056,0.012,0.2,0.004
2020-06-04,26.5,33.9,18.2,56.3,0.0,2.0,12.6,33.9,71.0,27.0,0.071,0.009,0.3,0.004
2020-06-05,23.5,31.1,18.3,65.5,0.0,2.4,9.8,32.2,87.0,30.0,0.077,0.007,0.4,0.004
2020-06-06,19.7,24.6,15.1,72.1,0.0,2.3,5.5,27.4,60.0,21.0,0.062,0.006,0.3,0.003
2020-06-07,21.2,29.9,12.2,57.8,0.0,1.5,12.3,31.2,21.0,8.0,0.049,0.008,0.4,0.004
2020-06-08,24.1,34.1,14.2,55.1,0.0,1.1,12.8,34.2,48.0,21.0,0.06,0.014,0.4,0.005
2020-06-09,25.8,35.3,16.5,55.8,0.0,1.3,12.9,35.4,62.0,34.0,0.073,0.015,0.4,0.005
2020-06-10,26.2,33.9,17.6,60.1,0.0,1.5,9.4,36.0,49.0,29.0,0.056,0.012,0.3,0.004
2020-06-11,24.1,30.1,20.4,80.3,33.3,1.3,4.2,27.3,23.0,12.0,0.045,0.008,0.3,0.004
2020-06-12,24.4,30.6,19.1,79.9,20.6,1.2,2.5,27.0,43.0,30.0,0.05,0.013,0.7,0.005
2020-06-13,24.0,28.8,19.2,80.3,8.5,1.1,4.2,27.5,15.0,9.0,0.045,0.005,0.4,0.004
2020-06-14,24.7,29.5,22.1,79.8,21.4,1.9,2.6,24.8,13.0,6.0,0.04,0.006,0.3,0.003
2020-06-15,24.3,30.2,18.4,58.4,0.0,2.4,12.6,25.5,27.0,12.0,0.06,0.006,0.3,0.003
2020-06-16,22.9,28.7,17.3,56.1,0.0,2.1,12.6,28.5,25.0,9.0,0.056,0.008,0.3,0.004
2020-06-17,22.0,27.6,15.9,66.5,0.0,0.9,3.7,24.9,31.0,13.0,0.041,0.014,0.3,0.004
2020-06-18,18.6,20.3,17.8,89.8,5.4,1.2,0.0,20.6,27.0,17.0,0.04,0.011,0.3,0.003
2020-06-19,20.9,26.6,17.1,79.5,0.3,1.7,6.7,24.4,20.0,9.0,0.044,0.007,0.2,0.003
2020-06-20,21.4,27.1,17.9,74.3,0.0,1.3,4.6,26.2,22.0,10.0,0.04,0.008,0.3,0.005
2020-06-21,20.5,26.1,15.3,74.5,0.0,1.9,12.8,27.7,27.0,12.0,0.03,0.011,0.5,0.007
2020-06-22,22.9,31.7,13.4,65.9,0.0,1.3,13.3,31.0,26.0,12.0,0.045,0.012,0.4,0.006
2020-06-23,24.0,31.6,16.4,65.1,0.0,1.8,11.3,31.7,33.0,19.0,0.056,0.013,0.3,0.006
2020-06-24,21.5,24.7,19.9,84.5,6.6,1.4,0.0,23.5,26.0,15.0,0.035,0.011,0.3,0.004
2020-06-25,22.8,27.1,20.0,89.0,2.3,1.0,1.2,24.2,20.0,12.0,0.037,0.009,0.4,0.003
2020-06-26,24.3,28.8,20.0,69.5,0.0,2.0,7.7,27.2,24.0,13.0,0.047,0.007,0.4,0.003
2020-06-27,24.8,30.2,20.0,68.1,0.0,1.2,5.5,29.0,36.0,21.0,0.056,0.008,0.5,0.003
2020-06-28,24.4,31.2,18.7,69.5,0.0,1.8,11.3,28.4,35.0,20.0,0.054,0.006,0.5,0.003
2020-06-29,21.3,25.6,18.4,87.5,39.2,2.2,0.0,24.3,40.0,25.0,0.048,0.009,0.5,0.004
2020-06-30,22.7,27.4,19.0,78.5,4.4,2.6,2.7,24.2,9.0,3.0,0.049,0.005,0.4,0.003
2020-07-01,21.0,25.8,17.6,80.0,2.3,1.7,1.7,23.7,11.0,4.0,0.037,0.006,0.4,0.003
2020-07-02,21.9,27.8,16.0,75.1,0.0,1.5,7.8,26.3,21.0,10.0,0.029,0.009,0.4,0.003
2020-07-03,19.6,21.9,17.5,84.5,4.6,1.7,0.0,21.6,21.0,11.0,0.024,0.01,0.4,0.004
2020-07-04,20.1,23.3,17.4,84.5,0.4,1.1,1.6,23.5,15.0,6.0,0.028,0.006,0.3,0.003
2020-07-05,22.0,27.6,16.4,79.9,0.0,1.0,3.5,23.8,21.0,11.0,0.029,0.007,0.4,0.003
2020-07-06,23.2,28.0,18.1,83.5,0.0,0.9,1.6,24.6,29.0,15.0,0.031,0.01,0.4,0.003
2020-07-07,25.8,31.0,21.3,75.5,0.0,1.5,6.7,31.3,21.0,13.0,0.049,0.007,0.4,0.003
2020-07-08,24.1,29.8,19.5,76.6,0.0,1.9,8.5,30.1,32.0,20.0,0.056,0.009,0.5,0.004
2020-07-09,22.9,27.3,20.0,80.9,0.0,2.4,5.7,30.0,51.0,39.0,0.049,0.01,0.6,0.004
2020-07-10,22.7,26.8,20.6,90.3,23.3,1.2,1.2,25.0,15.0,8.0,0.036,0.009,0.4,0.003
2020-07-11,23.1,30.3,19.7,83.0,0.0,1.8,3.9,25.8,28.0,14.0,0.031,0.007,0.5,0.003
2020-07-12,19.4,21.2,17.7,90.1,24.8,2.0,0.0,21.6,18.0,8.0,0.036,0.004,0.4,0.003
2020-07-13,19.1,21.3,17.6,91.0,74.9,2.4,0.0,20.3,5.0,2.0,0.038,0.006,0.4,0.003
2020-07-14,18.9,20.5,18.2,92.5,0.3,0.9,0.0,21.4,7.0,2.0,0.028,0.006,0.3,0.003
2020-07-15,18.5,20.6,16.8,89.5,3.1,1.1,0.0,21.4,18.0,9.0,0.023,0.007,0.3,0.003
2020-07-16,19.6,27.0,13.6,80.0,0.0,1.3,10.2,24.8,15.0,6.0,0.025,0.007,0.3,0.003
2020-07-17,20.6,27.2,14.9,77.6,0.0,1.6,12.8,25.3,19.0,8.0,0.027,0.007,0.4,0.003
2020-07-18,20.5,25.8,15.1,81.9,0.0,1.4,6.7,23.6,20.0,9.0,0.025,0.007,0.4,0.004
2020-07-19,22.8,25.9,18.6,88.1,0.0,1.6,0.0,23.4,25.0,16.0,0.03,0.007,0.4,0.003
2020-07-20,27.4,31.3,23.3,75.8,0.3,2.0,1.5,28.6,17.0,9.0,0.033,0.006,0.4,0.003
2020-07-21,25.8,31.3,21.7,72.1,5.7,1.7,10.0,28.5,14.0,6.0,0.046,0.007,0.4,0.003
2020-07-22,22.1,23.7,21.3,96.5,36.8,0.9,0.0,23.5,16.0,11.0,0.037,0.012,0.5,0.003
2020-07-23,21.0,21.5,20.3,94.9,34.4,2.7,0.0,22.0,12.0,8.0,0.04,0.009,0.5,0.003
2020-07-24,21.2,23.6,20.0,95.0,15.9,1.3,0.0,22.6,9.0,3.0,0.032,0.008,0.3,0.003
2020-07-25,21.6,24.5,19.7,93.8,46.2,1.1,0.4,24.2,9.0,6.0,0.038,0.007,0.4,0.003
2020-07-26,23.6,29.4,20.6,82.8,0.2,1.5,6.0,26.5,25.0,13.0,0.039,0.006,0.5,0.003
2020-07-27,21.7,24.0,20.6,93.0,24.3,1.4,0.0,22.9,30.0,19.0,0.032,0.008,0.5,0.003
2020-07-28,21.4,23.0,20.6,96.6,11.0,1.5,0.0,22.4,16.0,10.0,0.03,0.009,0.5,0.003
2020-07-29,22.5,24.2,21.0,95.8,6.0,1.1,0.0,23.3,23.0,17.0,0.022,0.011,0.6,0.003
2020-07-30,22.2,24.0,20.9,94.4,24.0,1.0,1.0,22.8,23.0,13.0,0.025,0.014,0.6,0.003
2020-07-31,25.4,30.7,20.8,85.0,0.0,1.3,3.0,27.1,23.0,13.0,0.023,0.013,0.3,0.003
2020-08-01,26.5,32.1,23.3,83.1,0.0,0.9,3.2,27.7,26.0,14.0,0.023,0.01,0.4,0.003
2020-08-02,27.5,31.4,23.2,76.8,0.0,1.4,2.9,28.1,29.0,18.0,0.021,0.006,0.3,0.003
2020-08-03,27.9,32.3,24.0,73.5,0.0,1.8,3.3,27.0,33.0,23.0,0.022,0.006,0.3,0.003
2020-08-04,28.3,32.8,24.3,72.3,0.0,1.7,8.8,29.5,45.0,32.0,0.022,0.005,0.3,0.004
2020-08-05,27.5,32.1,24.4,76.8,0.0,1.3,3.8,28.7,45.0,30.0,0.015,0.006,0.3,0.005
2020-08-06,27.0,28.8,23.7,80.3,5.2,2.2,0.0,26.3,25.0,15.0,0.02,0.006,0.3,0.004
2020-08-07,23.2,25.1,22.0,97.1,91.1,0.7,0.0,24.0,16.0,8.0,0.02,0.01,0.4,0.003
2020-08-08,22.8,24.4,21.7,98.9,110.6,1.0,0.0,23.5,6.0,4.0,0.016,0.01,0.5,0.003
2020-08-09,26.9,32.1,21.7,78.4,0.5,1.7,7.4,27.9,13.0,6.0,0.017,0.005,0.4,0.003
2020-08-10,25.9,31.3,23.6,89.4,14.7,1.5,0.6,26.3,10.0,4.0,0.015,0.006,0.3,0.003
2020-08-11,27.7,31.5,23.7,78.1,2.0,1.7,4.6,27.4,21.0,13.0,0.032,0.006,0.4,0.003
2020-08-12,27.8,32.4,23.8,83.1,0.0,1.3,5.1,29.4,17.0,11.0,0.023,0.008,0.4,0.003
2020-08-13,29.0,33.2,25.7,74.4,0.0,1.7,9.0,29.9,23.0,12.0,0.034,0.007,0.3,0.003
2020-08-14,29.5,34.2,24.5,73.0,0.0,2.0,10.1,30.3,29.0,17.0,0.047,0.007,0.3,0.004
2020-08-15,29.8,34.9,25.6,73.9,0.0,1.8,11.2,32.3,31.0,22.0,0.048,0.007,0.3,0.003
2020-08-16,28.6,34.7,23.8,75.0,0.0,1.3,11.3,32.6,26.0,17.0,0.029,0.006,0.3,0.003
2020-08-17,27.7,33.1,23.2,76.8,0.0,1.4,11.6,31.7,21.0,14.0,0.02,0.006,0.3,0.003
2020-08-18,27.7,34.2,21.6,77.1,0.0,1.3,11.5,32.9,28.0,19.0,0.026,0.007,0.3,0.003
2020-08-19,28.7,35.6,22.5,70.1,0.0,1.6,12.0,33.6,40.0,30.0,0.032,0.009,0.4,0.003
2020-08-20,27.4,34.4,21.7,72.8,0.0,1.5,11.9,33.6,38.0,27.0,0.035,0.009,0.4,0.004
2020-08-21,25.1,30.8,21.7,81.8,0.0,1.5,5.1,30.4,40.0,28.0,0.042,0.007,0.4,0.003
2020-08-22,25.5,29.4,23.0,80.3,0.0,1.7,2.8,31.3,24.0,13.0,0.034,0.008,0.4,0.004
2020-08-23,26.6,32.4,22.6,75.1,0.0,1.1,8.5,31.6,24.0,15.0,0.035,0.006,0.3,0.003
2020-08-24,27.1,33.2,21.9,75.6,0.0,1.1,10.5,33.7,32.0,23.0,0.04,0.009,0.3,0.003
2020-08-25,27.1,34.7,22.0,79.3,1.0,1.2,9.8,29.2,39.0,29.0,0.031,0.01,0.3,0.005
2020-08-26,27.8,31.3,24.8,80.5,11.4,2.7,5.1,29.0,26.0,16.0,0.029,0.006,0.3,0.004
2020-08-27,26.7,31.2,24.8,86.4,2.3,1.7,3.2,28.4,18.0,10.0,0.034,0.008,0.3,0.003
2020-08-28,26.5,31.7,23.7,86.9,6.8,0.9,3.1,29.2,19.0,10.0,0.024,0.009,0.2,0.003
2020-08-29,27.3,31.8,23.6,80.4,1.3,1.1,6.3,29.2,14.0,8.0,0.022,0.007,0.2,0.003
2020-08-30,27.1,33.9,23.2,77.9,0.0,1.4,7.2,30.7,14.0,7.0,0.025,0.005,0.2,0.003
2020-08-31,24.2,26.5,22.3,81.3,0.0,1.8,0.1,25.5,14.0,5.0,0.029,0.006,0.2,0.003
2020-09-01,24.3,27.7,21.1,81.6,0.0,1.3,1.0,26.9,16.0,7.0,0.028,0.007,0.3,0.003
2020-09-02,25.2,28.5,23.2,90.5,23.9,2.4,0.1,25.4,11.0,5.0,0.024,0.006,0.3,0.003
2020-09-03,25.1,29.2,19.0,72.0,79.9,4.6,7.6,26.4,16.0,7.0,0.037,0.006,0.3,0.003
2020-09-04,22.5,29.3,16.4,72.1,0.0,1.1,11.4,24.8,39.0,24.0,0.047,0.01,0.4,0.003
2020-09-05,18.8,21.9,16.9,91.9,9.2,0.9,0.0,21.3,37.0,26.0,0.03,0.012,0.6,0.004
2020-09-06,19.7,22.2,17.1,92.8,12.1,0.9,0.0,21.0,14.0,7.0,0.036,0.006,0.3,0.003
2020-09-07,22.5,24.6,20.5,80.5,56.4,4.5,0.1,21.4,5.0,3.0,0.039,0.003,0.2,0.003
2020-09-08,22.9,28.1,18.5,78.8,1.0,2.0,7.6,22.9,43.0,27.0,0.064,0.007,0.5,0.004
2020-09-09,22.0,27.0,19.0,81.9,2.1,1.0,4.5,25.2,39.0,27.0,0.043,0.011,0.5,0.003
2020-09-10,21.8,26.9,18.2,81.9,5.8,0.9,5.2,25.4,33.0,22.0,0.04,0.009,0.4,0.003
2020-09-11,20.9,25.8,18.5,84.6,1.9,1.5,0.2,22.1,29.0,17.0,0.036,0.008,0.5,0.003
2020-09-12,19.4,21.6,17.9,89.4,5.1,1.0,0.0,21.1,14.0,6.0,0.035,0.007,0.5,0.003
2020-09-13,19.2,23.6,17.2,83.9,0.0,1.2,3.9,22.4,12.0,3.0,0.03,0.004,0.4,0.003
2020-09-14,21.1,27.3,17.3,78.9,0.0,1.2,7.2,23.9,26.0,15.0,0.029,0.008,0.5,0.003
2020-09-15,21.2,27.5,16.5,79.8,0.0,1.3,7.7,23.3,27.0,13.0,0.037,0.009,0.5,0.004
2020-09-16,20.8,23.2,18.8,88.1,0.6,0.6,0.1,23.1,24.0,15.0,0.029,0.011,0.4,0.003
2020-09-17,20.2,23.7,17.6,88.6,1.7,0.8,0.0,21.4,28.0,18.0,0.02,0.013,0.4,0.004
2020-09-18,18.7,24.8,13.2,80.9,1.9,1.5,2.3,21.2,27.0,14.0,0.03,0.011,0.4,0.004
2020-09-19,18.6,25.8,10.7,71.4,0.0,1.2,10.1,20.9,27.0,12.0,0.031,0.009,0.4,0.004
2020-09-20,18.7,25.9,12.4,63.0,0.0,1.9,11.2,20.6,22.0,10.0,0.04,0.006,0.4,0.004
2020-09-21,16.0,23.0,9.4,75.5,0.0,1.1,9.6,19.6,19.0,9.0,0.026,0.008,0.4,0.004
2020-09-22,16.1,21.8,11.9,80.4,0.0,1.5,4.7,19.0,15.0,7.0,0.022,0.008,0.4,0.003
2020-09-23,17.9,22.8,13.3,73.9,0.0,2.0,1.0,19.4,16.0,8.0,0.027,0.008,0.4,0.003
2020-09-24,18.8,24.0,14.4,72.8,0.0,1.8,4.6,22.4,15.0,6.0,0.032,0.007,0.3,0.003
2020-09-25,18.2,24.7,12.5,76.3,0.0,1.1,4.9,21.6,28.0,15.0,0.018,0.013,0.4,0.004
2020-09-26,18.2,24.1,12.5,73.6,0.0,1.3,5.7,21.2,22.0,8.0,0.025,0.009,0.4,0.004
2020-09-27,17.6,23.2,12.1,74.1,0.0,1.6,7.3,21.9,17.0,6.0,0.034,0.005,0.3,0.003
2020-09-28,15.4,23.4,8.7,80.5,0.0,1.0,9.2,20.6,17.0,7.0,0.024,0.008,0.4,0.004
2020-09-29,16.1,25.2,9.1,78.6,0.0,0.9,6.9,20.1,23.0,12.0,0.024,0.011,0.5,0.004
2020-09-30,16.3,24.1,11.1,77.8,0.0,1.1,6.1,20.3,17.0,10.0,0.027,0.008,0.4,0.004
2020-10-01,16.9,23.5,10.2,79.4,0.0,1.2,9.7,21.5,16.0,8.0,0.028,0.005,0.4,0.004
2020-10-02,18.3,25.5,12.3,80.6,0.0,1.0,6.6,21.8,25.0,17.0,0.03,0.008,0.5,0.004
2020-10-03,20.1,25.4,16.1,79.5,0.9,0.8,4.6,22.8,29.0,21.0,0.03,0.008,0.5,0.004
2020-10-04,19.0,22.5,16.0,76.6,0.2,1.2,0.1,20.3,27.0,19.0,0.032,0.007,0.5,0.004
2020-10-05,14.8,20.3,9.7,51.3,0.0,2.8,10.7,18.6,24.0,8.0,0.035,0.006,0.4,0.004
2020-10-06,13.9,21.9,6.4,67.5,0.0,1.1,10.9,18.8,23.0,10.0,0.027,0.01,0.5,0.004
2020-10-07,16.1,21.6,10.5,71.9,0.0,2.0,6.5,19.7,16.0,7.0,0.028,0.007,0.4,0.003
2020-10-08,17.4,20.7,15.5,57.9,0.0,4.2,6.2,18.9,16.0,4.0,0.044,0.004,0.5,0.004
2020-10-09,17.8,20.3,15.7,59.1,0.0,3.7,4.4,19.0,24.0,7.0,0.05,0.004,0.5,0.004
2020-10-10,16.9,22.3,12.1,65.9,0.0,1.6,6.0,20.8,21.0,8.0,0.045,0.006,0.5,0.004
2020-10-11,14.7,20.7,9.5,78.0,0.0,0.8,1.7,18.3,22.0,11.0,0.029,0.009,0.5,0.004
2020-10-12,15.3,22.9,10.5,78.0,0.0,1.1,3.6,18.1,35.0,21.0,0.026,0.012,0.6,0.004
2020-10-13,14.0,21.3,8.0,61.8,0.0,1.6,7.4,16.0,28.0,13.0,0.033,0.011,0.5,0.004
2020-10-14,11.4,21.0,5.1,70.6,0.0,1.2,3.9,14.8,40.0,19.0,0.022,0.016,0.6,0.005
2020-10-15,12.6,20.6,4.1,65.6,0.0,1.1,9.2,15.3,30.0,13.0,0.033,0.012,0.6,0.004
2020-10-16,12.3,17.2,6.4,78.0,0.0,0.6,0.4,15.0,35.0,19.0,0.015,0.017,0.6,0.004
2020-10-17,12.7,20.8,6.2,73.8,0.0,1.0,9.6,15.5,37.0,22.0,0.028,0.014,0.6,0.004
2020-10-18,10.9,21.1,4.1,70.5,0.0,1.1,8.2,14.4,27.0,16.0,0.024,0.012,0.6,0.004
2020-10-19,12.1,21.6,3.4,72.9,0.0,0.9,8.9,15.8,41.0,19.0,0.028,0.015,0.7,0.005
2020-10-20,12.2,21.9,5.4,76.3,0.0,1.0,8.1,14.6,40.0,20.0,0.028,0.015,0.7,0.004
2020-10-21,12.7,18.1,7.1,86.3,10.0,0.7,0.2,14.2,36.0,22.0,0.016,0.019,0.6,0.004
2020-10-22,14.3,17.8,11.1,76.6,0.0,2.1,0.3,14.8,40.0,20.0,0.03,0.014,0.5,0.004
2020-10-23,11.0,16.4,7.3,48.5,0.0,3.2,9.2,10.5,25.0,6.0,0.036,0.01,0.5,0.003
2020-10-24,10.7,16.6,5.9,43.0,0.0,3.6,9.3,10.0,21.0,7.0,0.037,0.01,0.5,0.003
2020-10-25,13.9,20.3,7.9,55.0,0.0,2.9,8.7,12.7,22.0,9.0,0.045,0.011,0.5,0.004
2020-10-26,11.4,20.5,3.6,68.1,0.0,0.9,8.8,12.9,42.0,24.0,0.03,0.024,0.6,0.004
2020-10-27,11.3,20.4,3.4,75.5,0.0,0.8,8.5,12.6,68.0,46.0,0.025,0.032,0.7,0.004
2020-10-28,14.4,21.0,8.4,59.0,0.0,1.7,3.9,14.7,76.0,50.0,0.037,0.028,0.7,0.006
2020-10-29,10.1,18.3,2.1,65.4,0.0,0.9,7.6,11.4,40.0,18.0,0.027,0.023,0.6,0.004
2020-10-30,9.7,18.2,2.9,75.6,0.0,1.3,7.1,11.1,29.0,13.0,0.023,0.018,0.5,0.004
2020-10-31,9.7,18.0,2.7,71.4,0.0,0.7,8.0,11.3,31.0,17.0,0.02,0.022,0.6,0.004
2020-11-01,11.0,13.1,7.7,91.6,2.1,0.5,0.0,12.0,37.0,27.0,0.01,0.026,0.6,0.004
2020-11-02,10.7,17.2,2.7,72.8,0.0,1.2,3.5,12.3,45.0,20.0,0.018,0.023,0.6,0.004
2020-11-03,6.0,11.2,0.4,52.4,0.0,3.4,8.3,7.2,28.0,10.0,0.026,0.012,0.5,0.003
2020-11-04,5.2,12.7,-1.0,43.0,0.0,2.5,8.5,7.0,24.0,11.0,0.028,0.017,0.5,0.004
2020-11-05,6.9,16.5,-3.3,55.3,0.0,0.8,7.9,9.2,44.0,23.0,0.015,0.034,0.7,0.005
2020-11-06,10.6,14.1,7.4,61.8,0.0,0.5,0.0,10.8,72.0,43.0,0.005,0.049,0.9,0.006
2020-11-07,13.2,22.0,4.3,59.1,0.0,1.6,6.8,13.0,61.0,35.0,0.034,0.026,0.7,0.005
2020-11-08,9.8,18.0,3.1,43.4,0.0,2.8,7.8,10.7,66.0,23.0,0.033,0.016,0.5,0.004
2020-11-09,7.3,13.1,1.9,37.4,0.0,2.4,9.4,9.0,26.0,9.0,0.027,0.015,0.5,0.004
2020-11-10,6.8,14.6,0.7,50.4,0.0,1.3,7.8,9.3,38.0,21.0,0.012,0.026,0.6,0.004
2020-11-11,6.3,15.9,-2.0,63.8,0.0,0.6,7.9,8.2,51.0,31.0,0.017,0.029,0.6,0.003
2020-11-12,7.1,17.9,-0.4,68.4,0.0,0.7,7.8,8.7,52.0,36.0,0.012,0.028,0.6,0.003
2020-11-13,8.5,19.1,-0.6,66.1,0.0,0.8,7.6,8.9,62.0,44.0,0.019,0.029,0.5,0.003
2020-11-14,9.7,18.7,2.0,77.3,0.0,1.0,6.0,10.7,45.0,26.0,0.018,0.018,0.5,0.003
2020-11-15,9.0,17.8,2.7,78.9,0.0,0.8,6.6,10.1,44.0,26.0,0.017,0.021,0.5,0.003
2020-11-16,10.0,19.3,2.5,75.4,0.0,1.0,7.1,10.0,66.0,47.0,0.023,0.024,0.6,0.003
2020-11-17,14.0,21.1,6.1,77.1,0.1,0.5,3.6,13.6,78.0,49.0,0.015,0.034,0.6,0.004
2020-11-18,17.7,23.6,12.1,75.3,0.0,0.9,1.1,16.7,54.0,35.0,0.019,0.021,0.5,0.004
2020-11-19,18.1,24.1,11.8,81.8,28.9,2.7,0.9,16.6,9.0,4.0,0.029,0.008,0.3,0.003
2020-11-20,8.8,11.9,3.9,66.4,0.0,4.3,6.0,9.4,18.0,9.0,0.029,0.008,0.4,0.002
2020-11-21,5.7,10.3,-0.9,79.3,0.0,0.7,0.0,7.0,38.0,26.0,0.01,0.02,0.4,0.003
2020-11-22,8.6,11.4,6.3,78.3,1.7,2.4,0.0,9.0,24.0,17.0,0.017,0.012,0.4,0.003
2020-11-23,4.8,10.4,0.1,55.1,0.0,2.3,7.6,5.0,20.0,12.0,0.026,0.01,0.3,0.003
2020-11-24,4.9,11.8,-0.5,60.1,0.0,1.1,2.5,5.7,28.0,19.0,0.015,0.02,0.4,0.003
2020-11-25,5.5,12.6,-1.2,61.5,0.0,1.7,7.4,4.3,32.0,21.0,0.018,0.018,0.4,0.003
2020-11-26,6.9,12.8,0.5,73.3,0.0,0.8,2.3,6.7,50.0,33.0,0.011,0.026,0.5,0.003
2020-11-27,7.3,11.6,3.2,59.4,0.0,3.0,4.9,7.0,37.0,25.0,0.02,0.015,0.4,0.003
2020-11-28,3.3,7.3,0.9,45.9,0.0,2.8,6.8,3.3,23.0,13.0,0.028,0.009,0.3,0.003
2020-11-29,2.9,7.8,-2.3,56.1,0.0,2.9,7.4,2.6,17.0,11.0,0.029,0.008,0.3,0.003
2020-11-30,2.9,7.9,-1.7,50.5,0.0,2.4,7.3,2.3,20.0,13.0,0.029,0.012,0.4,0.003
2020-12-01,1.4,9.6,-5.4,51.6,0.0,1.1,7.2,2.5,34.0,20.0,0.017,0.024,0.5,0.003
2020-12-02,2.5,10.2,-3.4,52.8,0.0,1.0,4.4,3.1,36.0,23.0,0.013,0.026,0.5,0.003
2020-12-03,4.0,9.1,1.2,38.6,0.0,2.6,7.2,3.0,23.0,13.0,0.027,0.018,0.4,0.003
2020-12-04,2.1,7.2,-2.8,42.1,0.0,2.5,7.2,2.2,21.0,11.0,0.029,0.014,0.4,0.003
2020-12-05,2.3,9.1,-3.9,60.4,0.0,1.9,7.2,2.5,27.0,16.0,0.026,0.018,0.5,0.003
2020-12-06,2.9,10.4,-4.5,66.6,0.0,1.5,7.2,2.7,35.0,25.0,0.02,0.021,0.5,0.003
2020-12-07,2.9,10.9,-4.1,67.6,0.0,1.9,4.4,2.3,60.0,43.0,0.022,0.02,0.6,0.004
2020-12-08,0.6,6.2,-5.4,53.8,0.0,2.1,4.9,2.1,27.0,16.0,0.03,0.016,0.4,0.003
2020-12-09,-0.6,8.9,-8.5,52.1,0.0,1.1,7.3,1.0,31.0,17.0,0.011,0.027,0.6,0.003
2020-12-10,3.8,11.5,-0.8,60.0,0.0,1.2,3.1,4.5,42.0,24.0,0.005,0.037,0.6,0.005
2020-12-11,5.0,11.0,-1.5,68.1,0.0,1.3,3.1,4.7,68.0,51.0,0.035,0.021,0.6,0.004
2020-12-12,4.6,9.3,-2.9,46.1,0.0,2.4,5.6,4.5,58.0,38.0,0.033,0.017,0.5,0.004
2020-12-13,1.2,10.6,-5.0,62.0,0.0,1.8,2.8,2.7,48.0,32.0,0.023,0.018,0.6,0.003
2020-12-14,-3.3,-0.1,-6.2,32.1,0.0,3.6,7.3,0.5,12.0,4.0,0.029,0.009,0.4,0.003
2020-12-15,-4.7,-0.8,-8.1,35.3,0.0,3.2,7.2,-2.1,15.0,6.0,0.028,0.011,0.4,0.003
2020-12-16,-3.9,-0.3,-6.6,35.8,0.0,3.3,7.1,-2.1,14.0,5.0,0.03,0.01,0.4,0.003
2020-12-17,-2.5,2.8,-7.3,43.4,0.0,2.7,7.1,-1.8,16.0,8.0,0.028,0.013,0.4,0.003
2020-12-18,0.0,6.4,-5.5,53.0,0.0,2.1,3.2,-0.5,34.0,21.0,0.02,0.025,0.5,0.004
2020-12-19,-1.9,2.9,-4.7,31.8,0.0,2.9,6.7,-0.2,20.0,8.0,0.029,0.011,0.4,0.003
2020-12-20,-0.7,4.5,-5.4,42.5,0.0,2.7,6.0,-0.1,18.0,10.0,0.032,0.011,0.4,0.004
2020-12-21,0.3,6.1,-6.8,55.9,0.0,2.0,6.4,-0.1,33.0,21.0,0.026,0.022,0.6,0.004
2020-12-22,1.3,8.4,-5.9,64.8,0.0,1.6,6.1,0.1,46.0,32.0,0.02,0.03,0.6,0.004
2020-12-23,1.9,8.9,-5.7,66.6,0.0,1.1,4.9,0.9,65.0,48.0,0.019,0.038,0.7,0.004
2020-12-24,3.6,10.9,-3.2,56.1,0.0,2.5,5.1,2.6,65.0,42.0,0.024,0.027,0.6,0.004
2020-12-25,0.4,5.8,-5.5,52.4,0.0,3.0,7.1,1.2,24.0,11.0,0.031,0.013,0.4,0.003
2020-12-26,-0.6,9.0,-8.1,70.1,0.0,1.0,3.9,0.0,44.0,25.0,0.014,0.025,0.6,0.004
2020-12-27,1.6,7.8,-3.8,80.8,0.0,0.5,0.7,1.8,61.0,40.0,0.011,0.029,0.7,0.004
2020-12-28,2.9,12.5,-2.4,82.9,0.0,0.9,4.4,3.7,53.0,37.0,0.009,0.032,0.7,0.003
2020-12-29,2.7,12.6,-4.2,78.4,0.9,1.5,3.3,3.2,56.0,40.0,0.019,0.022,0.6,0.004
2020-12-30,-5.9,0.8,-9.3,51.6,0.0,5.4,7.3,-1.1,22.0,11.0,0.03,0.009,0.4,0.003
2020-12-31,-5.9,-0.6,-11.3,49.8,0.0,3.7,7.0,-3.6,16.0,7.0,0.03,0.009,0.4,0.003
2021-01-01,-2.7,2.6,-9.0,69.8,0.0,1.7,3.8,-1.9,23.0,15.0,0.026,0.014,0.4,0.004
2021-01-02,-1.9,2.4,-7.2,52.5,0.0,2.7,7.0,-0.8,38.0,19.0,0.027,0.015,0.5,0.004
2021-01-03,-1.8,1.6,-5.0,42.3,0.0,2.9,5.9,-2.0,35.0,14.0,0.033,0.009,0.4,0.004
2021-01-04,-2.2,4.6,-8.0,57.1,0.0,1.2,7.1,-0.9,45.0,28.0,0.02,0.027,0.6,0.004
2021-01-05,-1.7,3.2,-5.9,50.4,0.0,2.8,5.2,-0.5,37.0,24.0,0.023,0.02,0.5,0.004
2021-01-06,-5.0,0.4,-9.4,49.6,0.0,2.5,7.3,-2.2,20.0,9.0,0.028,0.017,0.5,0.003
2021-01-07,-8.9,-2.7,-12.9,37.9,0.0,4.6,7.3,-3.9,24.0,8.0,0.03,0.01,0.4,0.004
2021-01-08,-10.3,-5.9,-13.6,38.6,0.0,3.6,7.3,-5.8,13.0,7.0,0.029,0.011,0.4,0.004
2021-01-09,-8.4,-3.3,-13.0,45.3,0.0,3.6,6.7,-5.8,15.0,9.0,0.032,0.01,0.4,0.004
2021-01-10,-5.7,1.0,-13.4,51.5,0.0,2.0,7.2,-4.1,19.0,12.0,0.027,0.015,0.5,0.004
2021-01-11,-5.4,-0.6,-10.7,63.0,0.0,1.1,1.8,-3.7,30.0,22.0,0.014,0.026,0.6,0.004
2021-01-12,-3.7,4.3,-11.2,61.5,0.0,1.2,6.4,-2.6,39.0,28.0,0.014,0.031,0.7,0.004
2021-01-13,1.2,10.7,-8.4,60.1,0.0,1.3,6.9,-0.6,91.0,40.0,0.019,0.03,0.7,0.005
2021-01-14,2.7,12.2,-4.2,58.5,0.0,0.9,7.4,0.9,71.0,32.0,0.019,0.034,0.7,0.005
2021-01-15,7.1,15.7,-1.8,63.0,0.0,1.5,4.0,3.9,53.0,23.0,0.025,0.025,0.6,0.004
2021-01-16,1.6,7.8,-3.2,42.1,0.0,3.5,7.2,2.3,88.0,34.0,0.036,0.009,0.4,0.003
2021-01-17,-3.4,1.4,-6.3,40.5,0.0,3.1,7.0,-0.3,14.0,7.0,0.031,0.011,0.3,0.003
2021-01-18,-3.5,3.1,-10.6,62.9,0.0,2.4,3.5,-1.4,37.0,19.0,0.021,0.02,0.5,0.003
2021-01-19,-3.8,2.5,-9.6,41.3,0.0,1.4,7.6,-1.1,19.0,7.0,0.029,0.016,0.4,0.003
2021-01-20,-2.9,8.5,-11.5,52.4,0.0,0.6,7.6,-0.8,38.0,20.0,0.011,0.034,0.6,0.004
2021-01-21,2.8,12.4,-7.6,69.5,0.8,0.7,5.6,1.2,57.0,41.0,0.01,0.04,0.7,0.004
2021-01-22,8.0,11.6,4.3,85.3,0.0,0.5,0.0,6.3,45.0,37.0,0.013,0.028,0.6,0.004
2021-01-23,8.7,11.2,7.0,79.4,1.0,2.4,0.0,7.1,11.0,8.0,0.031,0.014,0.4,0.003
2021-01-24,8.0,10.4,5.3,70.4,0.0,1.3,0.1,6.6,12.0,6.0,0.036,0.011,0.3,0.003
2021-01-25,6.4,11.5,1.7,74.0,0.0,1.5,4.3,6.8,14.0,9.0,0.027,0.017,0.4,0.003
2021-01-26,5.6,6.6,3.7,88.4,10.1,1.4,0.0,5.3,12.0,8.0,0.023,0.017,0.4,0.003
2021-01-27,4.7,9.8,0.5,58.4,0.0,2.0,6.7,5.0,29.0,17.0,0.032,0.014,0.5,0.003
2021-01-28,0.3,10.3,-5.0,66.3,0.0,3.2,4.7,1.9,26.0,13.0,0.024,0.015,0.5,0.003
2021-01-29,-5.1,-0.4,-8.5,37.8,0.0,5.3,7.8,-2.0,22.0,5.0,0.034,0.008,0.4,0.003
2021-01-30,0.5,8.8,-9.5,46.5,0.0,2.3,7.0,-0.6,56.0,17.0,0.029,0.016,0.5,0.003
2021-01-31,2.6,12.1,-6.7,53.9,0.0,0.8,7.7,1.6,40.0,16.0,0.024,0.02,0.5,0.003
2021-02-01,6.5,10.2,2.1,85.0,10.1,1.2,0.0,5.1,48.0,34.0,0.017,0.028,0.6,0.003
2021-02-02,-0.8,6.8,-4.2,34.0,0.0,5.0,8.0,1.1,31.0,15.0,0.037,0.008,0.4,0.003
2021-02-03,-1.9,4.2,-6.0,42.8,0.0,2.5,8.0,-0.3,24.0,13.0,0.028,0.016,0.5,0.003
2021-02-04,1.6,5.8,-5.8,35.6,0.0,3.3,8.1,1.6,20.0,10.0,0.033,0.014,0.4,0.003
2021-02-05,2.7,8.4,-6.4,36.3,0.0,1.4,4.9,0.8,25.0,12.0,0.021,0.027,0.5,0.003
2021-02-06,3.0,14.2,-5.6,60.4,0.0,1.0,8.2,2.9,58.0,34.0,0.019,0.031,0.7,0.004
2021-02-07,5.4,13.7,-2.2,55.6,0.0,2.1,7.8,3.9,78.0,52.0,0.032,0.018,0.6,0.003
2021-02-08,0.4,5.5,-3.3,33.8,0.0,3.7,8.6,2.2,17.0,8.0,0.034,0.009,0.4,0.003
2021-02-09,1.3,7.2,-4.3,34.1,0.0,3.1,8.8,1.6,16.0,9.0,0.033,0.011,0.4,0.003
2021-02-10,3.8,10.4,-3.5,50.4,0.0,2.4,8.6,2.7,40.0,23.0,0.035,0.019,0.5,0.004
2021-02-11,5.0,12.3,-2.2,66.4,0.0,1.1,6.6,4.3,52.0,35.0,0.032,0.021,0.6,0.004
2021-02-12,5.5,15.8,-1.8,62.9,0.0,0.8,7.4,5.3,57.0,42.0,0.023,0.022,0.7,0.003
2021-02-13,5.7,17.7,-3.5,57.8,0.0,0.7,9.0,5.3,46.0,34.0,0.029,0.021,0.6,0.004
2021-02-14,7.0,13.3,0.2,81.4,4.6,0.5,0.7,5.9,66.0,53.0,0.023,0.025,0.7,0.004
2021-02-15,5.2,9.9,-2.0,64.1,0.4,3.8,4.4,6.0,32.0,24.0,0.034,0.01,0.4,0.003
2021-02-16,-0.7,6.3,-4.1,50.1,0.0,3.5,7.2,2.1,15.0,7.0,0.036,0.009,0.4,0.003
2021-02-17,-5.0,-1.4,-6.8,40.3,0.0,5.4,9.2,-0.6,19.0,5.0,0.035,0.006,0.4,0.003
2021-02-18,-4.3,0.4,-9.0,45.4,0.0,3.5,9.0,-0.9,26.0,8.0,0.032,0.009,0.4,0.003
2021-02-19,3.5,12.0,-4.5,44.9,0.0,2.5,9.1,2.4,32.0,15.0,0.033,0.018,0.5,0.004
2021-02-20,9.6,19.7,-0.6,53.4,0.0,2.0,8.8,5.3,65.0,34.0,0.045,0.019,0.6,0.004
2021-02-21,12.3,23.6,-0.9,49.4,0.0,2.1,8.9,7.4,57.0,33.0,0.038,0.018,0.6,0.004
2021-02-22,13.1,22.8,4.2,40.3,0.0,2.8,9.0,9.3,48.0,21.0,0.045,0.013,0.4,0.004
2021-02-23,5.2,11.7,0.0,23.5,0.0,2.5,9.1,6.2,23.0,7.0,0.038,0.008,0.4,0.003
2021-02-24,3.4,11.2,-1.9,57.1,0.0,1.4,6.0,5.8,36.0,14.0,0.024,0.018,0.5,0.003
2021-02-25,4.2,10.4,-2.3,81.6,0.4,0.7,0.1,4.6,46.0,27.0,0.015,0.022,0.5,0.003
2021-02-26,8.0,11.9,4.1,65.4,0.0,2.6,7.1,8.1,27.0,15.0,0.031,0.011,0.4,0.003
2021-02-27,6.6,8.5,4.4,60.6,0.0,3.1,0.2,6.4,16.0,5.0,0.042,0.006,0.4,0.003
2021-02-28,7.2,14.5,0.7,75.1,0.0,1.1,3.4,7.7,20.0,8.0,0.03,0.01,0.4,0.003
2021-03-01,7.4,12.3,3.1,95.1,41.1,1.6,0.0,7.4,23.0,17.0,0.019,0.012,0.5,0.003
2021-03-02,1.8,5.1,-0.2,86.4,11.3,0.8,0.2,3.5,7.0,3.0,0.029,0.011,0.4,0.003
2021-03-03,3.2,9.3,-3.1,73.6,0.0,0.7,7.3,4.9,27.0,16.0,0.016,0.017,0.5,0.003
2021-03-04,5.7,11.7,-1.0,81.9,0.0,0.8,0.6,6.9,36.0,19.0,0.013,0.022,0.5,0.003
2021-03-05,9.3,17.9,3.3,70.6,0.0,1.1,7.6,10.3,33.0,19.0,0.019,0.018,0.5,0.003
2021-03-06,5.3,8.5,2.7,77.1,0.0,3.0,1.9,6.2,23.0,11.0,0.029,0.011,0.4,0.003
2021-03-07,4.7,8.2,0.9,73.1,0.0,1.3,0.2,6.8,15.0,5.0,0.036,0.008,0.4,0.003
2021-03-08,4.6,13.2,-2.5,74.8,0.0,1.5,9.9,7.3,23.0,12.0,0.025,0.013,0.5,0.003
2021-03-09,7.4,14.7,-0.4,62.1,0.0,1.5,6.8,8.8,31.0,18.0,0.029,0.015,0.5,0.003
2021-03-10,6.8,13.1,-0.1,58.1,0.0,2.2,10.6,9.5,53.0,25.0,0.037,0.014,0.5,0.004
2021-03-11,8.3,18.6,-1.7,58.9,0.0,0.9,7.9,10.5,43.0,21.0,0.026,0.02,0.5,0.004
2021-03-12,8.7,10.2,6.9,85.1,16.0,1.4,0.0,8.4,29.0,20.0,0.027,0.016,0.5,0.003
2021-03-13,7.9,15.2,1.8,76.9,0.0,1.2,9.5,10.1,36.0,20.0,0.034,0.012,0.5,0.003
2021-03-14,8.5,17.1,0.8,73.0,0.0,1.4,8.1,10.2,46.0,31.0,0.03,0.012,0.6,0.003
2021-03-15,11.0,18.6,0.9,64.1,0.0,1.6,8.9,11.4,50.0,36.0,0.035,0.013,0.6,0.003
2021-03-16,14.0,19.8,6.3,48.6,0.0,2.5,10.1,14.6,57.0,15.0,0.045,0.009,0.4,0.003
2021-03-17,8.4,16.5,0.3,69.4,0.0,1.6,10.5,11.1,87.0,17.0,0.028,0.014,0.5,0.004
2021-03-18,8.1,15.2,1.9,76.1,0.0,1.7,5.0,10.6,72.0,18.0,0.03,0.011,0.5,0.003
2021-03-19,10.1,14.7,5.5,67.9,0.0,2.1,4.1,12.0,40.0,8.0,0.037,0.01,0.4,0.003
2021-03-20,8.9,10.8,6.4,91.9,5.9,1.1,0.0,9.2,16.0,,0.03,0.01,0.4,0.003
2021-03-21,8.3,11.5,4.4,58.3,0.0,4.2,7.2,9.9,35.0,,0.044,0.005,0.4,0.003
2021-03-22,7.4,12.9,2.5,39.4,0.0,3.8,10.7,9.2,30.0,7.0,0.042,0.007,0.4,0.003
2021-03-23,10.8,19.0,2.0,37.9,0.0,2.5,11.2,11.2,93.0,20.0,0.045,0.014,0.5,0.004
2021-03-24,9.9,17.5,1.0,49.1,0.0,1.2,4.8,9.5,67.0,25.0,0.034,0.024,0.5,0.004
2021-03-25,12.8,22.0,1.9,50.6,0.0,1.3,11.3,13.5,56.0,21.0,0.042,0.021,0.5,0.003
2021-03-26,13.2,22.8,3.5,52.4,0.0,1.4,9.8,14.4,62.0,26.0,0.039,0.023,0.5,0.004
2021-03-27,12.0,17.6,5.0,85.3,11.7,0.8,0.1,11.2,49.0,20.0,0.032,0.019,0.5,0.004
2021-03-28,14.5,19.2,8.7,76.0,13.7,2.3,7.0,14.8,9.0,4.0,0.047,0.008,0.4,0.003
2021-03-29,13.7,19.3,6.8,48.4,0.0,3.0,6.5,13.6,370.0,57.0,0.044,0.009,0.5,0.003
2021-03-30,13.2,20.6,6.1,37.9,0.0,2.2,10.1,15.7,105.0,13.0,0.045,0.011,0.5,0.003
2021-03-31,11.3,22.0,1.4,63.0,0.0,1.4,10.6,14.6,61.0,16.0,0.039,0.016,0.6,0.004
2021-04-01,11.8,17.7,4.3,63.0,0.0,3.0,6.8,13.0,59.0,11.0,0.044,0.011,0.4,0.003
2021-04-02,13.6,17.9,11.8,66.8,0.0,3.1,3.5,16.7,41.0,9.0,0.049,0.008,0.4,0.003
2021-04-03,13.4,19.0,9.5,89.3,31.6,1.2,0.0,14.0,33.0,14.0,0.03,0.014,0.5,0.003
2021-04-04,9.2,11.9,6.2,80.0,23.9,2.2,0.0,10.4,9.0,4.0,0.043,0.007,0.4,0.003
2021-04-05,8.0,15.7,0.4,67.3,0.0,1.7,11.7,11.7,17.0,6.0,0.031,0.013,0.4,0.003
2021-04-06,11.8,20.6,0.9,52.8,0.0,1.9,9.3,13.0,26.0,13.0,0.038,0.014,0.4,0.003
2021-04-07,14.5,22.4,7.1,44.1,0.0,1.7,11.2,16.0,44.0,23.0,0.051,0.017,0.5,0.004
2021-04-08,11.6,21.1,5.1,60.5,0.0,1.6,11.1,15.5,35.0,15.0,0.036,0.015,0.5,0.003
2021-04-09,7.3,12.4,2.6,74.4,0.2,2.0,3.0,9.1,25.0,11.0,0.03,0.013,0.4,0.003
2021-04-10,8.3,17.4,-0.3,66.3,0.0,1.4,11.7,13.4,21.0,11.0,0.03,0.013,0.5,0.004
2021-04-11,11.6,21.3,1.2,54.9,0.0,1.3,11.7,15.1,20.0,9.0,0.036,0.011,0.5,0.003
2021-04-12,11.4,13.6,7.5,86.1,10.3,0.7,0.0,12.2,25.0,15.0,0.025,0.02,0.5,0.003
2021-04-13,14.9,19.6,7.8,64.6,0.1,3.3,8.5,16.9,11.0,5.0,0.046,0.007,0.4,0.003
2021-04-14,10.7,17.3,5.0,40.4,0.0,3.1,10.4,13.6,22.0,8.0,0.047,0.007,0.4,0.003
2021-04-15,10.5,18.3,1.5,48.8,0.0,1.4,10.9,13.3,38.0,18.0,0.049,0.016,0.4,0.004
2021-04-16,12.3,20.5,2.8,64.6,0.0,1.5,4.6,13.5,40.0,20.0,0.039,0.016,0.5,0.003
2021-04-17,12.7,19.5,7.4,46.1,0.0,2.5,6.6,14.9,121.0,21.0,0.045,0.009,0.4,0.002
2021-04-18,11.5,17.3,6.3,44.1,0.0,3.1,8.3,14.4,26.0,7.0,0.046,0.007,0.4,0.002
2021-04-19,15.6,22.7,7.1,34.6,0.0,3.0,12.1,16.9,39.0,12.0,0.063,0.009,0.4,0.004
2021-04-20,17.3,25.8,10.2,40.1,0.0,2.4,11.6,19.3,59.0,23.0,0.077,0.011,0.5,0.004
2021-04-21,17.2,27.7,7.3,58.5,0.0,1.3,10.6,20.4,71.0,36.0,0.061,0.02,0.7,0.006
2021-04-22,18.0,26.8,11.6,52.0,0.0,2.2,5.7,19.7,61.0,29.0,0.058,0.015,0.6,0.005
2021-04-23,15.1,18.4,13.1,54.3,0.0,2.4,0.0,15.8,28.0,9.0,0.053,0.009,0.4,0.003
2021-04-24,14.9,20.8,9.8,58.8,0.0,1.8,7.1,19.9,22.0,9.0,0.05,0.008,0.4,0.003
2021-04-25,12.9,18.1,8.0,61.9,0.0,2.6,11.3,19.1,24.0,7.0,0.043,0.007,0.3,0.003
2021-04-26,11.7,19.8,2.9,60.1,0.0,1.5,12.0,18.1,16.0,3.0,0.038,0.01,0.4,0.003
2021-04-27,14.7,22.7,5.2,48.0,0.0,1.4,7.0,19.6,25.0,9.0,0.04,0.014,0.4,0.003
2021-04-28,17.0,23.8,9.3,45.8,0.0,1.6,8.3,21.4,80.0,20.0,0.045,0.013,0.4,0.004
2021-04-29,15.0,21.6,11.5,61.5,0.0,1.6,4.8,17.2,76.0,26.0,0.04,0.016,0.5,0.004
2021-04-30,16.1,21.9,11.7,50.0,0.4,3.0,8.9,22.0,61.0,15.0,0.061,0.007,0.4,0.003
2021-05-01,11.0,15.3,8.7,75.9,7.6,2.6,1.6,12.3,29.0,14.0,0.047,0.007,0.4,0.003
2021-05-02,12.2,19.6,7.2,66.8,0.0,2.4,7.5,16.2,18.0,6.0,0.043,0.007,0.4,0.003
2021-05-03,15.0,23.3,3.8,56.9,0.0,1.5,12.0,20.5,23.0,8.0,0.041,0.011,0.4,0.004
2021-05-04,16.0,19.3,9.4,80.8,5.7,1.3,0.6,17.4,26.0,13.0,0.042,0.012,0.4,0.004
2021-05-05,17.6,23.4,12.0,46.3,2.0,3.1,11.5,20.3,38.0,8.0,0.052,0.006,0.3,0.003
2021-05-06,15.7,24.9,4.1,43.9,0.0,1.3,9.6,20.4,58.0,12.0,0.048,0.012,0.4,0.004
2021-05-07,16.3,25.1,8.4,54.1,0.3,2.2,6.2,19.6,100.0,29.0,0.043,0.012,0.4,0.003
2021-05-08,16.6,25.0,4.3,48.9,0.0,2.2,11.7,21.4,203.0,56.0,0.047,0.01,0.4,0.004
2021-05-09,18.0,24.3,11.3,36.4,0.0,3.2,12.6,23.0,86.0,19.0,0.056,0.005,0.3,0.003
2021-05-10,11.6,14.8,8.0,83.3,5.5,0.9,0.5,13.3,23.0,11.0,0.026,0.014,0.4,0.003
2021-05-11,14.1,17.6,11.9,80.4,1.5,1.6,0.4,15.8,21.0,13.0,0.034,0.012,0.5,0.004
2021-05-12,15.0,21.3,9.4,73.8,0.0,2.1,9.0,20.3,20.0,7.0,0.043,0.008,0.4,0.003
2021-05-13,18.0,28.3,8.8,62.4,0.0,1.4,12.5,23.6,23.0,12.0,0.037,0.012,0.5,0.004
2021-05-14,19.6,28.3,11.2,70.6,0.0,1.8,10.9,24.8,34.0,21.0,0.044,0.015,0.7,0.005
2021-05-15,19.6,22.4,16.8,89.9,2.6,0.9,0.0,20.4,33.0,29.0,0.026,0.019,0.8,0.005
2021-05-16,18.6,23.8,12.6,95.8,25.3,1.4,0.0,20.4,18.0,16.0,0.025,0.009,0.5,0.003
2021-05-17,13.8,15.4,12.7,97.5,12.5,1.6,0.0,15.8,5.0,4.0,0.039,0.008,0.4,0.003
2021-05-18,16.3,21.5,13.2,88.8,0.1,0.6,3.1,18.3,21.0,16.0,0.029,0.012,0.5,0.003
2021-05-19,20.2,28.6,12.6,67.5,0.0,1.1,9.9,23.9,34.0,24.0,0.041,0.011,0.5,0.003
2021-05-20,15.3,17.4,14.2,91.9,8.7,1.0,0.0,16.9,25.0,18.0,0.034,0.013,0.5,0.004
2021-05-21,16.0,19.6,14.3,85.5,0.4,1.2,0.2,17.4,16.0,11.0,0.042,0.01,0.4,0.003
2021-05-22,19.9,26.5,12.9,66.5,0.0,2.3,11.7,22.2,25.0,17.0,0.058,0.007,0.4,0.003
2021-05-23,21.6,30.3,12.5,63.3,0.0,1.2,8.6,25.1,42.0,29.0,0.056,0.011,0.5,0.003
2021-05-24,20.5,26.7,14.4,63.0,1.0,1.5,5.1,22.6,49.0,31.0,0.051,0.012,0.5,0.003
2021-05-25,15.6,23.0,9.5,58.4,0.3,2.1,6.0,18.1,72.0,24.0,0.034,0.013,0.4,0.003
2021-05-26,16.7,23.7,8.1,53.1,0.0,1.1,2.5,18.8,39.0,13.0,0.036,0.014,0.4,0.003
2021-05-27,17.8,23.9,14.2,63.5,0.0,1.9,3.9,20.5,26.0,11.0,0.052,0.009,0.4,0.003
2021-05-28,14.8,27.0,8.3,81.8,16.6,1.3,9.2,17.1,29.0,15.0,0.037,0.012,0.4,0.003
2021-05-29,19.0,25.6,13.5,58.6,0.0,2.3,9.5,21.2,26.0,15.0,0.052,0.007,0.5,0.003
2021-05-30,18.6,26.6,10.7,64.6,0.0,1.5,12.8,23.7,29.0,16.0,0.045,0.009,0.5,0.004
2021-05-31,18.8,25.4,14.8,77.4,3.6,1.6,4.0,22.4,32.0,20.0,0.052,0.009,0.5,0.003
2021-06-01,20.9,28.6,13.0,70.1,0.0,1.0,11.0,25.3,39.0,24.0,0.056,0.012,0.5,0.004
2021-06-02,22.1,29.8,15.3,68.8,0.0,0.9,7.9,24.4,56.0,34.0,0.061,0.017,0.5,0.004
2021-06-03,18.0,19.5,14.3,93.8,13.1,1.0,0.3,19.2,34.0,25.0,0.029,0.015,0.5,0.003
2021-06-04,19.7,25.8,15.0,67.0,2.5,2.1,10.4,22.6,19.0,10.0,0.052,0.007,0.4,0.003
2021-06-05,21.4,29.4,10.0,63.1,0.0,1.9,12.1,24.0,42.0,22.0,0.06,0.009,0.5,0.003
2021-06-06,23.1,28.9,17.8,66.4,0.2,1.3,9.8,26.2,60.0,37.0,0.075,0.008,0.5,0.004
2021-06-07,23.2,30.1,16.0,69.1,0.0,1.1,8.7,25.6,50.0,33.0,0.057,0.011,0.5,0.003
2021-06-08,23.0,30.0,18.1,66.0,0.0,1.6,10.3,27.9,46.0,30.0,0.06,0.012,0.5,0.004
2021-06-09,23.1,29.9,17.2,64.4,0.0,1.9,11.6,28.9,45.0,29.0,0.064,0.013,0.7,0.006
2021-06-10,23.0,29.8,15.4,64.9,0.0,1.1,4.4,25.4,45.0,31.0,0.053,0.011,0.6,0.005
2021-06-11,21.1,24.3,19.7,92.0,6.4,0.9,0.8,22.3,25.0,21.0,0.034,0.01,0.4,0.003
2021-06-12,22.7,26.9,18.3,83.4,0.0,1.5,1.2,25.4,26.0,20.0,0.031,0.01,0.5,0.004
2021-06-13,24.0,29.8,20.3,78.6,0.0,1.7,9.2,28.8,29.0,25.0,0.043,0.007,0.5,0.003
2021-06-14,22.2,26.5,20.1,80.8,0.0,2.0,2.8,26.6,33.0,28.0,0.04,0.008,0.5,0.003
2021-06-15,20.6,22.7,19.1,88.3,3.1,1.8,0.0,22.3,21.0,17.0,0.036,0.007,0.4,0.003
2021-06-16,19.5,22.0,17.8,83.9,0.4,2.8,0.1,21.1,9.0,6.0,0.046,0.005,0.3,0.003
2021-06-17,19.0,21.2,17.4,81.3,0.1,1.3,0.0,20.7,17.0,9.0,0.033,0.007,0.3,0.003
2021-06-18,20.9,25.8,17.3,84.9,1.7,0.9,0.4,21.7,27.0,21.0,0.029,0.011,0.4,0.003
2021-06-19,23.0,29.3,17.6,66.6,0.0,1.8,11.5,26.2,29.0,17.0,0.054,0.007,0.4,0.004
2021-06-20,23.7,32.6,15.2,64.3,0.0,1.4,9.6,27.9,32.0,21.0,0.054,0.008,0.5,0.003
2021-06-21,21.5,30.1,16.6,72.3,0.0,2.3,8.0,25.8,33.0,20.0,0.048,0.007,0.4,0.003
2021-06-22,19.3,23.2,15.0,77.8,0.1,1.7,0.7,24.8,23.0,13.0,0.034,0.008,0.4,0.003
2021-06-23,19.2,22.1,16.2,80.9,0.2,1.8,0.3,22.2,16.0,9.0,0.033,0.006,0.3,0.003
2021-06-24,21.7,27.3,17.7,73.5,0.0,1.3,4.5,27.8,21.0,15.0,0.04,0.009,0.4,0.004
2021-06-25,22.7,30.3,16.0,74.5,0.0,1.5,8.7,28.1,34.0,24.0,0.051,0.011,0.5,0.004
2021-06-26,21.8,26.9,18.9,80.0,0.9,1.1,2.5,23.2,32.0,28.0,0.047,0.011,0.5,0.003
2021-06-27,22.2,28.7,16.3,74.3,0.0,1.8,10.8,28.7,30.0,24.0,0.046,0.006,0.5,0.003
2021-06-28,22.5,27.0,18.7,74.8,0.0,2.0,6.2,28.4,27.0,22.0,0.039,0.007,0.4,0.003
2021-06-29,23.1,28.7,17.4,72.9,0.0,1.8,7.4,34.4,27.0,20.0,0.035,0.008,0.4,0.004
2021-06-30,23.1,28.4,19.9,75.6,0.0,1.8,1.8,29.3,30.0,23.0,0.039,0.008,0.5,0.004
2021-07-01,23.4,30.9,16.8,68.9,0.0,1.6,11.8,32.1,23.0,17.0,0.035,0.008,0.4,0.003
2021-07-02,22.7,27.7,17.1,77.1,0.0,1.7,2.3,29.8,17.0,12.0,0.03,0.007,0.3,0.003
2021-07-03,21.5,23.4,20.5,89.8,32.7,2.2,0.0,22.6,14.0,12.0,0.034,0.007,0.4,0.003
2021-07-04,26.3,30.8,21.0,74.8,15.7,2.1,6.8,27.6,15.0,13.0,0.041,0.006,0.4,0.003
2021-07-05,23.1,25.9,20.3,79.8,18.7,1.5,0.8,24.1,16.0,11.0,0.035,0.008,0.4,0.003
2021-07-06,22.0,24.5,20.2,96.4,25.6,0.9,0.0,23.1,13.0,11.0,0.025,0.014,0.4,0.003
2021-07-07,23.6,26.1,21.7,97.4,50.4,0.5,0.0,24.8,13.0,13.0,0.011,0.015,0.4,0.003
2021-07-08,23.6,27.8,21.8,88.4,35.9,1.3,0.6,26.2,11.0,8.0,0.031,0.009,0.4,0.003
2021-07-09,23.1,27.5,21.4,92.5,37.7,1.4,3.4,26.5,24.0,21.0,0.032,0.01,0.5,0.003
2021-07-10,23.8,31.0,19.7,85.8,40.2,1.1,4.4,27.0,31.0,28.0,0.045,0.008,0.5,0.003
2021-07-11,24.7,31.9,19.5,82.9,2.7,1.2,8.6,27.1,24.0,20.0,0.05,0.007,0.4,0.003
2021-07-12,26.7,33.3,21.0,77.4,0.0,1.1,10.5,29.8,22.0,18.0,0.043,0.008,0.4,0.003
2021-07-13,27.8,33.8,21.7,74.5,0.0,1.0,10.6,31.0,27.0,20.0,0.034,0.009,0.3,0.003
2021-07-14,28.2,33.8,22.6,75.9,0.0,1.1,9.9,31.2,24.0,20.0,0.036,0.009,0.5,0.004
2021-07-15,26.3,31.9,22.7,83.1,0.0,1.5,8.2,33.2,30.0,24.0,0.029,0.01,0.5,0.003
2021-07-16,25.9,31.0,21.8,79.3,0.4,1.9,11.2,32.9,19.0,16.0,0.029,0.007,0.3,0.003
2021-07-17,25.2,29.4,21.9,81.3,4.4,1.7,5.4,27.4,14.0,10.0,0.027,0.006,0.3,0.003
2021-07-18,25.2,30.7,21.4,84.5,0.0,1.7,5.3,27.6,14.0,11.0,0.022,0.006,0.4,0.003
2021-07-19,25.9,30.2,22.2,82.6,0.1,1.0,3.0,29.4,19.0,12.0,0.026,0.009,0.4,0.003
2021-07-20,27.0,32.8,22.9,75.0,0.0,1.5,9.9,33.3,21.0,15.0,0.026,0.009,0.4,0.003
2021-07-21,25.7,30.9,21.0,78.8,0.0,1.4,8.1,32.5,14.0,13.0,0.019,0.007,0.3,0.003
2021-07-22,26.3,30.9,21.1,78.5,0.0,1.8,9.5,34.1,20.0,16.0,0.024,0.006,0.3,0.003
2021-07-23,26.1,31.3,21.2,80.0,0.0,1.5,6.9,32.8,23.0,19.0,0.028,0.007,0.4,0.003
2021-07-24,26.2,31.5,21.9,78.0,0.0,1.7,8.7,33.3,25.0,22.0,0.029,0.007,0.5,0.004
2021-07-25,26.1,30.7,21.7,81.3,0.0,1.7,5.6,31.5,23.0,20.0,0.031,0.007,0.4,0.004
2021-07-26,26.6,32.9,21.6,74.9,0.0,1.5,9.6,35.1,19.0,15.0,0.026,0.008,0.4,0.003
2021-07-27,26.2,32.7,21.1,77.3,0.0,1.5,11.5,36.1,17.0,14.0,0.027,0.007,0.3,0.003
2021-07-28,26.3,32.3,20.6,77.6,0.0,1.4,11.5,35.1,15.0,12.0,0.02,0.006,0.3,0.003
2021-07-29,27.5,34.1,21.7,73.9,0.0,1.0,8.5,37.2,20.0,15.0,0.036,0.009,0.4,0.003
2021-07-30,28.2,35.3,22.3,71.9,0.0,1.0,9.4,36.1,30.0,25.0,0.045,0.011,0.4,0.004
2021-07-31,27.5,36.4,22.0,80.0,6.9,1.1,6.8,35.9,28.0,23.0,0.038,0.009,0.4,0.003
2021-08-01,26.8,32.9,24.3,89.8,13.2,1.0,5.2,30.8,21.0,18.0,0.032,0.007,0.4,0.003
2021-08-02,26.4,33.3,23.6,88.1,3.2,0.9,3.6,29.4,17.0,15.0,0.03,0.007,0.4,0.003
2021-08-03,27.7,33.1,23.2,78.8,0.0,1.0,7.7,30.8,21.0,18.0,0.028,0.007,0.3,0.003
2021-08-04,28.5,34.7,23.1,73.5,0.0,1.0,10.1,33.8,32.0,26.0,0.04,0.008,0.4,0.004
2021-08-05,28.7,34.8,22.9,72.9,0.0,1.2,11.9,33.1,32.0,26.0,0.038,0.009,0.4,0.004
2021-08-06,28.7,35.1,22.6,71.9,0.0,1.4,11.1,33.3,26.0,20.0,0.037,0.01,0.5,0.004
2021-08-07,28.1,34.9,23.0,76.1,0.8,1.5,9.9,34.0,20.0,19.0,0.036,0.007,0.4,0.004
2021-08-08,24.9,28.8,22.6,87.9,4.1,1.4,0.7,26.6,14.0,13.0,0.03,0.006,0.3,0.003
2021-08-09,25.3,31.0,21.5,80.8,3.0,1.8,4.3,28.1,12.0,8.0,0.034,0.006,0.4,0.003
2021-08-10,23.4,26.8,20.8,89.6,12.5,1.1,0.9,25.2,20.0,15.0,0.024,0.011,0.4,0.003
2021-08-11,25.1,30.5,21.6,85.1,0.0,1.3,7.0,27.4,31.0,27.0,0.04,0.011,0.5,0.003
2021-08-12,25.1,30.3,20.5,81.5,0.0,1.4,6.0,29.5,26.0,17.0,0.032,0.007,0.4,0.003
2021-08-13,24.5,28.6,21.3,82.3,0.0,1.4,1.8,28.1,19.0,14.0,0.031,0.007,0.4,0.003
2021-08-14,22.3,26.0,20.5,90.6,18.7,1.1,0.2,25.0,14.0,11.0,0.032,0.006,0.3,0.003
2021-08-15,22.3,25.9,19.2,87.1,0.0,1.2,2.2,25.0,16.0,9.0,0.026,0.005,0.3,0.003
2021-08-16,22.5,26.6,19.4,80.9,0.0,1.5,2.9,24.9,24.0,14.0,0.025,0.006,0.3,0.003
2021-08-17,22.3,25.8,20.1,83.9,0.2,1.3,0.0,23.0,17.0,11.0,0.024,0.008,0.3,0.003
2021-08-18,21.9,24.6,20.1,88.1,3.2,1.3,0.3,23.7,12.0,9.0,0.032,0.008,0.3,0.003
2021-08-19,23.1,26.2,20.4,82.6,0.0,1.0,1.5,25.0,14.0,10.0,0.03,0.007,0.3,0.003
2021-08-20,23.7,29.2,18.9,83.0,0.0,1.1,4.9,27.5,20.0,14.0,0.036,0.01,0.4,0.003
2021-08-21,22.2,24.2,20.5,95.9,32.7,0.9,0.0,23.2,14.0,11.0,0.031,0.008,0.3,0.003
2021-08-22,24.7,30.0,20.4,82.1,0.0,1.2,4.9,26.3,17.0,12.0,0.041,0.006,0.4,0.003
2021-08-23,22.1,24.2,20.0,96.3,30.7,1.0,0.0,23.4,25.0,17.0,0.026,0.011,0.5,0.003
2021-08-24,23.7,27.1,21.0,95.0,95.6,1.6,0.1,23.3,13.0,11.0,0.027,0.011,0.4,0.003
2021-08-25,24.5,26.8,21.7,92.1,1.4,0.6,0.2,25.0,23.0,16.0,0.021,0.012,0.4,0.003
2021-08-26,25.2,31.8,21.4,81.1,7.4,1.1,9.7,28.1,30.0,15.0,0.041,0.01,0.4,0.003
2021-08-27,22.4,28.4,19.5,93.1,16.1,1.0,2.6,26.0,33.0,19.0,0.031,0.008,0.5,0.003
2021-08-28,23.9,30.3,19.7,78.0,0.0,1.3,10.4,26.5,22.0,13.0,0.041,0.007,0.4,0.003
2021-08-29,22.0,24.3,20.2,90.9,2.8,0.8,0.1,23.9,24.0,14.0,0.022,0.005,0.4,0.003
2021-08-30,23.6,28.5,20.2,82.1,0.2,0.9,3.2,25.4,26.0,16.0,0.034,0.007,0.4,0.003
2021-08-31,22.8,27.3,19.4,82.0,26.2,1.5,1.6,24.4,26.0,13.0,0.032,0.008,0.5,0.004
2021-09-01,20.5,22.8,19.4,98.9,67.4,1.0,0.0,22.1,10.0,8.0,0.029,0.009,0.5,0.003
2021-09-02,21.1,24.3,19.2,85.1,1.6,1.3,0.6,22.7,9.0,2.0,0.033,0.006,0.4,0.003
2021-09-03,19.6,23.6,18.9,94.6,5.0,0.9,0.3,21.7,13.0,6.0,0.02,0.007,0.4,0.003
2021-09-04,20.9,26.1,17.1,81.3,0.0,1.3,7.0,23.7,12.0,3.0,0.025,0.006,0.3,0.003
2021-09-05,20.6,24.6,16.1,82.5,0.0,1.2,2.8,22.2,14.0,5.0,0.027,0.005,0.3,0.003
2021-09-06,21.1,25.8,18.9,86.0,3.1,1.6,1.7,22.5,16.0,6.0,0.027,0.008,0.3,0.003
2021-09-07,22.0,25.4,19.4,92.8,0.6,0.7,0.5,23.0,22.0,11.0,0.021,0.019,0.4,0.004
2021-09-08,22.9,28.6,19.7,80.3,0.0,1.5,5.8,24.9,9.0,4.0,0.035,0.009,0.4,0.004
2021-09-09,22.0,27.8,17.3,83.1,0.0,0.9,5.1,24.1,22.0,11.0,0.035,0.014,0.5,0.005
2021-09-10,21.2,25.2,18.4,88.6,0.7,0.7,0.6,22.2,37.0,24.0,0.028,0.02,0.5,0.005
2021-09-11,22.2,30.1,16.2,78.1,0.0,0.8,10.8,26.4,30.0,21.0,0.036,0.014,0.5,0.005
2021-09-12,21.8,29.5,15.7,79.9,0.0,1.1,8.2,25.0,24.0,14.0,0.038,0.01,0.5,0.004
2021-09-13,21.0,24.8,17.7,80.0,0.0,1.5,1.0,23.1,19.0,7.0,0.03,0.012,0.4,0.004
2021-09-14,21.3,23.6,17.7,76.0,0.0,2.3,0.0,21.4,11.0,2.0,0.035,0.009,0.4,0.004
2021-09-15,22.1,25.9,18.6,65.6,0.0,3.4,7.7,24.7,13.0,4.0,0.042,0.008,0.4,0.004
2021-09-16,20.9,25.5,14.7,78.8,0.2,1.7,6.5,23.8,10.0,3.0,0.034,0.01,0.4,0.004
2021-09-17,19.7,21.1,18.0,83.6,12.3,1.6,0.0,20.3,7.0,3.0,0.037,0.01,0.4,0.004
2021-09-18,19.9,25.5,14.6,82.9,0.0,0.8,5.3,23.3,11.0,4.0,0.025,0.011,0.4,0.004
2021-09-19,19.8,26.0,15.1,81.0,0.0,1.1,9.0,23.0,9.0,3.0,0.028,0.009,0.4,0.004
2021-09-20,20.5,25.2,15.0,82.9,0.0,1.5,5.4,22.9,11.0,4.0,0.029,0.009,0.4,0.005
2021-09-21,21.1,24.7,18.0,93.8,6.3,0.6,1.1,22.9,16.0,10.0,0.026,0.011,0.4,0.004
2021-09-22,22.4,28.6,17.0,72.3,0.0,1.6,9.4,23.3,18.0,12.0,0.043,0.01,0.5,0.004
2021-09-23,20.3,26.1,15.4,70.0,0.0,2.0,7.9,23.3,18.0,10.0,0.045,0.011,0.4,0.004
2021-09-24,18.3,24.2,14.0,86.9,0.0,0.8,4.3,20.9,16.0,9.0,0.017,0.015,0.4,0.004
2021-09-25,19.4,23.2,15.9,89.0,7.6,1.3,0.4,20.6,8.0,3.0,0.024,0.01,0.4,0.004
2021-09-26,19.3,23.8,16.1,78.3,0.0,1.4,2.7,20.8,10.0,2.0,0.027,0.008,0.3,0.004
2021-09-27,19.5,23.7,16.5,79.4,0.0,1.0,0.7,21.0,9.0,2.0,0.027,0.012,0.3,0.004
2021-09-28,20.5,23.7,17.6,82.9,0.0,1.1,0.2,22.1,11.0,4.0,0.028,0.011,0.3,0.004
2021-09-29,21.8,26.7,19.1,91.9,5.4,0.6,0.4,23.0,14.0,10.0,0.026,0.013,0.4,0.004
2021-09-30,20.7,25.9,15.8,84.8,10.2,1.1,8.1,22.5,7.0,3.0,0.033,0.009,0.4,0.004
2021-10-01,19.3,27.2,12.8,85.5,0.0,0.6,8.0,22.0,17.0,9.0,0.023,0.011,0.4,0.003
2021-10-02,19.8,27.8,14.4,80.8,0.0,0.8,9.6,22.1,31.0,19.0,0.028,0.012,0.5,0.003
2021-10-03,20.3,30.5,13.2,73.8,0.0,0.7,9.6,22.2,29.0,17.0,0.031,0.01,0.4,0.003
2021-10-04,21.9,29.7,12.9,76.8,0.0,1.4,6.3,22.5,36.0,17.0,0.036,0.009,0.4,0.004
2021-10-05,22.1,29.5,16.2,79.3,0.0,1.1,10.4,23.7,31.0,14.0,0.036,0.009,0.4,0.003
2021-10-06,20.0,23.9,16.6,89.9,0.2,0.6,2.1,22.1,10.0,4.0,0.022,0.009,0.4,0.003
2021-10-07,21.9,27.6,18.1,80.0,0.0,0.8,6.6,24.1,20.0,13.0,0.036,0.01,0.4,0.003
2021-10-08,20.7,23.7,19.7,90.1,2.8,0.7,0.1,22.0,11.0,4.0,0.03,0.008,0.4,0.003
2021-10-09,21.3,26.0,19.0,90.9,6.6,1.3,2.6,22.2,15.0,9.0,0.028,0.008,0.4,0.003
2021-10-10,23.9,29.7,18.4,77.6,0.0,1.1,7.3,23.8,23.0,16.0,0.031,0.006,0.4,0.004
2021-10-11,17.3,24.8,15.7,92.5,22.8,1.2,0.0,19.6,6.0,3.0,0.033,0.007,0.4,0.003
2021-10-12,15.7,17.6,14.3,89.4,9.6,1.2,0.0,17.4,8.0,3.0,0.032,0.008,0.3,0.003
2021-10-13,17.1,21.3,14.4,87.5,1.0,1.0,0.1,18.3,11.0,3.0,0.026,0.008,0.3,0.003
2021-10-14,18.0,25.2,12.5,83.5,0.0,1.0,7.3,19.4,14.0,6.0,0.023,0.01,0.3,0.003
2021-10-15,17.8,23.0,14.0,88.4,5.8,1.0,3.6,19.3,23.0,13.0,0.03,0.011,0.4,0.003
2021-10-16,13.3,16.8,7.3,73.4,14.7,2.1,0.0,15.6,13.0,4.0,0.034,0.006,0.3,0.003
2021-10-17,6.8,13.2,2.2,59.4,0.0,1.7,9.9,10.7,20.0,5.0,0.029,0.007,0.3,0.003
2021-10-18,7.6,16.8,-0.1,71.3,0.0,0.7,9.7,10.8,24.0,13.0,0.018,0.014,0.4,0.003
2021-10-19,9.7,18.1,4.4,80.9,0.2,1.4,5.3,12.3,24.0,13.0,0.028,0.013,0.4,0.003
2021-10-20,9.0,16.5,2.5,79.6,0.0,0.6,8.1,12.1,30.0,16.0,0.026,0.012,0.5,0.003
2021-10-21,9.7,15.8,3.5,87.1,0.0,0.6,2.7,12.4,21.0,13.0,0.017,0.013,0.5,0.003
2021-10-22,10.0,17.5,3.7,77.3,0.0,1.3,7.9,12.2,26.0,17.0,0.028,0.011,0.4,0.003
2021-10-23,9.9,18.7,2.8,75.3,0.0,0.6,7.8,11.7,21.0,13.0,0.022,0.013,0.5,0.003
2021-10-24,10.1,19.0,3.9,80.8,0.0,0.3,7.0,12.9,23.0,14.0,0.025,0.011,0.4,0.003
2021-10-25,10.3,19.8,4.6,76.1,0.0,0.7,7.9,12.9,31.0,17.0,0.027,0.013,0.4,0.003
2021-10-26,9.8,19.4,1.6,77.6,0.0,0.7,8.8,11.6,42.0,27.0,0.027,0.016,0.5,0.003
2021-10-27,12.6,20.5,7.5,70.0,0.0,1.2,8.2,13.4,55.0,33.0,0.034,0.017,0.5,0.004
2021-10-28,11.5,20.6,3.6,69.6,0.0,1.0,8.1,12.2,35.0,16.0,0.028,0.018,0.4,0.004
2021-10-29,11.7,17.6,5.2,74.4,0.0,0.9,4.2,13.6,22.0,14.0,0.017,0.015,0.4,0.003
2021-10-30,10.5,16.9,6.2,85.4,0.0,0.2,0.4,12.2,31.0,12.0,0.01,0.017,0.5,0.003
2021-10-31,10.5,20.8,4.4,78.9,0.0,0.5,7.5,12.7,36.0,23.0,0.019,0.013,0.5,0.003
2021-11-01,11.4,19.9,5.4,76.3,0.0,1.0,7.9,12.4,45.0,27.0,0.024,0.016,0.5,0.003
2021-11-02,10.4,18.1,4.0,75.9,0.0,1.0,8.0,11.6,40.0,25.0,0.023,0.017,0.6,0.003
2021-11-03,10.1,19.4,3.8,77.5,0.0,0.9,7.8,12.0,40.0,26.0,0.019,0.016,0.5,0.003
2021-11-04,10.4,19.9,3.7,72.4,0.0,0.8,8.1,11.8,45.0,25.0,0.019,0.019,0.6,0.003
2021-11-05,10.5,19.8,2.8,80.6,0.0,0.6,7.0,12.0,49.0,29.0,0.019,0.019,0.6,0.003
2021-11-06,11.2,20.0,4.1,76.4,0.0,0.8,7.4,12.1,40.0,20.0,0.021,0.014,0.5,0.003
2021-11-07,13.0,20.2,6.9,77.4,0.0,0.9,4.8,13.1,25.0,13.0,0.023,0.013,0.5,0.003
2021-11-08,9.8,18.0,5.8,86.0,30.2,1.7,0.0,9.8,19.0,10.0,0.018,0.013,0.5,0.003
2021-11-09,8.5,12.6,5.6,65.5,0.0,2.6,3.4,9.0,9.0,2.0,0.03,0.008,0.4,0.003
2021-11-10,7.6,10.8,5.4,69.0,0.0,2.5,1.1,7.9,9.0,4.0,0.029,0.009,0.4,0.003
2021-11-11,8.0,13.0,4.8,59.6,0.0,3.1,5.3,7.7,10.0,4.0,0.033,0.007,0.3,0.003
2021-11-12,6.6,10.7,3.8,60.3,0.0,3.1,5.4,6.3,14.0,5.0,0.026,0.009,0.4,0.003
2021-11-13,6.8,14.5,0.1,72.4,0.0,1.6,7.7,7.3,21.0,10.0,0.021,0.016,0.5,0.003
2021-11-14,7.4,17.1,0.4,79.8,0.0,0.8,7.2,8.2,46.0,25.0,0.02,0.018,0.6,0.003
2021-11-15,7.4,17.2,0.6,74.3,0.0,0.6,7.0,8.0,56.0,31.0,0.016,0.021,0.6,0.003
2021-11-16,6.7,16.6,0.5,71.5,0.0,1.0,7.4,7.4,48.0,22.0,0.017,0.02,0.5,0.003
2021-11-17,7.1,15.4,-1.0,62.1,0.0,1.0,7.5,7.3,44.0,21.0,0.022,0.018,0.5,0.003
2021-11-18,8.0,17.1,1.3,74.0,0.0,0.8,7.0,8.7,57.0,29.0,0.022,0.024,0.5,0.003
2021-11-19,8.3,17.7,0.8,81.3,0.0,1.1,7.4,8.4,68.0,41.0,0.019,0.023,0.6,0.003
2021-11-20,8.5,18.5,2.0,82.8,0.0,0.3,5.7,8.6,70.0,58.0,0.016,0.023,0.6,0.003
2021-11-21,9.9,17.5,4.2,84.4,0.0,0.2,2.0,9.6,,60.0,0.015,0.022,0.6,0.003
2021-11-22,6.8,13.2,2.2,62.5,0.0,3.9,1.5,7.6,27.0,19.0,0.026,0.009,0.4,0.002
2021-11-23,3.7,7.8,0.7,57.1,0.0,3.5,6.4,5.3,17.0,7.0,0.028,0.007,0.3,0.002
2021-11-24,6.0,12.7,1.1,55.0,0.0,2.5,7.0,6.0,22.0,9.0,0.03,0.012,0.4,0.003
2021-11-25,7.3,15.4,-1.0,59.5,0.0,1.7,6.3,6.0,45.0,19.0,0.024,0.018,0.5,0.003
2021-11-26,6.9,11.6,3.2,45.9,0.0,2.5,7.4,5.5,27.0,10.0,0.034,0.01,0.4,0.003
2021-11-27,4.2,10.6,-2.0,60.8,0.0,0.9,7.4,4.8,33.0,16.0,0.023,0.016,0.4,0.003
2021-11-28,3.4,13.8,-4.2,67.9,0.0,0.4,7.4,3.7,33.0,20.0,0.013,0.02,0.5,0.003
2021-11-29,4.8,14.7,-3.5,64.9,0.0,0.4,7.4,5.0,45.0,27.0,0.009,0.028,0.6,0.003
2021-11-30,5.3,9.9,0.8,82.6,20.4,1.4,0.0,4.8,28.0,19.0,0.011,0.021,0.5,0.003
2021-12-01,1.8,5.5,-1.5,43.6,0.0,5.1,7.2,1.2,11.0,4.0,0.028,0.005,0.3,0.002
2021-12-02,1.3,7.1,-2.6,56.1,0.0,2.5,7.2,1.0,16.0,8.0,0.021,0.013,0.4,0.003
2021-12-03,5.0,10.2,-2.2,53.5,0.0,2.3,4.5,3.2,21.0,10.0,0.023,0.015,0.4,0.003
2021-12-04,2.9,8.7,-1.5,56.3,0.0,2.3,6.1,1.8,13.0,5.0,0.026,0.01,0.3,0.003
2021-12-05,1.9,11.3,-4.5,80.0,0.0,0.2,7.2,2.2,33.0,21.0,0.011,0.018,0.5,0.003
2021-12-06,3.6,12.6,-2.9,82.3,0.0,0.2,4.3,3.0,51.0,34.0,0.008,0.025,0.6,0.003
2021-12-07,6.3,14.7,-1.1,73.3,0.0,0.7,6.3,5.5,44.0,28.0,0.014,0.02,0.6,0.003
2021-12-08,4.8,13.1,-1.1,79.5,0.0,0.4,6.4,4.4,27.0,14.0,0.013,0.019,0.5,0.003
2021-12-09,5.2,13.5,-1.4,83.3,0.0,0.3,3.4,5.3,27.0,15.0,0.008,0.019,0.5,0.003
2021-12-10,6.1,13.7,0.1,85.6,0.0,0.4,2.5,6.5,37.0,21.0,0.007,0.02,0.5,0.002
2021-12-11,7.4,13.1,1.2,77.1,0.0,0.8,5.7,6.7,55.0,40.0,0.018,0.019,0.6,0.003
2021-12-12,6.1,11.0,-0.8,52.4,0.0,3.8,5.5,5.2,46.0,29.0,0.034,0.007,0.5,0.003
2021-12-13,-0.1,5.5,-4.6,34.8,0.0,2.8,7.3,0.9,10.0,4.0,0.027,0.01,0.3,0.002
2021-12-14,2.0,8.6,-4.3,57.9,0.0,1.8,7.1,1.5,26.0,14.0,0.016,0.025,0.5,0.003
2021-12-15,4.0,13.7,-3.5,74.5,0.0,0.7,6.3,3.0,43.0,24.0,0.014,0.026,0.6,0.003
2021-12-16,4.7,9.5,-0.7,83.0,0.1,0.4,0.5,4.1,71.0,48.0,0.006,0.032,0.7,0.003
2021-12-17,-0.1,7.0,-6.9,42.4,0.0,5.4,6.6,1.6,40.0,18.0,0.031,0.007,0.4,0.003
2021-12-18,-4.5,1.3,-9.4,45.1,0.0,2.5,7.2,-1.8,13.0,5.0,0.023,0.014,0.4,0.003
2021-12-19,0.1,5.6,-5.9,56.4,0.0,2.5,7.2,0.3,22.0,9.0,0.023,0.016,0.4,0.003
2021-12-20,3.2,12.1,-5.8,64.3,0.0,1.3,6.8,2.3,42.0,20.0,0.018,0.025,0.6,0.003
2021-12-21,3.9,13.9,-4.2,71.4,0.0,0.8,7.1,2.4,70.0,42.0,0.017,0.027,0.6,0.003
2021-12-22,2.4,11.2,-3.9,57.4,0.0,0.7,7.2,1.7,49.0,29.0,0.017,0.026,0.6,0.003
2021-12-23,0.6,10.2,-6.1,65.6,0.0,0.8,7.0,1.1,47.0,27.0,0.012,0.027,0.6,0.003
2021-12-24,3.1,10.8,-3.1,63.9,0.0,1.3,2.2,2.7,59.0,39.0,0.016,0.023,0.6,0.003
2021-12-25,-4.8,1.5,-8.9,37.4,0.0,4.1,7.2,-1.4,16.0,8.0,0.032,0.007,0.4,0.003
2021-12-26,-7.5,-3.8,-11.3,35.5,0.0,3.8,7.3,-4.0,9.0,4.0,0.031,0.007,0.4,0.003
2021-12-27,-2.8,1.2,-9.0,45.4,0.0,3.8,7.2,-2.5,11.0,5.0,0.032,0.009,0.4,0.003
2021-12-28,2.0,7.5,-4.3,65.3,0.0,1.9,6.4,0.6,30.0,18.0,0.018,0.02,0.5,0.004
2021-12-29,2.4,9.5,-5.0,65.6,0.0,1.3,4.1,1.4,42.0,28.0,0.03,0.016,0.5,0.001
2021-12-30,0.5,3.9,-2.1,45.6,0.0,4.3,7.2,0.0,25.0,12.0,0.035,0.008,0.4,0.003
2021-12-31,-2.9,1.2,-5.6,32.5,0.0,4.9,7.3,-1.6,17.0,6.0,0.035,0.008,0.4,0.003
2022-01-01,-3.5,3.5,-9.4,36.9,0.0,1.3,7.3,-1.8,15.0,8.0,0.026,0.015,0.4,0.003
2022-01-02,-1.5,6.8,-9.5,52.1,0.0,1.3,5.4,-1.3,42.0,27.0,0.02,0.021,0.6,0.003
2022-01-03,-1.8,6.0,-9.6,53.0,0.0,1.6,7.0,-1.7,38.0,24.0,0.02,0.022,0.5,0.003
2022-01-04,1.8,7.4,-6.2,39.8,0.0,1.9,7.0,0.8,27.0,16.0,0.026,0.018,0.4,0.003
2022-01-05,-0.5,6.5,-8.7,63.0,0.0,0.4,1.3,0.0,33.0,20.0,0.011,0.027,0.6,0.003
2022-01-06,1.3,8.1,-6.0,50.5,0.0,1.7,7.3,1.3,31.0,20.0,0.019,0.023,0.5,0.003
2022-01-07,-2.5,7.7,-9.6,50.6,0.0,0.6,7.3,-1.0,45.0,30.0,0.012,0.03,0.6,0.003
2022-01-08,-0.5,8.4,-9.7,53.3,0.0,1.6,7.2,-0.8,39.0,26.0,0.022,0.022,0.6,0.004
2022-01-09,0.7,8.7,-4.9,69.6,0.0,0.7,5.4,0.5,76.0,58.0,0.021,0.024,0.7,0.004
2022-01-10,1.4,10.0,-6.9,64.9,0.0,0.7,6.4,1.4,91.0,68.0,0.018,0.025,0.7,0.003
2022-01-11,-1.5,4.1,-6.2,44.1,0.0,4.5,7.0,0.4,33.0,20.0,0.032,0.01,0.5,0.003
2022-01-12,-3.7,1.2,-8.2,40.4,0.0,3.3,7.3,-2.1,19.0,10.0,0.03,0.011,0.4,0.003
2022-01-13,-3.4,0.7,-6.3,41.8,0.0,4.2,6.4,-2.3,24.0,11.0,0.03,0.011,0.4,0.003
2022-01-14,-3.9,3.4,-8.5,37.9,0.0,2.0,7.4,-2.5,23.0,12.0,0.023,0.019,0.5,0.003
2022-01-15,-1.5,7.5,-7.7,49.0,0.0,0.9,6.3,-0.9,34.0,20.0,0.014,0.026,0.6,0.004
2022-01-16,1.0,7.5,-5.4,48.6,0.0,2.5,5.8,0.3,34.0,21.0,0.025,0.017,0.5,0.003
2022-01-17,-0.8,3.5,-4.6,45.5,0.0,3.9,6.7,-0.4,17.0,8.0,0.034,0.009,0.4,0.003
2022-01-18,-4.0,2.7,-9.0,35.9,0.0,2.2,7.5,-2.1,22.0,12.0,0.027,0.015,0.5,0.003
2022-01-19,-2.5,5.5,-10.8,52.6,0.0,1.3,7.5,-1.2,48.0,31.0,0.02,0.025,0.6,0.004
2022-01-20,-2.2,4.9,-7.1,52.5,0.0,1.5,7.6,-1.0,34.0,25.0,0.026,0.018,0.5,0.003
2022-01-21,-2.9,6.8,-11.1,64.1,0.0,0.4,7.7,-1.5,27.0,17.0,0.014,0.026,0.6,0.004
2022-01-22,1.1,10.2,-8.0,65.8,0.0,0.3,5.8,1.5,37.0,24.0,0.014,0.028,0.6,0.004
2022-01-23,5.6,12.6,-0.4,65.6,0.0,0.9,3.9,5.9,38.0,25.0,0.024,0.018,0.5,0.004
2022-01-24,4.1,6.4,-1.0,63.6,0.0,1.8,0.0,3.1,16.0,8.0,0.036,0.011,0.4,0.003
2022-01-25,3.8,7.6,-1.0,70.9,0.0,0.9,0.1,4.2,27.0,15.0,0.02,0.02,0.5,0.003
2022-01-26,2.7,8.2,-2.9,60.4,0.0,2.2,6.5,2.1,58.0,44.0,0.035,0.015,0.6,0.003
2022-01-27,2.0,9.3,-4.2,46.5,0.0,1.3,7.6,1.8,59.0,43.0,0.025,0.021,0.6,0.004
2022-01-28,1.7,6.6,-1.2,31.4,0.0,3.0,6.7,1.9,28.0,17.0,0.037,0.01,0.4,0.004
2022-01-29,0.6,5.2,-2.5,33.6,0.0,2.9,6.8,1.2,20.0,12.0,0.036,0.009,0.4,0.003
2022-01-30,0.5,6.9,-4.6,32.9,0.0,2.0,7.5,0.9,23.0,12.0,0.036,0.01,0.4,0.003
2022-01-31,-0.4,7.4,-6.7,36.4,0.0,1.5,7.9,-0.6,23.0,14.0,0.03,0.015,0.4,0.004
2022-02-01,0.5,4.9,-6.6,53.8,0.0,2.9,2.0,0.2,39.0,26.0,0.035,0.01,0.5,0.003
2022-02-02,0.1,5.0,-2.8,44.1,0.0,3.2,2.1,-0.1,31.0,24.0,0.04,0.007,0.4,0.003
2022-02-03,0.1,5.2,-3.2,40.0,0.0,2.6,7.1,0.2,17.0,11.0,0.039,0.009,0.4,0.003
2022-02-04,-1.1,4.4,-4.5,41.6,0.0,3.6,7.7,-0.7,24.0,14.0,0.039,0.009,0.4,0.003
2022-02-05,-3.3,0.8,-6.9,45.4,0.0,4.3,8.2,-1.4,23.0,10.0,0.039,0.006,0.4,0.003
2022-02-06,-1.6,3.5,-6.4,44.3,0.0,3.4,7.9,-1.9,22.0,9.0,0.039,0.006,0.4,0.003
2022-02-07,-0.1,4.0,-4.8,37.1,0.0,2.4,6.1,0.1,19.0,10.0,0.036,0.01,0.4,0.004
2022-02-08,0.0,6.6,-5.1,42.1,0.0,1.6,6.1,1.2,32.0,19.0,0.025,0.021,0.5,0.004
2022-02-09,0.8,9.5,-8.7,54.9,0.0,0.4,8.3,1.8,35.0,23.0,0.019,0.025,0.5,0.004
2022-02-10,2.8,10.8,-3.6,48.6,0.0,1.2,8.4,4.0,35.0,24.0,0.02,0.025,0.5,0.003
2022-02-11,0.8,11.5,-7.2,50.9,0.0,0.8,8.9,1.7,54.0,38.0,0.02,0.027,0.6,0.003
2022-02-12,2.6,12.2,-4.8,61.9,0.0,1.0,8.6,3.0,62.0,43.0,0.027,0.023,0.6,0.003
2022-02-13,3.8,11.6,-3.0,75.6,0.0,0.8,3.9,4.2,44.0,32.0,0.028,0.015,0.5,0.002
2022-02-14,5.7,12.8,-0.5,63.4,0.0,1.2,4.6,4.4,32.0,21.0,0.03,0.016,0.5,0.003
2022-02-15,0.1,5.1,-5.0,46.6,0.0,4.5,8.5,2.4,32.0,19.0,0.04,0.006,0.4,0.002
2022-02-16,-3.8,0.8,-6.3,43.1,0.0,4.3,9.1,-0.9,22.0,12.0,0.038,0.006,0.4,0.002
2022-02-17,-5.2,1.1,-9.5,36.8,0.0,2.7,9.3,-1.3,22.0,13.0,0.031,0.013,0.4,0.002
2022-02-18,-2.2,7.9,-12.6,52.5,0.0,0.6,8.9,1.0,30.0,19.0,0.018,0.023,0.5,0.003
2022-02-19,1.8,6.7,-1.9,52.5,0.0,2.1,3.1,4.3,35.0,25.0,0.025,0.018,0.5,0.003
2022-02-20,-2.3,2.7,-6.2,34.1,0.0,3.9,9.3,0.1,24.0,13.0,0.04,0.006,0.4,0.002
2022-02-21,0.6,6.9,-6.6,42.5,0.0,2.5,8.4,1.3,26.0,14.0,0.038,0.009,0.4,0.003
2022-02-22,-0.7,3.9,-4.2,36.3,0.0,3.4,9.5,-1.1,24.0,13.0,0.034,0.008,0.4,0.003
2022-02-23,-2.3,2.8,-6.5,32.8,0.0,3.0,7.6,0.4,22.0,12.0,0.032,0.009,0.4,0.003
2022-02-24,-0.1,6.6,-7.2,30.4,0.0,3.1,9.9,0.5,22.0,12.0,0.035,0.01,0.4,0.003
2022-02-25,4.8,11.1,-1.5,43.0,0.0,2.9,9.6,4.6,55.0,36.0,0.044,0.011,0.5,0.004
2022-02-26,6.3,13.9,-4.5,50.9,0.0,2.1,8.3,6.7,86.0,59.0,0.04,0.018,0.5,0.004
2022-02-27,5.2,12.3,-1.1,36.3,0.0,3.3,10.2,5.7,42.0,22.0,0.035,0.011,0.5,0.003
2022-02-28,4.8,14.2,-5.2,39.3,0.0,0.6,4.9,4.4,43.0,21.0,0.016,0.03,0.6,0.004
2022-03-01,8.3,16.3,0.4,54.3,0.0,2.1,4.7,9.8,50.0,32.0,0.03,0.018,0.5,0.004
2022-03-02,5.9,12.6,0.0,38.4,0.0,3.2,10.7,7.5,26.0,17.0,0.036,0.008,0.4,0.003
2022-03-03,6.7,14.6,0.1,47.0,0.0,2.1,10.6,7.4,41.0,22.0,0.036,0.017,0.5,0.003
2022-03-04,7.3,15.8,-3.6,57.0,0.0,1.5,6.3,8.7,79.0,36.0,0.041,0.018,0.6,0.003
2022-03-05,6.7,10.6,0.8,27.9,0.0,4.8,10.5,8.8,106.0,18.0,0.046,0.005,0.4,0.003
2022-03-06,3.0,10.0,-1.8,34.6,0.0,2.4,11.0,5.8,36.0,9.0,0.041,0.007,0.4,0.003
2022-03-07,3.7,12.6,-4.8,41.4,0.0,1.0,9.0,7.2,42.0,24.0,0.028,0.018,0.5,0.002
2022-03-08,5.1,15.1,-4.2,43.3,0.0,0.9,10.6,7.8,55.0,28.0,0.027,0.023,0.5,0.003
2022-03-09,6.3,16.0,-2.3,62.5,0.0,1.2,10.4,9.5,67.0,40.0,0.039,0.017,0.6,0.003
2022-03-10,7.6,18.2,-0.7,60.5,0.0,0.7,4.2,7.9,71.0,46.0,0.025,0.024,0.6,0.003
2022-03-11,10.2,19.0,-0.4,59.0,0.0,0.9,6.7,12.4,61.0,38.0,0.031,0.025,0.6,0.003
2022-03-12,11.3,19.1,3.7,65.8,0.0,1.2,2.3,11.3,71.0,41.0,0.026,0.024,0.8,0.005
2022-03-13,14.2,17.8,8.8,85.4,6.9,1.5,0.0,14.0,26.0,18.0,0.036,0.009,0.5,0.003
2022-03-14,10.0,13.2,8.4,85.1,0.0,2.3,0.0,9.6,12.0,7.0,0.038,0.009,0.5,0.002
2022-03-15,10.0,17.6,4.1,62.8,0.0,1.9,9.3,13.0,32.0,23.0,0.041,0.011,0.6,0.003
2022-03-16,11.7,21.3,1.1,54.0,0.0,0.7,9.7,12.6,69.0,33.0,0.032,0.016,0.6,0.003
2022-03-17,8.2,10.1,6.0,84.6,6.9,1.7,0.0,7.6,33.0,13.0,0.039,0.009,0.4,0.002
2022-03-18,5.8,7.8,3.9,82.1,9.5,2.8,0.0,7.1,5.0,3.0,0.041,0.006,0.4,0.002
2022-03-19,4.3,7.0,2.2,86.9,6.4,0.6,0.1,6.5,8.0,6.0,0.032,0.007,0.4,0.002
2022-03-20,5.0,10.5,-0.5,75.5,0.0,0.8,2.5,7.4,11.0,8.0,0.027,0.008,0.4,0.002
2022-03-21,7.3,12.8,1.0,63.0,0.0,1.1,8.1,9.5,22.0,15.0,0.038,0.009,0.4,0.003
2022-03-22,7.3,13.4,2.6,57.0,0.0,1.7,9.4,10.4,30.0,21.0,0.037,0.011,0.4,0.003
2022-03-23,5.1,10.9,0.0,71.3,0.0,1.2,0.8,6.0,40.0,32.0,0.033,0.014,0.5,0.003
2022-03-24,7.3,16.5,-1.5,65.8,0.0,0.9,9.7,10.2,62.0,44.0,0.031,0.02,0.5,0.003
2022-03-25,12.3,19.1,3.2,68.1,0.4,1.5,4.9,13.0,59.0,41.0,0.037,0.015,0.5,0.003
2022-03-26,13.8,20.8,10.1,80.9,9.1,2.6,2.6,14.2,10.0,7.0,0.039,0.008,0.4,0.003
2022-03-27,12.6,20.2,6.6,39.5,0.0,2.8,10.7,12.4,35.0,13.0,0.048,0.006,0.4,0.003
2022-03-28,7.2,13.7,-0.2,50.3,0.0,1.4,10.2,11.1,18.0,8.0,0.036,0.012,0.4,0.003
2022-03-29,9.0,19.0,-1.3,55.1,0.0,0.7,11.3,13.0,32.0,18.0,0.03,0.019,0.4,0.003
2022-03-30,12.5,22.3,1.5,65.5,0.0,1.3,8.2,15.9,33.0,20.0,0.036,0.015,0.4,0.003
2022-03-31,9.6,12.2,6.4,71.9,0.5,2.5,0.0,11.5,15.0,8.0,0.045,0.007,0.4,0.003
2022-04-01,6.7,13.1,0.8,70.4,0.1,1.3,5.6,11.4,13.0,7.0,0.034,0.01,0.3,0.003
2022-04-02,7.7,16.0,-1.4,60.9,0.0,0.8,10.8,13.1,20.0,14.0,0.034,0.013,0.4,0.003
2022-04-03,8.8,17.7,-0.6,62.4,0.0,1.2,11.6,14.6,25.0,18.0,0.038,0.011,0.4,0.003
2022-04-04,10.7,20.1,1.2,56.9,0.0,0.8,11.5,15.4,33.0,24.0,0.037,0.016,0.4,0.003
2022-04-05,12.5,21.2,1.1,41.9,0.0,1.7,9.8,15.8,36.0,26.0,0.042,0.015,0.4,0.003
2022-04-06,14.3,22.9,7.0,39.6,0.0,2.0,11.0,18.4,36.0,18.0,0.057,0.012,0.4,0.004
2022-04-07,12.8,20.1,4.5,54.9,1.1,2.1,8.6,15.2,39.0,22.0,0.041,0.012,0.4,0.003
2022-04-08,14.0,23.2,3.0,43.3,0.0,1.3,11.7,18.6,38.0,15.0,0.046,0.013,0.4,0.003
2022-04-09,17.0,27.4,5.8,49.5,0.0,1.7,11.5,20.2,40.0,18.0,0.047,0.012,0.4,0.003
2022-04-10,18.4,27.5,6.9,51.0,0.0,1.6,9.4,21.1,25.0,13.0,0.047,0.008,0.4,0.003
2022-04-11,19.6,26.4,10.7,64.6,0.0,1.7,10.2,23.4,32.0,18.0,0.04,0.008,0.3,0.002
2022-04-12,20.6,29.6,11.6,63.8,0.0,1.4,11.3,25.1,30.0,17.0,0.043,0.009,0.3,0.003
2022-04-13,11.4,14.2,9.5,75.6,0.0,3.8,0.0,13.9,21.0,10.0,0.041,0.005,0.4,0.002
2022-04-14,10.7,12.9,9.4,66.4,0.0,2.9,0.0,13.0,9.0,4.0,0.041,0.005,0.3,0.002
2022-04-15,11.2,16.9,8.0,55.0,0.0,2.5,10.6,18.7,11.0,3.0,0.045,0.005,0.3,0.002
2022-04-16,12.2,20.1,1.7,40.0,0.0,1.3,12.0,17.8,16.0,9.0,0.045,0.008,0.3,0.002
2022-04-17,13.1,22.3,2.4,36.6,0.0,1.4,11.9,18.9,30.0,14.0,0.044,0.011,0.4,0.003
2022-04-18,16.5,23.9,6.9,33.0,0.0,1.5,9.8,20.7,36.0,18.0,0.049,0.013,0.4,0.003
2022-04-19,15.6,25.2,5.8,36.1,0.0,1.5,11.9,20.9,41.0,19.0,0.048,0.015,0.4,0.003
2022-04-20,16.1,25.3,4.4,38.5,0.0,1.4,11.9,21.1,40.0,17.0,0.051,0.014,0.3,0.003
2022-04-21,12.1,18.6,6.7,66.6,0.2,0.9,0.9,12.7,38.0,20.0,0.036,0.019,0.4,0.002
2022-04-22,17.3,27.2,5.3,62.9,0.0,1.7,9.6,20.9,40.0,21.0,0.048,0.011,0.4,0.003
2022-04-23,17.3,22.3,11.8,60.8,0.0,2.4,6.3,21.8,49.0,23.0,0.058,0.008,0.4,0.004
2022-04-24,19.4,29.2,8.3,53.9,0.0,1.4,11.1,24.1,42.0,20.0,0.049,0.007,0.4,0.003
2022-04-25,19.7,28.2,11.1,55.8,0.8,1.4,6.6,22.0,58.0,26.0,0.052,0.014,0.5,0.004
2022-04-26,17.4,19.2,15.3,95.4,26.3,1.0,0.0,17.2,30.0,18.0,0.024,0.013,0.4,0.002
2022-04-27,15.4,19.6,10.5,64.6,0.0,2.5,9.4,18.0,79.0,17.0,0.042,0.007,0.3,0.002
2022-04-28,14.1,19.9,8.1,66.9,0.0,2.4,8.8,18.4,61.0,11.0,0.037,0.008,0.4,0.003
2022-04-29,10.8,13.2,9.3,78.5,12.9,1.9,0.8,12.5,10.0,5.0,0.043,0.006,0.3,0.002
2022-04-30,13.4,17.8,8.8,64.6,0.0,1.1,1.3,15.9,14.0,6.0,0.04,0.007,0.3,0.002
2022-05-01,14.0,20.2,7.8,45.9,0.0,2.5,11.4,17.0,50.0,17.0,0.051,0.005,0.3,0.002
2022-05-02,11.4,20.4,3.3,63.8,0.5,1.5,7.1,17.4,32.0,14.0,0.038,0.01,0.3,0.002
2022-05-03,14.0,22.4,5.7,63.1,0.0,1.4,9.1,19.3,32.0,20.0,0.044,0.011,0.4,0.003
2022-05-04,17.7,27.7,6.4,50.8,0.0,1.5,12.3,23.1,38.0,22.0,0.059,0.013,0.4,0.003
2022-05-05,18.3,27.8,8.0,53.4,0.0,1.2,12.5,25.0,32.0,18.0,0.055,0.012,0.4,0.003
2022-05-06,19.0,28.1,8.4,60.6,0.0,1.1,11.8,26.2,33.0,20.0,0.046,0.011,0.3,0.003
2022-05-07,17.5,25.9,12.4,66.4,0.0,2.7,7.4,21.0,28.0,13.0,0.043,0.007,0.3,0.002
2022-05-08,14.7,20.1,10.6,62.6,0.0,2.0,6.5,21.6,15.0,5.0,0.045,0.006,0.3,0.003
2022-05-09,15.0,21.4,9.0,55.4,0.0,1.7,10.2,23.2,11.0,3.0,0.043,0.008,0.3,0.002
2022-05-10,14.6,21.6,7.6,60.1,0.0,2.1,8.0,21.6,14.0,6.0,0.04,0.01,0.3,0.003
2022-05-11,19.9,26.3,12.5,54.1,0.0,0.9,6.8,26.1,23.0,12.0,0.059,0.01,0.3,0.003
2022-05-12,18.4,24.1,14.0,65.5,0.0,2.0,2.7,25.5,34.0,19.0,0.048,0.01,0.4,0.003
2022-05-13,14.8,19.2,11.8,82.6,1.6,1.6,0.0,19.7,23.0,12.0,0.04,0.007,0.3,0.002
2022-05-14,16.9,24.1,8.6,47.8,0.0,2.4,11.3,23.3,24.0,10.0,0.042,0.007,0.3,0.003
2022-05-15,15.7,22.2,10.2,45.3,0.0,1.7,11.8,25.0,18.0,6.0,0.048,0.006,0.3,0.003
2022-05-16,16.2,24.8,6.3,48.4,0.0,1.8,12.3,24.7,22.0,11.0,0.041,0.011,0.3,0.003
2022-05-17,18.1,28.0,7.0,46.3,0.0,1.2,9.5,25.5,32.0,16.0,0.052,0.013,0.3,0.003
2022-05-18,20.9,29.6,9.6,45.9,0.0,1.5,11.8,27.6,41.0,21.0,0.066,0.012,0.4,0.003
2022-05-19,20.5,28.9,11.7,45.6,0.0,1.5,7.6,26.3,45.0,23.0,0.059,0.015,0.4,0.003
2022-05-20,21.4,28.0,14.3,41.3,0.0,1.3,8.6,27.2,35.0,21.0,0.057,0.012,0.3,0.004
2022-05-21,22.2,29.3,12.8,52.5,0.0,2.3,12.0,28.1,37.0,21.0,0.057,0.008,0.3,0.003
2022-05-22,23.3,31.8,17.3,45.4,0.0,3.2,12.4,28.3,36.0,16.0,0.074,0.005,0.3,0.003
2022-05-23,21.6,31.6,11.8,58.6,0.0,1.2,10.6,29.9,40.0,22.0,0.065,0.012,0.4,0.004
2022-05-24,23.9,32.3,14.7,54.1,0.0,1.3,11.1,31.4,56.0,35.0,0.075,0.014,0.5,0.004
2022-05-25,23.9,32.2,15.0,53.6,0.0,1.4,10.8,32.0,61.0,41.0,0.078,0.012,0.5,0.003
2022-05-26,21.6,27.3,16.6,41.5,0.0,2.6,11.6,31.0,21.0,8.0,0.055,0.007,0.3,0.003
2022-05-27,21.4,28.8,11.2,42.1,0.0,2.8,12.5,28.4,27.0,7.0,0.054,0.009,0.3,0.003
2022-05-28,22.8,31.6,11.8,42.6,0.0,1.6,12.8,28.3,28.0,12.0,0.06,0.01,0.3,0.003
2022-05-29,23.3,31.8,12.7,42.1,0.0,1.4,12.4,30.9,25.0,10.0,0.058,0.008,0.3,0.003
2022-05-30,22.5,27.8,18.9,53.0,0.0,1.5,2.5,30.9,26.0,15.0,0.057,0.01,0.4,0.004
2022-05-31,23.0,30.4,16.9,41.1,0.0,2.2,13.1,31.7,27.0,17.0,0.057,0.008,0.3,0.003
2022-06-01,23.0,31.4,14.7,41.5,0.0,1.3,10.4,30.8,50.0,33.0,0.06,0.01,0.5,0.004
2022-06-02,23.7,32.9,13.1,44.3,0.0,1.5,13.0,31.9,47.0,32.0,0.065,0.01,0.4,0.003
2022-06-03,21.9,27.5,17.7,62.0,0.0,2.8,12.7,31.4,33.0,15.0,0.062,0.006,0.3,0.003
2022-06-04,20.0,25.6,14.3,71.0,0.0,2.5,7.5,27.6,24.0,11.0,0.047,0.008,0.4,0.003
2022-06-05,17.4,19.6,16.4,89.9,21.9,1.6,0.0,18.9,20.0,9.0,0.042,0.006,0.3,0.002
2022-06-06,17.3,21.7,13.4,86.8,11.3,1.1,0.8,19.6,10.0,5.0,0.037,0.005,0.3,0.002
2022-06-07,15.3,19.9,11.3,80.1,0.6,1.4,2.5,18.3,10.0,3.0,0.025,0.006,0.3,0.002
2022-06-08,16.3,21.3,12.8,78.0,0.0,1.4,1.5,20.4,17.0,7.0,0.029,0.006,0.3,0.002
2022-06-09,18.5,26.6,11.3,73.0,0.0,1.4,8.6,23.4,21.0,12.0,0.031,0.009,0.4,0.004
2022-06-10,21.1,28.7,13.1,68.3,0.0,0.9,8.5,25.3,24.0,13.0,0.045,0.012,0.4,0.003
2022-06-11,20.0,24.3,16.3,74.8,0.0,2.1,6.1,25.1,28.0,16.0,0.032,0.009,0.4,0.003
2022-06-12,19.2,24.3,13.9,74.3,0.0,1.9,4.3,25.7,14.0,6.0,0.035,0.005,0.3,0.002
2022-06-13,18.9,22.9,15.2,72.9,0.0,2.4,1.7,22.2,16.0,5.0,0.032,0.006,0.2,0.002
2022-06-14,16.6,18.4,15.7,85.4,4.0,2.0,0.0,18.1,10.0,4.0,0.032,0.006,0.2,0.002
2022-06-15,19.0,24.6,14.8,85.5,23.5,0.9,0.9,23.0,16.0,9.0,0.037,0.008,0.3,0.002
2022-06-16,21.4,28.0,16.0,71.9,0.0,1.4,0.0,24.4,25.0,16.0,0.041,0.008,0.3,0.002
2022-06-17,24.3,32.0,14.8,63.1,0.0,1.2,0.0,27.5,29.0,18.0,0.055,0.011,0.3,0.002
2022-06-18,27.0,33.7,21.8,61.5,0.0,1.8,0.0,30.3,29.0,18.0,0.056,0.007,0.4,0.003
2022-06-19,27.6,33.2,21.7,60.9,0.0,1.7,0.0,33.0,30.0,18.0,0.061,0.005,0.3,0.002
2022-06-20,27.3,32.8,22.4,64.1,0.0,1.7,5.5,33.6,31.0,20.0,0.06,0.009,0.3,0.003
2022-06-21,25.8,31.9,20.5,73.6,0.0,1.8,10.9,34.0,23.0,14.0,0.031,0.011,0.3,0.003
2022-06-22,28.2,35.2,20.6,66.5,0.0,1.5,9.4,34.2,34.0,23.0,0.06,0.009,0.3,0.003
2022-06-23,26.7,29.9,22.3,71.1,0.2,2.3,1.4,32.1,19.0,14.0,0.041,0.005,0.3,0.002
2022-06-24,26.5,30.8,22.5,73.9,41.8,2.6,4.8,26.1,16.0,12.0,0.05,0.006,0.3,0.002
2022-06-25,26.4,31.7,20.2,70.0,0.0,1.9,10.5,28.3,31.0,25.0,0.057,0.005,0.4,0.002
2022-06-26,27.0,30.5,23.7,71.6,0.0,2.1,2.4,26.8,12.0,11.0,0.032,0.004,0.2,0.002
2022-06-27,25.1,28.3,23.7,91.4,26.3,0.8,0.1,25.7,6.0,5.0,0.01,0.007,0.2,0.002
2022-06-28,26.9,30.1,23.3,75.4,0.0,1.9,1.1,26.3,11.0,5.0,0.015,0.004,0.2,0.002
2022-06-29,27.7,31.5,24.9,72.4,0.0,2.0,1.7,26.8,10.0,7.0,0.02,0.004,0.2,0.002
2022-06-30,28.0,32.2,25.3,69.9,0.0,2.1,4.0,27.6,11.0,8.0,0.022,0.004,0.2,0.002
2022-07-01,28.0,34.5,21.3,69.3,0.0,1.3,12.7,32.3,18.0,13.0,0.028,0.008,0.3,0.003
2022-07-02,27.8,34.7,20.2,67.9,0.0,1.2,11.8,33.4,29.0,25.0,0.035,0.009,0.3,0.003
2022-07-03,27.5,34.6,22.8,72.5,0.0,1.1,6.9,33.1,23.0,18.0,0.027,0.008,0.3,0.003
2022-07-04,27.5,31.0,22.8,72.8,0.0,1.0,6.3,32.0,20.0,15.0,0.026,0.008,0.3,0.003
2022-07-05,26.7,32.7,22.7,78.0,1.9,1.5,5.5,32.0,17.0,15.0,0.024,0.01,0.3,0.003
2022-07-06,26.4,31.2,23.7,85.6,24.3,1.9,3.1,29.8,30.0,26.0,0.034,0.011,0.5,0.004
2022-07-07,28.3,33.1,23.8,75.0,0.0,1.3,5.4,29.3,22.0,11.0,0.025,0.006,0.3,0.002
2022-07-08,27.4,32.7,24.1,82.5,20.1,1.3,2.3,28.2,21.0,18.0,0.033,0.007,0.3,0.002
2022-07-09,26.7,32.3,22.3,74.8,0.0,1.4,5.7,27.1,18.0,16.0,0.041,0.006,0.3,0.002
2022-07-10,25.8,30.1,22.3,80.5,0.0,2.1,7.5,29.0,15.0,15.0,0.03,0.004,0.3,0.002
2022-07-11,25.0,29.1,22.9,87.4,6.0,0.9,2.1,27.7,20.0,18.0,0.032,0.007,0.3,0.002
2022-07-12,23.8,27.4,21.9,77.4,0.0,2.3,2.4,26.2,12.0,8.0,0.033,0.005,0.2,0.002
2022-07-13,23.2,26.7,21.1,85.9,15.5,1.1,0.2,24.8,20.0,13.0,0.031,0.009,0.3,0.003
2022-07-14,26.2,31.9,22.1,81.5,0.0,1.2,5.3,28.4,22.0,15.0,0.032,0.007,0.3,0.002
2022-07-15,26.5,32.2,20.9,70.1,0.0,1.5,12.1,27.9,21.0,17.0,0.04,0.008,0.4,0.002
2022-07-16,24.4,30.9,19.5,78.4,0.7,0.9,7.0,26.2,25.0,20.0,0.042,0.007,0.3,0.002
2022-07-17,25.4,31.6,19.2,73.8,0.0,1.3,7.3,27.9,17.0,13.0,0.033,0.006,0.3,0.002
2022-07-18,21.9,23.5,21.0,95.8,25.4,0.6,0.0,23.8,16.0,15.0,0.033,0.009,0.3,0.002
2022-07-19,26.0,31.5,21.6,77.9,0.0,0.9,5.1,28.0,18.0,16.0,0.043,0.006,0.3,0.002
2022-07-20,27.5,33.2,23.3,68.1,0.0,1.5,11.0,29.0,32.0,24.0,0.05,0.006,0.3,0.002
2022-07-21,24.4,30.3,20.8,83.5,6.9,1.7,2.8,26.9,25.0,20.0,0.046,0.006,0.3,0.002
2022-07-22,23.4,27.6,20.0,80.1,0.0,2.0,1.1,24.3,19.0,15.0,0.044,0.004,0.3,0.002
2022-07-23,23.2,27.4,19.8,87.1,0.1,0.8,0.0,25.1,23.0,18.0,0.031,0.007,0.3,0.002
2022-07-24,25.6,31.0,21.6,84.3,2.1,1.0,1.9,26.9,18.0,17.0,0.039,0.004,0.3,0.002
2022-07-25,26.0,31.3,22.8,82.3,0.0,1.8,9.1,29.3,24.0,15.0,0.031,0.008,0.5,0.003
2022-07-26,24.8,30.1,21.0,83.4,0.0,1.6,8.9,30.0,32.0,28.0,0.037,0.007,0.5,0.002
2022-07-27,23.9,26.5,20.2,82.6,0.0,1.4,1.6,25.9,12.0,10.0,0.026,0.006,0.3,0.002
2022-07-28,24.8,28.1,22.4,87.6,0.0,1.2,0.1,25.9,14.0,8.0,0.027,0.006,0.3,0.002
2022-07-29,26.9,31.8,22.4,80.6,0.0,1.9,11.5,31.9,27.0,22.0,0.027,0.006,0.4,0.002
2022-07-30,26.1,28.8,22.6,84.4,0.1,1.8,0.8,27.2,15.0,12.0,0.025,0.005,0.2,0.002
2022-07-31,26.5,28.4,24.7,86.6,3.0,2.0,0.0,26.8,15.0,10.0,0.021,0.005,0.2,0.003
2022-08-01,28.1,31.1,25.8,75.9,0.0,1.1,0.4,27.4,17.0,9.0,0.015,0.006,0.2,0.003
2022-08-02,27.1,30.0,24.8,85.4,1.6,1.1,0.8,27.0,13.0,8.0,0.023,0.006,0.2,0.002
2022-08-03,29.2,35.4,24.6,76.3,21.3,1.8,9.4,30.8,14.0,9.0,0.029,0.006,0.2,0.002
2022-08-04,29.2,34.0,25.4,72.8,0.0,1.9,8.7,29.6,17.0,13.0,0.032,0.007,0.2,0.002
2022-08-05,29.2,33.3,24.1,73.1,0.0,1.4,6.9,28.9,16.0,10.0,0.03,0.007,0.2,0.002
2022-08-06,30.0,35.1,25.4,70.6,0.0,1.7,11.2,30.2,27.0,19.0,0.041,0.006,0.3,0.002
2022-08-07,30.1,35.6,24.2,72.3,0.0,1.4,8.9,31.2,30.0,24.0,0.04,0.006,0.3,0.002
2022-08-08,29.4,32.5,26.9,67.8,0.0,2.0,0.5,28.6,20.0,12.0,0.034,0.006,0.3,0.003
2022-08-09,28.4,30.6,25.3,70.3,0.0,1.9,0.2,27.3,14.0,4.0,0.025,0.006,0.2,0.002
2022-08-10,27.3,29.2,25.7,77.0,0.3,1.6,0.0,26.7,15.0,5.0,0.021,0.008,0.2,0.002
2022-08-11,25.4,28.2,23.7,92.5,4.4,0.9,0.0,26.6,15.0,5.0,0.015,0.011,0.3,0.002
2022-08-12,28.0,34.0,24.0,77.8,19.3,1.3,10.1,29.2,16.0,12.0,0.04,0.007,0.3,0.002
2022-08-13,25.9,32.8,22.5,88.8,7.9,0.8,3.3,27.1,23.0,16.0,0.034,0.009,0.4,0.002
2022-08-14,28.5,32.6,23.9,80.0,0.0,1.1,3.4,28.4,25.0,21.0,0.034,0.006,0.3,0.002
2022-08-15,29.3,33.1,25.3,67.5,0.0,2.5,3.8,28.2,15.0,9.0,0.026,0.005,0.2,0.003
2022-08-16,24.7,28.5,21.7,93.4,46.2,1.2,0.0,25.4,16.0,13.0,0.029,0.012,0.3,0.002
2022-08-17,24.5,28.1,21.7,86.3,4.5,1.6,4.9,27.4,20.0,15.0,0.037,0.007,0.3,0.002
2022-08-18,24.7,30.5,20.3,80.0,0.0,0.8,7.1,27.1,20.0,16.0,0.044,0.008,0.3,0.002
2022-08-19,26.5,31.5,20.0,77.4,0.0,1.3,6.0,26.8,25.0,19.0,0.035,0.008,0.3,0.003
2022-08-20,25.2,27.9,22.1,90.8,9.7,1.4,0.0,26.3,15.0,13.0,0.029,0.008,0.2,0.002
2022-08-21,23.8,29.3,18.7,75.4,0.0,1.4,12.0,26.6,13.0,7.0,0.035,0.004,0.2,0.002
2022-08-22,24.5,31.6,16.0,77.5,0.0,0.8,10.8,26.0,18.0,12.0,0.031,0.008,0.3,0.002
2022-08-23,24.2,26.9,20.7,87.8,5.5,0.9,0.3,26.0,26.0,22.0,0.035,0.012,0.3,0.003
2022-08-24,20.8,21.8,19.1,89.4,10.7,1.0,0.0,23.0,10.0,5.0,0.03,0.006,0.2,0.002
2022-08-25,23.1,29.0,18.1,81.6,0.4,0.9,4.9,28.2,22.0,14.0,0.026,0.008,0.3,0.002
2022-08-26,23.2,28.7,18.5,68.1,0.0,1.4,9.7,30.2,22.0,15.0,0.044,0.007,0.3,0.002
2022-08-27,21.4,27.6,15.6,73.0,0.0,1.2,6.3,26.4,28.0,19.0,0.033,0.01,0.3,0.002
2022-08-28,19.5,26.2,13.6,71.3,0.0,1.4,11.1,25.8,12.0,5.0,0.025,0.005,0.2,0.002
2022-08-29,20.0,24.7,15.4,84.4,0.0,0.6,0.4,23.0,15.0,6.0,0.016,0.008,0.2,0.002
2022-08-30,20.2,23.0,18.1,93.3,29.9,0.8,0.0,21.4,8.0,4.0,0.018,0.01,0.3,0.002
2022-08-31,20.4,22.2,19.4,96.6,19.3,0.7,0.0,22.3,7.0,4.0,0.028,0.008,0.3,0.002
2022-09-01,20.5,24.6,17.7,89.5,0.0,0.7,1.3,23.3,12.0,6.0,0.021,0.009,0.3,0.002
2022-09-02,20.1,22.4,17.3,94.4,5.0,1.1,0.0,20.5,12.0,5.0,0.024,0.009,0.2,0.002
2022-09-03,21.6,23.5,20.0,87.4,0.7,1.8,0.0,22.3,7.0,3.0,0.036,0.005,0.2,0.002
2022-09-04,23.8,28.4,20.6,92.4,2.1,1.2,1.9,25.2,13.0,10.0,0.027,0.006,0.3,0.002
2022-09-05,24.2,27.8,21.9,92.3,18.1,1.7,0.0,24.0,19.0,10.0,0.016,0.007,0.3,0.002
2022-09-06,21.4,25.0,17.4,79.4,71.0,3.4,4.2,21.2,7.0,5.0,0.05,0.005,0.2,0.002
2022-09-07,20.4,28.5,13.7,71.5,0.0,1.3,10.5,22.3,21.0,10.0,0.032,0.008,0.3,0.002
2022-09-08,19.4,27.1,12.6,74.9,0.0,1.1,9.7,22.2,19.0,9.0,0.03,0.007,0.3,0.002
2022-09-09,19.8,26.5,14.5,76.6,0.0,1.5,8.8,22.8,16.0,8.0,0.029,0.004,0.2,0.002
2022-09-10,19.5,24.4,15.9,80.5,0.0,1.5,0.5,20.3,15.0,10.0,0.03,0.004,0.3,0.002
2022-09-11,21.1,26.5,16.4,80.3,0.0,1.3,4.9,23.5,15.0,9.0,0.03,0.003,0.2,0.002
2022-09-12,20.6,23.7,16.9,89.6,0.2,0.6,0.1,22.3,17.0,7.0,0.019,0.005,0.3,0.002
2022-09-13,23.1,27.7,19.5,68.3,0.0,1.8,5.6,24.6,13.0,6.0,0.029,0.004,0.2,0.002
2022-09-14,23.0,27.0,18.6,66.4,0.0,2.8,8.0,24.8,15.0,8.0,0.044,0.003,0.2,0.002
2022-09-15,22.3,25.8,20.2,73.0,0.0,2.4,8.2,25.2,21.0,9.0,0.04,0.003,0.2,0.003
2022-09-16,23.1,27.4,20.5,85.1,0.0,1.7,1.3,25.6,23.0,14.0,0.03,0.006,0.3,0.003
2022-09-17,24.1,31.7,19.3,86.6,0.2,0.8,4.3,26.3,31.0,26.0,0.027,0.007,0.4,0.003
2022-09-18,25.2,29.4,21.3,81.4,0.0,2.1,0.6,25.9,13.0,9.0,0.022,0.003,0.2,0.003
2022-09-19,23.1,26.8,15.5,70.6,5.0,2.6,2.4,23.0,10.0,5.0,0.037,0.003,0.2,0.002
2022-09-20,17.1,21.8,12.9,72.0,0.0,1.7,5.8,20.1,25.0,7.0,0.03,0.004,0.2,0.003
2022-09-21,15.2,21.8,10.2,75.3,0.0,1.4,9.9,19.7,12.0,5.0,0.021,0.007,0.3,0.002
2022-09-22,16.9,24.1,9.5,78.8,0.0,0.9,7.2,21.0,13.0,7.0,0.022,0.01,0.3,0.002
2022-09-23,19.4,27.6,13.6,67.6,0.0,1.8,8.8,22.5,20.0,9.0,0.034,0.009,0.3,0.002
2022-09-24,17.5,24.3,11.4,61.1,0.0,1.6,8.2,21.6,16.0,8.0,0.032,0.009,0.3,0.002
2022-09-25,17.1,21.9,12.3,78.4,0.0,0.7,1.8,19.9,17.0,11.0,0.022,0.011,0.4,0.003
2022-09-26,17.1,21.1,13.7,85.9,0.0,0.4,0.0,18.8,26.0,17.0,0.013,0.015,0.4,0.002
2022-09-27,18.4,25.4,13.8,81.6,0.0,1.0,6.6,21.6,14.0,8.0,0.022,0.011,0.3,0.002
2022-09-28,17.3,24.2,11.9,81.0,0.0,0.6,3.4,19.3,18.0,8.0,0.021,0.012,0.3,0.002
2022-09-29,18.0,27.6,10.7,78.6,0.0,0.6,9.3,21.9,28.0,19.0,0.03,0.015,0.4,0.003
2022-09-30,18.6,28.9,11.3,75.4,0.0,0.5,9.2,22.4,34.0,23.0,0.029,0.019,0.4,0.002
2022-10-01,18.5,29.8,9.8,67.8,0.0,0.8,9.9,21.1,30.0,23.0,0.028,0.016,0.4,0.002
2022-10-02,19.8,28.2,11.9,75.5,0.0,0.8,3.6,22.5,22.0,17.0,0.037,0.012,0.3,0.003
2022-10-03,23.6,28.5,18.8,81.3,7.2,1.4,1.6,23.4,26.0,20.0,0.031,0.008,0.3,0.003
2022-10-04,19.9,25.6,14.6,88.0,13.5,2.2,0.0,20.4,12.0,8.0,0.029,0.008,0.3,0.002
2022-10-05,15.8,19.4,13.8,79.9,0.0,1.5,3.2,17.4,14.0,5.0,0.026,0.008,0.2,0.002
2022-10-06,16.8,22.1,13.6,83.3,0.0,0.9,2.7,18.2,9.0,6.0,0.022,0.01,0.3,0.002
2022-10-07,15.5,20.0,10.7,72.4,0.0,2.3,1.7,16.0,15.0,9.0,0.031,0.008,0.3,0.002
2022-10-08,13.1,20.1,7.0,74.8,0.0,1.4,10.0,15.4,12.0,6.0,0.025,0.01,0.2,0.002
2022-10-09,13.9,17.0,10.0,84.9,1.6,0.8,0.0,15.8,13.0,7.0,0.02,0.009,0.2,0.002
2022-10-10,12.9,17.0,10.2,58.3,0.0,3.8,6.6,13.8,9.0,3.0,0.037,0.005,0.2,0.002
2022-10-11,12.3,18.5,6.7,64.9,0.0,2.6,8.6,14.6,10.0,6.0,0.028,0.01,0.2,0.002
2022-10-12,12.1,21.1,3.8,79.4,0.0,1.0,7.7,13.5,21.0,12.0,0.021,0.012,0.3,0.003
2022-10-13,14.6,21.8,9.2,75.8,0.0,1.3,7.6,16.6,14.0,7.0,0.026,0.011,0.3,0.002
2022-10-14,14.1,21.9,7.0,80.8,0.0,0.8,5.3,16.0,16.0,8.0,0.023,0.012,0.3,0.002
2022-10-15,15.9,23.2,10.7,80.8,0.0,1.0,8.4,18.1,20.0,11.0,0.024,0.011,0.3,0.003
2022-10-16,17.0,24.8,9.9,75.8,0.0,0.8,9.0,18.2,17.0,9.0,0.027,0.009,0.3,0.003
2022-10-17,15.1,20.4,8.3,48.1,0.0,3.1,7.1,16.4,41.0,24.0,0.039,0.009,0.3,0.003
2022-10-18,10.4,17.0,5.8,47.8,0.0,1.8,9.6,11.9,19.0,8.0,0.03,0.009,0.3,0.003
2022-10-19,8.8,17.7,1.6,58.5,0.0,1.3,9.6,10.4,25.0,14.0,0.02,0.016,0.3,0.003
2022-10-20,9.4,20.4,0.0,65.5,0.0,0.7,9.2,10.6,34.0,22.0,0.018,0.022,0.4,0.003
2022-10-21,13.3,19.8,3.7,60.8,0.0,1.1,5.0,13.0,35.0,23.0,0.026,0.021,0.3,0.003
2022-10-22,16.1,23.3,9.6,54.3,0.0,2.0,7.7,15.9,28.0,19.0,0.03,0.017,0.3,0.003
2022-10-23,14.5,21.0,9.0,69.6,0.0,1.4,6.5,15.6,29.0,18.0,0.037,0.01,0.3,0.003
2022-10-24,11.6,17.0,5.1,51.5,0.0,2.0,7.0,11.7,22.0,12.0,0.031,0.01,0.3,0.004
2022-10-25,9.4,17.1,2.5,67.4,0.0,1.2,7.0,10.4,16.0,6.0,0.024,0.013,0.3,0.003
2022-10-26,10.5,18.6,1.9,74.8,0.0,0.7,7.2,11.0,23.0,14.0,0.013,0.019,0.4,0.003
2022-10-27,12.6,21.1,7.0,68.1,0.0,0.9,8.4,13.4,34.0,20.0,0.022,0.025,0.4,0.003
2022-10-28,11.6,20.5,4.4,79.9,0.0,1.2,7.9,12.7,35.0,22.0,0.02,0.019,0.4,0.002
2022-10-29,11.9,18.9,7.0,82.9,0.0,1.1,6.0,12.9,23.0,11.0,0.018,0.015,0.4,0.002
2022-10-30,11.6,17.8,7.0,84.0,0.6,1.0,3.7,13.3,13.0,8.0,0.019,0.013,0.3,0.002
2022-10-31,11.0,19.1,5.4,76.6,0.0,0.7,7.2,12.1,21.0,14.0,0.018,0.018,0.3,0.002
2022-11-01,11.3,21.1,3.9,72.6,0.0,1.0,8.6,12.1,29.0,19.0,0.022,0.02,0.4,0.002
2022-11-02,10.1,20.6,3.2,67.5,0.0,0.7,8.3,11.0,47.0,34.0,0.023,0.027,0.4,0.002
2022-11-03,10.4,19.6,0.3,59.1,0.0,1.6,5.8,10.7,44.0,29.0,0.027,0.021,0.3,0.003
2022-11-04,8.8,13.9,4.7,38.1,0.0,2.9,8.4,10.2,24.0,13.0,0.032,0.011,0.2,0.003
2022-11-05,7.3,15.3,0.4,36.4,0.0,1.9,8.3,7.5,20.0,9.0,0.029,0.015,0.3,0.003
2022-11-06,6.8,16.4,-1.7,59.8,0.0,1.0,8.2,7.6,30.0,21.0,0.022,0.025,0.4,0.003
2022-11-07,7.1,17.5,-0.7,65.5,0.0,0.7,8.0,8.4,36.0,24.0,0.016,0.03,0.4,0.003
2022-11-08,8.9,19.1,0.9,65.6,0.0,0.7,7.9,9.5,45.0,29.0,0.02,0.033,0.5,0.003
2022-11-09,9.4,19.5,0.8,68.0,0.0,0.7,7.8,9.4,45.0,36.0,0.024,0.027,0.4,0.003
2022-11-10,10.7,21.1,2.2,66.0,0.0,0.8,7.1,10.4,61.0,48.0,0.029,0.023,0.5,0.003
2022-11-11,11.9,20.9,4.5,79.9,0.0,0.7,6.2,11.7,51.0,37.0,0.024,0.02,0.5,0.003
2022-11-12,15.4,23.4,6.2,78.8,0.2,0.8,5.0,14.8,37.0,28.0,0.026,0.013,0.4,0.003
2022-11-13,15.6,19.7,11.6,72.9,14.2,2.4,5.0,15.7,13.0,9.0,0.033,0.006,0.3,0.003
2022-11-14,10.3,14.6,6.9,71.8,0.0,1.0,0.2,10.7,28.0,16.0,0.023,0.013,0.3,0.002
2022-11-15,8.7,14.5,3.5,63.6,0.0,2.1,7.3,7.8,26.0,19.0,0.03,0.011,0.3,0.003
2022-11-16,8.4,16.0,2.8,68.6,0.1,1.6,6.5,8.2,40.0,30.0,0.021,0.017,0.4,0.003
2022-11-17,6.9,16.3,1.4,68.0,0.0,0.7,6.5,6.7,40.0,30.0,0.015,0.022,0.4,0.002
2022-11-18,7.3,18.6,-1.1,65.6,0.0,0.5,7.7,6.4,43.0,31.0,0.018,0.022,0.5,0.003
2022-11-19,9.2,18.4,1.9,79.4,0.0,0.9,6.2,8.2,39.0,25.0,0.019,0.019,0.4,0.003
2022-11-20,10.9,18.2,5.2,82.0,0.0,0.6,5.2,10.0,27.0,18.0,0.019,0.012,0.4,0.003
2022-11-21,10.0,18.8,4.0,80.4,0.0,0.6,5.0,9.7,31.0,22.0,0.011,0.021,0.4,0.002
2022-11-22,11.3,15.5,7.6,81.4,1.0,0.5,0.0,11.0,43.0,31.0,0.014,0.02,0.4,0.003
2022-11-23,11.8,18.1,5.1,79.8,0.4,1.7,3.6,11.4,22.0,17.0,0.025,0.011,0.3,0.002
2022-11-24,6.4,14.2,1.3,74.9,0.0,0.6,2.4,6.5,39.0,28.0,0.009,0.022,0.5,0.003
2022-11-25,8.1,16.8,-1.4,67.6,0.0,0.7,7.5,5.8,35.0,24.0,0.016,0.022,0.4,0.003
2022-11-26,9.5,16.6,2.1,51.9,0.0,2.3,7.3,7.0,45.0,23.0,0.03,0.014,0.4,0.003
2022-11-27,5.5,15.4,-3.1,51.9,0.0,0.5,7.4,4.7,35.0,16.0,0.018,0.018,0.3,0.003
2022-11-28,10.7,19.9,2.0,76.9,1.4,0.5,3.9,10.2,41.0,25.0,0.01,0.028,0.5,0.003
2022-11-29,11.9,15.2,5.8,74.6,27.8,2.3,0.1,12.0,21.0,11.0,0.019,0.013,0.3,0.003
2022-11-30,-0.4,5.8,-3.6,35.5,0.0,4.0,4.3,1.4,14.0,3.0,0.032,0.008,0.2,0.002
2022-12-01,-1.7,2.1,-4.3,37.0,0.0,3.1,4.8,0.0,7.0,1.0,0.031,0.007,0.2,0.002
2022-12-02,-1.1,5.3,-5.1,53.1,0.0,1.8,7.2,0.1,26.0,17.0,0.017,0.02,0.4,0.001
2022-12-03,2.9,11.6,-5.7,67.8,0.0,1.2,5.6,2.2,28.0,16.0,0.018,0.015,0.4,0.002
2022-12-04,2.9,6.4,-0.4,36.5,0.0,2.8,6.2,2.8,25.0,13.0,0.031,0.006,0.2,0.002
2022-12-05,0.1,5.5,-3.5,30.4,0.0,2.4,4.4,0.7,12.0,6.0,0.025,0.011,0.2,0.002
2022-12-06,1.1,7.4,-5.8,58.3,0.0,1.6,5.2,0.5,31.0,17.0,0.02,0.019,0.3,0.002
2022-12-07,3.6,9.0,-2.0,64.9,0.0,1.8,2.8,1.4,40.0,25.0,0.007,0.027,0.5,0.002
2022-12-08,3.1,11.3,-2.7,62.5,0.0,0.8,6.7,2.4,35.0,20.0,0.021,0.022,0.4,0.002
2022-12-09,2.4,12.4,-4.9,69.4,0.0,0.8,7.1,1.9,49.0,28.0,0.014,0.024,0.5,0.002
2022-12-10,3.5,10.1,-4.5,64.3,0.0,1.0,4.0,2.5,56.0,39.0,0.021,0.018,0.4,0.002
2022-12-11,3.2,10.0,-1.9,55.5,0.0,1.6,5.8,2.2,33.0,22.0,0.028,0.014,0.4,0.002
2022-12-12,3.6,9.7,-1.7,75.6,1.7,0.9,3.7,3.0,38.0,25.0,0.013,0.022,0.4,0.002
2022-12-13,4.5,8.8,0.3,63.3,0.3,2.8,5.4,2.8,94.0,33.0,0.024,0.014,0.3,0.002
2022-12-14,-4.3,1.3,-6.6,51.3,0.0,4.3,7.2,-1.9,25.0,9.0,0.029,0.007,0.2,0.002
2022-12-15,-1.3,4.8,-10.3,60.6,0.0,1.3,7.1,-1.2,24.0,13.0,0.02,0.016,0.3,0.002
2022-12-16,-0.1,3.4,-2.6,34.5,0.0,2.9,3.2,0.7,23.0,12.0,0.028,0.009,0.3,0.003
2022-12-17,-3.1,0.7,-6.3,45.0,0.0,2.3,2.6,-0.9,21.0,13.0,0.024,0.014,0.3,0.003
2022-12-18,-6.1,-2.1,-9.9,43.4,0.0,3.2,7.1,-4.2,16.0,9.0,0.03,0.007,0.3,0.003
2022-12-19,-4.2,1.9,-9.7,52.1,0.0,2.1,7.2,-3.6,25.0,15.0,0.023,0.016,0.4,0.003
2022-12-20,-1.7,4.9,-7.4,58.9,0.0,1.3,7.2,-1.6,37.0,22.0,0.016,0.023,0.5,0.003
2022-12-21,-0.6,1.7,-4.5,89.0,3.8,0.7,0.0,-0.6,36.0,30.0,0.007,0.026,0.5,0.003
2022-12-22,-3.1,1.8,-7.6,58.1,0.0,4.3,3.6,-2.0,30.0,17.0,0.029,0.007,0.3,0.003
2022-12-23,-6.1,-2.7,-8.3,49.0,0.0,5.1,6.2,-4.9,18.0,9.0,0.033,0.006,0.3,0.003
2022-12-24,-6.0,0.6,-11.1,54.8,0.0,2.2,7.1,-4.4,20.0,12.0,0.027,0.011,0.3,0.003
2022-12-25,-3.0,4.3,-11.2,58.6,0.0,2.0,7.2,-3.4,25.0,19.0,0.025,0.012,0.4,0.003
2022-12-26,-2.6,4.4,-8.4,60.3,0.0,1.3,6.9,-3.1,29.0,21.0,0.023,0.019,0.4,0.003
2022-12-27,-1.7,6.3,-10.3,55.8,0.0,1.5,7.1,-2.8,30.0,21.0,0.022,0.017,0.4,0.003
2022-12-28,0.5,4.9,-2.1,55.4,0.0,2.8,5.3,-1.0,42.0,28.0,0.027,0.016,0.4,0.003
2022-12-29,-1.1,4.5,-4.5,53.5,0.0,2.8,7.2,-1.8,28.0,17.0,0.03,0.013,0.4,0.004
2022-12-30,-1.4,4.8,-7.9,63.6,0.0,1.6,3.2,-1.3,37.0,25.0,0.02,0.019,0.4,0.003
2022-12-31,1.0,5.3,-3.4,53.9,0.0,3.1,6.8,-0.7,26.0,20.0,0.035,0.009,0.3,0.003
2023-01-01,2.9,7.4,-0.2,45.0,0.0,3.4,5.5,-0.3,52.0,37.0,0.035,0.012,0.4,0.004
2023-01-02,-0.1,4.3,-2.8,29.0,0.0,3.7,6.3,-0.3,14.0,8.0,0.032,0.008,0.3,0.003
2023-01-03,-0.7,4.5,-4.5,38.0,0.0,4.0,7.3,-2.0,18.0,8.0,0.033,0.008,0.3,0.003
2023-01-04,-0.1,6.0,-4.1,45.0,0.0,2.8,7.1,-1.6,24.0,14.0,0.031,0.013,0.4,0.003
2023-01-05,-0.9,6.7,-8.8,62.3,0.0,1.4,5.6,-1.7,71.0,53.0,0.025,0.023,0.6,0.004
2023-01-06,0.5,8.1,-4.5,62.9,0.0,0.8,6.1,-0.2,100.0,77.0,0.019,0.031,0.7,0.004
2023-01-07,2.1,7.4,-3.7,63.8,0.5,2.2,4.0,0.7,101.0,66.0,0.03,0.016,0.6,0.004
2023-01-08,0.5,9.2,-6.1,60.1,0.0,1.0,7.1,-0.4,71.0,37.0,0.022,0.02,0.5,0.004
2023-01-09,1.0,11.4,-6.2,72.1,0.0,1.1,2.1,0.4,68.0,34.0,0.016,0.023,0.5,0.003
2023-01-10,0.6,10.4,-6.6,71.5,0.0,0.5,7.3,0.3,62.0,38.0,0.011,0.025,0.6,0.003
2023-01-11,2.0,12.1,-5.6,61.4,0.0,0.8,7.2,0.9,42.0,27.0,0.013,0.025,0.6,0.003
2023-01-12,3.6,15.3,-6.3,54.8,0.0,0.4,7.3,2.0,53.0,34.0,0.01,0.032,0.5,0.003
2023-01-13,10.2,14.9,4.9,96.3,14.7,0.4,0.1,8.6,36.0,29.0,0.005,0.026,0.5,0.003
2023-01-14,8.3,10.1,5.8,91.8,0.1,1.1,0.0,7.4,17.0,11.0,0.028,0.01,0.3,0.003
2023-01-15,3.7,6.0,-0.4,87.9,3.0,1.4,0.0,4.4,8.0,5.0,0.026,0.006,0.2,0.002
2023-01-16,-1.2,3.4,-4.7,61.5,0.0,2.7,7.1,0.2,20.0,13.0,0.029,0.008,0.2,0.002
2023-01-17,-1.0,3.1,-5.5,48.4,0.0,2.2,6.2,-1.2,24.0,14.0,0.028,0.01,0.2,0.003
2023-01-18,-0.3,5.2,-4.7,63.9,0.0,1.6,6.9,-0.4,49.0,25.0,0.024,0.016,0.3,0.003
2023-01-19,-1.4,6.3,-8.0,68.5,0.0,1.0,7.4,-1.4,54.0,28.0,0.015,0.023,0.4,0.003
2023-01-20,0.0,5.1,-5.0,45.8,0.0,3.6,6.9,-1.3,60.0,19.0,0.028,0.011,0.2,0.003
2023-01-21,-3.5,3.4,-8.1,45.3,0.0,1.6,7.7,-3.6,24.0,11.0,0.026,0.012,0.2,0.003
2023-01-22,-1.5,5.3,-7.9,55.4,0.0,0.6,1.7,-1.2,26.0,15.0,0.014,0.018,0.3,0.004
2023-01-23,2.0,9.1,-6.2,56.0,0.0,1.6,7.4,1.0,41.0,23.0,0.025,0.013,0.3,0.003
2023-01-24,-8.3,1.2,-12.5,36.9,0.0,6.2,7.7,-4.3,30.0,12.0,0.035,0.004,0.2,0.003
2023-01-25,-9.4,-2.8,-15.0,32.4,0.0,2.7,7.8,-6.8,9.0,5.0,0.032,0.007,0.2,0.003
2023-01-26,-4.8,3.1,-14.2,58.5,0.0,1.1,3.2,-3.1,19.0,11.0,0.016,0.019,0.3,0.003
2023-01-27,-3.7,0.2,-7.5,45.8,0.0,4.0,7.5,-2.1,29.0,15.0,0.03,0.009,0.2,0.003
2023-01-28,-4.2,1.3,-9.8,43.5,0.0,3.1,7.5,-3.8,27.0,10.0,0.031,0.008,0.2,0.003
2023-01-29,0.3,5.2,-7.1,52.6,0.0,2.1,7.1,-0.9,42.0,13.0,0.033,0.008,0.2,0.003
2023-01-30,0.3,5.7,-4.4,37.4,0.0,2.8,7.8,-0.8,36.0,13.0,0.03,0.012,0.2,0.003
2023-01-31,-1.1,9.8,-9.6,48.8,0.0,0.8,7.9,-1.6,36.0,17.0,0.011,0.027,0.4,0.003
2023-02-01,2.3,12.2,-4.9,48.4,0.0,2.1,6.8,1.3,45.0,23.0,0.026,0.019,0.5,0.003
2023-02-02,0.0,6.0,-5.0,43.5,0.0,1.3,5.5,0.8,37.0,20.0,0.027,0.014,0.4,0.002
2023-02-03,0.5,8.4,-5.6,39.8,0.0,1.0,4.7,2.1,38.0,23.0,0.019,0.02,0.5,0.003
2023-02-04,0.3,6.6,-5.5,45.0,0.0,2.5,8.0,0.4,42.0,25.0,0.034,0.012,0.4,0.003
2023-02-05,-0.9,9.5,-9.6,51.4,0.0,0.9,8.2,-0.6,51.0,35.0,0.024,0.019,0.5,0.003
2023-02-06,1.9,12.9,-8.3,48.1,0.0,0.5,8.0,2.7,56.0,38.0,0.018,0.028,0.6,0.003
2023-02-07,2.9,12.8,-4.8,71.5,0.0,0.9,6.1,3.2,56.0,38.0,0.024,0.022,0.6,0.003
2023-02-08,2.1,11.9,-5.2,60.4,0.0,1.2,6.9,2.9,56.0,39.0,0.025,0.016,0.5,0.003
2023-02-09,2.4,9.1,-6.3,64.3,0.3,1.6,3.4,1.8,46.0,30.0,0.025,0.017,0.4,0.003
2023-02-10,3.5,7.9,-0.3,91.0,10.3,1.3,0.3,5.4,15.0,9.0,0.025,0.014,0.3,0.002
2023-02-11,2.1,10.3,-3.5,86.0,0.0,0.7,4.5,3.1,47.0,36.0,0.014,0.016,0.5,0.002
2023-02-12,3.7,10.2,-4.0,79.0,0.0,1.0,1.5,2.9,48.0,36.0,0.024,0.012,0.5,0.002
2023-02-13,6.0,7.8,3.6,72.8,0.7,1.7,0.0,5.4,32.0,16.0,0.038,0.009,0.4,0.002
2023-02-14,3.7,9.3,0.5,70.9,0.0,1.5,3.5,4.1,15.0,8.0,0.028,0.011,0.3,0.002
2023-02-15,2.4,4.9,-0.5,76.4,0.0,1.6,0.2,3.8,10.0,4.0,0.033,0.008,0.3,0.002
2023-02-16,3.2,9.8,-0.6,74.9,0.0,1.0,0.8,3.9,23.0,14.0,0.023,0.013,0.3,0.002
2023-02-17,3.4,7.8,-2.8,65.1,0.0,0.5,1.3,2.9,58.0,39.0,0.013,0.026,0.5,0.003
2023-02-18,6.2,8.1,4.3,74.3,0.0,0.5,0.0,6.2,81.0,55.0,0.005,0.037,0.6,0.003
2023-02-19,6.8,11.0,1.1,52.6,0.0,3.8,5.8,8.4,39.0,28.0,0.038,0.009,0.4,0.002
2023-02-20,1.9,7.5,-2.7,38.9,0.0,3.5,9.3,3.3,34.0,7.0,0.038,0.006,0.3,0.003
2023-02-21,-0.4,6.7,-6.5,49.5,0.0,1.5,9.4,2.8,25.0,9.0,0.033,0.01,0.3,0.002
2023-02-22,2.1,10.6,-7.7,58.9,0.0,0.8,8.7,5.1,30.0,17.0,0.021,0.019,0.4,0.002
2023-02-23,7.3,12.5,2.8,39.5,0.0,2.3,9.0,7.6,46.0,28.0,0.042,0.011,0.4,0.003
2023-02-24,6.3,12.4,-1.2,39.8,0.0,2.5,7.7,8.4,69.0,44.0,0.048,0.01,0.4,0.003
2023-02-25,2.6,9.4,-4.4,45.8,0.0,1.7,9.7,5.4,36.0,17.0,0.04,0.009,0.3,0.003
2023-02-26,1.5,10.9,-7.4,50.0,0.0,0.9,9.9,5.2,37.0,21.0,0.027,0.015,0.4,0.003
2023-02-27,3.7,16.3,-7.3,50.1,0.0,0.8,10.1,5.7,47.0,28.0,0.019,0.025,0.5,0.003
2023-02-28,7.0,16.7,-5.3,44.9,0.0,1.6,10.1,5.6,39.0,23.0,0.03,0.019,0.4,0.003
2023-03-01,8.0,13.6,3.8,55.9,0.0,2.2,0.3,7.5,44.0,26.0,0.039,0.011,0.3,0.003
2023-03-02,4.0,8.8,0.0,27.9,0.0,2.7,10.4,4.4,41.0,8.0,0.037,0.007,0.2,0.003
2023-03-03,6.2,14.1,-1.2,31.9,0.0,2.5,10.4,5.2,52.0,18.0,0.04,0.012,0.3,0.003
2023-03-04,6.1,14.6,-2.3,62.0,0.0,1.2,7.8,6.2,71.0,36.0,0.034,0.017,0.4,0.003
2023-03-05,7.0,16.3,-1.8,64.6,0.0,0.8,10.0,8.4,43.0,22.0,0.033,0.01,0.4,0.003
2023-03-06,7.5,18.9,-1.7,55.6,0.0,0.9,10.4,10.9,54.0,28.0,0.028,0.019,0.4,0.003
2023-03-07,11.2,21.3,-1.3,46.0,0.0,1.5,9.3,13.1,69.0,36.0,0.043,0.018,0.4,0.003
2023-03-08,12.0,21.5,3.0,50.6,0.0,1.5,10.2,15.2,65.0,30.0,0.048,0.016,0.4,0.003
2023-03-09,14.1,22.1,4.6,55.4,0.5,1.7,7.8,13.7,71.0,30.0,0.042,0.013,0.3,0.003
2023-03-10,12.3,21.9,2.9,60.1,0.0,1.4,10.0,16.1,99.0,29.0,0.037,0.016,0.4,0.003
2023-03-11,14.4,24.3,4.0,57.0,0.0,1.1,8.3,13.3,98.0,38.0,0.047,0.014,0.4,0.003
2023-03-12,8.7,19.4,1.8,74.8,17.8,2.8,3.0,9.1,62.0,32.0,0.04,0.006,0.4,0.002
2023-03-13,4.1,10.6,-0.9,37.8,0.0,3.0,11.0,4.7,38.0,11.0,0.034,0.008,0.2,0.002
2023-03-14,8.0,17.3,1.1,50.4,0.0,1.4,6.5,7.9,56.0,15.0,0.029,0.014,0.3,0.002
2023-03-15,12.1,21.0,0.3,60.3,0.0,2.1,9.6,11.0,34.0,12.0,0.035,0.01,0.3,0.003
2023-03-16,9.7,15.0,5.1,36.0,0.0,2.5,8.1,10.5,50.0,12.0,0.037,0.008,0.3,0.002
2023-03-17,8.2,12.2,4.2,60.4,0.0,1.7,3.1,10.5,47.0,13.0,0.031,0.011,0.3,0.002
2023-03-18,10.0,16.8,5.7,56.4,0.0,1.2,4.4,11.3,37.0,13.0,0.036,0.008,0.3,0.002
2023-03-19,9.4,18.0,2.1,42.8,0.0,1.4,10.9,11.1,66.0,31.0,0.049,0.009,0.4,0.002
2023-03-20,10.3,19.9,-1.0,50.4,0.0,1.2,10.4,12.3,63.0,30.0,0.043,0.014,0.4,0.002
2023-03-21,13.0,22.4,5.6,53.8,0.0,1.3,8.7,14.3,66.0,29.0,0.044,0.015,0.4,0.003
2023-03-22,15.1,21.4,7.3,74.8,2.3,1.4,0.9,14.8,50.0,28.0,0.03,0.015,0.5,0.003
2023-03-23,14.5,15.5,13.2,98.3,22.6,0.8,0.0,15.0,21.0,17.0,0.028,0.012,0.4,0.002
2023-03-24,11.6,15.4,9.3,73.9,0.0,2.8,2.9,13.1,133.0,35.0,0.039,0.005,0.4,0.002
2023-03-25,9.6,11.9,8.1,69.5,0.0,1.7,0.0,10.4,118.0,17.0,0.039,0.004,0.2,0.001
2023-03-26,10.1,17.1,5.9,74.3,0.0,1.0,3.6,12.0,89.0,20.0,0.031,0.005,0.3,0.001
2023-03-27,8.5,16.2,2.5,41.8,0.0,1.6,10.4,11.9,39.0,13.0,0.04,0.007,0.3,0.002
2023-03-28,9.3,18.9,-0.4,57.8,0.0,1.0,10.8,12.7,72.0,31.0,0.035,0.013,0.4,0.002
2023-03-29,11.0,20.3,1.5,56.9,0.0,1.0,10.8,14.3,91.0,44.0,0.04,0.016,0.4,0.002
2023-03-30,13.0,23.2,2.5,51.9,0.0,0.9,9.4,15.6,90.0,47.0,0.038,0.02,0.4,0.003
2023-03-31,13.6,24.5,3.0,52.8,0.0,1.4,10.9,16.3,77.0,41.0,0.049,0.016,0.4,0.003
2023-04-01,12.8,22.0,3.9,64.9,0.0,1.8,10.9,15.8,71.0,36.0,0.053,0.01,0.3,0.003
2023-04-02,12.2,19.2,4.8,61.5,0.0,2.2,11.1,15.8,43.0,28.0,0.055,0.007,0.3,0.002
2023-04-03,11.8,18.4,4.0,64.8,0.0,2.1,10.3,15.4,34.0,21.0,0.049,0.008,0.2,0.002
2023-04-04,14.7,22.6,7.4,67.1,2.6,1.2,5.5,18.3,27.0,16.0,0.046,0.009,0.2,0.003
2023-04-05,14.8,16.9,12.7,92.3,6.1,1.3,0.0,14.2,16.0,13.0,0.038,0.01,0.2,0.002
2023-04-06,13.4,18.7,9.7,75.8,2.7,3.1,5.7,15.6,23.0,19.0,0.045,0.005,0.4,0.002
2023-04-07,12.0,18.3,7.6,52.9,4.1,3.5,10.7,14.2,71.0,49.0,0.057,0.006,0.4,0.002
2023-04-08,9.8,16.3,3.2,34.5,0.0,4.0,11.7,12.5,35.0,11.0,0.046,0.005,0.2,0.002
2023-04-09,12.7,20.6,1.6,32.0,0.0,2.1,11.7,15.5,57.0,12.0,0.046,0.007,0.2,0.003
2023-04-10,13.1,22.1,1.7,47.8,0.0,1.8,11.4,16.7,47.0,15.0,0.043,0.01,0.2,0.003
2023-04-11,17.2,23.2,8.0,61.4,0.0,3.1,6.4,18.3,37.0,15.0,0.048,0.007,0.2,0.003
2023-04-12,14.2,19.7,9.4,21.6,0.0,3.7,11.6,17.8,282.0,36.0,0.048,0.006,0.2,0.002
2023-04-13,15.0,24.7,2.8,28.8,0.0,1.3,10.7,18.0,139.0,28.0,0.035,0.014,0.2,0.003
2023-04-14,15.0,21.3,6.4,58.9,0.2,1.0,2.0,17.9,63.0,25.0,0.03,0.017,0.3,0.003
2023-04-15,11.9,15.8,6.3,90.1,1.9,1.0,0.0,12.9,33.0,20.0,0.031,0.01,0.2,0.003
2023-04-16,10.0,19.1,4.4,78.4,0.0,1.3,4.2,13.8,75.0,26.0,0.03,0.008,0.3,0.002
2023-04-17,12.8,21.0,2.1,55.8,0.0,1.1,10.9,17.4,84.0,30.0,0.036,0.012,0.3,0.003
2023-04-18,14.7,19.7,11.0,80.5,1.6,1.0,0.1,14.7,76.0,31.0,0.027,0.016,0.3,0.003
2023-04-19,16.7,22.0,10.0,78.1,0.0,1.8,9.0,21.0,39.0,21.0,0.036,0.011,0.4,0.003
2023-04-20,21.3,28.5,13.6,66.4,0.0,1.8,7.2,22.8,47.0,26.0,0.042,0.009,0.3,0.003
2023-04-21,14.8,19.5,9.8,58.6,0.0,2.7,9.2,20.4,191.0,32.0,0.044,0.007,0.2,0.003
2023-04-22,12.4,17.5,6.3,52.9,0.0,2.4,10.8,19.3,296.0,48.0,0.042,0.006,0.2,0.003
2023-04-23,12.1,17.9,4.8,59.0,0.0,1.8,6.1,17.3,77.0,18.0,0.045,0.006,0.2,0.003
2023-04-24,11.5,15.9,5.5,62.5,0.0,1.9,1.4,15.0,36.0,15.0,0.042,0.01,0.3,0.003
2023-04-25,8.5,11.0,3.8,88.6,7.2,0.8,0.0,10.9,24.0,15.0,0.031,0.012,0.2,0.002
2023-04-26,11.9,18.7,6.2,64.5,0.0,2.2,9.7,15.4,38.0,22.0,0.045,0.007,0.2,0.003
2023-04-27,13.3,23.2,1.7,62.1,0.0,1.2,12.1,18.0,34.0,20.0,0.042,0.011,0.3,0.002
2023-04-28,16.5,24.9,5.2,58.4,0.0,1.9,12.3,21.2,36.0,19.0,0.045,0.009,0.3,0.003
2023-04-29,15.9,22.4,11.0,81.8,5.3,1.9,0.3,16.2,36.0,20.0,0.04,0.007,0.3,0.002
2023-04-30,15.1,22.9,8.5,46.3,0.0,3.4,12.3,17.9,45.0,15.0,0.055,0.004,0.3,0.002
2023-05-01,15.3,22.2,8.0,45.0,0.0,2.5,11.5,19.1,50.0,19.0,0.0571,0.0056,0.3,0.0024
2023-05-02,14.9,24.9,3.7,57.5,0.0,1.1,10.2,20.3,37.0,20.0,0.0473,0.0113,0.34,0.0027
2023-05-03,17.3,24.7,8.6,58.1,0.0,1.7,5.2,22.8,44.0,23.0,0.0475,0.0098,0.31,0.0029
2023-05-04,17.8,23.2,11.7,70.5,0.1,1.6,3.3,22.7,31.0,19.0,0.048,0.0067,0.24,0.0028
2023-05-05,18.4,20.5,16.1,97.1,28.5,1.0,0.0,19.5,11.0,8.0,0.0288,0.0062,0.27,0.0021
2023-05-06,13.0,18.8,10.9,93.3,30.6,1.9,0.0,15.5,8.0,8.0,0.0439,0.0039,0.29,0.002
2023-05-07,11.1,13.4,8.9,84.1,4.5,1.2,0.0,13.1,32.0,24.0,0.0364,0.0057,0.3,0.002
2023-05-08,12.1,20.3,3.2,61.5,0.0,1.4,11.1,16.3,26.0,18.0,0.0299,0.0095,0.35,0.0021
2023-05-09,16.3,26.3,3.7,54.9,0.0,1.5,12.6,18.3,33.0,20.0,0.0424,0.0105,0.35,0.0024
2023-05-10,17.4,26.0,8.7,54.0,0.0,1.7,12.0,20.0,44.0,23.0,0.0569,0.0107,0.34,0.0028
2023-05-11,15.6,22.4,8.5,66.8,0.0,2.2,9.8,19.4,35.0,18.0,0.049,0.0083,0.34,0.003
2023-05-12,17.8,25.9,8.1,54.3,0.0,1.0,7.8,21.2,29.0,16.0,0.0493,0.0096,0.33,0.0028
2023-05-13,18.0,23.1,14.1,69.0,0.0,1.4,7.5,23.7,29.0,21.0,0.0549,0.0073,0.3,0.0029
2023-05-14,18.2,26.7,11.4,66.5,0.0,1.1,9.1,24.3,31.0,25.0,0.0513,0.008,0.33,0.0033
2023-05-15,19.8,28.0,10.3,59.6,0.0,1.3,12.5,25.2,39.0,26.0,0.055,0.0098,0.36,0.0027
2023-05-16,23.2,32.9,12.3,59.0,0.0,1.5,11.6,27.0,59.0,37.0,0.0711,0.0125,0.44,0.0033
2023-05-17,23.2,31.6,13.6,55.4,0.0,1.8,12.6,28.0,56.0,32.0,0.0565,0.0103,0.37,0.003
2023-05-18,17.4,20.8,15.5,85.3,5.9,1.2,0.0,18.8,38.0,27.0,0.0397,0.0116,0.37,0.0029
2023-05-19,17.1,22.4,13.0,84.0,0.5,1.7,2.6,18.8,15.0,12.0,0.0481,0.0055,0.27,0.0023
2023-05-20,19.0,27.1,10.4,70.4,0.0,1.0,12.4,22.8,27.0,18.0,0.043,0.0088,0.33,0.0027
2023-05-21,22.2,29.3,16.7,57.9,0.0,2.4,11.3,24.8,50.0,22.0,0.0531,0.0058,0.3,0.0029
2023-05-22,16.2,19.0,11.1,75.9,0.5,1.0,1.3,17.4,118.0,33.0,0.0337,0.0122,0.32,0.0027
2023-05-23,16.7,24.4,9.3,64.4,0.0,1.2,10.6,20.6,61.0,22.0,0.0253,0.0103,0.27,0.0025
2023-05-24,17.3,24.9,8.4,58.8,0.0,1.3,8.7,21.9,30.0,14.0,0.0308,0.012,0.38,0.0036
2023-05-25,19.9,27.4,13.1,49.1,0.0,1.3,8.2,25.7,27.0,15.0,0.0496,0.0108,0.3,0.0033
2023-05-26,20.9,26.0,14.8,60.1,0.0,1.4,4.9,23.9,28.0,15.0,0.043,0.0098,0.25,0.0031
2023-05-27,22.4,27.5,17.8,68.1,0.0,1.3,1.4,26.0,33.0,20.0,0.0363,0.0063,0.22,0.0031
2023-05-28,20.9,22.6,18.9,91.6,20.8,0.7,0.0,21.2,17.0,10.0,0.0287,0.0063,0.22,0.0023
2023-05-29,19.5,21.4,18.1,99.9,75.5,0.9,0.0,20.5,8.0,7.0,0.0218,0.0074,0.28,0.002
2023-05-30,18.6,21.9,16.6,86.1,0.0,1.8,1.9,21.1,11.0,7.0,0.0304,0.0053,0.21,0.002
2023-05-31,19.0,24.8,14.1,67.1,0.0,1.9,12.2,21.6,20.0,12.0,0.0378,0.0073,0.31,0.0027
2023-06-01,17.1,20.9,11.4,84.1,0.1,0.7,0.8,19.5,22.0,13.0,0.0253,0.0097,0.28,0.0021
2023-06-02,22.6,30.0,18.1,68.4,0.4,2.0,10.0,24.7,30.0,19.0,0.0445,0.0072,0.28,0.002
2023-06-03,22.1,29.1,14.8,55.9,0.0,1.7,10.6,27.2,33.0,20.0,0.0516,0.0065,0.28,0.0021
2023-06-04,22.6,29.3,15.4,50.1,0.0,2.0,11.3,28.3,28.0,15.0,0.0568,0.0074,0.27,0.0025
2023-06-05,22.8,28.2,15.5,54.5,0.0,1.8,7.6,26.6,33.0,20.0,0.0553,0.0093,0.3,0.0025
2023-06-06,22.8,28.9,17.7,58.1,0.0,1.7,10.0,29.6,26.0,17.0,0.0643,0.0058,0.25,0.0025
2023-06-07,22.7,28.3,15.9,65.6,0.0,1.5,7.8,27.5,36.0,23.0,0.0567,0.0092,0.29,0.0025
2023-06-08,22.8,28.2,17.9,63.9,0.0,1.4,8.4,29.9,32.0,21.0,0.0473,0.0102,0.3,0.0031
2023-06-09,23.0,30.1,16.2,62.5,0.0,1.4,11.6,31.0,30.0,22.0,0.0523,0.0089,0.34,0.0027
2023-06-10,23.0,30.4,15.9,70.5,0.0,1.5,6.8,27.8,41.0,32.0,0.0607,0.008,0.37,0.0028
2023-06-11,23.4,28.8,18.5,71.3,0.0,1.4,6.6,30.8,31.0,25.0,0.0524,0.0048,0.27,0.003
2023-06-12,21.8,26.9,17.8,81.0,3.3,1.8,9.2,29.5,26.0,19.0,0.043,0.0074,0.32,0.0031
2023-06-13,22.5,28.8,18.4,79.1,0.1,1.0,7.1,27.5,36.0,26.0,0.054,0.0084,0.32,0.003
2023-06-14,20.0,28.7,16.0,84.0,45.3,1.3,6.5,26.7,28.0,22.0,0.0493,0.0087,0.3,0.0029
2023-06-15,19.1,27.1,15.2,85.5,38.9,1.1,7.0,23.9,24.0,17.0,0.0526,0.0069,0.29,0.0025
2023-06-16,23.2,30.9,14.6,73.4,0.0,1.3,11.3,25.3,32.0,22.0,0.0388,0.0095,0.32,0.0027
2023-06-17,25.7,33.0,17.5,65.4,0.0,1.3,11.2,27.0,38.0,28.0,0.0574,0.0098,0.35,0.003
2023-06-18,25.2,31.8,20.3,60.8,0.0,1.5,10.6,26.1,36.0,27.0,0.0697,0.0065,0.34,0.0031
2023-06-19,22.6,28.6,17.3,72.6,0.0,2.1,11.8,26.3,37.0,24.0,0.0481,0.006,0.28,0.003
2023-06-20,21.7,26.1,17.9,73.5,0.0,2.5,6.4,24.7,27.0,13.0,0.0383,0.006,0.25,0.0032
2023-06-21,21.1,23.3,18.4,93.5,10.4,1.1,0.0,22.1,25.0,17.0,0.0333,0.0095,0.3,0.003
2023-06-22,22.9,28.0,18.3,75.8,3.9,1.8,4.7,24.7,26.0,19.0,0.0376,0.0073,0.3,0.0027
2023-06-23,22.9,28.7,18.4,73.1,0.0,1.9,11.5,26.5,23.0,18.0,0.0465,0.0065,0.29,0.003
2023-06-24,22.6,28.9,17.5,75.6,0.0,1.8,10.1,26.5,19.0,15.0,0.0377,0.0076,0.35,0.0036
2023-06-25,23.1,29.4,18.1,77.6,1.0,1.3,4.2,27.0,27.0,20.0,0.0415,0.0079,0.38,0.0036
2023-06-26,23.5,26.5,20.4,92.9,29.7,1.0,0.1,23.7,17.0,13.0,0.0201,0.007,0.27,0.003
2023-06-27,26.9,32.7,22.8,76.5,43.1,2.1,7.4,27.8,20.0,16.0,0.0422,0.0056,0.26,0.003
2023-06-28,24.1,29.3,19.5,80.5,23.2,2.1,5.6,26.1,20.0,15.0,0.0551,0.0065,0.23,0.0027
2023-06-29,25.4,28.6,23.5,86.0,4.0,1.5,0.8,26.2,28.0,20.0,0.0288,0.0068,0.28,0.0029
2023-06-30,22.8,25.5,20.8,97.5,44.2,1.2,0.0,24.3,18.0,16.0,0.0381,0.0084,0.33,0.0021
2023-07-01,24.2,29.6,20.2,82.6,0.0,1.1,8.0,26.9,27.0,21.0,0.0435,0.0063,0.38,0.002
2023-07-02,26.5,32.7,20.8,77.3,0.0,1.2,7.1,28.3,41.0,32.0,0.0528,0.0063,0.4,0.0023
2023-07-03,25.1,30.6,20.0,80.6,0.0,1.8,9.4,27.4,39.0,31.0,0.0478,0.0082,0.46,0.0028
2023-07-04,24.8,28.8,22.1,87.1,4.9,1.2,2.6,26.3,30.0,26.0,0.036,0.0089,0.3,0.0023
2023-07-05,25.9,30.4,21.0,78.3,7.3,2.1,8.6,27.7,25.0,18.0,0.0434,0.0074,0.3,0.002
2023-07-06,25.7,32.3,19.2,75.1,0.0,1.1,5.5,27.4,54.0,30.0,0.0457,0.0108,0.38,0.0025
2023-07-07,21.0,24.9,17.8,92.9,37.0,1.0,0.0,23.1,39.0,27.0,0.0368,0.0096,0.37,0.0022
2023-07-08,22.5,26.7,19.4,86.4,0.0,1.3,1.4,24.9,27.0,18.0,0.0458,0.0052,0.35,0.0023
2023-07-09,26.4,30.7,21.4,79.8,0.0,1.1,3.7,27.6,35.0,28.0,0.045,0.0043,0.39,0.0025
2023-07-10,27.5,31.5,22.4,78.1,0.0,1.5,7.1,28.5,39.0,30.0,0.043,0.0062,0.34,0.0025
2023-07-11,24.2,29.7,22.4,93.8,32.6,1.1,0.1,25.6,32.0,26.0,0.0333,0.0093,0.29,0.0023
2023-07-12,26.4,30.7,22.2,84.4,0.0,1.3,4.4,28.7,23.0,19.0,0.0334,0.008,0.28,0.0022
2023-07-13,25.4,27.1,23.8,93.6,1.3,0.8,0.0,26.4,34.0,26.0,0.0176,0.0096,0.3,0.0024
2023-07-14,25.2,27.3,23.8,90.9,33.8,1.7,0.0,25.1,17.0,14.0,0.019,0.0045,0.2,0.002
2023-07-15,26.3,29.6,22.5,83.4,8.9,2.2,0.2,25.9,20.0,15.0,0.0203,0.0041,0.22,0.002
2023-07-16,24.3,27.8,21.9,91.1,3.5,0.9,0.7,26.4,19.0,15.0,0.027,0.0046,0.27,0.0022
2023-07-17,26.2,31.0,22.4,85.9,12.1,1.3,4.8,28.5,12.0,10.0,0.0177,0.0048,0.2,0.002
2023-07-18,23.0,24.6,21.7,99.8,81.9,1.0,0.0,24.3,13.0,11.0,0.0093,0.0072,0.25,0.002
2023-07-19,24.0,28.2,21.3,86.4,0.0,1.3,6.9,26.4,15.0,11.0,0.0257,0.0051,0.25,0.0021
2023-07-20,25.6,32.0,19.9,82.1,0.0,1.1,8.4,27.9,35.0,27.0,0.0378,0.0079,0.39,0.0026
2023-07-21,25.0,29.2,22.0,85.6,0.0,1.8,5.2,27.1,49.0,38.0,0.0338,0.0106,0.52,0.0033
2023-07-22,24.8,28.8,19.7,80.8,0.0,1.3,5.0,26.6,23.0,19.0,0.0245,0.0055,0.3,0.0023
2023-07-23,26.6,29.6,23.3,80.6,0.0,1.2,0.0,26.9,17.0,13.0,0.0136,0.0036,0.23,0.0021
2023-07-24,26.3,30.7,23.8,86.5,4.2,1.2,1.6,27.9,12.0,10.0,0.0181,0.0057,0.23,0.002
2023-07-25,26.1,32.0,23.2,85.6,0.3,1.3,4.5,27.6,20.0,15.0,0.02,0.0068,0.27,0.0023
2023-07-26,26.1,33.1,22.0,84.1,6.3,1.3,5.0,27.7,24.0,18.0,0.0219,0.0068,0.21,0.0021
2023-07-27,26.8,33.6,21.2,82.5,0.0,0.9,8.3,28.3,28.0,21.0,0.028,0.0078,0.24,0.0021
2023-07-28,28.5,34.6,23.2,79.1,0.0,0.9,10.3,29.6,40.0,34.0,0.0293,0.0079,0.26,0.0026
2023-07-29,29.2,35.5,23.6,71.3,0.0,1.0,11.3,30.3,42.0,36.0,0.0409,0.007,0.28,0.0029
2023-07-30,28.3,34.0,23.4,76.4,0.0,1.0,10.2,30.2,32.0,30.0,0.0385,0.0055,0.24,0.0022
2023-07-31,28.1,34.5,22.5,75.0,0.0,1.3,11.8,30.1,34.0,30.0,0.0365,0.0065,0.27,0.0026
2023-08-01,28.1,34.1,22.8,73.5,0.0,1.1,11.9,30.6,31.0,25.0,0.0406,0.0072,0.27,0.0031
2023-08-02,27.9,34.8,21.9,75.0,0.0,1.0,9.8,29.8,27.0,21.0,0.0334,0.0078,0.22,0.0023
2023-08-03,29.8,35.9,24.0,71.3,0.0,1.2,9.9,31.8,27.0,22.0,0.0342,0.0075,0.23,0.0023
2023-08-04,29.3,35.1,23.7,74.9,0.0,1.0,9.2,30.8,29.0,25.0,0.0363,0.0082,0.23,0.0024
2023-08-05,29.6,35.7,24.4,75.3,0.0,1.1,7.3,31.1,29.0,23.0,0.0352,0.0067,0.27,0.0024
2023-08-06,28.7,33.9,23.9,75.6,0.0,1.7,10.1,31.2,19.0,13.0,0.0285,0.0048,0.25,0.0032
2023-08-07,28.6,34.0,24.8,74.4,0.0,2.0,9.5,31.4,13.0,12.0,0.0232,0.0045,0.2,0.0021
2023-08-08,27.5,32.5,24.7,75.9,0.0,1.8,4.1,34.1,13.0,11.0,0.0239,0.0046,0.22,0.002
2023-08-09,25.5,27.1,24.5,90.0,25.2,1.1,0.0,26.7,13.0,11.0,0.018,0.0056,0.22,0.002
2023-08-10,24.5,26.1,23.4,88.9,111.6,3.4,0.0,24.4,7.0,7.0,0.0334,0.0039,0.2,0.002
2023-08-11,26.5,31.7,22.2,71.3,0.0,1.7,11.0,28.8,21.0,15.0,0.0429,0.0053,0.27,0.002
2023-08-12,26.1,32.0,21.8,77.6,0.0,1.0,4.4,28.7,30.0,25.0,0.0361,0.0068,0.32,0.002
2023-08-13,25.8,31.6,21.8,80.1,0.0,1.5,7.0,29.5,31.0,23.0,0.0407,0.0047,0.41,0.0024
2023-08-14,25.5,30.5,22.4,81.9,0.0,1.4,6.3,29.9,22.0,16.0,0.026,0.005,0.26,0.002
2023-08-15,25.4,31.4,22.3,81.0,0.0,1.5,10.3,31.2,20.0,12.0,0.0215,0.0051,0.24,0.002
2023-08-16,25.5,32.5,21.8,80.8,0.0,1.6,6.6,30.2,26.0,16.0,0.0293,0.0063,0.36,0.0028
2023-08-17,25.0,27.9,23.2,81.8,0.0,1.4,1.5,27.4,20.0,16.0,0.0238,0.006,0.34,0.0025
2023-08-18,24.4,27.7,23.0,93.1,22.3,0.8,0.1,26.7,15.0,12.0,0.0151,0.0067,0.24,0.002
2023-08-19,26.2,30.4,23.4,90.3,1.3,0.7,3.0,27.8,26.0,25.0,0.0196,0.0065,0.3,0.002
2023-08-20,27.2,32.5,24.6,87.5,3.4,1.2,6.8,31.2,30.0,25.0,0.0263,0.0058,0.35,0.0023
2023-08-21,28.1,33.5,24.5,78.4,0.0,1.0,9.4,30.6,30.0,26.0,0.0285,0.0063,0.29,0.0023
2023-08-22,27.7,33.4,22.8,76.6,0.0,1.3,9.5,30.9,38.0,30.0,0.0222,0.0055,0.21,0.0026
2023-08-23,27.4,33.7,22.0,75.6,0.0,1.4,9.7,29.8,30.0,26.0,0.0223,0.0055,0.2,0.002
2023-08-24,24.2,27.6,22.0,93.3,24.8,1.9,0.1,26.2,13.0,11.0,0.0446,0.0058,0.31,0.002
2023-08-25,26.0,31.9,21.5,79.4,7.5,1.4,7.8,28.6,18.0,13.0,0.0372,0.0066,0.24,0.002
2023-08-26,24.8,31.4,19.3,78.0,0.0,1.1,11.5,28.2,29.0,18.0,0.0392,0.0058,0.3,0.0021
2023-08-27,24.0,29.9,20.0,87.1,4.2,1.4,6.2,27.7,25.0,18.0,0.0334,0.0043,0.29,0.0023
2023-08-28,24.6,28.2,21.2,87.3,0.0,1.7,1.8,27.7,21.0,16.0,0.0282,0.0048,0.25,0.002
2023-08-29,25.6,28.8,22.5,90.0,1.6,0.9,1.7,26.6,20.0,17.0,0.0165,0.0067,0.24,0.0026
2023-08-30,24.4,25.7,22.2,99.4,28.1,0.7,0.0,25.8,18.0,15.0,0.009,0.0085,0.23,0.002
2023-08-31,23.1,25.4,20.8,93.1,37.1,1.0,0.3,25.1,11.0,9.0,0.0337,0.0055,0.3,0.002
2023-09-01,24.6,29.3,22.2,85.3,0.1,1.1,4.9,28.0,23.0,16.0,0.028,0.0059,0.33,0.002
2023-09-02,24.2,28.6,21.2,84.5,1.1,1.4,2.3,27.0,26.0,20.0,0.0286,0.0058,0.38,0.002
2023-09-03,25.2,30.3,22.1,85.5,0.0,1.1,4.9,27.3,19.0,12.0,0.0274,0.004,0.27,0.0023
2023-09-04,25.2,29.7,21.0,82.3,0.0,1.4,6.4,28.4,19.0,12.0,0.0201,0.005,0.2,0.0022
2023-09-05,24.9,30.1,20.4,72.6,0.0,1.5,10.2,27.8,20.0,12.0,0.0263,0.0068,0.24,0.0022
2023-09-06,23.8,29.8,18.8,77.5,0.0,1.4,8.3,28.4,22.0,14.0,0.0259,0.0072,0.26,0.0026
2023-09-07,22.2,28.2,16.3,74.3,0.0,1.7,10.5,27.7,23.0,14.0,0.029,0.0066,0.26,0.0027
2023-09-08,21.8,27.9,16.8,76.0,0.0,1.3,7.6,27.5,18.0,11.0,0.029,0.0073,0.21,0.0028
2023-09-09,21.5,28.4,15.3,77.0,0.0,1.1,10.3,29.0,19.0,12.0,0.0291,0.0057,0.26,0.0028
2023-09-10,22.2,29.3,15.9,77.4,0.0,1.1,9.9,29.8,18.0,12.0,0.0298,0.0049,0.26,0.0029
2023-09-11,23.9,31.1,18.4,79.1,0.0,1.1,8.0,30.9,23.0,15.0,0.028,0.008,0.26,0.003
2023-09-12,24.8,30.0,20.8,81.0,0.0,0.9,3.6,31.0,31.0,26.0,0.0322,0.0097,0.23,0.0023
2023-09-13,23.8,27.1,21.4,89.3,0.7,1.3,0.0,27.1,30.0,26.0,0.027,0.0083,0.25,0.0024
2023-09-14,22.1,24.7,20.8,92.4,6.4,1.0,0.0,23.7,12.0,10.0,0.035,0.0058,0.2,0.002
2023-09-15,22.3,24.7,20.8,97.1,11.9,0.6,0.0,23.3,14.0,13.0,0.0206,0.0082,0.23,0.002
2023-09-16,22.6,24.3,21.3,98.9,20.3,0.6,0.0,24.6,21.0,17.0,0.0162,0.0081,0.28,0.002
2023-09-17,23.8,27.6,21.8,91.0,13.7,0.6,2.0,24.6,16.0,14.0,0.018,0.0068,0.21,0.002
2023-09-18,25.5,30.7,22.0,82.1,5.2,1.0,7.7,27.9,23.0,16.0,0.0268,0.0078,0.22,0.0022
2023-09-19,24.3,29.1,20.6,77.6,0.0,1.5,8.1,26.0,31.0,23.0,0.0412,0.007,0.23,0.002
2023-09-20,21.3,24.7,19.8,93.1,43.6,1.3,0.0,22.8,44.0,33.0,0.0299,0.0103,0.31,0.0023
2023-09-21,19.1,21.4,17.5,95.5,8.6,1.1,0.0,21.6,15.0,9.0,0.0317,0.006,0.22,0.0023
2023-09-22,19.4,24.4,15.2,80.6,0.0,0.8,7.6,24.3,27.0,12.0,0.024,0.0067,0.2,0.0022
2023-09-23,18.9,24.9,13.3,77.8,0.0,1.5,5.8,21.0,22.0,12.0,0.0215,0.0064,0.22,0.0026
2023-09-24,19.6,24.9,14.4,70.8,0.0,2.4,8.4,22.3,19.0,9.0,0.0348,0.0043,0.2,0.0027
2023-09-25,20.6,24.6,17.4,81.0,1.5,1.2,0.7,24.1,21.0,10.0,0.028,0.0075,0.2,0.003
2023-09-26,20.3,21.1,19.3,99.6,23.5,0.8,0.0,21.1,17.0,13.0,0.0195,0.0098,0.23,0.0029
2023-09-27,22.6,25.7,20.3,87.4,0.0,1.0,0.5,24.1,21.0,18.0,0.024,0.0091,0.26,0.0029
2023-09-28,22.4,28.1,17.4,77.3,0.0,2.0,9.2,24.8,29.0,20.0,0.039,0.0058,0.26,0.0029
2023-09-29,20.7,26.2,15.1,82.5,0.0,0.9,5.4,23.0,52.0,35.0,0.0405,0.0063,0.39,0.0029
2023-09-30,19.0,24.3,14.8,79.1,3.7,1.7,5.3,21.4,29.0,20.0,0.0385,0.0049,0.29,0.0028
2023-10-01,17.9,24.1,11.5,69.3,0.0,1.7,9.7,21.0,31.0,14.0,0.0351,0.0059,0.23,0.0026
2023-10-02,15.5,24.1,9.3,73.3,0.0,1.0,9.5,20.2,19.0,11.0,0.0237,0.0067,0.21,0.0025
2023-10-03,15.2,20.9,9.8,86.9,0.2,0.6,0.4,17.3,23.0,12.0,0.0167,0.0088,0.23,0.0026
2023-10-04,18.5,24.2,12.9,73.5,0.0,1.5,7.9,22.2,26.0,17.0,0.028,0.0097,0.26,0.0027
2023-10-05,15.6,20.7,10.8,45.9,0.0,2.4,8.4,18.3,29.0,11.0,0.0403,0.0067,0.21,0.0025
2023-10-06,15.2,21.8,8.6,65.4,0.0,0.9,9.0,20.5,30.0,14.0,0.0272,0.0119,0.23,0.0026
2023-10-07,16.2,22.1,11.0,76.1,0.0,1.0,3.3,18.8,21.0,12.0,0.0227,0.0099,0.25,0.0026
2023-10-08,16.6,19.8,14.1,75.0,0.0,1.3,0.0,17.8,16.0,9.0,0.0314,0.0058,0.2,0.0025
2023-10-09,17.2,21.5,14.0,78.3,0.0,0.7,1.5,22.1,14.0,10.0,0.0279,0.0072,0.22,0.0025
2023-10-10,16.5,22.2,12.3,75.4,0.0,1.4,6.9,20.2,23.0,16.0,0.0304,0.0092,0.22,0.0025
2023-10-11,14.1,22.3,8.7,73.0,0.0,1.1,7.5,17.2,26.0,13.0,0.0208,0.0107,0.24,0.0025
2023-10-12,14.1,23.1,6.4,74.1,0.0,0.8,9.6,18.6,24.0,15.0,0.0223,0.0109,0.24,0.0025
2023-10-13,15.9,23.1,10.4,75.5,0.0,0.7,6.4,19.2,27.0,17.0,0.0256,0.0111,0.28,0.0028
2023-10-14,15.9,23.3,11.6,83.0,0.6,0.9,5.5,19.2,33.0,23.0,0.0245,0.0106,0.29,0.0025
2023-10-15,15.2,21.9,10.1,75.1,0.0,2.0,8.0,17.8,27.0,20.0,0.0414,0.0061,0.28,0.0026
2023-10-16,15.0,21.8,8.9,69.1,0.0,1.5,9.0,17.8,39.0,22.0,0.0373,0.011,0.31,0.0026
2023-10-17,13.1,21.6,6.3,62.6,0.0,1.4,9.8,15.7,32.0,14.0,0.0298,0.0123,0.25,0.0025
2023-10-18,12.9,23.2,4.3,72.6,0.0,0.9,9.5,15.0,32.0,18.0,0.0248,0.0171,0.3,0.0026
2023-10-19,15.4,22.7,8.5,74.5,1.8,1.0,3.5,18.0,36.0,23.0,0.0304,0.0154,0.33,0.003
2023-10-20,13.4,17.8,9.1,57.3,2.9,3.1,7.1,15.1,15.0,6.0,0.0353,0.0055,0.2,0.0024
2023-10-21,10.1,16.9,3.7,61.3,0.0,1.9,5.6,10.2,23.0,11.0,0.025,0.0104,0.25,0.0025
2023-10-22,11.6,19.1,2.5,63.1,0.0,1.7,7.6,11.0,20.0,10.0,0.0248,0.0088,0.24,0.0025
2023-10-23,12.1,21.2,5.4,76.5,0.0,1.0,8.8,13.2,36.0,18.0,0.0238,0.015,0.3,0.0025
2023-10-24,12.6,21.5,5.3,76.4,0.0,0.8,7.8,14.6,34.0,22.0,0.0228,0.0156,0.31,0.0025
2023-10-25,13.9,23.1,6.6,78.3,0.0,1.0,8.9,14.6,46.0,28.0,0.0247,0.0176,0.32,0.0025
2023-10-26,14.0,22.7,6.3,80.0,0.0,1.0,8.8,14.9,60.0,40.0,0.0333,0.0166,0.36,0.0026
2023-10-27,12.1,19.4,7.4,85.4,0.0,1.1,3.2,12.2,49.0,34.0,0.0191,0.013,0.35,0.0025
2023-10-28,11.4,20.7,4.2,79.1,0.0,0.8,8.8,12.9,29.0,18.0,0.0224,0.0098,0.29,0.0025
2023-10-29,11.5,20.1,5.0,77.5,0.0,0.7,8.8,12.8,22.0,13.0,0.0233,0.0083,0.27,0.0025
2023-10-30,12.0,21.8,5.0,78.3,0.0,0.9,8.9,13.1,35.0,20.0,0.021,0.014,0.28,0.0025
2023-10-31,12.4,23.9,4.3,71.1,0.0,1.1,8.0,12.7,48.0,29.0,0.021,0.0182,0.34,0.0025
2023-11-01,13.9,23.9,4.4,73.5,0.0,0.7,8.8,13.8,49.0,30.0,0.0291,0.0192,0.37,0.003
2023-11-02,16.0,26.2,8.6,75.4,0.0,0.9,7.8,15.9,54.0,35.0,0.027,0.0206,0.4,0.0028
2023-11-03,16.0,25.7,8.2,73.3,0.0,1.1,8.5,16.2,45.0,28.0,0.0224,0.0182,0.34,0.0029
2023-11-04,17.0,22.5,11.8,83.0,0.0,1.3,3.9,17.9,33.0,22.0,0.0284,0.0097,0.25,0.0028
2023-11-05,18.6,23.2,13.9,84.1,1.6,1.3,0.8,18.9,29.0,23.0,0.0336,0.0065,0.24,0.0033
2023-11-06,17.7,21.7,12.7,65.6,4.0,3.1,0.2,15.8,20.0,11.0,0.0361,0.0047,0.22,0.0027
2023-11-07,10.5,14.9,4.0,44.3,0.0,4.1,7.5,10.8,20.0,8.0,0.0377,0.0053,0.23,0.002
2023-11-08,8.2,18.1,-0.8,67.3,0.0,0.7,8.0,9.9,26.0,14.0,0.0179,0.0189,0.41,0.0022
2023-11-09,12.6,20.5,3.3,76.4,0.1,0.8,7.1,13.8,37.0,23.0,0.0187,0.0201,0.43,0.0024
2023-11-10,9.7,14.2,3.8,61.1,10.6,2.5,3.2,10.5,24.0,17.0,0.0278,0.0099,0.31,0.002
2023-11-11,4.8,10.5,-1.4,55.6,0.0,1.8,4.7,5.4,19.0,10.0,0.0213,0.0114,0.29,0.0019
2023-11-12,4.3,8.8,1.3,50.9,0.0,3.4,6.8,5.0,16.0,10.0,0.0333,0.0055,0.3,0.0016
2023-11-13,4.7,9.7,-0.4,44.3,0.0,3.0,7.8,4.7,15.0,9.0,0.0319,0.0074,0.28,0.0017
2023-11-14,5.9,12.5,1.6,61.8,0.0,2.3,7.8,7.1,20.0,13.0,0.029,0.0123,0.3,0.0021
2023-11-15,5.2,14.1,-1.8,69.0,0.0,1.2,7.7,6.8,39.0,26.0,0.0163,0.0191,0.42,0.0022
2023-11-16,4.9,11.0,-0.6,88.5,8.2,1.0,0.3,5.4,46.0,34.0,0.01,0.0214,0.43,0.0018
2023-11-17,5.6,10.4,2.0,60.5,0.0,2.8,6.5,5.5,22.0,16.0,0.0241,0.0106,0.3,0.002
2023-11-18,3.0,6.7,-1.9,55.0,0.1,4.8,7.6,3.2,16.0,9.0,0.0306,0.005,0.32,0.0015
2023-11-19,8.7,13.8,2.3,57.5,0.0,3.1,7.2,8.5,24.0,12.0,0.038,0.0064,0.31,0.0023
2023-11-20,6.9,13.9,-0.3,53.1,0.0,1.7,7.7,7.8,36.0,22.0,0.0262,0.0136,0.38,0.0026
2023-11-21,4.8,16.1,-3.3,66.9,0.0,0.9,7.6,5.2,40.0,24.0,0.0107,0.0256,0.49,0.0023
2023-11-22,7.0,17.5,-1.6,69.9,0.0,0.8,7.6,7.3,45.0,28.0,0.0145,0.0267,0.48,0.002
2023-11-23,12.1,20.7,4.7,56.1,0.0,2.1,6.8,11.4,56.0,29.0,0.0306,0.0166,0.39,0.0022
2023-11-24,3.2,8.9,-1.1,39.0,0.0,4.6,7.6,5.0,17.0,7.0,0.0317,0.005,0.2,0.001
2023-11-25,0.1,6.0,-3.9,42.5,0.0,1.2,7.5,2.9,17.0,10.0,0.0228,0.0122,0.26,0.0009
2023-11-26,3.4,10.0,-4.8,56.9,0.0,1.0,6.1,4.2,28.0,19.0,0.0174,0.0156,0.35,0.0013
2023-11-27,7.4,13.2,3.1,78.8,0.1,1.2,1.6,8.0,37.0,26.0,0.0163,0.0174,0.38,0.0021
2023-11-28,5.5,9.1,1.7,50.0,0.0,3.4,7.0,5.7,33.0,19.0,0.0304,0.0069,0.28,0.002
2023-11-29,4.2,7.2,0.4,60.0,0.0,2.2,2.8,5.3,29.0,17.0,0.0243,0.0113,0.29,0.0016
2023-11-30,-0.5,2.6,-3.3,43.6,0.0,4.1,7.3,1.3,15.0,8.0,0.0323,0.0064,0.22,0.0014
2023-12-01,0.5,5.3,-3.3,48.8,0.0,3.5,7.3,1.8,17.0,9.0,0.0326,0.0074,0.22,0.0026
2023-12-02,3.6,9.6,-3.8,57.0,0.0,1.6,6.8,4.0,26.0,15.0,0.029,0.0122,0.29,0.003
2023-12-03,3.8,10.1,-3.6,48.0,0.0,2.0,7.2,5.0,29.0,17.0,0.0289,0.0111,0.29,0.0028
2023-12-04,1.8,11.9,-6.6,57.9,0.0,0.8,7.2,3.5,37.0,21.0,0.0135,0.0228,0.39,0.0028
2023-12-05,3.6,13.4,-3.1,59.3,0.0,0.6,6.8,5.0,42.0,25.0,0.0125,0.0258,0.43,0.0028
2023-12-06,4.4,11.7,-4.0,73.8,0.3,1.1,3.7,3.7,41.0,26.0,0.0061,0.0245,0.42,0.0025
2023-12-07,5.9,11.3,-0.8,48.0,0.0,2.6,7.2,5.4,92.0,33.0,0.0155,0.0243,0.4,0.002
2023-12-08,8.6,17.9,-2.5,69.9,0.0,1.2,7.0,7.3,68.0,24.0,0.0294,0.0163,0.39,0.0026
2023-12-09,10.6,19.1,4.3,79.4,0.0,1.0,6.8,9.5,66.0,30.0,0.0309,0.0199,0.44,0.0025
2023-12-10,9.3,16.3,2.2,81.0,0.0,1.0,6.8,8.9,65.0,31.0,0.0217,0.0135,0.43,0.0023
2023-12-11,12.4,13.5,7.7,91.8,25.4,2.5,0.0,10.8,38.0,19.0,0.0256,0.0128,0.39,0.002
2023-12-12,8.7,12.2,5.9,72.3,0.0,1.9,0.0,8.5,7.0,4.0,0.026,0.0096,0.29,0.002
2023-12-13,7.1,12.3,1.5,82.6,0.0,0.8,4.2,7.2,12.0,8.0,0.0159,0.0134,0.31,0.0022
2023-12-14,8.4,11.0,4.6,94.9,23.9,0.5,0.0,8.1,14.0,9.0,0.0113,0.0176,0.35,0.002
2023-12-15,7.6,10.1,5.4,97.9,53.3,1.7,0.0,8.0,3.0,3.0,0.0273,0.01,0.25,0.002
2023-12-16,1.7,6.5,-4.1,67.0,0.1,4.2,3.1,3.8,8.0,4.0,0.0331,0.0052,0.24,0.002
2023-12-17,-5.6,-2.5,-8.0,48.3,0.0,3.8,7.2,-3.0,10.0,8.0,0.0338,0.0054,0.2,0.002
2023-12-18,-3.4,0.1,-7.6,46.0,0.0,2.6,5.9,-2.3,9.0,6.0,0.0322,0.0088,0.21,0.002
2023-12-19,-0.6,3.3,-4.4,44.8,0.0,1.4,3.4,0.1,14.0,9.0,0.0228,0.017,0.28,0.002
2023-12-20,-2.8,0.5,-7.4,60.4,0.1,3.5,6.6,-1.0,28.0,21.0,0.0274,0.0112,0.33,0.0021
2023-12-21,-7.1,-3.3,-9.4,46.0,0.0,4.0,7.2,-4.7,11.0,8.0,0.0311,0.0076,0.21,0.002
2023-12-22,-7.0,-3.0,-10.3,44.4,0.0,3.8,7.2,-4.8,12.0,8.0,0.0302,0.0088,0.26,0.002
2023-12-23,-4.2,1.3,-8.2,51.1,0.0,2.6,7.2,-3.3,13.0,8.0,0.0281,0.0125,0.31,0.002
2023-12-24,-2.3,4.0,-8.0,68.3,0.0,1.4,4.7,-2.3,24.0,17.0,0.0217,0.0145,0.35,0.002
2023-12-25,-1.1,5.3,-7.9,68.9,0.0,1.9,6.5,-1.0,33.0,25.0,0.0233,0.0156,0.37,0.0021
2023-12-26,2.1,8.1,-3.3,64.0,0.0,2.0,7.1,0.7,35.0,25.0,0.0188,0.0212,0.39,0.0025
2023-12-27,2.2,10.0,-3.0,69.8,0.0,0.5,7.0,2.4,43.0,29.0,0.0151,0.0258,0.5,0.0027
2023-12-28,1.8,9.9,-5.3,69.6,0.0,1.5,7.0,1.0,56.0,41.0,0.0233,0.0174,0.47,0.0028
2023-12-29,2.0,8.6,-5.3,68.8,0.0,1.3,7.0,1.4,66.0,52.0,0.0268,0.0186,0.45,0.0025
2023-12-30,2.4,8.8,-4.4,77.5,0.6,0.8,4.6,1.8,78.0,65.0,0.0135,0.0221,0.54,0.0024
2023-12-31,4.1,8.2,0.1,84.5,1.6,1.9,0.9,3.8,43.0,37.0,0.0225,0.0122,0.44,0.0021
2024-01-01,2.9,9.4,-1.9,79.8,0.0,0.8,3.6,2.5,22.0,16.0,0.0174,0.0137,0.42,0.0024
2024-01-02,4.6,9.5,0.4,71.9,0.0,1.4,2.7,4.5,31.0,22.0,0.0208,0.0135,0.38,0.0024
2024-01-03,3.4,6.5,1.1,75.6,3.7,2.7,2.6,3.9,40.0,32.0,0.0301,0.0092,0.33,0.0023
2024-01-04,1.7,8.3,-2.9,61.5,0.0,1.6,7.2,2.2,39.0,27.0,0.023,0.0185,0.39,0.0026
2024-01-05,2.1,11.6,-5.4,76.6,0.0,1.1,7.1,1.4,51.0,34.0,0.0153,0.0247,0.51,0.0027
2024-01-06,3.1,8.1,-3.5,52.8,0.0,2.3,7.2,1.3,40.0,27.0,0.0292,0.0113,0.34,0.0026
2024-01-07,-0.4,2.7,-4.0,46.6,0.0,4.1,7.2,-0.2,20.0,13.0,0.0318,0.0063,0.26,0.0028
2024-01-08,-3.2,3.4,-8.8,44.9,0.0,1.4,7.3,-1.7,16.0,10.0,0.0203,0.0152,0.3,0.0027
2024-01-09,-0.6,6.0,-7.5,63.9,1.6,0.8,1.3,0.2,36.0,23.0,0.009,0.0271,0.44,0.0029
2024-01-10,2.6,6.7,-0.9,82.4,0.2,1.2,3.0,3.1,36.0,31.0,0.0199,0.0157,0.34,0.0024
2024-01-11,1.6,6.2,-3.4,67.9,0.0,2.5,7.2,1.8,41.0,34.0,0.0258,0.0122,0.32,0.0024
2024-01-12,4.3,9.6,-0.3,47.4,0.0,2.4,7.0,2.5,37.0,25.0,0.0288,0.0154,0.37,0.0027
2024-01-13,1.3,7.5,-4.0,44.4,0.0,1.6,7.3,1.2,22.0,13.0,0.0304,0.0117,0.37,0.0028
2024-01-14,3.6,13.1,-7.2,70.8,0.0,1.7,7.4,3.5,26.0,19.0,0.0282,0.0121,0.47,0.0026
2024-01-15,1.4,5.9,-1.9,49.9,0.0,2.7,7.4,2.0,29.0,22.0,0.0313,0.009,0.37,0.0022
2024-01-16,-0.4,7.7,-8.1,52.8,0.0,0.8,7.4,0.6,25.0,14.0,0.0171,0.0215,0.42,0.0026
2024-01-17,2.5,8.2,-4.4,77.8,1.3,0.5,1.1,2.2,47.0,31.0,0.0041,0.0356,0.6,0.003
2024-01-18,5.7,7.4,4.0,90.5,4.0,1.4,0.0,5.0,35.0,28.0,0.014,0.0209,0.51,0.0025
2024-01-19,5.9,6.8,5.2,71.8,0.0,3.1,0.0,4.6,20.0,10.0,0.0375,0.0073,0.34,0.0022
2024-01-20,5.6,7.2,3.7,87.6,8.3,2.4,0.0,5.0,6.0,5.0,0.0347,0.007,0.31,0.0022
2024-01-21,5.1,8.6,1.9,84.4,0.5,1.2,0.2,5.7,5.0,3.0,0.0295,0.0064,0.27,0.0022
2024-01-22,-1.9,4.4,-7.5,58.0,0.0,5.0,7.2,0.8,14.0,10.0,0.0322,0.0053,0.29,0.0021
2024-01-23,-7.2,-2.8,-10.2,51.5,0.0,4.7,7.6,-5.0,15.0,8.0,0.0335,0.0061,0.29,0.0022
2024-01-24,-6.0,-0.9,-10.1,50.5,0.0,4.2,7.8,-4.3,15.0,8.0,0.033,0.0075,0.31,0.0024
2024-01-25,-3.1,2.1,-8.6,40.3,0.0,2.6,7.8,-2.7,19.0,12.0,0.0306,0.0098,0.33,0.0027
2024-01-26,0.9,6.8,-4.0,48.3,0.0,3.5,7.8,0.7,24.0,16.0,0.0368,0.0083,0.36,0.0029
2024-01-27,2.1,8.6,-2.2,52.3,0.0,2.2,7.7,1.7,38.0,28.0,0.0356,0.0108,0.43,0.003
2024-01-28,0.7,6.2,-4.4,56.6,0.0,2.4,7.6,1.4,34.0,23.0,0.0372,0.0102,0.41,0.003
2024-01-29,-1.4,7.1,-8.1,64.6,0.0,1.1,7.8,0.1,37.0,26.0,0.0216,0.0187,0.46,0.0026
2024-01-30,0.5,9.7,-8.4,68.9,0.0,0.6,7.8,1.4,48.0,34.0,0.0179,0.0234,0.55,0.0029
2024-01-31,6.2,13.6,1.1,61.1,0.0,0.8,5.5,6.7,50.0,38.0,0.0179,0.0244,0.54,0.0025
2024-02-01,5.5,8.9,2.7,65.4,0.0,2.4,0.2,5.3,40.0,28.0,0.0325,0.013,0.43,0.0022
2024-02-02,3.9,7.2,2.2,82.6,0.0,1.0,0.2,5.0,12.0,9.0,0.0295,0.0098,0.38,0.0018
2024-02-03,4.5,8.1,0.9,86.3,2.1,1.2,0.4,5.7,13.0,10.0,0.0246,0.012,0.39,0.0019
2024-02-04,5.4,8.6,2.7,86.6,2.0,1.1,0.1,6.2,7.0,4.0,0.0285,0.0065,0.3,0.0018
2024-02-05,5.0,6.7,2.8,84.4,13.3,2.7,0.0,5.2,5.0,5.0,0.0357,0.008,0.33,0.0018
2024-02-06,2.9,5.0,0.8,84.6,0.1,0.8,0.0,4.4,11.0,8.0,0.0295,0.0093,0.31,0.0018
2024-02-07,2.5,7.4,-2.2,71.6,0.0,1.4,8.1,4.4,20.0,15.0,0.0302,0.0094,0.35,0.0018
2024-02-08,0.9,8.1,-4.7,73.5,0.0,0.9,8.4,3.2,39.0,30.0,0.0196,0.0165,0.45,0.0019
2024-02-09,2.2,9.5,-4.0,60.9,0.0,1.6,8.0,3.0,34.0,26.0,0.0273,0.0125,0.41,0.0021
2024-02-10,3.2,8.3,-2.5,57.0,0.0,2.4,8.2,2.4,44.0,34.0,0.0471,0.0081,0.46,0.0023
2024-02-11,2.5,7.6,-4.6,60.4,0.0,2.3,7.4,1.1,59.0,48.0,0.0402,0.0089,0.52,0.0021
2024-02-12,2.6,11.9,-5.2,59.0,0.0,1.0,9.0,3.9,55.0,43.0,0.0296,0.0152,0.5,0.0021
2024-02-13,7.3,16.5,-4.5,64.5,0.0,1.8,8.9,6.7,42.0,27.0,0.0298,0.016,0.48,0.0027
2024-02-14,9.6,17.6,3.0,85.5,0.7,1.0,2.2,10.7,36.0,24.0,0.0174,0.0188,0.48,0.0023
2024-02-15,7.2,17.6,3.1,82.1,0.0,2.0,1.9,7.2,17.0,13.0,0.0192,0.0108,0.39,0.0019
2024-02-16,2.8,8.8,-2.5,67.4,0.0,0.9,5.7,6.8,12.0,7.0,0.0279,0.0109,0.36,0.0019
2024-02-17,3.7,14.8,-4.8,66.1,0.0,0.9,9.1,5.4,31.0,22.0,0.021,0.0184,0.49,0.0024
2024-02-18,7.0,14.4,-4.3,81.6,8.2,0.8,4.0,5.2,38.0,30.0,0.02,0.015,0.46,0.0023
2024-02-19,14.4,19.0,11.4,91.1,15.1,1.4,1.1,14.4,15.0,12.0,0.0223,0.0135,0.42,0.002
2024-02-20,7.0,12.7,5.5,87.3,3.1,2.5,0.0,7.3,6.0,4.0,0.0324,0.0071,0.34,0.0018
2024-02-21,4.9,6.0,3.6,89.0,6.2,2.9,0.0,5.0,3.0,1.0,0.0356,0.0072,0.33,0.0018
2024-02-22,2.9,4.3,1.9,81.4,1.9,2.2,0.0,3.7,5.0,3.0,0.035,0.0085,0.32,0.0018
2024-02-23,2.9,5.1,1.6,68.3,0.1,2.4,0.0,3.6,8.0,4.0,0.0368,0.0081,0.3,0.0018
2024-02-24,3.3,5.7,1.5,68.9,0.8,2.0,0.0,3.4,13.0,4.0,0.0364,0.0072,0.29,0.0019
2024-02-25,4.0,7.8,1.0,85.5,1.7,1.3,0.4,6.5,5.0,5.0,0.0278,0.0061,0.3,0.0019
2024-02-26,4.6,9.8,-0.1,69.9,0.0,1.4,1.8,5.5,10.0,6.0,0.0292,0.0099,0.32,0.0021
2024-02-27,1.6,6.1,-2.1,74.3,0.0,1.0,0.5,2.3,24.0,10.0,0.0237,0.0168,0.36,0.0021
2024-02-28,3.3,10.7,-4.4,74.1,0.0,0.8,6.9,4.5,25.0,11.0,0.0244,0.016,0.4,0.0025
2024-02-29,3.1,6.0,0.4,93.1,8.4,1.0,0.0,3.5,19.0,11.0,0.0204,0.0155,0.37,0.002
2024-03-01,-0.1,3.6,-4.9,40.1,0.0,4.5,9.3,2.3,29.0,12.0,0.0393,0.0061,0.3,0.0022
2024-03-02,-0.4,5.2,-6.6,43.5,0.0,2.3,10.5,3.1,28.0,10.0,0.0382,0.0076,0.34,0.0023
2024-03-03,5.5,11.1,-2.0,56.0,0.0,2.2,5.3,5.4,53.0,27.0,0.0463,0.0077,0.39,0.0021
2024-03-04,6.3,13.3,-2.6,63.6,0.0,0.9,7.8,8.4,79.0,46.0,0.0371,0.0169,0.49,0.0025
2024-03-05,6.4,7.4,5.4,89.0,8.1,1.8,0.0,6.3,19.0,12.0,0.0402,0.0107,0.4,0.002
2024-03-06,6.9,10.5,4.6,65.3,0.0,2.2,1.1,6.7,16.0,8.0,0.0409,0.0081,0.33,0.002
2024-03-07,5.0,8.5,2.7,70.6,0.0,1.2,1.9,7.0,22.0,12.0,0.0316,0.0114,0.34,0.0021
2024-03-08,4.0,9.6,0.3,43.5,0.0,3.8,9.2,5.1,38.0,20.0,0.046,0.0068,0.34,0.0024
2024-03-09,2.5,9.5,-3.3,51.9,0.0,1.7,10.9,7.7,27.0,13.0,0.0401,0.0083,0.35,0.0025
2024-03-10,3.4,13.0,-5.3,57.4,0.0,1.3,10.9,8.4,27.0,17.0,0.0288,0.0126,0.38,0.0024
2024-03-11,6.3,12.8,-2.2,56.8,0.0,1.2,4.6,8.3,37.0,22.0,0.0276,0.0179,0.43,0.0028
2024-03-12,5.0,12.6,-1.2,81.6,2.7,1.0,3.6,7.3,27.0,17.0,0.0265,0.0142,0.37,0.0022
2024-03-13,7.3,14.8,1.1,61.5,0.0,1.9,8.0,9.7,24.0,19.0,0.0345,0.0101,0.35,0.0023
2024-03-14,8.8,17.1,1.9,44.3,0.0,2.1,10.0,11.5,48.0,29.0,0.0466,0.0162,0.41,0.0026
2024-03-15,10.4,19.9,-1.3,43.5,0.0,1.9,10.8,11.4,46.0,27.0,0.0388,0.0162,0.38,0.0025
2024-03-16,11.1,19.5,1.4,57.0,0.0,1.4,9.5,14.1,64.0,33.0,0.0459,0.0158,0.5,0.0034
2024-03-17,12.0,18.2,4.2,46.4,0.0,3.0,4.6,12.8,63.0,21.0,0.0503,0.0065,0.34,0.0025
2024-03-18,7.3,15.4,-1.0,57.1,0.0,1.1,10.4,12.7,66.0,18.0,0.0336,0.0115,0.35,0.0024
2024-03-19,8.8,15.7,4.7,51.5,0.0,3.2,3.0,9.1,48.0,16.0,0.0393,0.0095,0.32,0.0022
2024-03-20,6.0,11.1,2.7,38.4,0.0,3.5,8.5,10.6,29.0,19.0,0.0442,0.0066,0.31,0.0022
2024-03-21,5.4,12.1,-2.0,49.0,0.0,1.7,10.7,10.7,28.0,17.0,0.0425,0.01,0.35,0.0025
2024-03-22,9.0,16.2,-0.6,64.8,1.5,1.7,8.4,13.7,33.0,19.0,0.0387,0.0122,0.37,0.0025
2024-03-23,14.4,23.4,10.2,71.1,0.8,2.4,8.6,17.7,33.0,19.0,0.05,0.0061,0.34,0.0025
2024-03-24,10.5,12.7,9.4,74.9,0.2,2.1,0.0,11.6,22.0,11.0,0.0485,0.0056,0.33,0.0025
2024-03-25,9.5,12.5,7.2,78.5,15.3,2.7,0.0,9.4,16.0,8.0,0.0451,0.0069,0.31,0.0022
2024-03-26,7.4,10.1,4.7,81.5,14.7,1.8,0.0,9.2,5.0,2.0,0.0418,0.0063,0.29,0.0021
2024-03-27,8.5,16.7,-0.2,75.3,0.0,1.0,7.1,12.2,16.0,11.0,0.0267,0.0121,0.35,0.0022
2024-03-28,9.0,11.2,7.4,95.8,25.9,1.2,0.0,9.7,18.0,15.0,0.0186,0.0147,0.37,0.0021
2024-03-29,12.3,19.5,4.1,59.5,0.0,3.0,7.8,11.8,116.0,28.0,0.0428,0.0086,0.37,0.0023
2024-03-30,9.8,15.9,1.7,62.3,2.2,1.3,6.8,12.2,82.0,23.0,0.0372,0.0114,0.37,0.0022
2024-03-31,12.0,18.8,3.7,55.5,0.0,1.5,8.7,13.9,72.0,26.0,0.0456,0.0086,0.43,0.0027
2024-04-01,12.3,22.8,2.2,55.4,0.0,1.4,11.0,15.9,37.0,17.0,0.0305,0.0139,0.42,0.0025
2024-04-02,13.3,24.3,3.8,63.1,2.7,1.2,8.5,15.8,42.0,22.0,0.0377,0.0164,0.45,0.003
2024-04-03,11.9,13.3,10.7,98.8,29.9,1.1,0.0,12.9,14.0,14.0,0.0462,0.0082,0.38,0.0022
2024-04-04,12.0,15.6,9.9,66.0,0.0,2.1,1.5,14.2,34.0,17.0,0.0461,0.0069,0.34,0.0023
2024-04-05,12.3,18.2,8.0,65.4,0.0,1.4,3.6,15.6,37.0,18.0,0.0425,0.0106,0.39,0.0029
2024-04-06,12.8,20.6,6.1,68.8,0.0,1.0,4.4,14.0,46.0,27.0,0.0313,0.0129,0.42,0.0025
2024-04-07,15.2,24.6,6.0,56.9,0.0,1.2,10.7,19.0,46.0,27.0,0.0413,0.0126,0.46,0.0031
2024-04-08,16.1,23.3,8.2,53.6,0.0,0.8,2.3,18.4,54.0,32.0,0.0496,0.0142,0.5,0.0029
2024-04-09,11.3,16.1,4.8,55.8,0.0,3.1,11.4,17.9,34.0,17.0,0.0505,0.0053,0.31,0.0023
2024-04-10,11.0,18.9,2.1,64.3,0.0,0.9,9.4,17.2,28.0,13.0,0.0364,0.0096,0.33,0.0027
2024-04-11,13.4,20.5,7.8,63.4,0.0,1.1,1.7,16.8,37.0,19.0,0.0321,0.0151,0.38,0.0028
2024-04-12,16.0,25.0,6.3,62.4,0.0,0.9,10.3,21.6,41.0,24.0,0.0385,0.0136,0.39,0.0027
2024-04-13,17.4,27.7,7.9,57.9,0.0,1.1,11.7,23.2,46.0,25.0,0.0407,0.0135,0.41,0.0028
2024-04-14,17.5,27.5,7.2,54.0,0.0,1.3,11.1,22.9,26.0,16.0,0.0421,0.009,0.34,0.0029
2024-04-15,15.5,19.2,14.0,87.4,11.3,1.0,0.0,15.3,22.0,15.0,0.0326,0.0128,0.36,0.0031
2024-04-16,16.8,22.8,11.8,66.3,0.0,2.1,8.4,19.8,69.0,19.0,0.0246,0.0088,0.32,0.0025
2024-04-17,15.3,24.5,7.2,60.0,0.0,1.3,10.6,20.2,214.0,50.0,0.0258,0.0103,0.38,0.0026
2024-04-18,15.6,25.0,8.1,61.9,0.0,1.3,10.6,22.0,251.0,59.0,0.0248,0.0091,0.4,0.0027
2024-04-19,18.3,27.9,7.4,55.0,0.0,1.2,10.5,23.5,144.0,40.0,0.0288,0.0117,0.37,0.0029
2024-04-20,14.5,15.9,13.2,84.1,1.3,2.0,0.0,14.9,68.0,28.0,0.0275,0.0081,0.38,0.0029
2024-04-21,15.4,17.3,13.3,81.5,0.5,2.0,0.0,16.2,17.0,8.0,0.0305,0.0046,0.29,0.0025
2024-04-22,14.7,17.6,12.6,70.5,0.0,1.7,0.0,16.7,28.0,13.0,0.0291,0.0058,0.29,0.0025
2024-04-23,13.8,17.7,10.5,72.5,5.2,3.2,4.0,18.3,21.0,9.0,0.0299,0.0044,0.27,0.0024
2024-04-24,13.3,19.2,10.3,80.4,4.2,1.2,3.8,17.0,17.0,9.0,0.0242,0.0067,0.31,0.0024
2024-04-25,17.1,25.5,10.4,63.4,0.0,2.0,11.5,19.3,55.0,16.0,0.0262,0.0084,0.32,0.0025
2024-04-26,16.4,24.4,9.6,71.9,0.0,0.8,2.1,18.4,61.0,23.0,0.0289,0.0149,0.39,0.0029
2024-04-27,18.7,29.2,9.1,64.3,0.0,1.0,12.0,22.9,55.0,28.0,0.0515,0.0119,0.48,0.0031
2024-04-28,17.0,26.7,9.5,69.8,0.0,2.1,11.1,21.9,54.0,27.0,0.0526,0.0073,0.4,0.0029
2024-04-29,14.3,16.3,13.0,85.0,1.9,1.3,0.0,16.2,26.0,16.0,0.0509,0.0062,0.33,0.0025
2024-04-30,16.1,22.9,12.8,78.9,0.0,1.8,3.0,21.8,22.0,15.0,0.0436,0.0055,0.32,0.0026
2024-05-01,12.4,17.9,7.1,72.0,1.6,2.1,5.6,17.3,20.0,11.0,0.0472,0.0057,0.29,0.0025
2024-05-02,13.8,23.6,4.2,63.3,0.0,1.1,12.3,21.1,22.0,14.0,0.0361,0.0091,0.4,0.0032
2024-05-03,17.0,27.9,6.6,58.6,0.0,1.2,12.3,23.8,30.0,19.0,0.0429,0.0129,0.46,0.0034
2024-05-04,18.4,28.0,6.4,55.9,0.0,1.3,12.3,25.0,26.0,16.0,0.045,0.0098,0.33,0.0031
2024-05-05,17.4,18.9,16.1,91.5,19.8,1.0,0.0,18.4,17.0,14.0,0.0287,0.0084,0.3,0.0029
2024-05-06,19.2,24.1,15.9,78.0,14.6,1.7,3.6,22.1,13.0,8.0,0.0396,0.005,0.32,0.0027
2024-05-07,13.2,16.1,11.1,92.3,5.3,1.3,0.0,15.6,12.0,11.0,0.033,0.0069,0.34,0.0026
2024-05-08,12.1,17.4,7.3,74.0,0.6,1.8,6.4,16.2,14.0,7.0,0.0347,0.0059,0.26,0.0026
2024-05-09,15.7,24.7,4.3,58.0,0.0,1.7,11.2,18.5,19.0,9.0,0.0353,0.0078,0.29,0.0028
2024-05-10,19.6,28.1,12.2,44.6,0.0,1.9,12.3,22.0,34.0,18.0,0.0652,0.0088,0.31,0.0029
2024-05-11,19.8,25.3,11.3,67.1,3.7,2.3,5.6,22.5,17.0,9.0,0.0525,0.0042,0.23,0.0023
2024-05-12,18.3,24.3,12.4,64.0,4.5,2.4,6.7,20.1,97.0,23.0,0.0517,0.0044,0.26,0.0023
2024-05-13,16.4,25.5,8.7,61.8,0.0,1.4,12.8,21.8,35.0,14.0,0.0374,0.0084,0.3,0.0024
2024-05-14,17.7,27.4,7.6,61.9,0.0,1.1,12.9,23.0,32.0,18.0,0.0413,0.0117,0.32,0.0024
2024-05-15,16.6,26.9,9.5,64.4,17.9,2.0,11.8,23.4,22.0,13.0,0.0474,0.0074,0.27,0.0023
2024-05-16,13.8,21.0,7.8,63.1,6.2,3.5,9.7,17.1,13.0,6.0,0.048,0.0059,0.26,0.0023
2024-05-17,17.0,27.1,7.1,62.1,0.0,1.2,8.4,19.2,31.0,16.0,0.0496,0.0118,0.33,0.0026
2024-05-18,19.3,28.8,9.5,58.0,0.0,1.3,12.8,23.4,22.0,13.0,0.0454,0.0099,0.31,0.0027
2024-05-19,20.0,30.2,10.7,59.3,0.0,1.4,12.7,25.2,23.0,13.0,0.0486,0.0072,0.29,0.0027
2024-05-20,18.9,28.5,11.4,65.0,0.0,1.8,9.8,23.9,23.0,13.0,0.0424,0.0074,0.29,0.0028
2024-05-21,16.2,21.1,11.7,75.9,0.0,2.5,6.2,21.2,25.0,13.0,0.0468,0.0049,0.24,0.0023
2024-05-22,19.8,29.2,9.2,65.4,0.0,1.1,12.7,24.5,29.0,16.0,0.0455,0.0097,0.29,0.0024
2024-05-23,23.4,31.3,15.4,50.8,0.0,1.8,9.4,26.7,39.0,23.0,0.0548,0.0097,0.3,0.0027
2024-05-24,19.2,23.2,13.9,61.9,0.0,2.6,11.5,24.9,29.0,16.0,0.0502,0.0064,0.26,0.0026
2024-05-25,18.5,22.6,15.7,58.1,0.0,2.6,5.3,24.4,16.0,5.0,0.0466,0.0051,0.31,0.0027
2024-05-26,20.1,26.8,12.1,73.8,7.9,1.7,7.2,23.8,19.0,10.0,0.0396,0.0042,0.29,0.0022
2024-05-27,20.7,24.4,17.4,56.5,0.5,3.1,9.1,22.2,17.0,5.0,0.0512,0.0044,0.27,0.002
2024-05-28,17.4,24.1,11.2,63.8,0.0,1.8,4.9,20.7,14.0,6.0,0.0397,0.0066,0.26,0.002
2024-05-29,19.2,29.0,8.3,63.5,0.0,1.2,12.8,23.2,19.0,11.0,0.0356,0.0093,0.29,0.0022
2024-05-30,19.9,25.9,13.8,66.4,0.0,1.0,0.6,21.1,34.0,23.0,0.0511,0.0123,0.36,0.0024
2024-05-31,22.1,29.2,16.9,52.3,0.0,1.6,10.2,26.2,22.0,16.0,0.0537,0.0085,0.31,0.0025
2024-06-01,20.3,27.2,16.2,63.3,0.0,2.3,7.9,26.5,18.0,10.0,0.0551,0.0042,0.28,0.0021
2024-06-02,18.1,25.9,12.1,73.6,1.8,2.1,8.5,24.1,16.0,10.0,0.0375,0.0043,0.29,0.0022
2024-06-03,18.0,24.2,15.0,73.9,0.1,1.9,7.5,23.9,10.0,8.0,0.0373,0.0039,0.26,0.002
2024-06-04,17.5,24.4,10.8,71.1,0.0,1.6,11.2,25.6,11.0,7.0,0.0365,0.0054,0.26,0.0019
2024-06-05,19.4,27.4,10.6,62.5,0.0,1.5,12.2,27.2,16.0,9.0,0.0323,0.0088,0.36,0.0028
2024-06-06,20.8,27.4,14.0,64.8,0.0,1.0,3.8,25.9,21.0,11.0,0.0395,0.0098,0.48,0.0037
2024-06-07,22.5,29.5,14.5,62.5,0.0,1.1,9.2,29.5,30.0,21.0,0.0518,0.0089,0.36,0.0032
2024-06-08,19.6,23.5,18.3,85.8,18.2,0.9,0.2,22.1,13.0,9.0,0.0424,0.0056,0.27,0.0026
2024-06-09,22.1,28.2,18.3,79.3,1.5,1.1,7.4,27.9,12.0,6.0,0.0382,0.0051,0.28,0.0021
2024-06-10,24.2,31.9,16.1,68.6,0.0,1.1,12.4,29.7,29.0,17.0,0.0411,0.0094,0.32,0.0022
2024-06-11,25.9,33.6,17.7,62.0,0.0,1.4,12.6,31.8,42.0,25.0,0.0592,0.0096,0.38,0.0023
2024-06-12,25.7,33.4,18.5,63.1,0.0,1.5,12.6,31.7,43.0,26.0,0.0605,0.0098,0.39,0.0027
2024-06-13,25.6,33.5,18.3,62.0,0.0,1.4,12.3,33.7,43.0,32.0,0.0725,0.0103,0.44,0.0025
2024-06-14,25.8,34.2,16.7,59.4,0.0,1.3,10.8,33.4,38.0,33.0,0.0652,0.0096,0.38,0.0023
2024-06-15,24.3,32.8,18.8,71.8,2.3,1.5,7.9,30.5,30.0,28.0,0.0508,0.0078,0.32,0.0018
2024-06-16,24.5,31.3,19.1,60.3,0.3,2.1,12.3,29.7,19.0,19.0,0.0507,0.0048,0.31,0.0016
2024-06-17,23.1,30.1,16.0,60.0,0.0,1.4,4.6,26.0,22.0,18.0,0.0489,0.0093,0.32,0.0019
2024-06-18,26.3,34.8,17.1,51.4,0.0,1.5,12.9,34.6,29.0,22.0,0.062,0.0094,0.36,0.0021
2024-06-19,27.5,36.3,18.0,54.9,0.0,1.2,11.9,35.5,39.0,29.0,0.0742,0.011,0.39,0.0025
2024-06-20,23.8,29.6,18.0,63.8,0.0,1.4,3.4,29.1,29.0,25.0,0.0507,0.0108,0.34,0.0033
2024-06-21,24.6,29.6,19.8,68.5,0.0,1.4,5.5,32.9,23.0,22.0,0.0489,0.0078,0.4,0.0026
2024-06-22,22.4,23.5,20.4,94.9,21.8,0.9,0.0,24.0,18.0,17.0,0.0247,0.0113,0.38,0.0019
2024-06-23,24.2,29.4,21.7,88.5,0.0,1.3,1.8,25.4,21.0,17.0,0.0282,0.0076,0.45,0.0017
2024-06-24,24.8,31.2,20.0,75.5,0.0,1.4,5.2,27.5,36.0,27.0,0.0444,0.0083,0.4,0.0018
2024-06-25,23.2,29.4,19.1,59.8,0.0,2.4,6.1,25.2,46.0,22.0,0.0514,0.0061,0.3,0.0018
2024-06-26,22.7,29.2,16.2,64.0,0.0,1.3,12.1,29.6,21.0,18.0,0.047,0.009,0.33,0.0021
2024-06-27,21.0,25.5,15.6,76.8,0.5,0.8,0.2,24.0,34.0,28.0,0.0463,0.0132,0.39,0.0026
2024-06-28,24.2,32.6,17.2,73.1,0.0,1.2,10.2,32.2,24.0,24.0,0.0572,0.0091,0.31,0.0022
2024-06-29,23.7,30.0,19.7,86.5,19.9,1.3,6.8,27.6,13.0,16.0,0.0313,0.0075,0.29,0.0018
2024-06-30,25.2,29.3,22.9,92.1,32.6,1.5,0.2,25.9,6.0,10.0,0.0261,0.0045,0.25,0.0017
2024-07-01,26.8,31.9,22.7,72.4,0.0,1.4,10.1,29.5,16.0,17.0,0.0421,0.0054,0.3,0.0017
2024-07-02,22.8,25.4,21.3,93.8,30.4,2.1,0.4,25.0,19.0,22.0,0.0364,0.0072,0.45,0.0018
2024-07-03,27.3,32.6,22.6,76.4,7.9,2.0,5.7,27.9,15.0,16.0,0.0377,0.0055,0.31,0.0017
2024-07-04,28.0,34.1,20.8,69.4,0.0,1.6,10.8,30.9,24.0,23.0,0.0544,0.0061,0.35,0.0019
2024-07-05,28.1,32.5,23.7,66.3,0.9,2.5,8.3,31.3,11.0,14.0,0.053,0.0048,0.31,0.0017
2024-07-06,27.4,32.0,21.9,74.3,0.0,2.0,6.3,31.8,19.0,19.0,0.0333,0.0061,0.31,0.0019
2024-07-07,28.4,31.3,25.7,74.8,3.5,2.2,3.1,30.6,20.0,22.0,0.0424,0.0039,0.29,0.0018
2024-07-08,27.0,28.2,25.7,83.1,1.0,1.3,0.0,26.5,23.0,24.0,0.0333,0.0072,0.31,0.0018
2024-07-09,23.7,26.5,22.0,97.6,158.8,1.0,0.0,24.3,7.0,10.0,0.0308,0.0087,0.28,0.0016
2024-07-10,22.7,25.5,21.2,96.0,96.1,1.5,0.1,24.3,9.0,10.0,0.0294,0.0061,0.3,0.0015
2024-07-11,23.8,27.7,20.8,89.9,0.1,0.6,0.7,25.5,21.0,19.0,0.0334,0.0072,0.36,0.0015
2024-07-12,25.6,31.7,20.6,79.9,0.0,1.1,6.2,30.6,36.0,30.0,0.0414,0.0092,0.48,0.0023
2024-07-13,24.3,29.2,19.8,84.4,0.0,1.6,0.0,26.2,42.0,35.0,0.0428,0.0079,0.59,0.0027
2024-07-14,23.0,24.5,21.9,94.3,2.8,1.5,0.0,25.1,15.0,14.0,0.0339,0.004,0.27,0.0017
2024-07-15,23.3,26.1,21.5,90.3,0.0,1.5,0.0,25.6,18.0,13.0,0.0335,0.0042,0.29,0.0017
2024-07-16,24.3,28.1,21.8,89.9,19.6,1.2,0.0,26.0,14.0,13.0,0.0318,0.006,0.33,0.0018
2024-07-17,26.4,30.1,22.3,81.6,0.2,1.2,0.0,26.4,20.0,14.0,0.0187,0.0068,0.24,0.0019
2024-07-18,27.2,29.1,24.9,80.4,2.0,1.7,0.0,26.5,20.0,15.0,0.0222,0.0051,0.22,0.0018
2024-07-19,26.7,30.1,24.2,80.1,0.4,1.6,0.0,27.7,21.0,17.0,0.0389,0.0063,0.29,0.002
2024-07-20,26.2,30.9,22.1,83.8,15.0,1.5,,27.0,22.0,17.0,0.0329,0.0059,0.28,0.002
2024-07-21,29.0,33.2,25.6,73.5,0.4,2.2,6.7,28.8,16.0,12.0,0.0316,0.004,0.23,0.0019
2024-07-22,29.2,32.9,24.5,72.0,0.0,1.7,9.5,29.2,18.0,13.0,0.0241,0.0051,0.24,0.002
2024-07-23,29.4,31.8,27.3,70.3,0.0,2.2,2.9,28.4,15.0,11.0,0.0201,0.0048,0.21,0.002
2024-07-24,27.6,31.8,24.2,82.0,27.2,1.3,7.7,29.1,15.0,12.0,0.0187,0.0064,0.22,0.0018
2024-07-25,28.7,33.7,24.0,79.1,0.0,1.0,9.4,30.2,21.0,13.0,0.0187,0.0068,0.23,0.002
2024-07-26,28.9,33.8,24.8,75.6,0.0,1.2,7.3,30.2,19.0,13.0,0.0161,0.0056,0.22,0.0021
2024-07-27,29.0,33.0,25.3,75.8,0.0,1.5,6.9,29.6,17.0,11.0,0.0181,0.0045,0.2,0.0019
2024-07-28,29.8,34.1,25.4,69.3,0.0,1.8,11.1,30.4,17.0,11.0,,,0.21,0.0019
2024-07-29,29.7,34.9,25.4,68.3,0.0,2.5,11.8,31.4,14.0,10.0,0.0252,0.0042,0.19,0.0018
2024-07-30,29.2,34.3,23.7,70.0,0.0,2.1,12.1,32.0,14.0,11.0,0.0228,0.0042,0.2,0.0017
2024-07-31,29.7,35.3,25.2,70.9,0.0,1.8,12.7,32.8,15.0,12.0,0.0215,0.005,0.2,0.0017
2024-08-01,30.3,36.0,24.9,71.5,0.0,1.4,10.7,33.3,18.0,13.0,0.0278,0.0058,0.23,0.0018
2024-08-02,31.0,36.8,25.4,73.1,10.9,1.4,10.9,34.2,23.0,17.0,0.0381,0.0058,0.26,0.002
2024-08-03,30.9,35.9,26.9,75.0,0.0,1.5,10.6,31.6,24.0,20.0,0.0382,0.0056,0.3,0.0019
2024-08-04,28.8,33.4,25.5,80.0,0.0,1.7,6.1,31.2,30.0,26.0,0.0396,0.0061,0.45,0.0025
2024-08-05,28.0,34.2,24.1,77.6,0.0,1.2,7.3,31.1,26.0,21.0,0.0475,0.0059,0.22,0.0023
2024-08-06,27.8,35.9,22.7,79.1,1.8,1.3,7.5,31.3,21.0,16.0,0.0366,0.0074,0.25,0.0022
2024-08-07,29.7,36.2,24.0,73.9,0.0,1.2,10.9,31.7,23.0,21.0,0.0393,0.0069,0.3,0.0021
2024-08-08,28.0,34.3,23.3,77.3,28.5,1.3,8.7,29.5,23.0,18.0,0.0419,0.0062,0.27,0.0019
2024-08-09,27.8,33.9,23.1,75.6,0.0,1.2,10.1,30.0,27.0,22.0,0.0391,0.0079,0.33,0.0025
2024-08-10,27.4,33.7,22.1,73.6,0.0,1.3,10.5,30.9,24.0,17.0,0.0373,0.0063,0.37,0.0029
2024-08-11,27.5,34.1,22.4,74.0,0.0,1.2,11.6,31.5,21.0,17.0,0.0391,0.0052,0.34,0.0028
2024-08-12,27.0,33.8,21.3,73.9,0.0,1.4,12.2,31.6,21.0,14.0,0.0364,0.0056,0.3,0.0024
2024-08-13,26.6,32.4,21.1,74.8,0.0,1.5,11.6,31.6,18.0,12.0,0.0276,0.005,0.22,0.002
2024-08-14,26.3,32.1,20.7,77.0,0.0,1.5,7.9,30.8,13.0,6.0,0.0207,0.0051,0.23,0.0017
2024-08-15,26.5,32.6,21.5,78.0,0.0,1.5,6.7,30.8,8.0,4.0,0.0197,0.0044,0.24,0.0016
2024-08-16,27.3,33.3,21.7,72.4,0.0,1.5,10.7,32.1,10.0,3.0,0.022,0.0049,0.26,0.0016
2024-08-17,27.7,33.3,22.6,72.3,0.0,1.4,9.2,31.5,12.0,4.0,0.0235,0.004,0.26,0.0015
2024-08-18,27.4,32.9,22.2,73.1,0.0,1.6,11.0,32.4,12.0,5.0,0.0271,0.0047,0.34,0.0024
2024-08-19,28.3,34.4,22.5,75.6,0.0,1.2,6.1,30.5,20.0,12.0,0.0359,0.0062,0.31,0.0028
2024-08-20,28.7,33.2,25.7,77.5,0.3,1.5,2.4,30.1,13.0,6.0,0.0255,0.0059,0.26,0.0018
2024-08-21,27.0,30.5,25.1,91.3,3.2,0.9,1.1,28.9,9.0,5.0,0.0162,0.0075,0.25,0.0017
2024-08-22,28.3,34.1,23.7,79.8,0.0,1.6,3.6,29.3,12.0,4.0,0.0204,0.0055,0.26,0.0017
2024-08-23,29.1,35.5,23.6,67.4,0.0,1.6,11.4,31.2,17.0,9.0,0.0473,0.0067,0.31,0.0017
2024-08-24,28.8,35.4,22.6,69.0,0.0,1.0,10.6,31.5,29.0,18.0,0.0437,0.0093,0.38,0.0019
2024-08-25,27.4,34.4,23.3,82.0,11.6,1.1,8.2,31.3,32.0,23.0,0.0476,0.0066,0.46,0.002
2024-08-26,27.7,33.6,23.9,80.4,0.0,1.0,6.1,29.7,32.0,24.0,0.0405,0.0082,0.41,0.002
2024-08-27,25.5,30.0,23.3,83.1,0.0,1.9,0.9,27.6,19.0,11.0,0.0349,0.007,0.36,0.002
2024-08-28,26.0,29.6,22.4,72.6,0.0,2.8,1.6,27.0,10.0,4.0,0.0476,0.0051,0.33,0.0017
2024-08-29,27.5,31.5,25.0,73.1,2.1,3.2,7.6,29.5,10.0,3.0,0.0334,0.0043,0.26,0.0017
2024-08-30,28.0,34.6,23.5,68.3,0.0,1.8,7.7,32.2,9.0,2.0,0.0297,0.0039,0.24,0.0017
2024-08-31,25.9,32.7,21.6,73.1,0.0,1.8,10.3,31.1,20.0,9.0,0.0386,0.0047,0.32,0.0019
2024-09-01,26.3,33.9,20.5,68.5,0.0,1.2,8.2,31.7,19.0,9.0,0.0367,0.0062,0.34,0.0018
2024-09-02,25.5,31.0,20.2,74.6,0.0,1.2,3.0,29.2,26.0,15.0,0.0394,0.0081,0.36,0.002
2024-09-03,24.5,28.7,19.5,65.3,0.0,2.0,4.6,30.6,12.0,2.0,0.0362,0.0047,0.3,0.0019
2024-09-04,23.7,30.5,17.4,70.9,0.0,1.4,10.5,31.9,14.0,4.0,0.0349,0.0072,0.35,0.0025
2024-09-05,27.0,34.7,18.0,64.0,0.0,1.5,9.9,33.5,20.0,8.0,0.0447,0.0081,0.33,0.0022
2024-09-06,24.2,28.0,22.0,90.0,12.6,1.3,0.1,27.2,14.0,8.0,0.0358,0.0064,0.32,0.0019
2024-09-07,24.9,30.2,21.3,88.1,3.1,1.0,0.9,27.5,22.0,13.0,0.0323,0.0065,0.46,0.0023
2024-09-08,26.1,31.1,23.9,83.1,0.4,1.5,5.4,29.2,21.0,9.0,0.0355,0.0048,0.4,0.0021
2024-09-09,26.6,31.3,24.0,78.3,0.0,1.5,6.4,30.1,13.0,3.0,0.0378,0.006,0.33,0.0021
2024-09-10,27.5,34.6,21.7,74.4,0.0,0.9,9.9,30.6,17.0,10.0,0.0376,0.0086,0.32,0.0024
2024-09-11,26.4,32.2,23.8,86.4,61.5,1.0,0.8,30.2,23.0,15.0,0.0279,0.0104,0.33,0.0022
2024-09-12,26.4,31.0,23.7,89.1,0.1,1.2,2.6,28.3,24.0,15.0,0.027,0.0073,0.38,0.0023
2024-09-13,28.2,33.2,24.9,79.6,0.0,0.9,7.3,30.1,29.0,17.0,0.0346,0.0084,0.31,0.002
2024-09-14,26.8,34.1,23.9,84.6,0.0,1.4,8.4,29.3,25.0,15.0,0.0294,0.0087,0.31,0.002
2024-09-15,26.0,29.2,23.5,82.9,0.0,1.7,0.1,27.5,13.0,4.0,0.0256,0.0051,0.26,0.0018
2024-09-16,25.2,28.4,23.6,84.6,0.0,1.4,0.1,27.3,6.0,2.0,0.0303,0.0039,0.24,0.0018
2024-09-17,28.0,34.2,23.8,77.8,0.0,1.0,7.9,30.5,6.0,3.0,0.0246,0.0049,0.26,0.0019
2024-09-18,27.9,34.8,24.4,81.9,0.0,1.2,8.0,31.4,15.0,7.0,0.0253,0.006,0.26,0.0022
2024-09-19,27.4,33.0,22.8,81.6,0.0,0.9,4.9,29.0,16.0,6.0,0.0308,0.0089,0.28,0.0025
2024-09-20,25.5,28.2,24.3,94.5,15.4,0.6,0.4,26.7,20.0,12.0,0.0095,0.0116,0.29,0.0023
2024-09-21,20.3,24.5,19.1,99.1,112.0,1.3,0.0,22.8,5.0,2.0,0.0327,0.0055,0.24,0.0019
2024-09-22,21.2,24.8,19.2,78.4,0.0,1.8,1.4,23.3,7.0,2.0,0.0298,0.0037,0.23,0.0018
2024-09-23,18.7,23.4,13.6,65.0,0.0,2.3,9.7,21.6,12.0,3.0,0.0367,0.0056,0.25,0.0018
2024-09-24,18.5,25.4,12.0,81.1,0.0,1.2,6.8,21.4,15.0,4.0,0.024,0.008,0.24,0.0017
2024-09-25,21.1,27.3,16.2,81.3,0.0,1.0,8.5,22.4,15.0,5.0,0.026,0.0089,0.29,0.0021
2024-09-26,22.2,29.0,15.6,78.0,0.0,0.8,9.6,24.4,16.0,6.0,0.0259,0.0097,0.29,0.002
2024-09-27,22.1,27.8,18.9,85.0,0.0,1.1,6.0,24.5,19.0,8.0,0.0269,0.0088,0.34,0.0019
2024-09-28,20.6,25.2,17.1,87.3,0.3,1.4,3.2,22.8,11.0,3.0,0.029,0.0061,0.25,0.0018
2024-09-29,19.6,25.3,15.3,80.9,0.0,1.5,5.7,23.2,11.0,3.0,0.0294,0.0064,0.25,0.0019
2024-09-30,19.6,26.9,12.8,81.5,0.0,0.9,9.2,22.7,16.0,6.0,0.027,0.0088,0.29,0.0021
2024-10-01,20.0,28.7,15.6,72.8,0.0,2.0,4.5,22.6,16.0,6.0,0.0308,0.0081,0.29,0.002
2024-10-02,16.5,22.3,11.7,48.6,0.0,2.0,9.6,21.3,13.0,4.0,0.0363,0.0071,0.26,0.0019
2024-10-03,16.9,20.6,12.9,70.3,5.2,2.1,0.1,19.1,14.0,3.0,0.0333,0.0056,0.24,0.0018
2024-10-04,16.1,22.7,11.2,82.4,0.0,1.2,8.1,20.3,12.0,4.0,0.025,0.0081,0.27,0.0018
2024-10-05,15.5,23.7,8.6,81.0,0.0,0.9,6.9,19.1,15.0,7.0,0.0233,0.0082,0.3,0.0019
2024-10-06,17.5,21.9,13.0,86.5,2.6,0.7,0.8,19.9,11.0,3.0,0.0258,0.0064,0.25,0.0019
2024-10-07,16.7,19.0,14.5,86.1,1.9,1.2,0.2,19.7,14.0,7.0,0.0268,0.0085,0.28,0.0019
2024-10-08,17.2,23.4,13.1,83.5,0.0,1.1,4.5,19.7,33.0,22.0,0.0297,0.0092,0.34,0.002
2024-10-09,16.1,21.8,11.1,77.9,0.0,1.3,6.6,18.0,15.0,5.0,0.0278,0.0073,0.27,0.0019
2024-10-10,15.7,24.0,9.2,80.0,0.0,0.9,9.3,19.0,17.0,7.0,0.0233,0.0101,0.28,0.0019
2024-10-11,16.2,24.4,10.2,81.1,0.0,0.8,8.1,19.3,22.0,12.0,0.0238,0.0105,0.34,0.002
2024-10-12,15.8,24.8,10.3,79.3,0.0,0.7,7.8,19.4,27.0,17.0,0.0308,0.0099,0.37,0.002
2024-10-13,16.5,23.7,8.2,79.4,0.0,1.2,6.0,18.0,21.0,13.0,0.0296,0.0083,0.33,0.0022
2024-10-14,18.3,22.3,15.0,92.8,7.2,0.5,0.0,19.4,18.0,6.0,0.0205,0.0122,0.3,0.0022
2024-10-15,18.9,21.9,17.2,96.1,6.1,1.0,0.0,20.1,15.0,7.0,0.0192,0.0104,0.3,0.002
2024-10-16,18.4,24.6,15.3,86.1,0.0,0.9,5.0,20.5,25.0,12.0,0.0206,0.0116,0.35,0.0021
2024-10-17,17.3,23.3,13.4,88.0,0.0,0.8,2.7,19.0,27.0,11.0,0.0195,0.0097,0.37,0.0023
2024-10-18,20.0,25.4,15.3,91.8,11.0,0.8,1.0,20.1,23.0,12.0,0.018,0.0127,0.37,0.0023
2024-10-19,16.5,20.7,12.8,86.3,12.6,2.1,0.6,18.8,12.0,3.0,0.0262,0.0067,0.31,0.0021
2024-10-20,14.1,15.4,11.8,61.6,0.0,3.0,0.0,14.3,18.0,3.0,0.0362,0.0038,0.25,0.002
2024-10-21,15.0,17.9,12.0,83.3,2.6,0.8,0.0,16.8,22.0,5.0,0.0193,0.0104,0.28,0.0021
2024-10-22,17.9,19.9,15.0,99.9,24.7,0.9,0.0,18.3,13.0,6.0,0.0114,0.0172,0.38,0.0022
2024-10-23,15.7,19.5,9.8,66.3,0.9,3.3,6.1,16.5,14.0,5.0,0.0367,0.0069,0.31,0.0021
2024-10-24,12.8,19.9,6.7,74.1,0.0,1.3,9.1,14.1,23.0,12.0,0.0283,0.01,0.32,0.002
2024-10-25,14.0,20.4,5.9,83.4,0.0,0.8,5.5,14.4,23.0,11.0,0.0163,0.011,0.34,0.002
2024-10-26,15.7,21.8,10.7,83.4,0.0,1.0,3.2,17.0,25.0,12.0,0.0217,0.009,0.33,0.002
2024-10-27,13.8,18.5,9.3,94.5,3.6,0.6,0.4,15.3,24.0,13.0,0.0119,0.0117,0.35,0.002
2024-10-28,13.9,15.9,10.6,90.8,1.4,1.0,0.9,15.5,25.0,16.0,0.0224,0.0098,0.34,0.002
2024-10-29,13.4,19.4,9.2,82.4,0.0,1.1,4.1,14.9,19.0,6.0,0.0217,0.0097,0.29,0.002
2024-10-30,12.6,21.4,6.9,83.6,0.0,0.7,6.9,15.1,24.0,11.0,0.018,0.0114,0.35,0.002
2024-10-31,13.5,21.2,7.4,86.4,0.0,0.5,4.9,15.0,32.0,16.0,0.0159,0.0132,0.42,0.0023
2024-11-01,13.1,14.8,10.6,99.3,11.4,0.5,0.0,14.2,28.0,16.0,0.0076,0.0127,0.4,0.002
2024-11-02,15.6,21.0,11.0,87.6,19.0,1.2,1.5,16.6,21.0,11.0,0.0269,0.0084,0.35,0.0021
2024-11-03,13.0,20.6,7.8,86.1,0.0,0.6,6.5,14.8,25.0,13.0,0.0171,0.0092,0.38,0.0022
2024-11-04,13.0,21.2,8.4,82.0,0.0,1.1,3.5,14.5,29.0,15.0,0.0234,0.0107,0.38,0.0021
2024-11-05,11.3,17.5,6.9,68.1,0.0,1.7,3.8,12.6,29.0,14.0,0.032,0.0098,0.33,0.0022
2024-11-06,7.5,14.7,1.5,50.0,0.0,2.2,8.1,8.5,21.0,7.0,0.0256,0.0095,0.31,0.0022
2024-11-07,8.2,18.0,-0.5,77.9,0.0,0.6,7.9,9.6,26.0,11.0,0.0252,0.0137,0.34,0.0021
2024-11-08,10.4,19.2,4.7,85.6,0.0,0.6,5.7,12.0,27.0,13.0,0.0174,0.012,0.34,0.0021
2024-11-09,10.8,18.3,5.4,89.4,0.0,0.5,2.1,12.2,23.0,12.0,0.014,0.0117,0.31,0.0019
2024-11-10,11.5,17.1,7.7,93.3,0.0,0.2,0.0,12.5,29.0,14.0,0.0075,0.0125,0.37,0.002
2024-11-11,12.3,20.7,8.0,87.9,0.0,0.6,4.0,14.1,27.0,13.0,0.0169,0.0145,0.37,0.002
2024-11-12,12.0,20.6,6.3,76.8,0.0,1.1,6.8,12.4,32.0,17.0,0.0188,0.0145,0.34,0.002
2024-11-13,11.2,19.3,5.1,80.6,0.0,0.9,4.0,12.0,35.0,16.0,0.0157,0.0153,0.33,0.0023
2024-11-14,11.8,18.8,5.5,87.4,0.0,0.3,1.6,12.7,36.0,17.0,0.0101,0.0171,0.39,0.0022
2024-11-15,14.1,17.6,11.4,89.5,0.2,0.3,0.1,14.3,36.0,20.0,0.0112,0.0152,0.36,0.0021
2024-11-16,15.2,22.4,10.1,82.9,0.0,0.5,6.4,14.6,29.0,13.0,0.02,0.0131,0.31,0.0021
2024-11-17,11.7,16.2,5.8,59.6,0.0,2.6,0.0,11.2,25.0,12.0,0.0281,0.0072,0.29,0.0019
2024-11-18,4.1,9.7,-0.3,47.8,0.0,1.4,7.5,6.3,23.0,9.0,0.024,0.0099,0.24,0.0019
2024-11-19,6.0,13.2,-1.3,76.5,0.0,0.7,2.1,8.1,22.0,10.0,0.017,0.0147,0.29,0.0021
2024-11-20,7.1,14.0,0.5,70.0,0.0,1.1,,8.4,35.0,19.0,0.0193,0.0135,0.32,0.002
2024-11-21,7.5,15.6,1.7,75.9,0.0,1.2,,8.4,55.0,34.0,0.0183,0.019,0.4,0.0021
2024-11-22,7.0,13.7,0.5,61.6,0.0,1.6,,7.5,38.0,23.0,0.0207,0.0148,0.34,0.002
2024-11-23,4.3,12.4,-2.5,80.0,0.0,0.9,,6.6,25.0,14.0,0.0161,0.0119,0.28,0.0018
2024-11-24,5.9,14.1,0.6,81.5,0.0,0.4,,7.8,20.0,9.0,0.0152,0.0124,0.3,0.0018
2024-11-25,7.9,15.5,-0.1,78.5,0.0,0.9,,7.8,27.0,12.0,0.0084,0.0128,0.35,0.0019
2024-11-26,9.1,12.7,5.5,69.4,13.0,2.8,2.0,9.1,23.0,6.0,0.0378,0.0047,0.19,0.0017
2024-11-27,4.1,7.2,1.8,72.8,0.5,2.5,1.5,5.6,16.0,8.0,0.0305,0.0072,0.21,0.0017
2024-11-28,5.0,9.0,1.2,63.3,0.0,3.4,3.5,4.8,21.0,9.0,0.0301,0.0071,0.22,0.0017
2024-11-29,4.4,7.1,1.3,59.9,0.0,3.7,4.6,4.2,20.0,10.0,0.0298,0.0062,0.24,0.0019
2024-11-30,7.2,12.1,2.9,55.4,0.0,3.1,6.6,5.2,19.0,6.0,0.0301,0.0077,0.23,0.0023
2024-12-01,6.6,14.3,0.5,77.1,0.1,0.7,6.2,6.7,32.0,16.0,0.0172,0.0169,0.35,0.0024
2024-12-02,9.0,17.7,0.3,70.0,0.0,1.2,7.1,7.2,39.0,21.0,0.0258,0.0155,0.37,0.0026
2024-12-03,5.3,10.1,-0.7,43.8,0.0,2.7,5.7,5.5,30.0,15.0,0.0327,0.0086,0.25,0.0023
2024-12-04,3.2,8.9,-2.4,47.8,0.0,2.1,7.1,3.5,24.0,10.0,0.0229,0.0147,0.26,0.0024
2024-12-05,5.4,8.8,0.4,56.0,0.0,2.4,0.5,4.1,26.0,12.0,0.0271,0.0132,0.27,0.0025
2024-12-06,5.5,9.4,2.1,50.8,0.0,3.1,6.0,4.4,20.0,7.0,0.0326,0.0074,0.23,0.0024
2024-12-07,3.2,7.7,0.4,50.4,0.0,2.9,6.3,2.3,23.0,10.0,0.0303,0.0079,0.25,0.0025
2024-12-08,1.4,6.4,-2.7,46.0,0.0,3.8,7.2,2.0,18.0,8.0,0.0332,0.0065,0.24,0.0023
2024-12-09,1.3,8.3,-6.3,58.8,0.0,1.8,7.1,1.9,28.0,11.0,0.0249,0.0139,0.3,0.0026
2024-12-10,3.1,9.3,-2.6,51.8,0.0,1.8,7.1,2.4,27.0,15.0,0.0249,0.016,0.3,0.0023
2024-12-11,3.8,11.1,-2.6,59.9,0.0,0.9,4.5,3.7,46.0,27.0,0.0151,0.0246,0.41,0.0026
2024-12-12,1.9,8.3,-4.7,55.3,0.0,1.6,7.0,1.2,37.0,21.0,0.0194,0.0168,0.38,0.0027
2024-12-13,2.8,7.5,0.5,39.0,0.0,2.8,1.8,1.8,24.0,11.0,0.0272,0.0132,0.27,0.0025
2024-12-14,1.0,5.2,-1.9,46.1,0.0,3.5,7.0,1.0,24.0,10.0,0.0331,0.008,0.26,0.0025
2024-12-15,2.0,3.9,-2.2,71.4,0.0,2.1,0.0,1.0,18.0,10.0,0.0291,0.0096,0.25,0.0021
2024-12-16,2.1,7.6,-2.2,47.3,0.0,2.3,7.0,2.1,21.0,8.0,0.0255,0.014,0.27,0.0025
2024-12-17,3.3,7.6,-0.3,45.5,0.0,2.7,7.1,2.7,22.0,11.0,0.0322,0.0097,0.25,0.0025
2024-12-18,-0.2,3.9,-2.8,46.1,0.0,2.8,7.1,0.4,21.0,9.0,0.0285,0.0094,0.26,0.0024
2024-12-19,-1.1,6.8,-7.3,53.0,0.0,1.3,7.1,0.4,30.0,16.0,0.0169,0.0199,0.34,0.0026
2024-12-20,0.7,7.3,-5.7,63.0,0.0,1.3,4.5,1.1,30.0,17.0,0.016,0.0192,0.33,0.0024
2024-12-21,1.1,5.6,-2.4,68.0,0.5,2.9,2.6,1.9,37.0,25.0,0.0231,0.0128,0.37,0.0023
2024-12-22,-1.5,2.6,-4.9,44.5,0.0,4.2,7.1,-0.9,18.0,8.0,0.0328,0.0061,0.24,0.0024
2024-12-23,2.0,7.9,-2.9,54.9,0.0,3.0,6.8,0.1,19.0,8.0,0.033,0.0095,0.26,0.0025
2024-12-24,1.1,7.7,-4.8,47.8,0.0,2.2,7.0,2.5,25.0,13.0,0.0286,0.0137,0.31,0.0025
2024-12-25,2.0,7.9,-5.8,59.0,0.0,1.6,4.7,3.7,26.0,14.0,0.0227,0.0152,0.31,0.0024
2024-12-26,3.3,8.2,-0.9,51.1,0.0,3.3,5.3,4.2,44.0,23.0,0.0309,0.012,0.31,0.0026
2024-12-27,-0.3,3.7,-3.2,47.6,0.0,4.1,7.0,0.5,24.0,9.0,0.0334,0.0079,0.24,0.0024
2024-12-28,-0.8,2.4,-3.2,52.0,0.0,4.3,7.1,0.8,29.0,13.0,0.0326,0.0071,0.26,0.0025
2024-12-29,0.8,7.4,-4.1,64.9,0.0,1.8,7.1,1.5,23.0,9.0,0.0264,0.0129,0.29,0.0024
2024-12-30,2.5,10.8,-5.1,68.5,0.0,0.9,3.7,2.6,43.0,23.0,0.0146,0.0231,0.49,0.0025
2024-12-31,3.2,7.7,-2.2,37.6,0.0,2.8,7.1,3.7,38.0,14.0,0.0337,0.0101,0.28,0.0025
2025-01-01,1.2,9.1,-5.2,54.9,0.0,1.5,7.1,1.8,34.0,14.0,0.0247,0.0163,0.33,0.0024
2025-01-02,1.4,9.0,-6.5,49.5,0.0,1.3,7.1,2.1,37.0,18.0,0.0228,0.0155,0.35,0.0024
2025-01-03,0.3,4.3,-3.6,37.8,0.0,2.6,7.1,0.9,22.0,9.0,0.0295,0.0118,0.27,0.0027
2025-01-04,0.1,6.5,-5.4,47.0,0.0,2.0,7.1,1.8,19.0,9.0,0.0289,0.0119,0.28,0.0024
2025-01-05,-0.4,6.7,-7.8,62.5,0.0,0.5,0.9,0.4,35.0,20.0,0.0152,0.0212,0.42,0.0027
2025-01-06,0.6,7.0,-4.7,71.1,0.0,1.9,4.0,1.1,50.0,34.0,0.0213,0.0165,0.45,0.0025
2025-01-07,-0.4,3.9,-3.4,48.0,0.0,3.9,6.3,0.3,22.0,10.0,0.0314,0.0077,0.25,0.0025
2025-01-08,-0.2,4.3,-4.0,64.4,0.5,2.6,4.6,-0.8,20.0,10.0,0.0249,0.0104,0.26,0.0025
2025-01-09,-6.4,-2.1,-11.0,39.3,0.0,4.5,5.7,-4.6,18.0,4.0,0.0317,0.0061,0.22,0.0022
2025-01-10,-6.4,-1.2,-11.8,41.1,0.0,3.3,7.2,-5.4,22.0,5.0,0.0289,0.0091,0.25,0.0024
2025-01-11,-2.6,2.4,-9.1,52.6,0.0,2.4,7.2,-3.6,22.0,12.0,0.0317,0.0104,0.29,0.0024
2025-01-12,-0.5,4.3,-4.9,51.3,0.0,3.6,7.1,-1.6,31.0,21.0,0.0366,0.0082,0.34,0.0028
2025-01-13,0.0,6.2,-5.3,58.0,0.0,1.8,7.1,-2.0,46.0,30.0,0.0265,0.0202,0.43,0.0029
2025-01-14,2.5,10.9,-6.5,57.0,0.0,1.7,6.7,1.5,58.0,34.0,0.0262,0.0197,0.44,0.0028
2025-01-15,-0.6,2.8,-3.8,35.4,0.0,3.9,7.3,0.3,27.0,7.0,0.0313,0.0079,0.26,0.0027
2025-01-16,-0.4,5.3,-5.1,56.9,0.0,2.5,2.7,0.1,22.0,8.0,0.0251,0.0136,0.28,0.0026
2025-01-17,-0.1,7.5,-6.8,62.3,0.0,0.6,7.3,1.2,46.0,28.0,0.0159,0.024,0.42,0.0026
2025-01-18,-0.1,10.1,-8.3,55.3,0.0,0.5,7.4,0.7,50.0,33.0,0.013,0.0275,0.5,0.0028
2025-01-19,0.3,9.9,-8.1,55.0,0.0,0.8,7.3,1.0,32.0,21.0,0.0192,0.0185,0.38,0.0027
2025-01-20,0.1,10.1,-6.8,68.1,0.0,0.7,7.4,1.0,59.0,43.0,0.0214,0.0248,0.48,0.0028
2025-01-21,0.1,9.8,-6.9,67.6,0.0,0.8,7.1,1.1,81.0,61.0,0.019,0.0275,0.55,0.0024
2025-01-22,1.5,11.0,-7.0,66.1,0.0,0.8,7.0,1.6,78.0,58.0,0.0214,0.0262,0.52,0.0029
2025-01-23,2.3,11.7,-3.5,56.9,0.0,0.6,6.9,2.1,64.0,45.0,0.0155,0.0294,0.5,0.0024
2025-01-24,1.7,11.2,-6.4,66.6,0.0,0.8,7.3,2.2,31.0,17.0,0.022,0.0206,0.33,0.0021
2025-01-25,3.2,8.2,-3.7,74.0,0.5,1.6,1.9,2.0,19.0,9.0,0.0272,0.0124,0.25,0.0018
2025-01-26,4.2,7.3,2.1,68.8,0.1,1.3,2.2,4.0,14.0,5.0,0.0389,0.0074,0.2,0.0018
2025-01-27,1.0,3.7,-2.0,77.5,4.4,2.0,0.2,2.2,26.0,12.0,0.0272,0.0099,0.27,0.0017
2025-01-28,-0.1,3.4,-2.6,64.6,0.0,3.9,6.3,1.2,15.0,5.0,0.036,0.0055,0.2,0.0017
2025-01-29,-1.4,2.6,-3.6,58.5,0.0,4.5,6.0,0.4,16.0,8.0,0.04,0.005,0.19,0.0018
2025-01-30,-0.3,5.2,-4.0,58.6,0.0,2.7,6.9,0.5,23.0,12.0,0.0407,0.0075,0.22,0.0021
2025-01-31,1.2,7.5,-5.5,68.5,0.0,0.3,1.1,1.5,41.0,26.0,0.0135,0.0257,0.42,0.0021
2025-02-01,2.9,5.5,0.8,95.0,4.6,0.3,0.0,3.4,32.0,23.0,0.0117,0.0181,0.33,0.002
2025-02-02,2.9,9.2,-0.9,83.0,0.0,0.8,4.8,4.1,26.0,16.0,0.0217,0.0104,0.28,0.0018
2025-02-03,0.0,3.6,-4.5,45.0,0.0,5.2,7.8,1.2,30.0,17.0,0.0423,0.0058,0.26,0.002
2025-02-04,-5.2,-1.3,-8.1,45.3,0.0,4.7,8.0,-2.1,16.0,4.0,0.0385,0.0058,0.18,0.0019
2025-02-05,-5.1,-0.3,-9.0,41.6,0.0,3.8,7.3,-2.7,13.0,4.0,0.0381,0.0066,0.18,0.0022
2025-02-06,-3.8,1.4,-8.2,39.1,0.0,2.6,7.8,-1.8,19.0,5.0,0.0332,0.011,0.21,0.0022
2025-02-07,-6.0,-0.2,-9.0,59.4,0.7,3.6,4.3,-1.8,26.0,8.0,0.0291,0.0115,0.24,0.0021
2025-02-08,-6.0,-0.5,-10.3,49.3,0.0,4.1,8.6,-2.7,19.0,5.0,0.0365,0.0064,0.2,0.002
2025-02-09,-2.6,3.2,-8.0,50.6,0.0,3.1,8.8,-1.3,19.0,6.0,0.0393,0.0062,0.21,0.002
2025-02-10,-1.2,4.6,-5.3,56.4,0.0,2.9,8.9,-0.5,21.0,12.0,0.0371,0.0091,0.23,0.002
2025-02-11,-0.9,8.1,-8.7,54.5,0.0,0.8,9.0,0.3,44.0,28.0,0.0237,0.0227,0.37,0.0023
2025-02-12,0.3,4.0,-4.1,84.6,5.1,1.5,0.0,-0.3,37.0,26.0,0.0171,0.0227,0.35,0.002
2025-02-13,1.2,6.1,-3.6,41.1,0.0,3.7,8.8,0.6,24.0,4.0,0.0388,0.0068,0.17,0.0022
2025-02-14,3.7,11.1,-2.3,48.1,0.0,1.7,8.8,2.6,44.0,16.0,0.0357,0.0145,0.26,0.0026
2025-02-15,2.3,9.5,-6.0,58.3,0.0,1.0,1.2,1.7,58.0,32.0,0.0238,0.0208,0.38,0.0027
2025-02-16,5.9,13.3,-2.0,55.5,0.0,1.8,8.3,3.9,56.0,31.0,0.0434,0.0132,0.31,0.0026
2025-02-17,2.3,7.4,-2.5,26.1,0.0,4.2,9.2,2.6,38.0,13.0,0.0426,0.0065,0.19,0.0023
2025-02-18,-0.3,4.2,-4.2,35.4,0.0,3.7,9.0,1.4,21.0,5.0,0.0382,0.0077,0.19,0.0023
2025-02-19,-0.7,4.9,-5.3,35.5,0.0,3.0,9.1,1.0,18.0,5.0,0.0383,0.0065,0.23,0.0022
2025-02-20,-0.7,4.9,-5.5,35.0,0.0,2.7,9.1,1.0,21.0,6.0,0.0374,0.0069,0.31,0.0023
2025-02-21,-0.6,5.0,-4.6,37.9,0.0,3.3,7.2,1.5,22.0,6.0,0.0397,0.0055,0.3,0.002
2025-02-22,0.2,5.8,-4.0,36.8,0.0,2.9,9.3,1.9,23.0,9.0,0.0428,0.0043,0.29,0.0021
2025-02-23,-1.4,3.6,-4.6,41.6,0.0,3.9,8.7,1.3,26.0,11.0,0.0437,0.0035,0.3,0.002
2025-02-24,0.2,6.3,-5.7,37.4,0.0,3.8,9.9,1.5,21.0,9.0,0.0428,0.0051,0.3,0.0021
2025-02-25,3.7,10.0,-2.6,38.1,0.0,2.7,8.9,2.7,25.0,8.0,0.0427,0.0079,0.29,0.0023
2025-02-26,6.4,12.8,1.3,36.8,0.0,2.5,9.1,4.6,43.0,23.0,0.0494,0.0085,0.33,0.0022
2025-02-27,5.6,14.7,-5.8,31.6,0.0,1.1,9.5,4.5,50.0,20.0,0.04,0.0168,0.35,0.0025
2025-02-28,9.7,18.1,2.5,58.9,0.3,1.4,9.6,8.5,33.0,16.0,0.0419,0.0129,0.36,0.0023
2025-03-01,8.4,17.2,-1.7,74.4,0.0,0.9,3.3,7.4,38.0,26.0,0.0272,0.014,0.45,0.0024
2025-03-02,9.7,14.1,5.7,69.3,3.3,2.7,0.0,8.6,43.0,28.0,0.0423,0.0059,0.38,0.0021
2025-03-03,2.9,6.0,1.0,76.5,10.2,3.9,0.0,3.4,12.0,2.0,0.0462,0.0022,0.22,0.0017
2025-03-04,3.2,4.7,1.7,83.9,4.3,2.9,0.3,3.6,9.0,1.0,0.0427,0.0043,0.28,0.0017
2025-03-05,4.8,8.1,2.1,76.5,0.0,1.3,0.0,5.9,9.0,2.0,0.0321,0.0071,0.27,0.0018
2025-03-06,3.9,8.5,0.5,80.9,0.9,1.0,2.9,5.8,12.0,4.0,0.0281,0.0075,0.26,0.0018
2025-03-07,3.9,10.7,-2.2,71.8,0.0,1.1,5.7,6.5,19.0,9.0,0.0301,0.0081,0.33,0.0019
2025-03-08,6.0,12.4,0.8,66.3,0.0,1.1,4.8,6.9,28.0,15.0,0.0377,0.0097,0.34,0.0019
2025-03-09,5.7,14.6,-2.2,62.3,0.0,1.2,10.6,6.8,37.0,23.0,0.0455,0.009,0.37,0.0024
2025-03-10,5.6,14.3,-2.6,64.6,0.0,0.8,7.7,6.5,39.0,22.0,0.0319,0.0165,0.38,0.0022
2025-03-11,7.8,18.1,-1.8,58.9,0.0,0.9,10.6,8.0,48.0,31.0,0.0304,0.0199,0.43,0.0023
2025-03-12,10.4,19.3,0.3,56.8,0.0,2.2,9.8,9.7,52.0,30.0,0.0394,0.0112,0.4,0.0022
2025-03-13,9.9,16.9,3.4,41.8,0.0,1.5,8.4,9.7,52.0,14.0,0.0436,0.0067,0.29,0.0021
2025-03-14,8.1,16.0,-0.4,54.9,0.0,2.2,10.0,9.0,34.0,6.0,0.0321,0.0086,0.3,0.0021
2025-03-15,7.5,9.0,6.0,73.0,0.3,2.9,0.1,7.8,21.0,5.0,0.0458,0.003,0.24,0.002
2025-03-16,4.6,8.9,0.1,73.3,2.2,2.5,0.1,6.5,17.0,7.0,0.041,0.0025,0.26,0.0019
2025-03-17,3.1,10.0,-2.6,44.9,0.0,3.1,9.7,5.5,37.0,15.0,0.0445,0.0065,0.3,0.0021
2025-03-18,2.0,6.3,-2.6,70.9,0.7,2.3,4.2,5.5,23.0,14.0,0.0379,0.0093,0.32,0.0018
2025-03-19,3.9,9.7,-1.3,48.9,0.0,2.2,9.5,6.3,41.0,28.0,0.051,0.0086,0.35,0.0019
2025-03-20,9.3,16.7,1.1,41.6,0.0,2.5,10.8,8.2,39.0,22.0,0.0578,0.0089,0.33,0.0023
2025-03-21,14.1,23.5,2.1,35.6,0.0,2.7,10.4,10.5,49.0,23.0,0.062,0.011,0.34,0.0026
2025-03-22,16.8,25.9,4.0,29.0,0.0,2.9,10.8,12.2,44.0,17.0,0.0599,0.0104,0.31,0.0028
2025-03-23,14.6,27.1,4.5,44.1,0.0,1.4,10.1,13.3,54.0,24.0,0.0564,0.0119,0.41,0.0031
2025-03-24,16.0,24.8,8.1,52.3,0.0,2.0,6.1,13.9,70.0,30.0,0.0548,0.013,0.46,0.0029
2025-03-25,16.9,26.1,6.8,45.3,0.0,2.7,9.9,14.6,121.0,39.0,0.0561,0.0129,0.41,0.003
2025-03-26,15.9,24.0,6.1,38.6,0.0,1.7,10.7,14.8,81.0,27.0,0.0621,0.0133,0.37,0.0031
2025-03-27,18.7,25.9,12.2,68.5,0.0,2.0,1.5,16.5,39.0,24.0,0.0428,0.0097,0.37,0.0029
2025-03-28,8.6,13.4,5.3,60.8,1.1,2.9,6.6,13.2,45.0,21.0,0.0416,0.0062,0.37,0.002
2025-03-29,6.2,12.4,2.2,32.4,0.0,3.6,9.0,10.4,23.0,5.0,0.0447,0.0047,0.29,0.0021
2025-03-30,4.5,10.5,-0.8,30.8,0.0,2.6,9.9,9.8,18.0,4.0,0.0449,0.0047,0.27,0.002
2025-03-31,6.1,13.6,-3.1,52.3,0.0,1.2,8.2,10.3,36.0,15.0,0.0388,0.0138,0.33,0.0022
2025-04-01,7.9,17.0,-1.2,54.0,0.0,1.4,11.1,11.4,36.0,17.0,0.0381,0.0151,0.38,0.0026
2025-04-02,8.2,18.0,-1.4,61.4,2.5,1.6,10.5,12.0,23.0,10.0,0.0396,0.0094,0.3,0.0021
2025-04-03,7.8,14.7,3.2,77.6,0.0,1.4,4.7,11.4,24.0,12.0,0.0395,0.0086,0.29,0.0019
2025-04-04,9.1,17.4,0.0,64.5,0.0,1.0,7.8,11.5,29.0,13.0,0.0352,0.0122,0.34,0.0021
2025-04-05,9.7,14.9,4.2,70.3,0.3,1.5,0.0,10.3,32.0,14.0,0.041,0.0095,0.32,0.002
2025-04-06,12.6,18.6,7.3,43.0,0.0,3.6,10.9,13.0,35.0,12.0,0.0562,0.0037,0.3,0.0022
2025-04-07,15.1,23.4,3.1,31.0,0.0,1.7,10.9,15.8,35.0,9.0,0.0532,0.0102,0.29,0.0026
2025-04-08,15.3,24.0,7.9,43.1,0.0,3.1,10.0,17.8,58.0,19.0,0.0675,0.0062,0.34,0.0028
2025-04-09,13.4,21.9,3.0,57.9,0.0,1.0,7.8,16.3,67.0,24.0,0.0505,0.0114,0.37,0.0024
2025-04-10,13.5,22.2,7.3,65.3,0.0,1.4,8.4,18.7,52.0,23.0,0.0564,0.0099,0.36,0.0025
2025-04-11,13.6,24.1,3.2,58.1,0.0,1.5,11.4,19.1,39.0,17.0,0.043,0.012,0.45,0.0038
2025-04-12,13.2,21.2,5.2,68.4,3.9,2.0,4.0,15.6,36.0,19.0,0.0473,0.0105,0.39,0.0029
2025-04-13,7.9,13.0,2.8,53.3,11.9,4.4,7.6,9.8,41.0,5.0,0.0462,0.0025,0.26,0.0018
2025-04-14,5.8,12.4,1.0,81.0,2.4,1.3,1.9,8.6,24.0,7.0,0.0402,0.0066,0.29,0.0019
2025-04-15,9.9,16.3,3.9,56.5,0.0,3.0,9.3,12.0,16.0,6.0,0.0448,0.0048,0.31,0.0021
2025-04-16,16.3,24.7,4.5,48.5,0.0,1.6,8.7,16.2,50.0,16.0,0.0599,0.011,0.37,0.0031
2025-04-17,17.7,23.2,9.6,72.0,0.0,1.6,3.2,17.3,56.0,17.0,0.0599,0.0086,0.3,0.0026
2025-04-18,21.2,28.1,13.1,67.9,0.0,1.8,8.1,21.2,65.0,24.0,0.0682,0.0075,0.33,0.003
2025-04-19,21.1,26.0,15.1,66.0,0.0,2.7,9.7,22.7,41.0,15.0,0.0495,0.0057,0.29,0.0027
2025-04-20,13.7,19.3,11.6,74.5,0.0,2.5,0.0,17.4,18.0,6.0,0.0504,0.0038,0.36,0.0021
2025-04-21,16.6,25.0,11.1,59.9,0.0,2.1,9.9,22.2,26.0,9.0,0.0514,0.009,0.55,0.0041
2025-04-22,14.6,18.2,10.9,93.4,14.4,0.9,0.0,16.0,30.0,14.0,0.0244,0.0129,0.41,0.0024
2025-04-23,12.5,17.4,8.6,80.5,0.0,2.2,5.8,17.6,20.0,4.0,0.0466,0.0041,0.33,0.002
2025-04-24,17.1,26.5,6.8,56.3,0.0,2.4,10.1,18.3,48.0,13.0,0.0515,0.0076,0.33,0.0026
2025-04-25,14.6,20.4,10.1,24.0,0.0,3.6,11.4,16.5,66.0,25.0,0.0544,0.0051,0.3,0.0023
2025-04-26,15.8,24.5,3.6,26.9,0.0,2.1,0.0,20.3,39.0,8.0,0.0576,0.0068,0.26,0.0026
2025-04-27,17.9,26.5,9.9,32.1,0.0,1.6,0.0,20.9,35.0,6.0,0.0597,0.0075,0.27,0.0026
2025-04-28,17.1,24.7,9.6,40.1,0.0,2.4,,22.2,41.0,10.0,0.0539,0.0077,0.27,0.0025
2025-04-29,14.1,22.9,4.5,54.3,0.0,1.4,12.4,21.0,37.0,14.0,0.0519,0.0084,0.31,0.0025
2025-04-30,17.5,28.4,6.2,51.8,0.0,1.5,12.3,22.7,46.0,18.0,0.0524,0.0118,0.34,0.0029
2025-05-01,15.1,24.2,6.9,76.8,24.0,1.7,5.6,17.9,32.0,12.0,0.0443,0.0076,0.28,0.0024
2025-05-02,14.5,20.6,9.3,54.1,0.0,3.1,10.1,16.8,28.0,8.0,0.0521,0.0049,0.3,0.0023
2025-05-03,10.7,13.0,9.7,85.4,12.4,1.5,0.3,12.3,21.0,9.0,0.0342,0.0078,0.32,0.002
2025-05-04,13.7,22.5,4.9,53.6,0.0,2.2,12.2,15.4,32.0,7.0,0.0474,0.0052,0.27,0.0024
2025-05-05,11.6,20.1,3.6,69.3,1.6,1.2,4.4,13.6,28.0,8.0,0.0382,0.0078,0.35,0.0026
2025-05-06,11.6,14.4,8.3,88.0,0.1,0.7,0.0,13.6,25.0,9.0,0.0282,0.0067,0.31,0.0021
2025-05-07,14.3,22.0,7.4,72.5,0.0,1.3,8.5,18.4,30.0,14.0,0.0418,0.0084,0.31,0.0027
2025-05-08,16.7,24.5,9.0,62.5,0.0,1.2,8.9,20.1,35.0,15.0,0.0446,0.0109,0.33,0.0027
2025-05-09,14.0,15.3,11.7,92.9,13.1,1.5,0.0,15.2,19.0,8.0,0.034,0.011,0.41,0.0025
2025-05-10,15.8,18.2,13.1,73.3,0.1,2.9,1.3,15.8,17.0,3.0,0.0472,0.0038,0.32,0.0021
2025-05-11,15.2,20.7,10.4,69.5,0.0,1.6,2.6,16.8,24.0,10.0,0.0497,0.0051,0.33,0.0024
2025-05-12,17.0,25.8,7.2,56.3,0.0,1.7,12.7,18.1,36.0,17.0,0.0529,0.0093,0.31,0.0026
2025-05-13,18.6,28.2,7.8,61.0,0.0,1.3,8.7,19.4,46.0,25.0,0.0564,0.0132,0.38,0.0031
2025-05-14,20.3,28.6,11.4,56.6,0.0,1.7,11.5,22.9,44.0,24.0,0.0641,0.0094,0.35,0.0032
2025-05-15,20.6,24.8,15.6,74.3,0.1,1.8,0.5,21.3,31.0,17.0,0.0441,0.006,0.29,0.003
2025-05-16,20.0,23.7,16.8,87.0,18.8,1.3,0.1,20.5,27.0,12.0,0.0295,0.0086,0.32,0.0033
2025-05-17,21.7,27.3,16.5,73.6,0.5,2.0,6.6,23.4,26.0,12.0,0.0419,0.0038,0.26,0.0033
2025-05-18,18.0,24.1,11.7,58.9,0.0,2.0,10.2,20.6,57.0,13.0,0.0484,0.0049,0.35,0.0029
2025-05-19,19.6,27.9,9.6,64.8,0.0,2.5,11.0,21.8,44.0,14.0,0.046,0.0066,0.35,0.0027
2025-05-20,24.8,32.2,17.4,66.8,0.0,2.0,12.2,26.1,42.0,16.0,0.0541,0.0052,0.3,0.0028
2025-05-21,22.8,29.8,16.3,74.8,0.0,1.8,5.0,24.9,28.0,11.0,0.0421,0.0062,0.31,0.0029
2025-05-22,15.8,17.8,13.7,77.8,0.0,2.3,0.0,19.3,32.0,13.0,0.0504,0.0039,0.31,0.0025
2025-05-23,15.4,20.1,10.3,67.6,0.0,2.0,2.9,20.6,29.0,14.0,0.0459,0.0057,0.3,0.0025
2025-05-24,13.7,15.8,12.0,79.6,0.9,2.1,0.0,15.5,17.0,6.0,0.0425,0.0036,0.25,0.0023
2025-05-25,16.3,24.1,11.5,72.5,0.8,1.6,10.2,24.6,18.0,6.0,0.0431,0.0038,0.31,0.0028
2025-05-26,18.0,27.1,9.6,67.3,0.0,1.1,10.9,26.3,30.0,14.0,0.0435,0.0078,0.35,0.0028
2025-05-27,19.7,28.5,11.2,61.6,0.0,1.3,11.8,27.1,38.0,20.0,0.0528,0.0108,0.37,0.0037
2025-05-28,18.5,27.7,12.3,72.1,1.2,1.6,9.1,24.9,45.0,24.0,0.05,0.0103,0.43,0.0038
2025-05-29,16.9,25.4,11.3,77.1,0.0,1.6,8.8,23.9,24.0,12.0,0.0431,0.0069,0.34,0.0026
2025-05-30,16.5,23.5,10.2,73.8,0.0,1.6,12.9,26.4,16.0,7.0,0.0396,0.0053,0.25,0.0019
2025-05-31,17.9,26.9,8.8,58.5,0.0,1.5,12.0,24.7,16.0,6.0,0.0394,0.0066,0.26,0.002
2025-06-01,19.7,30.1,9.9,66.6,0.0,1.5,11.0,28.4,30.0,18.0,0.046,0.0077,0.41,0.0028
2025-06-02,19.5,24.3,15.3,76.1,0.1,0.9,0.1,22.9,44.0,29.0,0.0395,0.0115,0.42,0.0026
2025-06-03,21.6,28.7,16.2,58.3,0.2,2.2,8.1,28.0,34.0,22.0,0.0516,0.0058,0.28,0.0022
2025-06-04,22.3,29.6,14.5,33.4,0.0,3.2,13.2,28.8,26.0,6.0,0.0576,0.0052,0.24,0.0023
2025-06-05,22.2,29.8,14.1,45.5,0.0,1.8,11.3,29.0,20.0,6.0,0.0572,0.0078,0.25,0.0023
2025-06-06,21.5,29.6,14.0,58.1,0.0,1.3,3.9,26.3,36.0,18.0,0.056,0.0126,0.36,0.0028
2025-06-07,24.1,32.8,13.6,49.3,0.0,1.5,11.2,30.4,38.0,22.0,0.0665,0.0087,0.38,0.003
2025-06-08,24.9,32.2,17.8,56.9,0.0,1.5,10.7,30.0,35.0,23.0,0.0599,0.0068,0.33,0.003
2025-06-09,24.1,30.7,17.8,67.4,0.0,1.2,6.4,29.0,39.0,28.0,0.0497,0.0099,0.32,0.0025
2025-06-10,25.6,33.0,16.7,57.8,0.0,2.2,10.5,32.0,33.0,20.0,0.0533,0.0081,0.28,0.0024
2025-06-11,24.7,31.5,19.0,44.9,0.0,2.5,10.9,31.3,20.0,10.0,0.0598,0.0053,0.25,0.0023
2025-06-12,23.4,30.1,16.4,55.4,0.0,1.5,8.4,31.4,35.0,20.0,0.0645,0.0122,0.42,0.0041
2025-06-13,19.2,25.3,16.2,78.1,30.3,0.9,0.0,22.2,33.0,22.0,0.0374,0.0131,0.36,0.0031
2025-06-14,21.3,27.0,17.9,90.9,58.1,1.0,3.1,24.9,14.0,4.0,0.0311,0.0086,0.38,0.0024
2025-06-15,25.2,31.7,18.3,77.5,0.0,1.4,8.0,29.8,26.0,15.0,0.0308,0.005,0.29,0.0023
2025-06-16,24.6,27.6,22.8,81.9,15.4,1.4,4.3,26.4,21.0,11.0,0.0402,0.0061,0.29,0.0024
2025-06-17,24.9,29.9,19.6,72.3,0.0,2.1,9.5,28.2,40.0,20.0,0.0656,0.0053,0.29,0.0025
2025-06-18,26.1,32.6,20.2,66.1,0.0,1.5,10.7,29.1,43.0,26.0,0.0671,0.0079,0.33,0.0026
2025-06-19,26.7,33.4,18.9,64.6,0.0,1.2,10.3,28.6,37.0,23.0,0.0523,0.0087,0.3,0.0027
2025-06-20,26.2,29.1,23.7,76.1,1.8,1.5,0.2,28.8,12.0,5.0,0.0156,0.005,0.18,0.0024
2025-06-21,22.3,26.0,17.5,89.1,45.8,1.7,0.0,22.5,10.0,4.0,0.0313,0.0043,0.21,0.0024
2025-06-22,21.4,27.5,16.9,78.3,8.6,1.5,4.4,23.6,20.0,11.0,0.0471,0.0053,0.27,0.0024
2025-06-23,23.5,30.8,15.9,69.1,0.0,1.2,10.7,25.3,32.0,19.0,0.045,0.0089,0.4,0.0035
2025-06-24,19.9,24.1,16.2,90.1,20.7,1.3,0.8,22.4,26.0,17.0,0.0413,0.0074,0.37,0.0028
2025-06-25,22.7,28.3,19.1,83.9,0.0,1.5,2.9,24.1,22.0,14.0,0.0444,0.0062,0.31,0.0024
2025-06-26,24.3,29.1,21.5,73.3,0.0,1.8,3.8,25.1,33.0,22.0,0.0476,0.0059,0.3,0.0026
2025-06-27,25.9,31.9,19.5,73.5,0.0,1.3,12.6,28.4,27.0,19.0,0.0387,0.0073,0.28,0.0024
2025-06-28,27.5,34.4,21.4,77.0,0.0,0.9,7.5,29.4,38.0,27.0,0.0463,0.0086,0.34,0.0027
2025-06-29,29.0,35.1,23.0,73.3,0.0,1.2,11.5,31.9,28.0,21.0,0.0366,0.0057,0.27,0.0025
2025-06-30,29.7,34.9,25.0,66.5,0.0,1.5,10.1,31.9,22.0,14.0,0.0378,0.0062,0.23,0.0028
2025-07-01,29.8,35.5,23.5,70.1,0.0,1.5,11.0,33.0,19.0,13.0,0.0306,0.0067,0.21,0.0029
2025-07-02,30.4,35.7,25.8,68.5,0.0,1.6,12.3,34.9,19.0,13.0,0.0249,0.0066,0.21,0.0025
2025-07-03,29.6,35.7,24.2,70.4,0.0,1.3,10.7,34.9,22.0,17.0,0.0315,0.007,0.2,0.0024
2025-07-04,29.3,35.0,24.2,63.9,0.0,1.9,9.7,35.4,31.0,25.0,0.042,0.0068,0.24,0.0025
2025-07-05,29.6,35.3,24.6,63.3,0.0,2.2,12.0,37.3,25.0,18.0,0.0388,0.0048,0.21,0.0024
2025-07-06,29.6,34.1,25.1,66.3,0.0,2.7,11.5,35.5,25.0,18.0,0.0393,0.0038,0.2,0.0023
2025-07-07,30.3,35.8,25.0,65.3,0.0,1.9,11.4,37.0,31.0,24.0,0.0529,0.0055,0.26,0.0024
2025-07-08,26.9,31.3,23.6,75.9,0.0,1.9,9.6,34.8,29.0,22.0,0.0475,0.0047,0.28,0.0025
2025-07-09,26.6,32.7,21.3,64.1,0.0,1.9,13.1,35.2,20.0,13.0,0.0401,0.0053,0.24,0.0024
2025-07-10,25.7,30.8,20.3,62.5,0.0,2.3,8.0,32.0,16.0,10.0,0.0369,0.0054,0.22,0.0023
2025-07-11,25.7,30.0,21.9,62.4,0.0,3.0,13.0,33.8,20.0,8.0,0.0371,0.0044,0.21,0.0024
2025-07-12,24.5,30.1,20.0,69.6,0.0,2.2,8.9,32.8,21.0,11.0,0.032,0.0047,0.21,0.0025
2025-07-13,24.7,33.1,19.0,71.8,58.9,1.3,5.2,29.4,20.0,12.0,0.0344,0.0045,0.23,0.0027
2025-07-14,23.1,30.2,19.1,83.4,48.8,1.9,7.5,26.2,16.0,12.0,0.05,0.0051,0.24,0.0025
2025-07-15,22.8,27.7,19.3,87.6,0.0,1.1,2.6,25.3,19.0,14.0,0.0349,0.0072,0.24,0.0024
2025-07-16,22.1,26.2,19.6,94.8,6.0,0.6,0.0,24.1,28.0,20.0,0.03,0.0096,0.28,0.0024
2025-07-17,21.6,23.5,20.8,100.0,96.4,0.9,0.0,22.7,24.0,18.0,0.0366,0.01,0.31,0.0023
2025-07-18,24.5,30.7,20.8,90.3,17.7,1.0,3.1,26.9,16.0,13.0,0.0424,0.0059,0.22,0.002
2025-07-19,21.8,23.3,21.2,98.8,80.8,0.7,0.4,23.0,13.0,4.0,0.042,0.0077,0.22,0.0021
2025-07-20,25.8,32.1,20.7,84.6,0.0,0.8,5.0,26.1,23.0,15.0,0.0167,0.0057,0.22,0.0026
2025-07-21,26.3,31.5,22.0,85.0,0.3,1.0,5.0,27.9,24.0,13.0,0.0164,0.0061,0.22,0.0023
2025-07-22,28.3,34.2,22.6,77.3,0.0,1.0,11.3,29.3,25.0,13.0,0.0272,0.0078,0.23,0.0023
2025-07-23,28.4,34.5,23.0,77.0,0.0,1.0,10.5,29.9,29.0,19.0,0.033,0.0079,0.29,0.0026
2025-07-24,27.7,34.5,22.7,76.1,0.0,1.0,10.8,29.4,35.0,26.0,0.0404,0.009,0.29,0.0024
2025-07-25,27.6,33.9,21.5,72.0,0.0,1.7,12.9,29.7,23.0,15.0,0.0293,0.0084,0.22,0.0029
2025-07-26,27.9,33.6,22.0,73.6,0.0,1.5,12.0,30.1,21.0,15.0,0.03,0.0072,0.22,0.0034
2025-07-27,28.2,34.0,22.7,71.0,0.0,1.4,12.5,31.5,18.0,11.0,0.0253,0.0055,0.2,0.0028
2025-07-28,28.5,35.5,21.5,70.4,0.0,1.0,11.4,30.1,23.0,15.0,0.0358,0.0074,0.22,0.0028
2025-07-29,28.0,34.9,21.5,69.3,0.0,1.4,12.8,33.5,24.0,17.0,0.0351,0.0075,0.23,0.0026
2025-07-30,27.8,34.1,21.7,76.1,0.0,1.5,11.8,35.8,26.0,20.0,0.0342,0.007,0.28,0.0027
2025-07-31,28.1,34.4,23.3,74.0,0.0,1.5,10.3,37.1,28.0,17.0,0.0377,0.0066,0.29,0.0027
2025-08-01,27.9,35.4,21.7,70.1,0.0,1.2,12.4,36.6,28.0,21.0,0.0365,0.0069,0.34,0.0036
2025-08-02,29.1,36.7,22.6,71.6,0.0,1.2,8.3,35.1,29.0,26.0,0.044,0.0062,0.31,0.0026
2025-08-03,28.1,31.9,24.4,80.8,16.9,0.9,0.0,31.6,38.0,34.0,0.0401,0.0064,0.32,0.0025
2025-08-04,27.6,32.8,24.2,87.1,36.0,1.5,3.7,30.1,21.0,15.0,0.041,0.0054,0.28,0.0022
2025-08-05,28.5,34.2,24.8,84.3,13.7,1.3,6.6,31.2,26.0,17.0,0.0367,0.0061,0.31,0.0022
2025-08-06,27.8,32.2,25.2,84.6,8.2,1.9,3.5,28.5,23.0,15.0,0.0322,0.0057,0.25,0.0021
2025-08-07,26.4,31.3,23.0,80.6,2.5,1.5,3.7,27.9,20.0,10.0,0.0467,0.0054,0.28,0.002
2025-08-08,25.9,31.2,20.9,78.0,0.0,1.0,9.8,28.2,29.0,19.0,0.0405,0.0068,0.37,0.0023
2025-08-09,23.9,26.4,21.7,94.1,3.9,0.5,0.0,25.9,40.0,24.0,0.0291,0.0084,0.42,0.0022
2025-08-10,24.2,29.7,20.6,80.8,10.8,1.2,8.9,27.4,23.0,15.0,0.0399,0.0044,0.3,0.002
2025-08-11,23.3,29.4,19.0,83.9,0.9,1.2,3.8,25.3,28.0,20.0,0.0354,0.0072,0.41,0.0027
2025-08-12,22.4,24.2,20.0,96.4,7.5,0.9,0.0,24.9,18.0,14.0,0.0354,0.0086,0.46,0.0019
2025-08-13,26.7,31.2,22.7,84.6,0.5,1.0,3.9,27.6,24.0,19.0,0.0228,0.007,0.32,0.002
2025-08-14,28.5,34.0,22.7,73.9,0.0,1.6,11.4,29.3,23.0,11.0,0.0222,0.0062,0.23,0.0022
2025-08-15,27.9,33.6,23.3,78.8,0.0,1.2,7.6,29.1,20.0,11.0,0.0278,0.0061,0.27,0.0022
2025-08-16,28.3,34.2,23.3,75.8,0.0,1.2,12.0,31.2,25.0,14.0,0.0223,0.0064,0.29,0.002
2025-08-17,27.4,33.4,21.9,73.6,0.0,1.6,12.3,30.4,19.0,11.0,0.0166,0.0056,0.22,0.002
2025-08-18,28.3,34.1,22.1,73.1,0.0,1.1,8.7,31.2,25.0,18.0,0.0275,0.0068,0.23,0.0021
2025-08-19,29.4,34.6,24.8,70.6,0.0,1.5,8.9,32.3,30.0,22.0,0.0345,0.0071,0.25,0.0023
2025-08-20,29.3,34.1,25.9,68.8,0.0,1.6,8.5,30.4,28.0,18.0,0.035,0.0063,0.24,0.0026
2025-08-21,28.7,35.1,24.2,74.0,0.0,1.1,10.4,31.6,26.0,19.0,0.0333,0.0074,0.24,0.0021
2025-08-22,29.0,35.0,23.6,73.6,0.0,1.3,8.8,30.1,33.0,25.0,0.0385,0.0088,0.29,0.0019
2025-08-23,29.7,35.8,24.0,66.1,0.0,1.6,11.6,31.7,22.0,16.0,0.0367,0.0063,0.25,0.0019
2025-08-24,29.5,36.1,23.4,71.0,0.0,1.1,10.5,32.3,30.0,22.0,0.0401,0.0064,0.3,0.0019
2025-08-25,29.8,35.4,24.3,71.0,0.0,1.6,10.4,32.3,30.0,22.0,0.0385,0.0074,0.29,0.002
2025-08-26,28.8,34.5,24.4,68.0,0.0,2.1,5.8,30.3,18.0,12.0,0.0332,0.0069,0.27,0.0024
2025-08-27,26.7,33.4,21.7,76.0,0.0,1.7,9.9,32.4,22.0,12.0,0.0403,0.0072,0.32,0.0022
2025-08-28,27.0,33.2,22.4,76.0,0.0,1.0,5.6,32.3,24.0,13.0,0.0452,0.0069,0.34,0.0022
2025-08-29,29.0,35.3,22.5,68.0,0.0,1.4,9.7,34.6,25.0,16.0,0.0288,0.0089,0.29,0.002
2025-08-30,29.1,36.2,21.9,65.9,0.0,1.2,10.1,37.2,19.0,12.0,0.034,0.0069,0.26,0.0022
2025-08-31,27.1,32.7,23.3,78.9,0.0,1.2,4.3,33.4,28.0,21.0,0.027,0.0061,0.29,0.0038
2025-09-01,27.4,31.6,23.9,78.3,1.2,1.4,3.9,30.9,17.0,10.0,0.0214,0.0068,0.23,0.0021
2025-09-02,26.0,30.4,23.0,81.4,2.6,1.0,2.3,28.9,19.0,9.0,0.0305,0.0077,0.29,0.0021
2025-09-03,25.4,31.1,20.9,79.1,0.0,1.7,7.5,31.3,20.0,13.0,0.035,0.007,0.36,0.0025
2025-09-04,26.3,33.1,21.7,77.8,0.0,1.6,5.4,32.0,17.0,8.0,0.0208,0.008,0.27,0.0022
2025-09-05,26.6,32.4,23.5,70.4,0.1,1.6,10.2,34.0,20.0,10.0,0.0392,0.0069,0.36,0.0029
2025-09-06,28.2,33.8,22.4,71.3,0.2,1.6,8.8,34.4,22.0,13.0,0.0353,0.0061,0.32,0.0024
2025-09-07,26.1,27.8,24.2,87.0,4.5,1.5,0.0,27.7,20.0,10.0,0.0302,0.006,0.27,0.0019
2025-09-08,24.1,28.8,19.1,69.6,2.7,1.2,3.4,26.4,26.0,9.0,0.0344,0.0078,0.32,0.0021
2025-09-09,19.1,21.2,17.2,97.3,80.0,0.9,0.0,22.0,17.0,11.0,0.0312,0.0086,0.3,0.002
2025-09-10,21.7,26.8,18.7,88.8,11.5,0.7,0.5,23.7,16.0,9.0,0.0314,0.0078,0.31,0.002
2025-09-11,21.9,28.1,16.9,80.5,0.0,1.3,2.5,22.5,26.0,12.0,0.027,0.008,0.31,0.002
2025-09-12,22.7,26.2,20.0,88.1,1.5,1.2,0.3,23.3,23.0,11.0,0.0269,0.0089,0.31,0.002
2025-09-13,23.5,30.1,20.9,90.0,11.8,1.4,1.6,24.5,20.0,17.0,0.0302,0.0068,0.33,0.002
2025-09-14,23.0,28.2,20.0,89.1,1.3,0.8,1.9,25.4,17.0,9.0,0.0361,0.0057,0.33,0.0021
2025-09-15,25.1,29.7,20.8,82.9,0.0,0.7,3.9,26.4,25.0,11.0,0.0261,0.0105,0.33,0.0022
2025-09-16,25.8,33.2,21.1,85.5,12.2,1.1,7.6,27.8,24.0,12.0,0.0289,0.0089,0.32,0.0022
2025-09-17,24.1,32.6,22.0,90.9,2.9,1.0,5.9,26.1,17.0,7.0,0.0193,0.0092,0.27,0.0021
2025-09-18,21.0,23.4,19.1,78.4,0.0,1.8,0.0,23.1,15.0,2.0,0.0295,0.0059,0.28,0.0021
2025-09-19,20.8,24.1,18.4,73.3,0.0,1.5,1.2,22.3,15.0,2.0,0.0277,0.007,0.29,0.0023
2025-09-20,20.9,27.1,17.3,87.0,14.8,1.6,2.8,22.6,13.0,4.0,0.0288,0.0069,0.35,0.0023
2025-09-21,19.9,26.0,16.4,77.9,0.0,1.5,6.7,21.8,13.0,2.0,0.0251,0.0052,0.26,0.0021
2025-09-22,18.8,24.3,14.9,78.0,0.0,1.7,2.2,20.2,15.0,3.0,0.0292,0.007,0.25,0.002
2025-09-23,20.0,25.5,15.7,75.3,0.2,1.6,7.5,22.2,14.0,3.0,0.028,0.0089,0.24,0.002
2025-09-24,23.5,27.7,18.1,81.0,0.0,0.8,1.2,24.1,21.0,9.0,0.0301,0.0109,0.28,0.0022
2025-09-25,23.3,26.3,21.6,92.0,10.4,1.0,0.2,24.2,17.0,10.0,0.0155,0.0113,0.27,0.0022
2025-09-26,21.2,26.7,16.7,77.9,0.0,1.2,5.9,23.2,19.0,8.0,0.0369,0.0082,0.32,0.0021
2025-09-27,21.4,27.1,16.5,79.0,0.0,1.4,6.7,23.2,22.0,9.0,0.0334,0.0077,0.37,0.0026
2025-09-28,20.8,23.5,18.7,88.3,0.7,1.1,0.5,22.5,14.0,5.0,0.0298,0.0061,0.32,0.0024
2025-09-29,20.2,25.5,15.6,76.4,0.0,1.6,3.9,21.7,17.0,6.0,0.043,0.0066,0.31,0.0021
2025-09-30,19.3,25.5,13.4,82.6,0.1,0.7,6.2,22.3,26.0,11.0,0.031,0.0103,0.34,0.0023
2025-10-01,20.3,27.3,15.6,74.5,0.0,1.2,10.2,22.7,28.0,14.0,0.0333,0.011,0.32,0.0022
2025-10-02,19.2,25.3,14.5,83.0,0.0,0.7,2.2,21.2,32.0,17.0,0.03,0.0117,0.34,0.0024
2025-10-03,18.8,20.4,17.9,97.3,17.3,1.0,0.0,20.8,19.0,9.0,0.0357,0.0076,0.32,0.0024
2025-10-04,20.1,22.2,18.7,96.4,1.3,0.6,0.0,21.6,11.0,3.0,0.0311,0.0057,0.27,0.0024
2025-10-05,20.9,26.0,17.6,89.4,2.8,0.7,1.1,22.5,18.0,5.0,0.0271,0.005,0.28,0.0024
2025-10-06,19.6,20.8,18.4,98.0,7.1,0.6,0.0,21.7,13.0,4.0,0.0318,0.0045,0.26,0.0024
2025-10-07,19.8,21.3,18.5,99.1,11.1,1.0,0.0,21.2,15.0,2.0,0.032,0.0059,0.29,0.0025
2025-10-08,21.0,24.8,19.0,84.4,0.0,1.2,1.0,22.3,16.0,2.0,0.0258,0.0046,0.22,0.0024
2025-10-09,19.0,22.8,15.3,81.0,0.2,1.8,2.9,20.8,20.0,3.0,0.0326,0.005,0.23,0.0024
2025-10-10,19.5,23.8,14.9,79.8,0.0,1.2,2.6,21.0,23.0,4.0,0.0272,0.0068,0.26,0.0026
2025-10-11,21.6,28.2,16.7,80.8,0.0,0.7,9.8,23.3,24.0,6.0,0.0272,0.0087,0.27,0.0026
2025-10-12,18.3,20.7,17.1,94.8,3.4,1.0,0.0,20.0,16.0,3.0,0.0191,0.0056,0.25,0.0022
2025-10-13,17.2,18.4,16.1,97.6,6.0,1.1,0.0,18.9,9.0,1.0,0.027,0.0063,0.22,0.0023
2025-10-14,17.5,19.2,16.2,98.5,49.7,0.5,0.0,18.8,8.0,2.0,0.0233,0.0092,0.25,0.0024
2025-10-15,18.8,23.7,13.9,87.4,0.0,1.1,3.1,19.2,20.0,3.0,0.0244,0.0076,0.23,0.0024
2025-10-16,18.8,21.8,16.0,95.6,22.2,0.9,0.0,20.2,12.0,3.0,0.0231,0.0082,0.24,0.0024
2025-10-17,18.6,22.6,14.6,85.4,0.9,1.4,2.7,19.3,23.0,5.0,0.0275,0.0089,0.26,0.0025
2025-10-18,17.6,20.0,16.4,93.1,3.0,1.1,0.0,18.9,13.0,3.0,0.0231,0.0067,0.26,0.0023
2025-10-19,16.5,19.3,14.1,86.4,0.0,0.8,0.2,18.5,19.0,4.0,0.0257,0.0064,0.3,0.0025
2025-10-20,13.4,18.3,10.6,80.9,0.0,1.4,2.0,15.5,20.0,9.0,0.0254,0.0073,0.29,0.0023
2025-10-21,13.9,17.5,10.2,83.9,0.0,0.8,0.3,15.8,10.0,2.0,0.0217,0.0078,0.22,0.0022
2025-10-22,14.3,16.7,12.2,88.9,0.5,1.1,0.3,16.0,12.0,2.0,0.0257,0.008,0.24,0.0023
2025-10-23,14.5,19.6,11.0,87.5,0.2,1.0,3.8,16.7,15.0,2.0,0.0222,0.0093,0.26,0.0025
2025-10-24,13.3,19.5,8.8,89.3,0.0,1.1,1.6,15.9,15.0,4.0,0.0211,0.0089,0.26,0.0024
2025-10-25,15.5,22.0,11.5,84.5,0.0,0.7,5.0,17.7,16.0,6.0,0.0212,0.0094,0.29,0.0025
2025-10-26,14.4,19.3,11.1,66.9,0.1,1.7,4.2,15.5,28.0,14.0,0.0423,0.0061,0.32,0.0026
2025-10-27,10.0,13.8,4.4,51.6,0.0,3.2,8.8,11.3,28.0,12.0,0.0386,0.0067,0.29,0.0023
2025-10-28,7.0,14.6,0.8,61.8,0.0,1.4,8.8,9.4,22.0,8.0,0.0243,0.0113,0.27,0.0023
2025-10-29,7.4,16.8,-0.5,73.6,0.0,0.7,8.9,9.9,30.0,14.0,0.0206,0.0142,0.37,0.0026
2025-10-30,8.8,17.1,1.5,80.1,0.0,0.5,6.8,10.5,30.0,14.0,0.0168,0.0139,0.36,0.0026
2025-10-31,10.4,19.7,4.7,83.1,0.0,0.6,5.4,12.4,27.0,13.0,0.0161,0.0142,0.35,0.0027
2025-11-01,11.8,19.0,6.4,72.9,0.3,2.0,6.7,13.3,12.0,27.0,0.0268,0.0113,0.33,0.0026
2025-11-02,11.6,17.9,5.3,54.8,0.0,3.0,6.3,11.7,9.0,30.0,0.0382,0.0058,0.27,0.0023
2025-11-03,7.8,15.6,0.9,68.4,0.0,1.2,6.9,9.4,11.0,29.0,0.0261,0.0111,0.29,0.0025
2025-11-04,9.0,18.2,2.5,80.1,0.0,0.5,7.0,10.8,18.0,34.0,0.0147,0.0153,0.35,0.0028
2025-11-05,10.3,19.5,2.1,81.5,0.0,0.5,7.4,11.6,19.0,37.0,0.0224,0.0138,0.39,0.0027
2025-11-06,11.1,19.9,5.0,83.5,0.0,0.6,5.9,12.8,22.0,38.0,0.0251,0.014,0.37,0.0023
2025-11-07,11.4,19.6,5.0,81.3,0.0,0.8,3.9,11.9,19.0,38.0,0.0234,0.0138,0.39,0.0024
2025-11-08,12.0,18.0,6.0,86.1,3.7,0.6,0.4,12.2,17.0,33.0,0.0175,0.0138,0.35,0.0024
2025-11-09,13.8,18.8,9.7,69.5,8.0,2.1,7.0,13.6,17.0,40.0,0.0366,0.0068,0.3,0.0023
2025-11-10,9.9,15.6,2.8,42.4,0.0,2.5,7.8,9.6,10.0,31.0,0.032,0.0097,0.28,0.0022
2025-11-11,9.0,15.9,3.1,48.8,0.0,1.3,7.3,10.0,9.0,22.0,0.0249,0.0138,0.29,0.0022
2025-11-12,7.5,14.5,0.7,78.4,0.0,0.5,3.1,8.7,17.0,37.0,0.0095,0.0223,0.37,0.0023
2025-11-13,10.1,17.6,5.1,73.3,0.0,1.3,5.5,10.2,27.0,50.0,0.0262,0.0204,0.43,0.0026
2025-11-14,7.8,16.9,0.6,68.3,0.0,1.1,7.4,8.7,26.0,47.0,0.0223,0.0157,0.38,0.0023
2025-11-15,7.7,17.0,1.2,65.6,0.0,0.5,7.6,8.9,19.0,34.0,0.0209,0.0174,0.37,0.0023
2025-11-16,8.4,19.1,0.3,73.8,0.0,0.7,5.9,9.2,15.0,29.0,0.0205,0.0143,0.37,0.0023
2025-11-17,7.7,11.2,2.6,45.8,0.0,3.7,5.1,7.6,14.0,40.0,0.028,0.0095,0.3,0.0022
2025-11-18,3.2,7.6,-1.1,49.8,0.0,3.2,7.5,4.8,12.0,29.0,0.0277,0.0077,0.27,0.0019
2025-11-19,2.7,9.8,-3.3,62.1,0.0,1.0,7.5,4.7,15.0,30.0,0.0186,0.0156,0.34,0.002
2025-11-20,8.4,14.4,-0.5,57.8,0.0,2.2,7.0,6.5,20.0,39.0,0.0291,0.0148,0.35,0.0024
2025-11-21,7.4,12.5,1.6,46.5,0.0,2.8,7.4,7.0,12.0,27.0,0.0365,0.0094,0.29,0.0024
2025-11-22,5.8,14.9,-1.6,69.9,0.0,1.0,7.4,6.3,20.0,40.0,0.0202,0.0194,0.4,0.0023
2025-11-23,6.0,15.8,-1.2,74.0,0.0,0.6,6.5,6.4,29.0,47.0,0.0228,0.0165,0.42,0.0022
2025-11-24,9.3,17.9,3.7,69.3,0.0,0.8,6.4,9.3,30.0,51.0,0.0215,0.0241,0.46,0.0027
2025-11-25,5.9,12.0,1.0,76.6,0.0,1.7,1.7,6.1,34.0,51.0,0.0236,0.0136,0.41,0.002
2025-11-26,6.3,12.0,1.1,73.9,0.0,1.3,7.2,6.9,41.0,61.0,0.0268,0.0166,0.46,0.0021
2025-11-27,6.6,13.3,1.1,70.5,0.0,2.3,1.9,6.7,42.0,60.0,0.0056,0.019,0.51,0.0021
2025-11-28,3.9,9.4,-2.8,47.1,0.0,2.7,7.2,5.1,9.0,26.0,0.021,0.019,0.34,0.0022
2025-11-29,3.0,13.5,-5.4,67.4,0.0,0.8,7.2,3.9,14.0,29.0,0.0141,0.0209,0.4,0.0025
2025-11-30,9.1,18.4,0.1,74.1,0.0,0.8,7.2,6.9,18.0,44.0,0.0254,0.0173,0.44,0.0029
2025-12-01,7.9,13.9,-0.6,53.4,0.0,1.8,6.7,7.0,19.0,48.0,0.0286,0.0161,0.36,0.0024
2025-12-02,4.9,9.8,-0.6,36.3,0.0,3.1,5.3,4.4,12.0,35.0,0.0335,0.0088,0.29,0.0023
2025-12-03,-1.5,2.6,-4.1,41.1,0.0,4.6,7.1,1.4,6.0,20.0,0.0344,0.0059,0.27,0.0023
2025-12-04,-1.2,4.5,-5.9,52.9,0.0,2.4,7.2,0.6,8.0,19.0,0.0259,0.0123,0.31,0.0022
2025-12-05,0.2,5.1,-4.0,36.0,0.0,3.4,7.2,1.3,7.0,17.0,0.029,0.0114,0.3,0.0024
2025-12-06,1.0,9.7,-7.5,58.5,0.0,0.9,7.2,1.5,13.0,28.0,0.0168,0.0208,0.37,0.0026
2025-12-07,4.4,14.4,-4.0,71.3,0.0,0.6,7.0,3.6,28.0,49.0,0.022,0.0212,0.48,0.0026
2025-12-08,5.8,10.3,-2.4,34.8,0.0,2.7,6.7,4.7,33.0,60.0,0.0388,0.0098,0.39,0.0028
2025-12-09,3.0,8.9,-3.3,45.9,0.0,2.1,7.0,2.0,10.0,22.0,0.0311,0.011,0.29,0.0025
2025-12-10,3.5,10.6,-2.8,67.0,0.0,0.8,5.0,3.5,29.0,56.0,0.0153,0.0257,0.47,0.003
2025-12-11,6.1,12.7,0.7,64.9,0.0,2.1,2.4,5.3,31.0,49.0,0.0227,0.0169,0.43,0.0027
2025-12-12,2.8,8.6,-1.9,77.4,0.0,1.0,3.7,4.6,11.0,22.0,0.0221,0.0132,0.33,0.0024
2025-12-13,3.8,11.2,-2.2,86.4,7.4,1.5,3.5,4.9,6.0,15.0,0.0163,0.0108,0.31,0.0023
2025-12-14,2.1,5.5,0.2,66.9,0.0,3.5,4.0,2.6,10.0,18.0,0.0315,0.0058,0.33,0.0023
2025-12-15,2.2,8.3,-2.2,66.4,0.0,1.9,7.0,2.3,15.0,27.0,0.0295,0.0116,0.34,0.0025
2025-12-16,2.1,7.2,-4.4,78.8,0.0,0.4,0.3,2.8,28.0,49.0,0.0043,0.0274,0.51,0.0027
2025-12-17,5.7,10.6,0.8,64.5,0.0,1.8,6.3,5.5,35.0,58.0,0.0225,0.0178,0.44,0.0026
2025-12-18,1.5,9.7,-4.7,68.1,0.0,0.7,7.0,2.9,37.0,59.0,0.0103,0.0246,0.51,0.0026
2025-12-19,3.0,13.4,-4.7,75.0,0.0,0.4,3.8,4.2,33.0,51.0,0.0057,0.0292,0.56,0.0031
2025-12-20,7.5,14.4,-0.7,80.4,0.0,0.8,2.5,6.9,44.0,63.0,0.0087,0.0282,0.58,0.0032
2025-12-21,1.7,10.3,-3.7,34.8,0.0,3.0,2.0,3.8,12.0,24.0,0.0318,0.006,0.26,0.0024
2025-12-22,-0.7,8.2,-8.2,65.5,0.0,0.7,7.1,1.9,9.0,25.0,0.0155,0.0166,0.35,0.0026
2025-12-23,2.2,7.7,-5.0,82.1,1.5,0.4,1.8,3.0,20.0,36.0,0.0047,0.0263,0.44,0.0028
2025-12-24,5.3,7.7,3.7,89.6,3.3,1.4,0.0,5.9,17.0,24.0,0.0125,0.0149,0.34,0.0024
2025-12-25,0.3,5.1,-5.1,51.6,0.0,4.8,6.2,1.8,18.0,28.0,0.0275,0.0072,0.3,0.0025
2025-12-26,-5.1,-1.4,-8.6,30.9,0.0,3.9,7.0,-2.2,5.0,14.0,0.0267,0.007,0.25,0.0027
2025-12-27,-0.9,4.7,-6.0,50.6,0.0,2.4,6.2,-0.4,14.0,25.0,0.0259,0.0113,0.32,0.0026
2025-12-28,0.9,7.6,-5.1,75.6,0.0,0.6,3.6,2.1,22.0,34.0,0.011,0.0185,0.41,0.0025
2025-12-29,4.9,12.2,-2.9,73.0,0.0,1.5,5.7,3.4,27.0,42.0,0.0242,0.0163,0.42,0.0027
2025-12-30,2.7,7.3,-0.8,43.6,0.0,2.7,7.1,2.7,27.0,42.0,0.0345,0.0086,0.33,0.0027
2025-12-31,-2.3,0.9,-5.8,39.1,0.0,2.8,4.8,-1.4,8.0,20.0,0.0253,0.0104,0.27,0.0026
